goal_reached,collision,out_of_bounds,time_out,episode_steps,duration_s,final_distance_to_goal_m,path_length_m,trajectory_efficiency,command_variation_mps,command_variation_rate_mps2,min_clearance_m,mean_residual_mps
True,False,False,False,251,10.039999961853027,0.2780589163303375,17.059537887573242,0.9720870852470398,17.9206485748291,1.7849252223968506,0.3975180685520172,0.5396808385848999
True,False,False,False,253,10.119999885559082,0.2710038125514984,17.19447898864746,0.9637661576271057,19.310976028442383,1.9081991910934448,0.3635009229183197,0.5366736650466919
True,False,False,False,253,10.119999885559082,0.2892593443393707,16.90774917602539,0.9740123748779297,11.939535140991211,1.1797959804534912,0.35411378741264343,0.5432592034339905
True,False,False,False,253,10.119999885559082,0.2882928252220154,17.17401885986328,0.9626623392105103,19.635225296020508,1.940239667892456,0.36149904131889343,0.5321543216705322
True,False,False,False,253,10.119999885559082,0.23902958631515503,17.02991485595703,0.9673391580581665,16.8778133392334,1.667768120765686,0.38848593831062317,0.5352473855018616
True,False,False,False,254,10.15999984741211,0.26683175563812256,17.1545352935791,0.9694350957870483,18.860511779785156,1.8563495874404907,0.3894159495830536,0.5348764061927795
True,False,False,False,254,10.15999984741211,0.2756364643573761,17.450313568115234,0.9666997194290161,16.17367935180664,1.5918976068496704,0.40447160601615906,0.5229178071022034
True,False,False,False,254,10.15999984741211,0.2636643946170807,17.18065071105957,0.9750516414642334,13.146714210510254,1.2939679622650146,0.37383195757865906,0.5312456488609314
True,False,False,False,255,10.199999809265137,0.25134560465812683,17.117721557617188,0.9682543277740479,17.010496139526367,1.6676957607269287,0.3928755819797516,0.5320388078689575
True,False,False,False,256,10.239999771118164,0.2619933784008026,17.144126892089844,0.9754825830459595,13.862845420837402,1.3537935018539429,0.36613771319389343,0.5346044898033142
True,False,False,False,257,10.279999732971191,0.27612531185150146,17.02234649658203,0.9690294861793518,18.95853042602539,1.8442150354385376,0.3856521546840668,0.5378460884094238
True,False,False,False,257,10.279999732971191,0.27288439869880676,17.42449951171875,0.963412880897522,16.966106414794922,1.6503994464874268,0.4048263728618622,0.5235608816146851
True,False,False,False,257,10.279999732971191,0.2712349593639374,17.06566619873047,0.9699620604515076,16.89323616027832,1.6433109045028687,0.4036596715450287,0.5424662232398987
True,False,False,False,258,10.319999694824219,0.2972241938114166,17.238903045654297,0.9660603404045105,19.67650604248047,1.906638264656067,0.40428146719932556,0.524402379989624
True,False,False,False,258,10.319999694824219,0.27883660793304443,16.99151039123535,0.9714314937591553,14.38901138305664,1.3942841291427612,0.36404725909233093,0.5354995131492615
True,False,False,False,258,10.319999694824219,0.28487229347229004,17.141897201538086,0.9683656692504883,19.964130401611328,1.9345088005065918,0.35081711411476135,0.5311155915260315
True,False,False,False,258,10.319999694824219,0.2969999313354492,17.415233612060547,0.9700981378555298,20.33368492126465,1.97031831741333,0.3816573917865753,0.5347837209701538
True,False,False,False,259,10.359999656677246,0.2733166813850403,17.03658103942871,0.9674398303031921,18.610031127929688,1.7963351011276245,0.39590761065483093,0.5389007329940796
True,False,False,False,259,10.359999656677246,0.24532900750637054,17.438798904418945,0.9643844962120056,16.432445526123047,1.5861434936523438,0.36573389172554016,0.517134428024292
True,False,False,False,260,10.399999618530273,0.26763710379600525,16.98384666442871,0.9759256839752197,13.151782989501953,1.264594554901123,0.37221071124076843,0.5396096110343933
True,False,False,False,260,10.399999618530273,0.2826477885246277,16.927457809448242,0.9746999740600586,17.157297134399414,1.649740219116211,0.35356447100639343,0.5415411591529846
True,False,False,False,260,10.399999618530273,0.2592971920967102,17.03667449951172,0.9694203734397888,19.659536361694336,1.8903400897979736,0.38975128531455994,0.539999783039093
True,False,False,False,260,10.399999618530273,0.27259358763694763,17.184314727783203,0.969118058681488,16.401947021484375,1.5771102905273438,0.3565361201763153,0.5293082594871521
True,False,False,False,261,10.4399995803833,0.28479936718940735,17.035242080688477,0.9709867835044861,19.050060272216797,1.8247184753417969,0.36030885577201843,0.548377513885498
True,False,False,False,261,10.4399995803833,0.2541537582874298,17.248979568481445,0.9704362154006958,20.23175048828125,1.9379072189331055,0.3487837612628937,0.5331578254699707
True,False,False,False,262,10.479999542236328,0.2664104104042053,17.045164108276367,0.9747454524040222,13.896799087524414,1.3260304927825928,0.39061281085014343,0.5378193855285645
True,False,False,False,262,10.479999542236328,0.2814505696296692,16.858783721923828,0.9769342541694641,14.142196655273438,1.3494462966918945,0.3922622501850128,0.5446929931640625
True,False,False,False,262,10.479999542236328,0.27937400341033936,16.97903060913086,0.9741218090057373,13.848706245422363,1.3214415311813354,0.3678126037120819,0.5369806289672852
True,False,False,False,262,10.479999542236328,0.28499388694763184,17.67206382751465,0.9407116770744324,29.690271377563477,2.833041191101074,0.4523700773715973,0.5647905468940735
True,False,False,False,262,10.479999542236328,0.24114595353603363,17.164966583251953,0.9703363180160522,19.161022186279297,1.8283418416976929,0.40233156085014343,0.5379306674003601
True,False,False,False,263,10.519999504089355,0.2691393196582794,17.193330764770508,0.9699633717536926,17.891633987426758,1.700725793838501,0.35689088702201843,0.5328632593154907
True,False,False,False,263,10.519999504089355,0.26247599720954895,17.25483512878418,0.9747368693351746,16.722322463989258,1.5895744562149048,0.35377809405326843,0.5342044830322266
True,False,False,False,263,10.519999504089355,0.25205180048942566,17.233442306518555,0.9686666131019592,13.874407768249512,1.3188601732254028,0.37556764483451843,0.5274710059165955
True,False,False,False,264,10.559999465942383,0.2393060177564621,17.25828742980957,0.964549720287323,20.076183319091797,1.901153802871704,0.3569914400577545,0.5276632308959961
True,False,False,False,264,10.559999465942383,0.24857047200202942,17.360990524291992,0.9704888463020325,19.304113388061523,1.8280410766601562,0.3705560863018036,0.5285100340843201
True,False,False,False,264,10.559999465942383,0.27275416254997253,17.116809844970703,0.9718549251556396,13.928932189941406,1.3190277814865112,0.37415239214897156,0.5308337807655334
True,False,False,False,264,10.559999465942383,0.2839571535587311,17.510019302368164,0.943114697933197,36.1951904296875,3.42757511138916,0.45299139618873596,0.5667027235031128
True,False,False,False,265,10.59999942779541,0.2597697973251343,17.325326919555664,0.9672708511352539,15.208538055419922,1.4347678422927856,0.36104127764701843,0.5296398997306824
True,False,False,False,265,10.59999942779541,0.2925605773925781,17.185863494873047,0.9639167785644531,15.921360969543457,1.502015233039856,0.36754921078681946,0.526776909828186
True,False,False,False,265,10.59999942779541,0.2528114318847656,17.178504943847656,0.9634825587272644,22.4920597076416,2.1218924522399902,0.3754168450832367,0.5456935167312622
True,False,False,False,265,10.59999942779541,0.24967637658119202,17.261686325073242,0.9639353156089783,16.68271827697754,1.5738414525985718,0.3611023724079132,0.5224499106407166
True,False,False,False,265,10.59999942779541,0.26602888107299805,17.624420166015625,0.941044807434082,31.387121200561523,2.9610493183135986,0.47252199053764343,0.5639590620994568
True,False,False,False,266,10.639999389648438,0.2860493063926697,16.984010696411133,0.9692451357841492,13.850746154785156,1.3017619848251343,0.3603012263774872,0.5330370664596558
True,False,False,False,266,10.639999389648438,0.27431365847587585,17.225799560546875,0.9756560325622559,15.090473175048828,1.418277621269226,0.39796754717826843,0.5326635837554932
True,False,False,False,266,10.639999389648438,0.2787070572376251,17.223731994628906,0.9617270827293396,17.550060272216797,1.6494418382644653,0.38266250491142273,0.5300635695457458
True,False,False,False,266,10.639999389648438,0.28111574053764343,17.23902130126953,0.9625416994094849,20.204030990600586,1.8988752365112305,0.3714297115802765,0.5243737697601318
True,False,False,False,266,10.639999389648438,0.244890958070755,17.40711212158203,0.965116560459137,15.249415397644043,1.433215856552124,0.38118287920951843,0.5236374735832214
True,False,False,False,266,10.639999389648438,0.2648196220397949,17.871274948120117,0.9412307739257812,26.30387306213379,2.4721686840057373,0.44912490248680115,0.5631958842277527
True,False,False,False,267,10.679999351501465,0.25546735525131226,17.127660751342773,0.9662652611732483,14.905294418334961,1.3956269025802612,0.36072853207588196,0.5360000729560852
True,False,False,False,267,10.679999351501465,0.25317537784576416,17.016714096069336,0.9724308252334595,16.2580509185791,1.522289514541626,0.40085431933403015,0.541206419467926
True,False,False,False,267,10.679999351501465,0.2616775333881378,16.990869522094727,0.9696788787841797,14.602851867675781,1.367308259010315,0.3925125300884247,0.5408138036727905
True,False,False,False,267,10.679999351501465,0.2730940580368042,17.237401962280273,0.9664954543113708,24.874210357666016,2.3290460109710693,0.3579901158809662,0.5344744920730591
True,False,False,False,267,10.679999351501465,0.2627403736114502,17.808046340942383,0.9387232661247253,31.14505386352539,2.916203737258911,0.4445990025997162,0.5617100596427917
True,False,False,False,268,10.719999313354492,0.2594623863697052,18.005691528320312,0.9361687302589417,38.425907135009766,3.5845065116882324,0.48090556263923645,0.5623814463615417
True,False,False,False,268,10.719999313354492,0.2829589545726776,16.989585876464844,0.9716287851333618,13.193690299987793,1.2307547330856323,0.36355897784233093,0.5342504382133484
True,False,False,False,268,10.719999313354492,0.2918769121170044,17.552352905273438,0.9393020868301392,33.527645111083984,3.1275789737701416,0.4699842035770416,0.5636751651763916
True,False,False,False,268,10.719999313354492,0.25287380814552307,17.29608154296875,0.9644231796264648,20.788345336914062,1.9392114877700806,0.34828492999076843,0.5248109102249146
True,False,False,False,268,10.719999313354492,0.2575586438179016,17.06365203857422,0.9725221991539001,14.595145225524902,1.3614875078201294,0.35731813311576843,0.539858877658844
True,False,False,False,268,10.719999313354492,0.29018497467041016,17.76102066040039,0.9411225914955139,30.313440322875977,2.8277463912963867,0.4543043076992035,0.5620943903923035
True,False,False,False,269,10.760000228881836,0.24566248059272766,17.45766258239746,0.9700474739074707,13.215579986572266,1.2282136678695679,0.37652894854545593,0.5184937119483948
True,False,False,False,269,10.760000228881836,0.2538919150829315,17.40148162841797,0.9695183634757996,13.21073055267334,1.227763056755066,0.37410280108451843,0.5195236206054688
True,False,False,False,269,10.760000228881836,0.29398468136787415,17.133262634277344,0.969800591468811,15.197725296020508,1.4124280214309692,0.37892457842826843,0.5298244953155518
True,False,False,False,269,10.760000228881836,0.2937042713165283,17.239919662475586,0.9768521785736084,13.026849746704102,1.2106736898422241,0.35255739092826843,0.5273594856262207
True,False,False,False,269,10.760000228881836,0.2503129839897156,17.388242721557617,0.9714059829711914,13.897001266479492,1.291542887687683,0.36218568682670593,0.5199275612831116
True,False,False,False,269,10.760000228881836,0.2761993706226349,17.701873779296875,0.9378012418746948,32.00572967529297,2.9745101928710938,0.46394655108451843,0.5630814433097839
True,False,False,False,269,10.760000228881836,0.28178197145462036,17.496095657348633,0.9676582217216492,15.449299812316895,1.435808539390564,0.3641844689846039,0.5194425582885742
True,False,False,False,269,10.760000228881836,0.23585645854473114,17.360612869262695,0.9709561467170715,17.70229721069336,1.6451948881149292,0.35853883624076843,0.5289912223815918
True,False,False,False,270,10.800000190734863,0.2697710394859314,17.751375198364258,0.9367156624794006,40.065040588378906,3.709725856781006,0.4530511200428009,0.5658087134361267
True,False,False,False,270,10.800000190734863,0.2704993784427643,17.114612579345703,0.9622549414634705,17.946075439453125,1.661673665046692,0.38212892413139343,0.5316943526268005
True,False,False,False,270,10.800000190734863,0.23940759897232056,17.36382293701172,0.9711357355117798,14.50380802154541,1.3429452180862427,0.3769936263561249,0.5190009474754333
True,False,False,False,270,10.800000190734863,0.26132047176361084,17.35930633544922,0.9707661867141724,19.08954429626465,1.7675503492355347,0.39361491799354553,0.5281601548194885
True,False,False,False,270,10.800000190734863,0.2932104170322418,17.83086585998535,0.9371889233589172,34.655025482177734,3.20879864692688,0.44743654131889343,0.5633541941642761
True,False,False,False,270,10.800000190734863,0.2806892991065979,17.078672409057617,0.9711140394210815,16.764148712158203,1.5522359609603882,0.37274953722953796,0.5319359302520752
True,False,False,False,270,10.800000190734863,0.24627144634723663,17.290800094604492,0.9626695513725281,20.277891159057617,1.8775824308395386,0.3491775691509247,0.5293754935264587
True,False,False,False,270,10.800000190734863,0.28875330090522766,17.325428009033203,0.9696996212005615,21.062973022460938,1.9502753019332886,0.3476516902446747,0.5250775218009949
True,False,False,False,270,10.800000190734863,0.29605716466903687,17.189577102661133,0.9705537557601929,25.371923446655273,2.349252223968506,0.34700319170951843,0.5352945327758789
True,False,False,False,271,10.84000015258789,0.2992700934410095,17.88385772705078,0.9434514045715332,31.514328002929688,2.9072258472442627,0.47400209307670593,0.5641472339630127
True,False,False,False,271,10.84000015258789,0.27126023173332214,17.389034271240234,0.969340980052948,15.83005142211914,1.4603368043899536,0.4021327793598175,0.5245600938796997
True,False,False,False,271,10.84000015258789,0.2867482900619507,17.310022354125977,0.968863844871521,15.146808624267578,1.39730703830719,0.35997602343559265,0.5218849182128906
True,False,False,False,271,10.84000015258789,0.266666442155838,17.496692657470703,0.9652862548828125,23.763513565063477,2.1922059059143066,0.3814930021762848,0.5324049592018127
True,False,False,False,271,10.84000015258789,0.28201520442962646,17.99998664855957,0.9419777989387512,32.91039276123047,3.0360140800476074,0.48030397295951843,0.5624905824661255
True,False,False,False,271,10.84000015258789,0.2767096161842346,17.800352096557617,0.9242733120918274,37.494937896728516,3.4589426517486572,0.3783091604709625,0.5726116299629211
True,False,False,False,271,10.84000015258789,0.24695216119289398,17.419151306152344,0.967848002910614,21.394237518310547,1.9736381769180298,0.36108729243278503,0.5344005823135376
True,False,False,False,271,10.84000015258789,0.28985610604286194,17.073665618896484,0.974579393863678,14.881281852722168,1.3728119134902954,0.3550761044025421,0.5388265252113342
True,False,False,False,271,10.84000015258789,0.28304535150527954,17.096364974975586,0.9718199968338013,16.63692283630371,1.53477144241333,0.36476388573646545,0.5395594239234924
True,False,False,False,271,10.84000015258789,0.2910189926624298,17.799793243408203,0.9417410492897034,32.436119079589844,2.9922618865966797,0.46574708819389343,0.5628402829170227
True,False,False,False,271,10.84000015258789,0.2979516088962555,16.939603805541992,0.9723358154296875,21.404178619384766,1.974555253982544,0.36235353350639343,0.5430156588554382
True,False,False,False,271,10.84000015258789,0.27429527044296265,17.325748443603516,0.9675401449203491,16.51102638244629,1.5231573581695557,0.36943361163139343,0.5236789584159851
True,False,False,False,271,10.84000015258789,0.2887555658817291,17.107105255126953,0.964834988117218,15.917352676391602,1.4683904647827148,0.37817689776420593,0.5324857831001282
True,False,False,False,271,10.84000015258789,0.27117255330085754,17.012100219726562,0.9712101221084595,15.179299354553223,1.4003043174743652,0.3581990897655487,0.5412107110023499
True,False,False,False,271,10.84000015258789,0.27973997592926025,17.346282958984375,0.9718211889266968,14.54760456085205,1.3420299291610718,0.3550703227519989,0.5265136957168579
True,False,False,False,272,10.880000114440918,0.2638885974884033,17.186033248901367,0.9666200280189514,19.782190322875977,1.8182159662246704,0.40037843585014343,0.5333155989646912
True,False,False,False,272,10.880000114440918,0.28492000699043274,17.165939331054688,0.968307614326477,16.367013931274414,1.5043210983276367,0.39342042803764343,0.5267043709754944
True,False,False,False,272,10.880000114440918,0.2721032202243805,17.801610946655273,0.9430426359176636,23.182024002075195,2.1307008266448975,0.44890138506889343,0.5633916854858398
True,False,False,False,272,10.880000114440918,0.24204076826572418,17.295557022094727,0.96914142370224,12.465644836425781,1.1457394361495972,0.37216493487358093,0.5238962173461914
True,False,False,False,272,10.880000114440918,0.24236313998699188,17.124317169189453,0.9647473096847534,20.836122512817383,1.915084719657898,0.3702511489391327,0.5421887040138245
True,False,False,False,272,10.880000114440918,0.277790367603302,17.111196517944336,0.9689555168151855,15.383658409118652,1.413939118385315,0.3642021119594574,0.5342783331871033
True,False,False,False,272,10.880000114440918,0.26758360862731934,17.7752742767334,0.9339552521705627,35.12419509887695,3.2283267974853516,0.4509706199169159,0.5638020038604736
True,False,False,False,272,10.880000114440918,0.2795420289039612,17.154207229614258,0.9662989974021912,16.4755859375,1.5143001079559326,0.3556085526943207,0.5271024703979492
True,False,False,False,272,10.880000114440918,0.26495733857154846,17.72815704345703,0.9367968440055847,37.45558547973633,3.4426088333129883,0.47241780161857605,0.5629526376724243
True,False,False,False,272,10.880000114440918,0.25771886110305786,17.109750747680664,0.9690102338790894,19.89192771911621,1.8283021450042725,0.3689837157726288,0.5354412198066711
True,False,False,False,273,10.920000076293945,0.24940358102321625,17.291839599609375,0.9661348462104797,26.03506088256836,2.3841631412506104,0.38222047686576843,0.5439093708992004
True,False,False,False,273,10.920000076293945,0.2642310559749603,17.125261306762695,0.9707695245742798,19.340179443359375,1.7710787057876587,0.34958192706108093,0.5380898714065552
True,False,False,False,273,10.920000076293945,0.28245797753334045,17.342432022094727,0.9729939103126526,15.205405235290527,1.3924363851547241,0.39918360114097595,0.5285554528236389
True,False,False,False,273,10.920000076293945,0.2548481225967407,17.526588439941406,0.9642732739448547,19.64268684387207,1.7987807989120483,0.3548800051212311,0.5170996189117432
True,False,False,False,273,10.920000076293945,0.2609877288341522,17.251605987548828,0.962714433670044,19.089946746826172,1.7481635808944702,0.36110761761665344,0.5259796977043152
True,False,False,False,273,10.920000076293945,0.2768631875514984,17.118370056152344,0.9686254858970642,25.060426712036133,2.2949109077453613,0.35226908326148987,0.5382426381111145
True,False,False,False,273,10.920000076293945,0.29921624064445496,17.576438903808594,0.9452996850013733,29.69601821899414,2.7194156646728516,0.455651193857193,0.565636932849884
True,False,False,False,273,10.920000076293945,0.2591297924518585,17.139705657958984,0.973108172416687,18.127622604370117,1.660038709640503,0.395096093416214,0.535374641418457
True,False,False,False,273,10.920000076293945,0.26626574993133545,17.732297897338867,0.9293390512466431,39.687896728515625,3.634422779083252,0.4666469395160675,0.5652085542678833
True,False,False,False,273,10.920000076293945,0.2828714847564697,17.584457397460938,0.9420509338378906,32.91507339477539,3.0142009258270264,0.45503148436546326,0.564574658870697
True,False,False,False,274,10.960000038146973,0.2629360556602478,17.449127197265625,0.9691842198371887,15.203948020935059,1.3872215747833252,0.39703449606895447,0.5218906402587891
True,False,False,False,274,10.960000038146973,0.2574494779109955,17.120485305786133,0.9738797545433044,14.519006729125977,1.324726939201355,0.38847658038139343,0.5347686409950256
True,False,False,False,274,10.960000038146973,0.2613851726055145,17.436735153198242,0.9713680148124695,13.762750625610352,1.255725383758545,0.37070009112358093,0.5183217525482178
True,False,False,False,274,10.960000038146973,0.292044997215271,17.576602935791016,0.9406630396842957,30.44347381591797,2.777689218521118,0.461016982793808,0.5627393126487732
True,False,False,False,274,10.960000038146973,0.2906591594219208,17.48183250427246,0.9674365520477295,20.067794799804688,1.831003189086914,0.3534439504146576,0.5154141783714294
True,False,False,False,275,11.0,0.2958022952079773,17.65619468688965,0.9362527132034302,40.40485763549805,3.673168897628784,0.4761491119861603,0.5639757513999939
True,False,False,False,275,11.0,0.26924556493759155,17.295488357543945,0.9721267819404602,19.51104164123535,1.7737311124801636,0.35708191990852356,0.5296309590339661
True,False,False,False,275,11.0,0.23740644752979279,17.4880313873291,0.967667281627655,17.70874786376953,1.6098861694335938,0.3757644593715668,0.5189042687416077
True,False,False,False,275,11.0,0.28507882356643677,17.90459442138672,0.9343893527984619,38.239627838134766,3.476329803466797,0.44426628947257996,0.5609753131866455
True,False,False,False,275,11.0,0.26106134057044983,17.320104598999023,0.9667421579360962,18.555423736572266,1.686856746673584,0.35840150713920593,0.527502715587616
True,False,False,False,275,11.0,0.2579742968082428,17.099641799926758,0.9750628471374512,15.055830955505371,1.3687119483947754,0.39531251788139343,0.536318838596344
True,False,False,False,275,11.0,0.2835676670074463,17.5682430267334,0.9375027418136597,36.929141998291016,3.357194662094116,0.47145387530326843,0.5637096762657166
True,False,False,False,275,11.0,0.23709902167320251,17.368999481201172,0.9692354798316956,15.205829620361328,1.3823481798171997,0.37391969561576843,0.5226796269416809
True,False,False,False,275,11.0,0.27368438243865967,17.611858367919922,0.9613022208213806,24.184616088867188,2.198601484298706,0.34797975420951843,0.5113081336021423
True,False,False,False,276,11.039999961853027,0.24428221583366394,17.116880416870117,0.9653027653694153,17.669721603393555,1.6005182266235352,0.355669230222702,0.5383995771408081
True,False,False,False,276,11.039999961853027,0.2676548957824707,17.950754165649414,0.940065324306488,29.872087478637695,2.7058050632476807,0.45116856694221497,0.5622122883796692
True,False,False,False,276,11.039999961853027,0.2590075433254242,17.194852828979492,0.9644793272018433,16.770383834838867,1.5190565586090088,0.35286256670951843,0.5265516042709351
True,False,False,False,276,11.039999961853027,0.24007274210453033,17.3459529876709,0.9665169715881348,15.460396766662598,1.4003982543945312,0.3648178279399872,0.5216212868690491
True,False,False,False,276,11.039999961853027,0.24913430213928223,17.37693214416504,0.9639936089515686,20.04090690612793,1.8152995109558105,0.37355169653892517,0.5228385329246521
True,False,False,False,276,11.039999961853027,0.2710169851779938,17.58651351928711,0.9609065651893616,20.019548416137695,1.813364863395691,0.3614465892314911,0.518457293510437
True,False,False,False,276,11.039999961853027,0.24338139593601227,17.518207550048828,0.9666043519973755,19.73611831665039,1.7876918315887451,0.3990738093852997,0.5217684507369995
True,False,False,False,276,11.039999961853027,0.2635340690612793,17.066997528076172,0.9663164615631104,18.55520248413086,1.680724859237671,0.36409303545951843,0.5358442664146423
True,False,False,False,276,11.039999961853027,0.27168771624565125,17.605792999267578,0.9428476691246033,26.797222137451172,2.4272847175598145,0.44837644696235657,0.563774585723877
True,False,False,False,276,11.039999961853027,0.2606181800365448,17.578039169311523,0.9581239223480225,25.131093978881836,2.2763671875,0.3845369517803192,0.5294391512870789
True,False,False,False,276,11.039999961853027,0.2742766737937927,17.864683151245117,0.9306013584136963,42.99478530883789,3.8944551944732666,0.4714014232158661,0.5645896792411804
True,False,False,False,276,11.039999961853027,0.28604814410209656,17.134050369262695,0.9663196206092834,17.11469078063965,1.5502437353134155,0.39201661944389343,0.5267809629440308
True,False,False,False,276,11.039999961853027,0.29973167181015015,18.013870239257812,0.936757504940033,39.73760986328125,3.599421262741089,0.48398926854133606,0.5629934668540955
True,False,False,False,276,11.039999961853027,0.24294357001781464,17.269107818603516,0.9657679796218872,20.36654281616211,1.84479558467865,0.3526107370853424,0.5280246138572693
True,False,False,False,277,11.079999923706055,0.29741719365119934,18.022768020629883,0.9400101900100708,32.920047760009766,2.971123456954956,0.4699203670024872,0.562365710735321
True,False,False,False,277,11.079999923706055,0.29241546988487244,17.972213745117188,0.939749002456665,33.416683197021484,3.01594614982605,0.45341798663139343,0.563400387763977
True,False,False,False,277,11.079999923706055,0.2444659173488617,17.21283531188965,0.973322331905365,16.996318817138672,1.5339637994766235,0.37056276202201843,0.5308136343955994
True,False,False,False,277,11.079999923706055,0.28235021233558655,17.744604110717773,0.9374141097068787,39.609718322753906,3.5748844146728516,0.47472289204597473,0.5635496377944946
True,False,False,False,277,11.079999923706055,0.2693125605583191,17.404891967773438,0.9693838357925415,16.906970977783203,1.525899887084961,0.34923097491264343,0.5198045969009399
True,False,False,False,277,11.079999923706055,0.26314082741737366,17.74197006225586,0.9403803944587708,32.04862594604492,2.8924753665924072,0.46265581250190735,0.5623968243598938
True,False,False,False,277,11.079999923706055,0.24937118589878082,17.50139045715332,0.9670833945274353,16.396997451782227,1.4798734188079834,0.34894105792045593,0.5146723985671997
True,False,False,False,277,11.079999923706055,0.2897912263870239,16.845664978027344,0.9774801135063171,13.810696601867676,1.246452808380127,0.3631736934185028,0.5446619391441345
True,False,False,False,277,11.079999923706055,0.2751157879829407,17.101734161376953,0.9715696573257446,20.476118087768555,1.8480250835418701,0.34915468096733093,0.5365109443664551
True,False,False,False,277,11.079999923706055,0.25227320194244385,17.13024139404297,0.9673861265182495,19.344886779785156,1.745928406715393,0.37504884600639343,0.5334006547927856
True,False,False,False,277,11.079999923706055,0.28889012336730957,17.361309051513672,0.9687893986701965,17.942350387573242,1.6193456649780273,0.37993165850639343,0.5229426026344299
True,False,False,False,277,11.079999923706055,0.2377704232931137,17.067773818969727,0.9652659893035889,22.845191955566406,2.061840534210205,0.35257384181022644,0.5406741499900818
True,False,False,False,278,11.119999885559082,0.2910100817680359,17.825298309326172,0.9356487989425659,39.37910842895508,3.5412867069244385,0.47806277871131897,0.5632665753364563
True,False,False,False,278,11.119999885559082,0.2910383641719818,17.745994567871094,0.9395049214363098,38.12874221801758,3.4288437366485596,0.47676393389701843,0.566453754901886
True,False,False,False,278,11.119999885559082,0.29711535573005676,17.390413284301758,0.9708453416824341,17.97646141052246,1.6165882349014282,0.38762280344963074,0.5226000547409058
True,False,False,False,278,11.119999885559082,0.2953643202781677,17.9130859375,0.9390451312065125,41.86690902709961,3.765009880065918,0.4638843238353729,0.563630223274231
True,False,False,False,278,11.119999885559082,0.2936021089553833,17.828927993774414,0.9406824707984924,35.7855224609375,3.2181224822998047,0.45331528782844543,0.5626556277275085
True,False,False,False,278,11.119999885559082,0.25800758600234985,17.09018898010254,0.976041316986084,14.163077354431152,1.273658037185669,0.38554689288139343,0.5380078554153442
True,False,False,False,278,11.119999885559082,0.24030260741710663,17.31730079650879,0.9740058779716492,15.920077323913574,1.431661605834961,0.39926454424858093,0.5291269421577454
True,False,False,False,278,11.119999885559082,0.2496158629655838,17.408300399780273,0.9741463661193848,17.049589157104492,1.5332365036010742,0.35045287013053894,0.5280057191848755
True,False,False,False,279,11.15999984741211,0.29433876276016235,17.09665870666504,0.9742944240570068,17.170101165771484,1.5385395288467407,0.3882766664028168,0.5340166687965393
True,False,False,False,279,11.15999984741211,0.28951331973075867,17.68826675415039,0.9398190379142761,35.2415771484375,3.1578474044799805,0.44880983233451843,0.5648994445800781
True,False,False,False,279,11.15999984741211,0.2986583709716797,17.30459976196289,0.9726935625076294,17.116165161132812,1.533706545829773,0.35678407549858093,0.5232858657836914
True,False,False,False,279,11.15999984741211,0.29415395855903625,18.170503616333008,0.9282453656196594,49.50265884399414,4.435722351074219,0.4466235339641571,0.5643454790115356
True,False,False,False,279,11.15999984741211,0.2780832350254059,17.766183853149414,0.9422728419303894,31.582916259765625,2.830010414123535,0.4605209529399872,0.565034806728363
True,False,False,False,279,11.15999984741211,0.263144314289093,17.067413330078125,0.9703335165977478,19.915639877319336,1.7845555543899536,0.3590794503688812,0.5368520617485046
True,False,False,False,279,11.15999984741211,0.245334193110466,17.23810386657715,0.962419867515564,20.56487464904785,1.8427307605743408,0.3673138916492462,0.5374595522880554
True,False,False,False,279,11.15999984741211,0.27699002623558044,17.687349319458008,0.939096212387085,35.73868179321289,3.2023909091949463,0.46779975295066833,0.5624731183052063
True,False,False,False,279,11.15999984741211,0.28481775522232056,17.96782112121582,0.9355617761611938,33.41878128051758,2.9945144653320312,0.4547790586948395,0.5622121095657349
True,False,False,False,279,11.15999984741211,0.2847098410129547,17.328733444213867,0.9667335152626038,15.390896797180176,1.3791126012802124,0.35469362139701843,0.5235381722450256
True,False,False,False,279,11.15999984741211,0.2958664894104004,17.985355377197266,0.9408483505249023,30.65903663635254,2.747225522994995,0.45692357420921326,0.5603289008140564
True,False,False,False,279,11.15999984741211,0.29809144139289856,17.565662384033203,0.9448316693305969,34.50266647338867,3.091636896133423,0.4551193416118622,0.5646874308586121
True,False,False,False,280,11.199999809265137,0.2869871258735657,18.015430450439453,0.9373419880867004,40.739051818847656,3.6374154090881348,0.45219317078590393,0.5636566281318665
True,False,False,False,280,11.199999809265137,0.24392461776733398,17.12399673461914,0.966099202632904,19.241168975830078,1.7179615497589111,0.38640138506889343,0.5355402827262878
True,False,False,False,280,11.199999809265137,0.246983140707016,17.53702735900879,0.9647310972213745,25.834646224975586,2.3066649436950684,0.34947511553764343,0.5245634317398071
True,False,False,False,280,11.199999809265137,0.25114765763282776,17.45793342590332,0.9680964350700378,17.078771591186523,1.5248903036117554,0.35399171710014343,0.5185741782188416
True,False,False,False,280,11.199999809265137,0.27892357110977173,17.853967666625977,0.9389716982841492,30.757043838500977,2.746164560317993,0.45039740204811096,0.5621686577796936
True,False,False,False,280,11.199999809265137,0.2406293749809265,17.463653564453125,0.9650987982749939,24.33306884765625,2.172595500946045,0.3548659384250641,0.5248113870620728
True,False,False,False,280,11.199999809265137,0.24690893292427063,17.36534881591797,0.9622179269790649,17.901081085205078,1.5983108282089233,0.3830053508281708,0.5217710137367249
True,False,False,False,280,11.199999809265137,0.2834780216217041,17.546592712402344,0.9395423531532288,30.750255584716797,2.745558500289917,0.45248082280158997,0.5647578239440918
True,False,False,False,281,11.239999771118164,0.2784176170825958,17.373220443725586,0.9562883973121643,25.161222457885742,2.2385430335998535,0.38135674595832825,0.5314375162124634
True,False,False,False,281,11.239999771118164,0.2981953024864197,17.702089309692383,0.9405788779258728,32.57847213745117,2.8984405994415283,0.4574129283428192,0.5632882714271545
True,False,False,False,281,11.239999771118164,0.28779497742652893,17.79659080505371,0.9374063014984131,30.01797866821289,2.6706387996673584,0.4538414776325226,0.5632984638214111
True,False,False,False,281,11.239999771118164,0.2582888901233673,17.950546264648438,0.9403660893440247,35.11024856567383,3.123687744140625,0.46638795733451843,0.5636587142944336
True,False,False,False,281,11.239999771118164,0.23990139365196228,17.23359489440918,0.9688929915428162,15.180329322814941,1.3505631685256958,0.37181398272514343,0.5270839929580688
True,False,False,False,281,11.239999771118164,0.27888309955596924,17.16314697265625,0.9682675004005432,16.787250518798828,1.4935276508331299,0.3682086169719696,0.5361858010292053
True,False,False,False,281,11.239999771118164,0.2540866732597351,16.983192443847656,0.9706491827964783,20.369409561157227,1.812225103378296,0.36581650376319885,0.5425337553024292
True,False,False,False,281,11.239999771118164,0.2640078365802765,17.973426818847656,0.940796971321106,25.440868377685547,2.2634224891662598,0.45482954382896423,0.5607911944389343
True,False,False,False,281,11.239999771118164,0.2468663454055786,17.166301727294922,0.9674066305160522,15.467911720275879,1.3761487007141113,0.3559841215610504,0.5351744890213013
True,False,False,False,281,11.239999771118164,0.27303704619407654,18.03748321533203,0.9366078972816467,39.0982780456543,3.478494644165039,0.46015504002571106,0.5630813241004944
True,False,False,False,281,11.239999771118164,0.2927974462509155,17.49444580078125,0.9658045768737793,26.468008041381836,2.3548049926757812,0.38203486800193787,0.5359322428703308
True,False,False,False,281,11.239999771118164,0.27884507179260254,17.580921173095703,0.9393433332443237,36.50206756591797,3.2475149631500244,0.45973512530326843,0.5639665722846985
True,False,False,False,281,11.239999771118164,0.2614550292491913,17.28824234008789,0.9607938528060913,25.406230926513672,2.260340929031372,0.3916992247104645,0.5424448251724243
True,False,False,False,281,11.239999771118164,0.27226540446281433,17.3552188873291,0.9658249616622925,16.606992721557617,1.4774905443191528,0.3962869346141815,0.525178074836731
True,False,False,False,281,11.239999771118164,0.29038193821907043,17.044879913330078,0.968375027179718,16.972530364990234,1.5100116729736328,0.38618478178977966,0.5320044159889221
True,False,False,False,281,11.239999771118164,0.2993600070476532,17.15616226196289,0.9670778512954712,21.305213928222656,1.8954817056655884,0.3670761287212372,0.5408467650413513
True,False,False,False,282,11.279999732971191,0.25853079557418823,17.19466781616211,0.9715050458908081,16.103239059448242,1.427592158317566,0.35916444659233093,0.5365145206451416
True,False,False,False,282,11.279999732971191,0.29759013652801514,17.08310890197754,0.9685510993003845,18.651256561279297,1.6534801721572876,0.3813715875148773,0.532272219657898
True,False,False,False,282,11.279999732971191,0.27372220158576965,17.57634925842285,0.9436867833137512,27.395784378051758,2.428704261779785,0.448118656873703,0.5628842115402222
True,False,False,False,282,11.279999732971191,0.2800995409488678,17.124282836914062,0.9638596773147583,20.24848175048828,1.795078158378601,0.3499557673931122,0.5319900512695312
True,False,False,False,282,11.279999732971191,0.2828598916530609,17.400409698486328,0.9660278558731079,18.986928939819336,1.6832383871078491,0.3513290584087372,0.520836591720581
True,False,False,False,282,11.279999732971191,0.29209479689598083,18.02585792541504,0.9392161965370178,40.16712951660156,3.56091570854187,0.46890392899513245,0.5646898746490479
True,False,False,False,282,11.279999732971191,0.2690715491771698,17.808834075927734,0.937766432762146,36.501434326171875,3.235942840576172,0.45500126481056213,0.5618020296096802
True,False,False,False,282,11.279999732971191,0.2873627245426178,18.010557174682617,0.9416013360023499,33.60188293457031,2.9788904190063477,0.44780275225639343,0.564495861530304
True,False,False,False,282,11.279999732971191,0.279740571975708,17.526426315307617,0.9425879716873169,34.438236236572266,3.053035259246826,0.4432888329029083,0.5642827749252319
True,False,False,False,282,11.279999732971191,0.2555730640888214,17.03638458251953,0.9671704173088074,16.636241912841797,1.474844217300415,0.36459288001060486,0.5435796976089478
True,False,False,False,282,11.279999732971191,0.26720213890075684,17.476337432861328,0.967806875705719,17.126394271850586,1.5182974338531494,0.3565674126148224,0.514825165271759
True,False,False,False,282,11.279999732971191,0.24053955078125,17.30046272277832,0.9688262939453125,17.115169525146484,1.5173022747039795,0.3562922775745392,0.5335391759872437
True,False,False,False,283,11.319999694824219,0.2819044589996338,17.931529998779297,0.9414655566215515,23.077468872070312,2.0386457443237305,0.4485122859477997,0.5602385401725769
True,False,False,False,283,11.319999694824219,0.2561397850513458,17.312652587890625,0.9678860902786255,20.156147003173828,1.780578374862671,0.3500315248966217,0.5256444215774536
True,False,False,False,283,11.319999694824219,0.2887647747993469,18.010902404785156,0.937160313129425,34.65169143676758,3.061103582382202,0.45829495787620544,0.5623189806938171
True,False,False,False,283,11.319999694824219,0.27891257405281067,17.87917137145996,0.9382684826850891,39.50845718383789,3.4901463985443115,0.47474977374076843,0.5627043843269348
True,False,False,False,283,11.319999694824219,0.24183246493339539,17.446748733520508,0.9706310033798218,13.847786903381348,1.2233027219772339,0.37218019366264343,0.5180411338806152
True,False,False,False,284,11.359999656677246,0.24106121063232422,17.405223846435547,0.9703830480575562,21.005966186523438,1.8491168022155762,0.3524416983127594,0.5256459712982178
True,False,False,False,284,11.359999656677246,0.25091901421546936,17.958232879638672,0.9211151003837585,39.72914123535156,3.497283697128296,0.37135621905326843,0.5737910270690918
True,False,False,False,284,11.359999656677246,0.28541094064712524,17.80626678466797,0.9380468130111694,35.045082092285156,3.0849545001983643,0.45352688431739807,0.5623779296875
True,False,False,False,284,11.359999656677246,0.289654940366745,17.648387908935547,0.9398038983345032,39.20845031738281,3.4514482021331787,0.4468444883823395,0.5638681054115295
True,False,False,False,284,11.359999656677246,0.2873589098453522,18.20178985595703,0.9298118352890015,46.006038665771484,4.049827575683594,0.45472654700279236,0.5641569495201111
True,False,False,False,284,11.359999656677246,0.2608645260334015,17.986896514892578,0.9402614831924438,31.847150802612305,2.8034465312957764,0.44972535967826843,0.5642513036727905
True,False,False,False,284,11.359999656677246,0.26407769322395325,17.62062644958496,0.942330002784729,23.799333572387695,2.0950117111206055,0.44853517413139343,0.5629241466522217
True,False,False,False,285,11.399999618530273,0.2982166111469269,18.202556610107422,0.9164578914642334,54.80008316040039,4.807024955749512,0.4950767457485199,0.5667263269424438
True,False,False,False,285,11.399999618530273,0.2845313549041748,17.718168258666992,0.9393729567527771,37.420753479003906,3.282522439956665,0.45791932940483093,0.5626612305641174
True,False,False,False,285,11.399999618530273,0.2724170386791229,17.13847541809082,0.9715042114257812,18.46873664855957,1.620064616203308,0.39755597710609436,0.5358662605285645
True,False,False,False,285,11.399999618530273,0.2790231704711914,17.085718154907227,0.9746567010879517,17.148820877075195,1.5042825937271118,0.3677617013454437,0.535386860370636
True,False,False,False,285,11.399999618530273,0.29336151480674744,17.4208984375,0.9678962230682373,16.431352615356445,1.4413467645645142,0.34880372881889343,0.5151724219322205
True,False,False,False,285,11.399999618530273,0.26817435026168823,17.520687103271484,0.9407747983932495,34.168338775634766,2.997222900390625,0.4533247649669647,0.5647059082984924
True,False,False,False,285,11.399999618530273,0.2988148033618927,17.914127349853516,0.9386841654777527,30.393444061279297,2.6660916805267334,0.44821473956108093,0.562539279460907
True,False,False,False,285,11.399999618530273,0.25258806347846985,17.490821838378906,0.9632731080055237,20.262367248535156,1.7774007320404053,0.3624541461467743,0.5258051156997681
True,False,False,False,285,11.399999618530273,0.2479599118232727,17.307817459106445,0.9669233560562134,19.999998092651367,1.7543858289718628,0.3686768114566803,0.5258837938308716
True,False,False,False,285,11.399999618530273,0.2368139624595642,17.54540252685547,0.9653825163841248,20.412982940673828,1.7906125783920288,0.35052505135536194,0.5190606713294983
True,False,False,False,285,11.399999618530273,0.25771868228912354,17.106557846069336,0.962948739528656,20.548625946044922,1.8025110960006714,0.3926956355571747,0.5355067253112793
True,False,False,False,285,11.399999618530273,0.27296000719070435,17.702104568481445,0.9376429319381714,36.097999572753906,3.1664912700653076,0.44893571734428406,0.5637601017951965
True,False,False,False,285,11.399999618530273,0.2441793829202652,17.425251007080078,0.9682245254516602,19.674230575561523,1.7258098125457764,0.37482401728630066,0.5240811109542847
True,False,False,False,285,11.399999618530273,0.298362672328949,18.10877799987793,0.9209201335906982,46.38246536254883,4.068637371063232,0.46516725420951843,0.5639730095863342
True,False,False,False,285,11.399999618530273,0.29813870787620544,17.743804931640625,0.9447618722915649,23.718278884887695,2.0805509090423584,0.4479287564754486,0.5623983144760132
True,False,False,False,286,11.4399995803833,0.26456916332244873,17.256135940551758,0.9662989974021912,21.151548385620117,1.8489116430282593,0.4076019823551178,0.5337196588516235
True,False,False,False,286,11.4399995803833,0.293606698513031,17.667247772216797,0.9440582394599915,23.81448745727539,2.081686019897461,0.4492904841899872,0.5627310872077942
True,False,False,False,286,11.4399995803833,0.2703606188297272,17.971193313598633,0.9244360327720642,38.0190315246582,3.3233420848846436,0.36204835772514343,0.5725311636924744
True,False,False,False,286,11.4399995803833,0.29766377806663513,18.23845672607422,0.9226037263870239,42.5316162109375,3.7177987098693848,0.44966641068458557,0.5639209151268005
True,False,False,False,286,11.4399995803833,0.2986197769641876,18.009178161621094,0.9414411187171936,30.65176773071289,2.6793503761291504,0.4592784345149994,0.5612958669662476
True,False,False,False,286,11.4399995803833,0.26994508504867554,17.252695083618164,0.9645125865936279,22.95189094543457,2.006284236907959,0.397478312253952,0.5468522906303406
True,False,False,False,286,11.4399995803833,0.2842789590358734,17.538372039794922,0.9398432374000549,32.79586410522461,2.8667714595794678,0.4588582217693329,0.563058614730835
True,False,False,False,286,11.4399995803833,0.2674020528793335,17.63166046142578,0.9434256553649902,30.338680267333984,2.651982545852661,0.45151403546333313,0.563633918762207
True,False,False,False,286,11.4399995803833,0.2715809941291809,17.76885223388672,0.9398425221443176,29.762863159179688,2.601649045944214,0.4499512016773224,0.5639828443527222
True,False,False,False,286,11.4399995803833,0.2921491861343384,17.00063133239746,0.9711111187934875,14.213973045349121,1.2424801588058472,0.36189576983451843,0.5339089632034302
True,False,False,False,286,11.4399995803833,0.27468371391296387,17.369632720947266,0.9651392698287964,18.68059730529785,1.632919430732727,0.3586589992046356,0.5234608054161072
True,False,False,False,286,11.4399995803833,0.25887152552604675,17.202167510986328,0.956534206867218,23.553133010864258,2.058840274810791,0.40947267413139343,0.5369596481323242
True,False,False,False,287,11.479999542236328,0.2936446964740753,17.801761627197266,0.9291402101516724,47.74494552612305,4.1589674949646,0.46712175011634827,0.5657466053962708
True,False,False,False,287,11.479999542236328,0.28818371891975403,17.34392547607422,0.9578300714492798,23.34049415588379,2.033144235610962,0.3793763220310211,0.534324586391449
True,False,False,False,287,11.479999542236328,0.2945871949195862,17.853404998779297,0.9422439932823181,25.13994598388672,2.1898908615112305,0.4527490437030792,0.5604564547538757
True,False,False,False,287,11.479999542236328,0.2694375216960907,17.313222885131836,0.969123899936676,16.13926124572754,1.4058589935302734,0.36201295256614685,0.5287457704544067
True,False,False,False,287,11.479999542236328,0.2549503743648529,17.2365665435791,0.9670460820198059,14.704401969909668,1.2808712720870972,0.35582277178764343,0.5306232571601868
True,False,False,False,287,11.479999542236328,0.28034791350364685,17.83523178100586,0.9385358095169067,36.377140045166016,3.1687405109405518,0.45125123858451843,0.5646468997001648
True,False,False,False,287,11.479999542236328,0.28605425357818604,16.949504852294922,0.9730243682861328,20.773818969726562,1.8095661401748657,0.35487422347068787,0.5416998267173767
True,False,False,False,287,11.479999542236328,0.2715916633605957,18.034591674804688,0.9376243352890015,35.46456527709961,3.089247941970825,0.4461664855480194,0.5612823963165283
True,False,False,False,287,11.479999542236328,0.27170273661613464,17.348424911499023,0.9681306481361389,19.700908660888672,1.7161071300506592,0.38624879717826843,0.5257405638694763
True,False,False,False,287,11.479999542236328,0.26561081409454346,18.22443389892578,0.9245980978012085,42.50405502319336,3.702444076538086,0.40477296710014343,0.5735728740692139
True,False,False,False,287,11.479999542236328,0.2963041663169861,17.941120147705078,0.9369118213653564,39.78499984741211,3.465592384338379,0.45612773299217224,0.564529299736023
True,False,False,False,288,11.519999504089355,0.28572067618370056,17.792287826538086,0.9368061423301697,39.87863540649414,3.4616873264312744,0.45653077960014343,0.5632957220077515
True,False,False,False,288,11.519999504089355,0.25739094614982605,17.037738800048828,0.97041255235672,19.21272087097168,1.6677709817886353,0.39570924639701843,0.5399307012557983
True,False,False,False,288,11.519999504089355,0.287868857383728,17.020370483398438,0.9721296429634094,20.004724502563477,1.7365212440490723,0.39464113116264343,0.5423402190208435
True,False,False,False,288,11.519999504089355,0.29366862773895264,17.217750549316406,0.9714789986610413,16.43558120727539,1.4266998767852783,0.35047879815101624,0.5258808135986328
True,False,False,False,288,11.519999504089355,0.28398606181144714,17.82626724243164,0.9428316354751587,33.05592727661133,2.8694381713867188,0.4580673277378082,0.5642316341400146
True,False,False,False,288,11.519999504089355,0.27223092317581177,17.165929794311523,0.9612700939178467,23.70629119873047,2.057837963104248,0.3775160014629364,0.5443151593208313
True,False,False,False,288,11.519999504089355,0.264040470123291,17.277498245239258,0.9630461931228638,21.84226417541504,1.8960299491882324,0.39392396807670593,0.5273008346557617
True,False,False,False,288,11.519999504089355,0.29419344663619995,17.327178955078125,0.9742730259895325,16.46080207824707,1.4288891553878784,0.35397645831108093,0.5241166949272156
True,False,False,False,288,11.519999504089355,0.28237420320510864,17.954086303710938,0.9407505393028259,31.963951110839844,2.774648666381836,0.44838258624076843,0.5623443126678467
True,False,False,False,289,11.559999465942383,0.26290538907051086,17.5892276763916,0.9602693319320679,22.397462844848633,1.9374969005584717,0.35419633984565735,0.5149061679840088
True,False,False,False,289,11.559999465942383,0.28158414363861084,17.932157516479492,0.9385699033737183,27.654903411865234,2.3922927379608154,0.44780275225639343,0.5607483386993408
True,False,False,False,289,11.559999465942383,0.29057085514068604,17.577789306640625,0.9376875162124634,37.771907806396484,3.2674663066864014,0.4574970304965973,0.5637854933738708
True,False,False,False,289,11.559999465942383,0.2657654583454132,17.950838088989258,0.9438169002532959,27.707359313964844,2.3968305587768555,0.45954909920692444,0.5633459091186523
True,False,False,False,289,11.559999465942383,0.29456302523612976,17.29471206665039,0.9728391170501709,17.15236473083496,1.4837687015533447,0.35436174273490906,0.5240221619606018
True,False,False,False,289,11.559999465942383,0.2616693377494812,17.836008071899414,0.9365497827529907,32.85808563232422,2.842395067214966,0.46659019589424133,0.5621559023857117
True,False,False,False,289,11.559999465942383,0.2792189419269562,17.351825714111328,0.9641216397285461,20.256202697753906,1.752266764640808,0.3589080274105072,0.5199497938156128
True,False,False,False,289,11.559999465942383,0.2620929181575775,17.32154655456543,0.9708001017570496,19.696979522705078,1.7038910388946533,0.35176393389701843,0.5283730030059814
True,False,False,False,289,11.559999465942383,0.24355155229568481,17.664222717285156,0.9576881527900696,22.69654655456543,1.9633691310882568,0.3515307605266571,0.5147469639778137
True,False,False,False,289,11.559999465942383,0.2810852527618408,18.033668518066406,0.9210935235023499,37.19815444946289,3.2178335189819336,0.3854019343852997,0.5743206739425659
True,False,False,False,290,11.59999942779541,0.2920624017715454,17.1479434967041,0.9674304723739624,26.836997985839844,2.3135344982147217,0.38576045632362366,0.5492026209831238
True,False,False,False,290,11.59999942779541,0.29259946942329407,17.598405838012695,0.9405590295791626,34.69561004638672,2.9910011291503906,0.46112391352653503,0.5637439489364624
True,False,False,False,290,11.59999942779541,0.24893002212047577,17.359603881835938,0.9626692533493042,20.162919998168945,1.7381829023361206,0.3738575875759125,0.521465003490448
True,False,False,False,290,11.59999942779541,0.26133638620376587,17.913997650146484,0.9427960515022278,32.16080093383789,2.7724828720092773,0.4587397277355194,0.5636563301086426
True,False,False,False,290,11.59999942779541,0.2839304208755493,17.21793556213379,0.9658170342445374,25.602346420288086,2.207098960876465,0.35318562388420105,0.5346477627754211
True,False,False,False,290,11.59999942779541,0.2803930938243866,17.764476776123047,0.9394404888153076,28.10028839111328,2.422438859939575,0.44505617022514343,0.5623412132263184
True,False,False,False,290,11.59999942779541,0.263710081577301,17.41846466064453,0.9647801518440247,17.19137954711914,1.482015609741211,0.37539979815483093,0.5199488401412964
True,False,False,False,290,11.59999942779541,0.2844308316707611,17.267885208129883,0.9689563512802124,23.977890014648438,2.0670595169067383,0.36991509795188904,0.5427985787391663
True,False,False,False,291,11.639999389648438,0.2780765891075134,18.19880485534668,0.9228918552398682,38.29126739501953,3.289628028869629,0.36091652512550354,0.5740752816200256
True,False,False,False,291,11.639999389648438,0.2424638718366623,17.484283447265625,0.9621224403381348,22.181119918823242,1.9055945873260498,0.40648195147514343,0.5249656438827515
True,False,False,False,291,11.639999389648438,0.26164501905441284,17.23400115966797,0.9682477712631226,17.950654983520508,1.5421525239944458,0.37420961260795593,0.5297334790229797
True,False,False,False,291,11.639999389648438,0.27129682898521423,17.69391441345215,0.9410914778709412,37.008113861083984,3.179391384124756,0.44969865679740906,0.5649895071983337
True,False,False,False,291,11.639999389648438,0.2910747230052948,17.254257202148438,0.974718451499939,17.578672409057617,1.510195255279541,0.35524293780326843,0.5278197526931763
True,False,False,False,291,11.639999389648438,0.26292961835861206,17.97178840637207,0.9362932443618774,33.078712463378906,2.8418140411376953,0.46058711409568787,0.563834547996521
True,False,False,False,292,11.679999351501465,0.29426309466362,17.272926330566406,0.9655657410621643,19.740732192993164,1.6901313066482544,0.35098573565483093,0.5229694247245789
True,False,False,False,292,11.679999351501465,0.2932891249656677,17.20555877685547,0.9701984524726868,16.85187339782715,1.4427974224090576,0.38310399651527405,0.5253377556800842
True,False,False,False,292,11.679999351501465,0.2612336277961731,17.536821365356445,0.966687023639679,25.8907527923584,2.2166740894317627,0.37153664231300354,0.5344974398612976
True,False,False,False,292,11.679999351501465,0.27320873737335205,17.4685115814209,0.9684954881668091,15.339221954345703,1.3132896423339844,0.38679811358451843,0.5211657881736755
True,False,False,False,293,11.719999313354492,0.28054916858673096,17.863933563232422,0.9381313920021057,35.174705505371094,3.0012547969818115,0.45760831236839294,0.561950147151947
True,False,False,False,293,11.719999313354492,0.29607197642326355,17.1699275970459,0.9710908532142639,13.822279930114746,1.1793755292892456,0.36076661944389343,0.5324863791465759
True,False,False,False,293,11.719999313354492,0.2765554189682007,17.99650764465332,0.9243678450584412,39.13212966918945,3.338919162750244,0.35806581377983093,0.573898434638977
True,False,False,False,293,11.719999313354492,0.263558566570282,17.712657928466797,0.9315236210823059,38.4747428894043,3.2828280925750732,0.4516964256763458,0.5644450783729553
True,False,False,False,293,11.719999313354492,0.25959789752960205,17.28980827331543,0.9703056216239929,17.466049194335938,1.4902772903442383,0.36197713017463684,0.5312861204147339
True,False,False,False,293,11.719999313354492,0.27541133761405945,17.970237731933594,0.9408202171325684,31.53156852722168,2.6904070377349854,0.4532516300678253,0.5626718997955322
True,False,False,False,293,11.719999313354492,0.25325921177864075,18.30287742614746,0.9240933060646057,37.01593780517578,3.1583566665649414,0.38255617022514343,0.5729256272315979
True,False,False,False,293,11.719999313354492,0.2686102092266083,18.0333251953125,0.936131477355957,39.43654251098633,3.3648929595947266,0.46120837330818176,0.5624495148658752
True,False,False,False,293,11.719999313354492,0.29345405101776123,17.620864868164062,0.9426321983337402,35.45984649658203,3.0255844593048096,0.45763322710990906,0.564590334892273
True,False,False,False,293,11.719999313354492,0.25551262497901917,18.36949920654297,0.917110025882721,53.97407150268555,4.605296611785889,0.47711506485939026,0.566450834274292
True,False,False,False,293,11.719999313354492,0.2716642916202545,17.963993072509766,0.9393881559371948,35.22336196899414,3.005406379699707,0.46545812487602234,0.5630362629890442
True,False,False,False,293,11.719999313354492,0.2633001506328583,17.84881591796875,0.9220204949378967,40.138465881347656,3.424783945083618,0.3710070550441742,0.5747036337852478
True,False,False,False,293,11.719999313354492,0.29476356506347656,17.02536392211914,0.973687469959259,19.829200744628906,1.6919114589691162,0.39908871054649353,0.5423359274864197
True,False,False,False,293,11.719999313354492,0.26245078444480896,17.108427047729492,0.9699896574020386,13.983593940734863,1.1931394338607788,0.3757253587245941,0.5315365791320801
True,False,False,False,293,11.719999313354492,0.2621406614780426,17.36972427368164,0.9757170081138611,16.455354690551758,1.4040405750274658,0.37053343653678894,0.525723397731781
True,False,False,False,293,11.719999313354492,0.2924787402153015,17.319889068603516,0.9772166013717651,13.974196434020996,1.1923376321792603,0.37036439776420593,0.5234127640724182
True,False,False,False,294,11.75999927520752,0.24340517818927765,17.172971725463867,0.9749161005020142,13.702548027038574,1.1651827096939087,0.38886091113090515,0.533936083316803
True,False,False,False,294,11.75999927520752,0.2782469093799591,17.458345413208008,0.9639450907707214,16.958126068115234,1.4420175552368164,0.379698246717453,0.5195221304893494
True,False,False,False,294,11.75999927520752,0.24332331120967865,17.54097557067871,0.9656440019607544,20.376808166503906,1.7327219247817993,0.36519721150398254,0.5152491927146912
True,False,False,False,294,11.75999927520752,0.29009243845939636,17.510879516601562,0.9598323106765747,26.749887466430664,2.2746503353118896,0.35750123858451843,0.5175454020500183
True,False,False,False,294,11.75999927520752,0.24445638060569763,18.065536499023438,0.9218912124633789,37.07817459106445,3.1529061794281006,0.35646364092826843,0.5733509659767151
True,False,False,False,294,11.75999927520752,0.2517361640930176,17.342761993408203,0.9624151587486267,19.33352279663086,1.6440070867538452,0.3567053973674774,0.5227411985397339
True,False,False,False,294,11.75999927520752,0.2974625825881958,17.771255493164062,0.9381614923477173,35.999847412109375,3.061211585998535,0.4528075158596039,0.562570333480835
True,False,False,False,294,11.75999927520752,0.28317785263061523,17.885025024414062,0.9290968775749207,46.492401123046875,3.9534356594085693,0.4580553472042084,0.56429123878479
True,False,False,False,294,11.75999927520752,0.28876087069511414,16.912506103515625,0.9771937131881714,13.997396469116211,1.1902549266815186,0.36470338702201843,0.5410996079444885
True,False,False,False,294,11.75999927520752,0.2926909029483795,17.041980743408203,0.9659296870231628,24.16946029663086,2.0552263259887695,0.34860536456108093,0.5386314988136292
True,False,False,False,294,11.75999927520752,0.27222275733947754,18.04688835144043,0.9382829070091248,25.8376522064209,2.1970794200897217,0.4487869441509247,0.5606198906898499
True,False,False,False,295,11.800000190734863,0.26598820090293884,17.16159439086914,0.9703501462936401,17.034839630126953,1.4436304569244385,0.35411378741264343,0.5310813784599304
True,False,False,False,295,11.800000190734863,0.2786843776702881,17.98333740234375,0.9410529732704163,32.348976135253906,2.741438627243042,0.45144638419151306,0.561911940574646
True,False,False,False,295,11.800000190734863,0.26262012124061584,17.759578704833984,0.9360479712486267,40.06298828125,3.3951685428619385,0.4494735300540924,0.5633583664894104
True,False,False,False,295,11.800000190734863,0.2659524977207184,17.798093795776367,0.9411818981170654,33.66043472290039,2.852579116821289,0.44871726632118225,0.5649130940437317
True,False,False,False,295,11.800000190734863,0.29065701365470886,17.984907150268555,0.9160237312316895,51.555206298828125,4.369085311889648,0.46696779131889343,0.5648715496063232
True,False,False,False,295,11.800000190734863,0.2986023724079132,17.103702545166016,0.969546914100647,13.211209297180176,1.1195939779281616,0.37733766436576843,0.5282254815101624
True,False,False,False,295,11.800000190734863,0.26343196630477905,17.076683044433594,0.9690886735916138,17.122100830078125,1.4510254859924316,0.37785646319389343,0.532045841217041
True,False,False,False,295,11.800000190734863,0.2694891095161438,17.26772689819336,0.9635413289070129,19.764387130737305,1.67494797706604,0.34962770342826843,0.5250915884971619
True,False,False,False,296,11.84000015258789,0.28840047121047974,17.918384552001953,0.9372010827064514,36.39982223510742,3.0743093490600586,0.4487951695919037,0.5620984435081482
True,False,False,False,296,11.84000015258789,0.27648600935935974,17.047405242919922,0.973318338394165,14.612395286560059,1.2341549396514893,0.37988021969795227,0.5308563709259033
True,False,False,False,296,11.84000015258789,0.2749520242214203,17.106149673461914,0.9688857197761536,17.445932388305664,1.4734740257263184,0.36442872881889343,0.5370161533355713
True,False,False,False,296,11.84000015258789,0.23799259960651398,18.354469299316406,0.9227610230445862,39.20909118652344,3.3115785121917725,0.35090944170951843,0.5727755427360535
True,False,False,False,296,11.84000015258789,0.26919281482696533,17.951160430908203,0.9181636571884155,50.688602447509766,4.281131744384766,0.46843263506889343,0.5649322271347046
True,False,False,False,296,11.84000015258789,0.2678897976875305,17.306550979614258,0.9771458506584167,14.900070190429688,1.2584518194198608,0.38978883624076843,0.5301674008369446
True,False,False,False,296,11.84000015258789,0.2559623122215271,18.13323211669922,0.926142156124115,42.61945343017578,3.599616050720215,0.4056977331638336,0.5722654461860657
True,False,False,False,296,11.84000015258789,0.27150818705558777,18.195148468017578,0.926075279712677,51.576866149902344,4.356153964996338,0.4670960605144501,0.5665093660354614
True,False,False,False,296,11.84000015258789,0.28509145975112915,18.70621109008789,0.8914934992790222,67.00321197509766,5.659054756164551,0.38941463828086853,0.5728716850280762
True,False,False,False,296,11.84000015258789,0.29435184597969055,17.511672973632812,0.9637360572814941,22.603084564208984,1.9090442657470703,0.3913153111934662,0.534365713596344
True,False,False,False,296,11.84000015258789,0.2811492681503296,17.33741569519043,0.9649917483329773,19.23283576965332,1.6243948936462402,0.39594462513923645,0.5283519625663757
True,False,False,False,296,11.84000015258789,0.2871429920196533,17.430038452148438,0.9457768201828003,28.504924774169922,2.40751051902771,0.4590301811695099,0.5648320317268372
True,False,False,False,296,11.84000015258789,0.2791743278503418,17.565690994262695,0.9376183152198792,31.898193359375,2.6941041946411133,0.4625607430934906,0.5635612607002258
True,False,False,False,296,11.84000015258789,0.28555890917778015,17.772533416748047,0.9361584186553955,34.896026611328125,2.9472994804382324,0.4596158564090729,0.5636231303215027
True,False,False,False,296,11.84000015258789,0.272998183965683,17.474002838134766,0.9699535369873047,19.709110260009766,1.6646207571029663,0.35823366045951843,0.5221135020256042
True,False,False,False,296,11.84000015258789,0.29036667943000793,18.028797149658203,0.9374761581420898,43.426265716552734,3.6677589416503906,0.4853444993495941,0.5651748776435852
True,False,False,False,296,11.84000015258789,0.2580677270889282,18.166343688964844,0.9224882125854492,42.725852966308594,3.608602285385132,0.39805909991264343,0.5733008980751038
True,False,False,False,297,11.880000114440918,0.2824041247367859,17.091140747070312,0.9653716087341309,18.437992095947266,1.552019476890564,0.35860559344291687,0.538759708404541
True,False,False,False,297,11.880000114440918,0.2783387005329132,17.747234344482422,0.941999077796936,28.47933006286621,2.397249937057495,0.4562121331691742,0.5629805326461792
True,False,False,False,297,11.880000114440918,0.280417799949646,18.159265518188477,0.9110504388809204,51.75209045410156,4.356236457824707,0.34962770342826843,0.5731881856918335
True,False,False,False,297,11.880000114440918,0.29245907068252563,17.107025146484375,0.96781325340271,20.604400634765625,1.734377145767212,0.3787168562412262,0.5318800806999207
True,False,False,False,297,11.880000114440918,0.2754029333591461,17.565948486328125,0.9378763437271118,40.913787841796875,3.4439215660095215,0.46136781573295593,0.5646600723266602
True,False,False,False,297,11.880000114440918,0.27932438254356384,17.829866409301758,0.9395949244499207,36.12563705444336,3.0408785343170166,0.4469814598560333,0.5645611882209778
True,False,False,False,297,11.880000114440918,0.27319252490997314,17.140966415405273,0.9681762456893921,13.16556453704834,1.1082124710083008,0.37089845538139343,0.5276257991790771
True,False,False,False,297,11.880000114440918,0.2597937285900116,17.865697860717773,0.9343528151512146,38.43233871459961,3.2350454330444336,0.46254679560661316,0.5622633099555969
True,False,False,False,297,11.880000114440918,0.2754582166671753,17.9350528717041,0.9454218149185181,29.249906539916992,2.462113380432129,0.45371177792549133,0.5635964274406433
True,False,False,False,297,11.880000114440918,0.2762737572193146,16.939449310302734,0.9742705821990967,13.895395278930664,1.1696460247039795,0.38704225420951843,0.5410414934158325
True,False,False,False,297,11.880000114440918,0.2711503803730011,17.510581970214844,0.96570885181427,15.516976356506348,1.306142807006836,0.35645362734794617,0.5174128413200378
True,False,False,False,298,11.920000076293945,0.2953777015209198,17.649656295776367,0.935096263885498,42.301551818847656,3.548787832260132,0.4734053313732147,0.5653526782989502
True,False,False,False,298,11.920000076293945,0.280865877866745,17.994422912597656,0.9350927472114563,40.90884780883789,3.431950330734253,0.45271041989326477,0.562949001789093
True,False,False,False,298,11.920000076293945,0.28731676936149597,17.8391170501709,0.9411404132843018,35.83234405517578,3.0060691833496094,0.4467422068119049,0.5640962719917297
True,False,False,False,298,11.920000076293945,0.2942032814025879,17.301668167114258,0.9729049205780029,17.813251495361328,1.4944002628326416,0.392968088388443,0.5275684595108032
True,False,False,False,298,11.920000076293945,0.25689953565597534,17.497039794921875,0.9637638330459595,25.0336971282959,2.100142478942871,0.34636232256889343,0.5231395959854126
True,False,False,False,299,11.960000038146973,0.26825064420700073,17.502119064331055,0.9667906761169434,14.546499252319336,1.2162624597549438,0.37242433428764343,0.5154561996459961
True,False,False,False,299,11.960000038146973,0.2788906693458557,17.734731674194336,0.9361758232116699,38.5108528137207,3.219970941543579,0.46412768959999084,0.5635223388671875
True,False,False,False,299,11.960000038146973,0.24205408990383148,17.04397964477539,0.9721359610557556,14.024523735046387,1.1726189851760864,0.37892457842826843,0.5363005995750427
True,False,False,False,299,11.960000038146973,0.2765968143939972,17.122512817382812,0.9759944677352905,15.622721672058105,1.306247591972351,0.38010933995246887,0.5364835262298584
True,False,False,False,299,11.960000038146973,0.2829933166503906,18.281110763549805,0.923437774181366,50.57655334472656,4.228808879852295,0.45294442772865295,0.5638274550437927
True,False,False,False,299,11.960000038146973,0.26761242747306824,17.31133460998535,0.9662312865257263,17.057851791381836,1.4262417554855347,0.3568679988384247,0.521325409412384
True,False,False,False,299,11.960000038146973,0.28243890404701233,19.029808044433594,0.8721308708190918,69.97294616699219,5.85058069229126,0.4504152834415436,0.561888575553894
True,False,False,False,299,11.960000038146973,0.29928967356681824,17.143638610839844,0.9603273272514343,25.769268035888672,2.154621124267578,0.38473477959632874,0.5423746109008789
True,False,False,False,299,11.960000038146973,0.2792094349861145,17.766664505004883,0.9336431622505188,47.54779052734375,3.9755678176879883,0.4808746874332428,0.5652043223381042
True,False,False,False,299,11.960000038146973,0.24050623178482056,17.423744201660156,0.9669920206069946,16.09807777404785,1.345993161201477,0.3628952205181122,0.5258238315582275
True,False,False,False,299,11.960000038146973,0.28926748037338257,17.304189682006836,0.9713672399520874,19.782527923583984,1.654057502746582,0.35139772295951843,0.5272711515426636
True,False,False,False,299,11.960000038146973,0.26071321964263916,17.035409927368164,0.968633234500885,17.186748504638672,1.4370191097259521,0.38258668780326843,0.5347118973731995
True,False,False,False,299,11.960000038146973,0.2722984254360199,17.646617889404297,0.9372721910476685,31.18549156188965,2.607482671737671,0.4524804651737213,0.5635887980461121
True,False,False,False,299,11.960000038146973,0.2857263684272766,17.98688316345215,0.9399343132972717,32.48017120361328,2.715733289718628,0.46556398272514343,0.5621095895767212
True,False,False,False,300,12.0,0.29964369535446167,17.434040069580078,0.9591245055198669,21.253368377685547,1.7711139917373657,0.3857894837856293,0.5302522778511047
True,False,False,False,300,12.0,0.2910318076610565,17.85731315612793,0.925188422203064,38.515560150146484,3.209630012512207,0.37095949053764343,0.5725712180137634
True,False,False,False,300,12.0,0.27911844849586487,17.323013305664062,0.9659345149993896,22.683761596679688,1.8903135061264038,0.3890116512775421,0.5422355532646179
True,False,False,False,300,12.0,0.29675954580307007,17.799732208251953,0.9343109726905823,43.982852935791016,3.6652376651763916,0.44997599720954895,0.5646938681602478
True,False,False,False,300,12.0,0.27333253622055054,17.06695556640625,0.9667387008666992,24.284297943115234,2.023691415786743,0.349835067987442,0.5365920066833496
True,False,False,False,300,12.0,0.2569652795791626,17.3084659576416,0.963832437992096,19.98450469970703,1.6653753519058228,0.3601727783679962,0.5313875079154968
True,False,False,False,300,12.0,0.27868592739105225,17.30834197998047,0.96988844871521,13.323698043823242,1.1103081703186035,0.38017579913139343,0.5220319032669067
True,False,False,False,300,12.0,0.272331178188324,17.37393569946289,0.9740818738937378,16.46828269958496,1.37235689163208,0.36275026202201843,0.5264682769775391
True,False,False,False,300,12.0,0.2888910472393036,17.92412567138672,0.9397545456886292,36.189022064208984,3.015751838684082,0.4579069912433624,0.5623199939727783
True,False,False,False,300,12.0,0.2711535394191742,17.242145538330078,0.9710556268692017,19.3900089263916,1.61583411693573,0.34895631670951843,0.5313408970832825
True,False,False,False,300,12.0,0.294312059879303,18.001224517822266,0.9396162629127502,39.0817756652832,3.25681471824646,0.44682517647743225,0.5635500550270081
True,False,False,False,300,12.0,0.2897593080997467,18.26508140563965,0.9228217005729675,39.991512298583984,3.3326261043548584,0.3691580593585968,0.5742911696434021
True,False,False,False,300,12.0,0.29257166385650635,17.70133399963379,0.9375813603401184,36.6744384765625,3.0562031269073486,0.46303924918174744,0.5626175999641418
True,False,False,False,300,12.0,0.2945857048034668,17.31497573852539,0.9777015447616577,16.02516746520996,1.33543062210083,0.3795221149921417,0.5267175436019897
True,False,False,False,300,12.0,0.2805420756340027,17.318126678466797,0.9758769273757935,18.685409545898438,1.5571174621582031,0.3540869653224945,0.5307469964027405
True,False,False,False,301,12.039999961853027,0.27656811475753784,17.42409324645996,0.9639416337013245,22.522981643676758,1.870679497718811,0.38546809554100037,0.5378872752189636
True,False,False,False,301,12.039999961853027,0.2603555917739868,17.90198516845703,0.9383013248443604,40.31450653076172,3.3483810424804688,0.46914657950401306,0.5650632381439209
True,False,False,False,301,12.039999961853027,0.2841659188270569,17.531705856323242,0.9419806599617004,32.230960845947266,2.676990032196045,0.4572078287601471,0.5645419359207153
True,False,False,False,301,12.039999961853027,0.2568041682243347,18.326501846313477,0.9197664856910706,44.284427642822266,3.6781086921691895,0.40929099917411804,0.57503741979599
True,False,False,False,301,12.039999961853027,0.2825740575790405,17.71599578857422,0.9409049153327942,38.31615447998047,3.1824047565460205,0.4554348886013031,0.5652403235435486
True,False,False,False,301,12.039999961853027,0.2494392842054367,17.22117042541504,0.9694693088531494,20.694732666015625,1.7188316583633423,0.3657113015651703,0.5420989990234375
True,False,False,False,301,12.039999961853027,0.29906216263771057,18.286108016967773,0.9256224036216736,36.34774398803711,3.0189156532287598,0.35335245728492737,0.5741837620735168
True,False,False,False,301,12.039999961853027,0.29916852712631226,17.00629997253418,0.976524293422699,16.906082153320312,1.404159665107727,0.39241334795951843,0.5413473844528198
True,False,False,False,301,12.039999961853027,0.2607550621032715,18.19750213623047,0.9226690530776978,50.8768196105957,4.225649356842041,0.4654291570186615,0.5641607642173767
True,False,False,False,301,12.039999961853027,0.2656298577785492,17.0682315826416,0.9663224816322327,19.357162475585938,1.6077377796173096,0.37613603472709656,0.5349270701408386
True,False,False,False,301,12.039999961853027,0.2676883637905121,17.673503875732422,0.9328374266624451,35.313480377197266,2.933013439178467,0.4505172669887543,0.5634852647781372
True,False,False,False,301,12.039999961853027,0.2481600046157837,17.353439331054688,0.9656794667243958,20.30133056640625,1.686156988143921,0.34949037432670593,0.5242429375648499
True,False,False,False,301,12.039999961853027,0.2596478760242462,17.876483917236328,0.9271999597549438,40.074344635009766,3.3284339904785156,0.37346193194389343,0.5731112360954285
True,False,False,False,301,12.039999961853027,0.26536354422569275,17.9886417388916,0.9347198605537415,40.76657485961914,3.385928153991699,0.46403905749320984,0.5643039345741272
True,False,False,False,302,12.079999923706055,0.2902633547782898,17.071016311645508,0.9684534072875977,19.53401756286621,1.6170544624328613,0.36897584795951843,0.5325834155082703
True,False,False,False,302,12.079999923706055,0.26790639758110046,18.080053329467773,0.9366574287414551,33.856788635253906,2.8027143478393555,0.4598037898540497,0.5617668628692627
True,False,False,False,302,12.079999923706055,0.2753455638885498,17.408599853515625,0.9680848717689514,16.462371826171875,1.362779140472412,0.36984559893608093,0.5198721289634705
True,False,False,False,302,12.079999923706055,0.2999080419540405,17.536718368530273,0.9387627840042114,31.488880157470703,2.6066954135894775,0.44728192687034607,0.5630978345870972
True,False,False,False,302,12.079999923706055,0.24085596203804016,17.431058883666992,0.9717390537261963,13.704102516174316,1.1344455480575562,0.36729738116264343,0.5207775235176086
True,False,False,False,302,12.079999923706055,0.2549538016319275,17.288936614990234,0.9612799882888794,25.10979461669922,2.078625440597534,0.37308409810066223,0.5392394065856934
True,False,False,False,302,12.079999923706055,0.297516405582428,17.6850528717041,0.9429654479026794,26.56786346435547,2.199326515197754,0.454946368932724,0.5623791217803955
True,False,False,False,302,12.079999923706055,0.2581929862499237,18.409908294677734,0.9205984473228455,37.951969146728516,3.141719341278076,0.38609620928764343,0.5745239853858948
True,False,False,False,302,12.079999923706055,0.24805475771427155,18.227338790893555,0.9245022535324097,36.99324417114258,3.062354564666748,0.38797304034233093,0.5728580951690674
True,False,False,False,302,12.079999923706055,0.2676813304424286,17.81989288330078,0.923176109790802,36.06098937988281,2.9851813316345215,0.38396379351615906,0.5743931531906128
True,False,False,False,302,12.079999923706055,0.24640102684497833,17.117578506469727,0.9662829637527466,18.50273895263672,1.5316836833953857,0.38841554522514343,0.5355364084243774
True,False,False,False,302,12.079999923706055,0.24496421217918396,17.040090560913086,0.9669017195701599,15.441337585449219,1.2782564163208008,0.3544924557209015,0.5384340882301331
True,False,False,False,302,12.079999923706055,0.280738890171051,17.981618881225586,0.9427764415740967,35.45320129394531,2.9348676204681396,0.4459868371486664,0.5642750859260559
True,False,False,False,302,12.079999923706055,0.26121094822883606,17.335346221923828,0.9710555076599121,15.980151176452637,1.3228602409362793,0.39580079913139343,0.528605043888092
True,False,False,False,302,12.079999923706055,0.2538370192050934,17.245983123779297,0.9673134684562683,21.098175048828125,1.746537685394287,0.34877321124076843,0.5304248332977295
True,False,False,False,303,12.119999885559082,0.2934790551662445,17.630718231201172,0.9393956065177917,30.713550567626953,2.53412127494812,0.45265546441078186,0.5625520944595337
True,False,False,False,303,12.119999885559082,0.29525884985923767,17.03960609436035,0.9741047024726868,15.968304634094238,1.3175169229507446,0.3954126536846161,0.5359265208244324
True,False,False,False,303,12.119999885559082,0.2878545820713043,17.134986877441406,0.9658186435699463,23.421451568603516,1.9324630498886108,0.36284151673316956,0.5299679040908813
True,False,False,False,303,12.119999885559082,0.26662564277648926,17.085128784179688,0.9657173156738281,16.526960372924805,1.3636106252670288,0.36549684405326843,0.5301794409751892
True,False,False,False,303,12.119999885559082,0.29749277234077454,17.835186004638672,0.9407017827033997,37.76741409301758,3.1161231994628906,0.45971164107322693,0.5617880821228027
True,False,False,False,304,12.15999984741211,0.28436022996902466,17.8701229095459,0.9407230615615845,24.9853515625,2.0547163486480713,0.4492180049419403,0.5607892870903015
True,False,False,False,304,12.15999984741211,0.2850980758666992,17.544282913208008,0.9394944310188293,40.43735122680664,3.3254401683807373,0.45382997393608093,0.565700352191925
True,False,False,False,304,12.15999984741211,0.24701717495918274,17.399837493896484,0.9709959626197815,20.506441116333008,1.6863850355148315,0.3691026270389557,0.5254974365234375
True,False,False,False,304,12.15999984741211,0.27458369731903076,17.27971076965332,0.9734476804733276,19.639984130859375,1.6151303052902222,0.36793825030326843,0.5277613997459412
True,False,False,False,304,12.15999984741211,0.2907101511955261,17.938282012939453,0.9390623569488525,39.16259765625,3.2206084728240967,0.4455629289150238,0.5629611015319824
True,False,False,False,304,12.15999984741211,0.292540043592453,17.188968658447266,0.9694762825965881,21.08388900756836,1.733872413635254,0.34822389483451843,0.5308912992477417
True,False,False,False,304,12.15999984741211,0.24086152017116547,17.917081832885742,0.9243323802947998,35.4376106262207,2.9142773151397705,0.37832948565483093,0.5734589695930481
True,False,False,False,304,12.15999984741211,0.2750130593776703,17.62921714782715,0.9396352171897888,31.254196166992188,2.570246458053589,0.4573952257633209,0.5642953515052795
True,False,False,False,304,12.15999984741211,0.2712847590446472,17.717021942138672,0.9427240490913391,41.01660919189453,3.3730764389038086,0.45326516032218933,0.565281331539154
True,False,False,False,304,12.15999984741211,0.28297409415245056,17.656423568725586,0.9352818727493286,35.67947769165039,2.9341676235198975,0.44933244585990906,0.56334388256073
True,False,False,False,304,12.15999984741211,0.29742196202278137,18.4254207611084,0.9064940214157104,54.46522521972656,4.479048252105713,0.36510011553764343,0.5775360465049744
True,False,False,False,304,12.15999984741211,0.2536965608596802,17.297576904296875,0.9625628590583801,23.70466423034668,1.9493967294692993,0.34852126240730286,0.5288461446762085
True,False,False,False,305,12.199999809265137,0.26985758543014526,18.07132339477539,0.9250063896179199,53.8334846496582,4.412580966949463,0.45520612597465515,0.5664351582527161
True,False,False,False,305,12.199999809265137,0.26473191380500793,18.23175048828125,0.9199947714805603,43.18459701538086,3.5397210121154785,0.3854258358478546,0.5758762955665588
True,False,False,False,305,12.199999809265137,0.2715243995189667,17.071035385131836,0.9734686613082886,19.206676483154297,1.5743178129196167,0.35176393389701843,0.5403200387954712
True,False,False,False,305,12.199999809265137,0.28861117362976074,18.072086334228516,0.936583399772644,41.04400634765625,3.364262819290161,0.4472326934337616,0.5633828639984131
True,False,False,False,305,12.199999809265137,0.2885550558567047,17.94124412536621,0.9219499826431274,36.35011291503906,2.9795174598693848,0.39075013995170593,0.5738226175308228
True,False,False,False,305,12.199999809265137,0.2509232461452484,17.050466537475586,0.9696791172027588,14.637219429016113,1.1997721195220947,0.35701295733451843,0.5339391827583313
True,False,False,False,305,12.199999809265137,0.27489733695983887,17.865476608276367,0.9357643723487854,32.15375518798828,2.6355538368225098,0.44523927569389343,0.560630738735199
True,False,False,False,306,12.239999771118164,0.2702171206474304,17.682767868041992,0.93792325258255,35.222023010253906,2.8776164054870605,0.45570680499076843,0.5630013346672058
True,False,False,False,306,12.239999771118164,0.25643524527549744,17.40680503845215,0.9691125750541687,22.2466983795166,1.8175407648086548,0.3484480082988739,0.5248978734016418
True,False,False,False,306,12.239999771118164,0.2663629651069641,17.53291130065918,0.9395467638969421,32.28496170043945,2.637660264968872,0.44906923174858093,0.5638442635536194
True,False,False,False,306,12.239999771118164,0.2788432538509369,18.287891387939453,0.9201316237449646,40.6492805480957,3.3210196495056152,0.3735058605670929,0.5727254748344421
True,False,False,False,306,12.239999771118164,0.25948280096054077,17.176471710205078,0.9639269113540649,24.376550674438477,1.9915482997894287,0.3622643053531647,0.5331611633300781
True,False,False,False,306,12.239999771118164,0.2826346755027771,18.28339958190918,0.9168303608894348,61.40060806274414,5.016389846801758,0.46033427119255066,0.5669674277305603
True,False,False,False,306,12.239999771118164,0.27100783586502075,17.257938385009766,0.9698361754417419,20.369964599609375,1.6642128229141235,0.35765936970710754,0.527977466583252
True,False,False,False,306,12.239999771118164,0.2798507511615753,17.443973541259766,0.9669700264930725,25.14389419555664,2.0542397499084473,0.37418434023857117,0.5352189540863037
True,False,False,False,306,12.239999771118164,0.2977427840232849,17.786331176757812,0.9361997246742249,43.09731674194336,3.5210225582122803,0.4527512490749359,0.5642353296279907
True,False,False,False,306,12.239999771118164,0.2568962275981903,17.372188568115234,0.9643542170524597,22.32867431640625,1.8242381811141968,0.37304994463920593,0.5313373804092407
True,False,False,False,306,12.239999771118164,0.2850547432899475,16.90244483947754,0.9772999882698059,16.201541900634766,1.323655366897583,0.36676713824272156,0.5429043769836426
True,False,False,False,306,12.239999771118164,0.26029515266418457,17.749629974365234,0.9329728484153748,40.83330154418945,3.3360540866851807,0.45881959795951843,0.5639923810958862
True,False,False,False,307,12.279999732971191,0.29387158155441284,17.878280639648438,0.9363857507705688,39.07025909423828,3.181617259979248,0.44859620928764343,0.5614844560623169
True,False,False,False,307,12.279999732971191,0.29792556166648865,18.36249542236328,0.9231376647949219,58.806983947753906,4.788842678070068,0.4848885238170624,0.5670815110206604
True,False,False,False,307,12.279999732971191,0.28174570202827454,17.1114559173584,0.9746826887130737,17.278902053833008,1.4070767164230347,0.3545960485935211,0.5390717387199402
True,False,False,False,307,12.279999732971191,0.24536439776420593,17.35095977783203,0.97126704454422,17.16128921508789,1.3974992036819458,0.35528871417045593,0.5248600840568542
True,False,False,False,307,12.279999732971191,0.24511724710464478,17.4508113861084,0.9659732580184937,18.009042739868164,1.4665344953536987,0.40074679255485535,0.5249086022377014
True,False,False,False,307,12.279999732971191,0.29992151260375977,17.854623794555664,0.9229995012283325,57.28005599975586,4.664499759674072,0.4723980724811554,0.5665847063064575
True,False,False,False,307,12.279999732971191,0.2684049606323242,17.05108642578125,0.9648402333259583,23.541078567504883,1.9170260429382324,0.3542322814464569,0.5351526141166687
True,False,False,False,307,12.279999732971191,0.29713115096092224,17.919931411743164,0.9370176792144775,43.128944396972656,3.512129068374634,0.4597778022289276,0.5632340908050537
True,False,False,False,307,12.279999732971191,0.29967576265335083,17.243675231933594,0.9698205590248108,22.844345092773438,1.8602887392044067,0.35976162552833557,0.5298720598220825
True,False,False,False,308,12.319999694824219,0.25325876474380493,17.0875186920166,0.9664496779441833,18.55405616760254,1.5060111284255981,0.3645372688770294,0.5416157841682434
True,False,False,False,308,12.319999694824219,0.25638872385025024,17.18180274963379,0.9758219718933105,14.599342346191406,1.185011625289917,0.38730165362358093,0.5330424308776855
True,False,False,False,308,12.319999694824219,0.25130537152290344,17.27437973022461,0.9615588188171387,24.9127197265625,2.0221364498138428,0.35744836926460266,0.5328048467636108
True,False,False,False,308,12.319999694824219,0.24925509095191956,18.246967315673828,0.9237762689590454,38.85953140258789,3.1541829109191895,0.3805502951145172,0.5739386677742004
True,False,False,False,308,12.319999694824219,0.2536502182483673,17.128341674804688,0.9633128643035889,24.017507553100586,1.9494730234146118,0.36812350153923035,0.5356640219688416
True,False,False,False,308,12.319999694824219,0.24585822224617004,17.33247947692871,0.9673181176185608,19.783313751220703,1.6057884693145752,0.3799285590648651,0.5257747173309326
True,False,False,False,309,12.359999656677246,0.29019904136657715,17.40943145751953,0.9702309966087341,18.468097686767578,1.4941827058792114,0.3584617078304291,0.5302788615226746
True,False,False,False,309,12.359999656677246,0.29383859038352966,17.662683486938477,0.9594281315803528,24.486143112182617,1.9810795783996582,0.3766922056674957,0.5193443298339844
True,False,False,False,309,12.359999656677246,0.28434160351753235,17.128149032592773,0.9652547836303711,23.603336334228516,1.9096550941467285,0.35698679089546204,0.5365177392959595
True,False,False,False,309,12.359999656677246,0.2649516761302948,17.385744094848633,0.9680507183074951,16.11703109741211,1.303966999053955,0.39190980792045593,0.5240716934204102
True,False,False,False,309,12.359999656677246,0.2896769940853119,18.153728485107422,0.9210115075111389,43.80692672729492,3.5442497730255127,0.3635818660259247,0.5724174380302429
True,False,False,False,309,12.359999656677246,0.25020673871040344,17.33179473876953,0.9684688448905945,21.14674186706543,1.7109014987945557,0.3649798333644867,0.5271656513214111
True,False,False,False,309,12.359999656677246,0.28314459323883057,17.835805892944336,0.9227262735366821,39.287410736083984,3.178593158721924,0.44980505108833313,0.5635600686073303
True,False,False,False,310,12.399999618530273,0.2888917922973633,17.289560317993164,0.9674180150032043,19.719934463500977,1.5903173685073853,0.3497268855571747,0.5236504077911377
True,False,False,False,310,12.399999618530273,0.2695786952972412,17.0745906829834,0.9646992683410645,17.0532283782959,1.375260353088379,0.3902107775211334,0.5304936766624451
True,False,False,False,310,12.399999618530273,0.2578102946281433,17.388957977294922,0.9644888043403625,18.566076278686523,1.4972642660140991,0.3673851191997528,0.5298745632171631
True,False,False,False,310,12.399999618530273,0.27558770775794983,17.130271911621094,0.9611642956733704,21.757617950439453,1.7546466588974,0.39921167492866516,0.5366982221603394
True,False,False,False,310,12.399999618530273,0.29558229446411133,18.027862548828125,0.9378386735916138,40.510009765625,3.2669363021850586,0.4631038010120392,0.561791181564331
True,False,False,False,310,12.399999618530273,0.26373183727264404,17.6000919342041,0.9404615759849548,43.64905548095703,3.520085334777832,0.4623377025127411,0.5653108358383179
True,False,False,False,310,12.399999618530273,0.29993847012519836,17.962854385375977,0.9400476217269897,36.594688415527344,2.9511847496032715,0.4648067057132721,0.5618194341659546
True,False,False,False,310,12.399999618530273,0.2847476601600647,17.598615646362305,0.9402013421058655,28.978214263916016,2.3369529247283936,0.45027288794517517,0.563878059387207
True,False,False,False,310,12.399999618530273,0.26390835642814636,17.022090911865234,0.9734935760498047,16.88307762145996,1.3615385293960571,0.3920508921146393,0.5449745655059814
True,False,False,False,310,12.399999618530273,0.2663494348526001,17.940326690673828,0.941162645816803,34.271400451660156,2.7638227939605713,0.4641440808773041,0.563338577747345
True,False,False,False,310,12.399999618530273,0.25861066579818726,17.20966339111328,0.9736630916595459,18.657989501953125,1.5046765804290771,0.35255739092826843,0.5357359647750854
True,False,False,False,310,12.399999618530273,0.2973443567752838,17.92087745666504,0.9433532357215881,36.15451431274414,2.915686845779419,0.46324530243873596,0.5639283657073975
True,False,False,False,310,12.399999618530273,0.27327707409858704,19.1732177734375,0.8587561249732971,86.24858856201172,6.955531597137451,0.4787793457508087,0.5638387799263
True,False,False,False,310,12.399999618530273,0.2832885980606079,17.992658615112305,0.9421872496604919,26.48849868774414,2.13616943359375,0.44981667399406433,0.5603278875350952
True,False,False,False,310,12.399999618530273,0.2475639283657074,17.245439529418945,0.95952308177948,21.31183433532715,1.7186963558197021,0.36519166827201843,0.5330190658569336
True,False,False,False,310,12.399999618530273,0.2802729606628418,17.170516967773438,0.9666115045547485,21.937856674194336,1.7691820859909058,0.38568148016929626,0.5497812032699585
True,False,False,False,311,12.4399995803833,0.2793937027454376,17.587970733642578,0.9390817284584045,31.267507553100586,2.513465404510498,0.44946596026420593,0.5624121427536011
True,False,False,False,311,12.4399995803833,0.28645601868629456,17.817176818847656,0.9265390634536743,38.71504592895508,3.1121420860290527,0.37996217608451843,0.5737383961677551
True,False,False,False,311,12.4399995803833,0.27942705154418945,16.954299926757812,0.9753815531730652,15.260600090026855,1.2267364263534546,0.39063188433647156,0.5441538691520691
True,False,False,False,311,12.4399995803833,0.24415431916713715,17.155601501464844,0.9725301265716553,14.894238471984863,1.1972861289978027,0.38804933428764343,0.5395862460136414
True,False,False,False,311,12.4399995803833,0.27751031517982483,17.90717887878418,0.9400913119316101,37.18360900878906,2.9890360832214355,0.4649637043476105,0.5632866621017456
True,False,False,False,311,12.4399995803833,0.29641732573509216,17.95062255859375,0.9415513277053833,30.16492462158203,2.424833297729492,0.4652121961116791,0.5619800686836243
True,False,False,False,311,12.4399995803833,0.26696836948394775,17.765132904052734,0.939115047454834,24.75910186767578,1.990281581878662,0.4534921944141388,0.5615139007568359
True,False,False,False,311,12.4399995803833,0.24147506058216095,18.01917839050293,0.9249194264411926,39.25035095214844,3.1551730632781982,0.37642213702201843,0.5730820894241333
True,False,False,False,311,12.4399995803833,0.28766506910324097,18.973243713378906,0.8714877963066101,75.3740005493164,6.0590033531188965,0.45117250084877014,0.562633216381073
True,False,False,False,312,12.479999542236328,0.2864327132701874,18.21620750427246,0.9279453158378601,53.475555419921875,4.284900665283203,0.48159000277519226,0.5654968619346619
True,False,False,False,312,12.479999542236328,0.2750648260116577,17.395339965820312,0.9683513641357422,15.8020601272583,1.266190767288208,0.38927003741264343,0.5191778540611267
True,False,False,False,312,12.479999542236328,0.2547817528247833,17.43992805480957,0.9668313264846802,18.083147048950195,1.4489701986312866,0.3612079918384552,0.5278457999229431
True,False,False,False,312,12.479999542236328,0.2746092677116394,17.469619750976562,0.970159113407135,15.492938041687012,1.2414213418960571,0.36113283038139343,0.5225757360458374
True,False,False,False,312,12.479999542236328,0.2579509913921356,18.286157608032227,0.9210252165794373,48.85681915283203,3.914809465408325,0.3932146728038788,0.5749958753585815
True,False,False,False,312,12.479999542236328,0.25678113102912903,17.285072326660156,0.9757118225097656,13.783892631530762,1.1044785976409912,0.35350343585014343,0.5333856344223022
True,False,False,False,312,12.479999542236328,0.29268312454223633,17.759477615356445,0.9365761280059814,40.436763763427734,3.2401254177093506,0.4803062975406647,0.5651336312294006
True,False,False,False,312,12.479999542236328,0.24988441169261932,17.21622657775879,0.9716872572898865,15.269259452819824,1.2234983444213867,0.38931581377983093,0.5340269804000854
True,False,False,False,312,12.479999542236328,0.2952716648578644,17.726919174194336,0.9350101947784424,38.835044860839844,3.1117825508117676,0.44951173663139343,0.5617179870605469
True,False,False,False,312,12.479999542236328,0.26724424958229065,17.77819061279297,0.9395643472671509,40.16710662841797,3.2185182571411133,0.45366212725639343,0.5648711919784546
True,False,False,False,313,12.519999504089355,0.2502811849117279,17.328815460205078,0.968464732170105,14.703612327575684,1.1744099855422974,0.3834488093852997,0.5225647687911987
True,False,False,False,313,12.519999504089355,0.26790571212768555,18.359628677368164,0.9184572100639343,43.2948112487793,3.458052158355713,0.39689943194389343,0.5755220651626587
True,False,False,False,313,12.519999504089355,0.29400724172592163,17.203081130981445,0.9723151326179504,19.064205169677734,1.5227001905441284,0.34981080889701843,0.5328562259674072
True,False,False,False,313,12.519999504089355,0.2959582209587097,17.945192337036133,0.9204922318458557,56.82548522949219,4.538776874542236,0.4831373393535614,0.5665543675422668
True,False,False,False,313,12.519999504089355,0.25928741693496704,17.17992401123047,0.9637752175331116,23.636032104492188,1.8878620862960815,0.36867067217826843,0.5397362112998962
True,False,False,False,313,12.519999504089355,0.23778857290744781,18.30936622619629,0.9204786419868469,38.37317657470703,3.0649502277374268,0.39039918780326843,0.5741305947303772
True,False,False,False,313,12.519999504089355,0.2753639221191406,17.28631591796875,0.9621118307113647,24.008934020996094,1.9176465272903442,0.37478795647621155,0.534146249294281
True,False,False,False,314,12.559999465942383,0.26339587569236755,17.826894760131836,0.9365018606185913,33.86458206176758,2.6962246894836426,0.45159783959388733,0.5630385875701904
True,False,False,False,314,12.559999465942383,0.2865827679634094,17.9967041015625,0.9382439851760864,30.64725112915039,2.440067768096924,0.44795534014701843,0.5616031289100647
True,False,False,False,314,12.559999465942383,0.27094388008117676,17.45991325378418,0.9708631038665771,20.27906608581543,1.6145753860473633,0.3662512004375458,0.5207067131996155
True,False,False,False,314,12.559999465942383,0.2800210416316986,17.222505569458008,0.9692931771278381,25.465686798095703,2.0275228023529053,0.3523181974887848,0.5363181233406067
True,False,False,False,314,12.559999465942383,0.29054343700408936,17.13365364074707,0.9710078239440918,16.406078338623047,1.3062164783477783,0.38118287920951843,0.5286427140235901
True,False,False,False,314,12.559999465942383,0.27650266885757446,17.230382919311523,0.9571261405944824,25.002222061157227,1.990622878074646,0.3852653205394745,0.5398129224777222
True,False,False,False,314,12.559999465942383,0.29678744077682495,17.727678298950195,0.9404670000076294,35.37871551513672,2.816776752471924,0.46310535073280334,0.5637551546096802
True,False,False,False,314,12.559999465942383,0.28653237223625183,17.699003219604492,0.937631368637085,42.401611328125,3.375924587249756,0.46219614148139954,0.5643091797828674
True,False,False,False,314,12.559999465942383,0.2934805452823639,17.52496910095215,0.966788113117218,19.402969360351562,1.5448224544525146,0.3574856221675873,0.5144636034965515
True,False,False,False,314,12.559999465942383,0.26234275102615356,17.711200714111328,0.9357499480247498,42.45438766479492,3.380126476287842,0.4550095498561859,0.5645970106124878
True,False,False,False,314,12.559999465942383,0.29631173610687256,17.45287322998047,0.9672579169273376,16.747303009033203,1.3333840370178223,0.34889528155326843,0.5141158103942871
True,False,False,False,314,12.559999465942383,0.2985519468784332,18.053482055664062,0.9203578233718872,45.76943588256836,3.6440634727478027,0.44568178057670593,0.5620806217193604
True,False,False,False,314,12.559999465942383,0.2888564169406891,17.37603187561035,0.9688708186149597,23.57082176208496,1.8766578435897827,0.3560849726200104,0.5216729044914246
True,False,False,False,315,12.59999942779541,0.2784486413002014,17.06707000732422,0.9756417870521545,15.8381929397583,1.2569994926452637,0.38922426104545593,0.5388218760490417
True,False,False,False,315,12.59999942779541,0.26316434144973755,17.302820205688477,0.9741876125335693,18.23793601989746,1.4474552869796753,0.39312222599983215,0.5328748822212219
True,False,False,False,315,12.59999942779541,0.2673646807670593,17.128658294677734,0.9642330408096313,18.605743408203125,1.4766464233398438,0.36749765276908875,0.5377538800239563
True,False,False,False,315,12.59999942779541,0.2785716950893402,16.9781494140625,0.9751297831535339,13.667073249816895,1.084688425064087,0.36610719561576843,0.5388283729553223
True,False,False,False,315,12.59999942779541,0.29465919733047485,17.368473052978516,0.9726401567459106,22.150630950927734,1.7579866647720337,0.37013551592826843,0.5335807800292969
True,False,False,False,315,12.59999942779541,0.26885512471199036,19.39992332458496,0.8679485321044922,72.71038055419922,5.770665168762207,0.456647664308548,0.561331570148468
True,False,False,False,315,12.59999942779541,0.2971910238265991,18.05438804626465,0.9274021983146667,44.712364196777344,3.548600435256958,0.3680405914783478,0.5741135478019714
True,False,False,False,315,12.59999942779541,0.2630716562271118,17.311134338378906,0.965520441532135,17.831708908081055,1.415215015411377,0.3886825740337372,0.5249042510986328
True,False,False,False,315,12.59999942779541,0.2731991410255432,17.993886947631836,0.9392935037612915,40.13792037963867,3.18554949760437,0.46058961749076843,0.5647775530815125
True,False,False,False,315,12.59999942779541,0.2800351679325104,18.5092830657959,0.9146780371665955,47.039676666259766,3.7333078384399414,0.38701173663139343,0.5743006467819214
True,False,False,False,315,12.59999942779541,0.269065260887146,17.968095779418945,0.9397957921028137,33.921573638916016,2.6921885013580322,0.46927186846733093,0.5633554458618164
True,False,False,False,315,12.59999942779541,0.295777291059494,17.535676956176758,0.9453391432762146,32.14487838745117,2.551180839538574,0.4551122486591339,0.5652270913124084
True,False,False,False,315,12.59999942779541,0.2517150938510895,17.313940048217773,0.9651820063591003,24.25199317932129,1.924761414527893,0.3515421450138092,0.5274820923805237
True,False,False,False,316,12.639999389648438,0.28820928931236267,17.584720611572266,0.9436430931091309,26.085264205932617,2.0637078285217285,0.4477532207965851,0.5630381107330322
True,False,False,False,316,12.639999389648438,0.2522293031215668,18.022058486938477,0.9160611629486084,39.89164733886719,3.155984878540039,0.3904373347759247,0.5764123201370239
True,False,False,False,316,12.639999389648438,0.25655004382133484,17.421831130981445,0.9559463858604431,25.42417335510254,2.011406183242798,0.3875029981136322,0.535307765007019
True,False,False,False,316,12.639999389648438,0.2754000127315521,17.278472900390625,0.9669868350028992,17.221511840820312,1.3624614477157593,0.36772462725639343,0.5242694616317749
True,False,False,False,316,12.639999389648438,0.2621444761753082,17.069581985473633,0.9688036441802979,16.01760482788086,1.267215609550476,0.39316102862358093,0.5372665524482727
True,False,False,False,316,12.639999389648438,0.28722113370895386,18.302682876586914,0.9196800589561462,47.393096923828125,3.7494540214538574,0.4534388482570648,0.5637415051460266
True,False,False,False,316,12.639999389648438,0.2605360448360443,17.4765625,0.9624025821685791,26.32639503479004,2.082784414291382,0.385602742433548,0.535871148109436
True,False,False,False,316,12.639999389648438,0.2682269513607025,19.099727630615234,0.8637176752090454,78.97241973876953,6.247818470001221,0.4595581591129303,0.5623323917388916
True,False,False,False,316,12.639999389648438,0.27506378293037415,17.90795135498047,0.9379445314407349,33.69722366333008,2.665919780731201,0.46554872393608093,0.5624349117279053
True,False,False,False,316,12.639999389648438,0.24712423980236053,17.314212799072266,0.9694530367851257,18.403871536254883,1.4560025930404663,0.39047929644584656,0.5283597111701965
True,False,False,False,316,12.639999389648438,0.2631687819957733,17.908052444458008,0.9356260299682617,40.58671569824219,3.2109744548797607,0.4549519121646881,0.5638291239738464
True,False,False,False,316,12.639999389648438,0.2606644630432129,17.200817108154297,0.9632716178894043,33.365928649902344,2.639709711074829,0.3481399714946747,0.5405886769294739
True,False,False,False,316,12.639999389648438,0.29272058606147766,17.975948333740234,0.9386019706726074,31.852914810180664,2.5200092792510986,0.44871827960014343,0.5615779161453247
True,False,False,False,316,12.639999389648438,0.27821049094200134,17.424169540405273,0.9674938321113586,14.859892845153809,1.1756244897842407,0.3574775159358978,0.5213222503662109
True,False,False,False,316,12.639999389648438,0.28858211636543274,18.069787979125977,0.9351457953453064,43.88410186767578,3.471843719482422,0.452024906873703,0.5620577335357666
True,False,False,False,317,12.679999351501465,0.2501887381076813,17.214738845825195,0.9722186326980591,13.832149505615234,1.090863585472107,0.35449525713920593,0.5356090068817139
True,False,False,False,317,12.679999351501465,0.2694878876209259,17.350505828857422,0.9625300168991089,19.694128036499023,1.5531647205352783,0.36072543263435364,0.5262136459350586
True,False,False,False,317,12.679999351501465,0.2541161775588989,16.93244743347168,0.9768841862678528,13.620667457580566,1.0741851329803467,0.36946943402290344,0.5425087809562683
True,False,False,False,317,12.679999351501465,0.25139322876930237,17.398590087890625,0.9691755175590515,21.069486618041992,1.661631464958191,0.34942933917045593,0.5277273058891296
True,False,False,False,317,12.679999351501465,0.29617515206336975,17.68804359436035,0.9387689828872681,35.57612228393555,2.80568790435791,0.44838258624076843,0.5636418461799622
True,False,False,False,317,12.679999351501465,0.28278377652168274,17.696603775024414,0.938914954662323,40.12068176269531,3.1640918254852295,0.4502841532230377,0.5649064183235168
True,False,False,False,317,12.679999351501465,0.2765621244907379,17.3338565826416,0.9742172360420227,17.123842239379883,1.3504607677459717,0.3556053340435028,0.524567186832428
True,False,False,False,317,12.679999351501465,0.29373976588249207,18.011707305908203,0.9368345141410828,46.39266586303711,3.6587278842926025,0.45036622881889343,0.5641148090362549
True,False,False,False,317,12.679999351501465,0.294983446598053,17.6824951171875,0.9390687942504883,40.74009323120117,3.2129411697387695,0.4538314640522003,0.5639503002166748
True,False,False,False,317,12.679999351501465,0.2474389523267746,17.029239654541016,0.9669176340103149,16.55072021484375,1.3052619695663452,0.39390870928764343,0.5397849082946777
True,False,False,False,317,12.679999351501465,0.2906000018119812,17.945634841918945,0.9438908696174622,28.490713119506836,2.246901750564575,0.46446701884269714,0.5639403462409973
True,False,False,False,318,12.719999313354492,0.268494188785553,17.935333251953125,0.9398683309555054,36.85789108276367,2.8976330757141113,0.46290895342826843,0.5626774430274963
True,False,False,False,318,12.719999313354492,0.25004592537879944,17.166709899902344,0.9723460078239441,15.851585388183594,1.2461938858032227,0.34999391436576843,0.5332291126251221
True,False,False,False,318,12.719999313354492,0.28322523832321167,17.66912841796875,0.93962162733078,34.00961685180664,2.6737122535705566,0.4530844986438751,0.5628111362457275
True,False,False,False,318,12.719999313354492,0.27707013487815857,17.33699607849121,0.9648475646972656,18.524377822875977,1.4563190937042236,0.3631238043308258,0.5237741470336914
True,False,False,False,318,12.719999313354492,0.26389411091804504,19.03436851501465,0.8722586035728455,70.4712142944336,5.54019021987915,0.44884034991264343,0.5613694190979004
True,False,False,False,319,12.75999927520752,0.2476039081811905,17.283428192138672,0.9726568460464478,17.3831729888916,1.362317681312561,0.39311525225639343,0.5334880352020264
True,False,False,False,319,12.75999927520752,0.27232757210731506,17.514732360839844,0.9673666954040527,15.924757957458496,1.2480218410491943,0.3971135914325714,0.5177218914031982
True,False,False,False,319,12.75999927520752,0.28692618012428284,19.065536499023438,0.8659459352493286,80.48596954345703,6.30767822265625,0.46480706334114075,0.5616863369941711
True,False,False,False,319,12.75999927520752,0.25342100858688354,17.203432083129883,0.9711321592330933,16.601015090942383,1.3010200262069702,0.39065858721733093,0.5347603559494019
True,False,False,False,319,12.75999927520752,0.2920920252799988,17.157018661499023,0.9702622294425964,16.982173919677734,1.330891489982605,0.3568035066127777,0.5280893445014954
True,False,False,False,319,12.75999927520752,0.25339382886886597,17.087162017822266,0.9759883284568787,15.283239364624023,1.1977461576461792,0.35104820132255554,0.5360912680625916
True,False,False,False,319,12.75999927520752,0.2708389461040497,17.822006225585938,0.9419710040092468,31.369104385375977,2.4583938121795654,0.44649049639701843,0.564028263092041
True,False,False,False,320,12.799999237060547,0.2991057336330414,17.12097930908203,0.9627941250801086,25.271080017089844,1.9743032455444336,0.3906001150608063,0.5498349070549011
True,False,False,False,320,12.799999237060547,0.282581627368927,18.136293411254883,0.92707759141922,53.285430908203125,4.162924766540527,0.48560330271720886,0.5644455552101135
True,False,False,False,320,12.799999237060547,0.2999576926231384,17.825220108032227,0.9412727952003479,28.191665649414062,2.2024741172790527,0.44850465655326843,0.5625203251838684
True,False,False,False,320,12.799999237060547,0.29124245047569275,19.279939651489258,0.8755654692649841,73.83200073242188,5.768125534057617,0.4437156617641449,0.5626035332679749
True,False,False,False,320,12.799999237060547,0.29113346338272095,17.443777084350586,0.9702408909797668,16.365877151489258,1.2785842418670654,0.3850090205669403,0.5163095593452454
True,False,False,False,320,12.799999237060547,0.29054561257362366,17.2480525970459,0.9733551740646362,18.693632125854492,1.4604400396347046,0.35519644618034363,0.5303224325180054
True,False,False,False,320,12.799999237060547,0.24841704964637756,17.345775604248047,0.9763962030410767,14.567791938781738,1.1381088495254517,0.3825065791606903,0.5269663333892822
True,False,False,False,320,12.799999237060547,0.24784962832927704,17.1657772064209,0.9641039967536926,24.297607421875,1.898250699043274,0.3583580553531647,0.5350228548049927
True,False,False,False,320,12.799999237060547,0.29926279187202454,17.631282806396484,0.937984824180603,35.35942077636719,2.7624549865722656,0.45011064410209656,0.564373254776001
True,False,False,False,320,12.799999237060547,0.28056958317756653,17.721097946166992,0.9382491111755371,24.83810806274414,1.9404772520065308,0.44847413897514343,0.5608287453651428
True,False,False,False,321,12.84000015258789,0.2994508743286133,19.158580780029297,0.8637943863868713,79.87650299072266,6.220911502838135,0.4497787654399872,0.5620524287223816
True,False,False,False,321,12.84000015258789,0.2813596725463867,17.7908878326416,0.9401693940162659,40.27498245239258,3.136680841445923,0.4651773273944855,0.5651825666427612
True,False,False,False,321,12.84000015258789,0.2523130178451538,17.224056243896484,0.9650689959526062,19.274276733398438,1.5011118650436401,0.35052844882011414,0.5284568667411804
True,False,False,False,321,12.84000015258789,0.27147945761680603,17.189002990722656,0.9691845774650574,17.142126083374023,1.3350565433502197,0.36921998858451843,0.5282525420188904
True,False,False,False,321,12.84000015258789,0.27930450439453125,17.749113082885742,0.9419988989830017,32.718326568603516,2.548156261444092,0.44990846514701843,0.565243661403656
True,False,False,False,321,12.84000015258789,0.26875051856040955,17.5109806060791,0.9649362564086914,23.620914459228516,1.8396350145339966,0.34866639971733093,0.5182834267616272
True,False,False,False,321,12.84000015258789,0.27087166905403137,18.068857192993164,0.9377265572547913,35.328582763671875,2.7514472007751465,0.45535555481910706,0.5634188055992126
True,False,False,False,321,12.84000015258789,0.276594340801239,17.994062423706055,0.9396400451660156,42.8156852722168,3.33455491065979,0.4480118453502655,0.5648084282875061
True,False,False,False,321,12.84000015258789,0.2950979173183441,17.876708984375,0.9421706795692444,33.73930740356445,2.627671957015991,0.46145179867744446,0.5623384714126587
True,False,False,False,321,12.84000015258789,0.28501948714256287,17.960298538208008,0.9261818528175354,40.40369415283203,3.146705150604248,0.40944185853004456,0.5747632384300232
True,False,False,False,322,12.880000114440918,0.28763261437416077,17.979440689086914,0.9370306134223938,39.55647277832031,3.0711545944213867,0.47022995352745056,0.5624468922615051
True,False,False,False,322,12.880000114440918,0.2813103199005127,17.528911590576172,0.94066321849823,35.922576904296875,2.789019823074341,0.45534059405326843,0.5647676587104797
True,False,False,False,322,12.880000114440918,0.2690357565879822,18.016841888427734,0.9250397086143494,57.38984680175781,4.455733299255371,0.4764207899570465,0.5664702653884888
True,False,False,False,322,12.880000114440918,0.2621289789676666,19.733905792236328,0.8574482798576355,83.81571197509766,6.5074310302734375,0.46496888995170593,0.5627405047416687
True,False,False,False,322,12.880000114440918,0.2777504026889801,17.596622467041016,0.9413569569587708,35.70288848876953,2.771963357925415,0.45480653643608093,0.5646602511405945
True,False,False,False,322,12.880000114440918,0.26468607783317566,17.227922439575195,0.9692193269729614,24.041183471679688,1.8665515184402466,0.354615718126297,0.5344082713127136
True,False,False,False,322,12.880000114440918,0.2759813070297241,17.63239860534668,0.9547458291053772,26.979623794555664,2.094691276550293,0.39248183369636536,0.5294033885002136
True,False,False,False,322,12.880000114440918,0.27435433864593506,17.298355102539062,0.9561516046524048,28.4832706451416,2.2114341259002686,0.4024364650249481,0.5433104634284973
True,False,False,False,323,12.920000076293945,0.29407840967178345,18.491500854492188,0.9165953993797302,64.68128204345703,5.006290912628174,0.47508642077445984,0.56648850440979
True,False,False,False,323,12.920000076293945,0.2512448728084564,17.33221435546875,0.9583357572555542,25.963260650634766,2.009540319442749,0.38140299916267395,0.5353391170501709
True,False,False,False,323,12.920000076293945,0.26403161883354187,17.426076889038086,0.9663777947425842,17.091943740844727,1.3229058980941772,0.35757753252983093,0.5248768925666809
True,False,False,False,323,12.920000076293945,0.2949519455432892,17.786827087402344,0.9452102780342102,32.2822265625,2.498624324798584,0.46019288897514343,0.5648155212402344
True,False,False,False,323,12.920000076293945,0.27927854657173157,17.33311653137207,0.9654706716537476,19.34812355041504,1.4975327253341675,0.3620006740093231,0.5298771858215332
True,False,False,False,323,12.920000076293945,0.26246875524520874,16.967119216918945,0.9722588062286377,16.623685836791992,1.2866629362106323,0.38869020342826843,0.5457079410552979
True,False,False,False,323,12.920000076293945,0.2660681903362274,17.58555030822754,0.9361708164215088,39.47573471069336,3.0553975105285645,0.47579655051231384,0.5653688311576843
True,False,False,False,323,12.920000076293945,0.2678888142108917,17.387479782104492,0.9660317897796631,23.36842918395996,1.808701992034912,0.377257376909256,0.5374637842178345
True,False,False,False,323,12.920000076293945,0.29726094007492065,17.093828201293945,0.968080997467041,26.0419864654541,2.0156335830688477,0.3570157587528229,0.5385942459106445
True,False,False,False,323,12.920000076293945,0.26255252957344055,17.188743591308594,0.9662251472473145,25.08997917175293,1.9419488906860352,0.35325178503990173,0.5364576578140259
True,False,False,False,323,12.920000076293945,0.27251067757606506,17.895910263061523,0.9376153349876404,30.910900115966797,2.392484426498413,0.4667680561542511,0.5633759498596191
True,False,False,False,323,12.920000076293945,0.2904001772403717,17.86812973022461,0.9368173480033875,40.07976531982422,3.10214900970459,0.4683828055858612,0.5634692311286926
True,False,False,False,324,12.960000038146973,0.26783475279808044,17.674877166748047,0.9413561820983887,31.91202163696289,2.4623472690582275,0.46890464425086975,0.5651524662971497
True,False,False,False,324,12.960000038146973,0.277654767036438,18.142494201660156,0.9249605536460876,39.07357406616211,3.0149362087249756,0.37224122881889343,0.5734632611274719
True,False,False,False,324,12.960000038146973,0.29981836676597595,17.498048782348633,0.9674380421638489,18.692100524902344,1.4422917366027832,0.3856132924556732,0.5208485722541809
True,False,False,False,324,12.960000038146973,0.2414102852344513,18.00940704345703,0.9204185605049133,39.115840911865234,3.018197536468506,0.3685257136821747,0.5751827359199524
True,False,False,False,324,12.960000038146973,0.2907341718673706,17.380952835083008,0.9617741107940674,22.625322341918945,1.7457810640335083,0.40379855036735535,0.5246509909629822
True,False,False,False,324,12.960000038146973,0.27657249569892883,18.098526000976562,0.9326172471046448,44.56648254394531,3.4387717247009277,0.45252278447151184,0.5650508999824524
True,False,False,False,324,12.960000038146973,0.2692249119281769,17.752046585083008,0.9385327696800232,28.177906036376953,2.1742210388183594,0.44725343585014343,0.5611410737037659
True,False,False,False,324,12.960000038146973,0.29561835527420044,17.205991744995117,0.973480224609375,15.494997024536133,1.1956015825271606,0.35640260577201843,0.5322855114936829
True,False,False,False,324,12.960000038146973,0.293235719203949,17.282058715820312,0.9722046852111816,20.02290916442871,1.5449775457382202,0.36082300543785095,0.5353184938430786
True,False,False,False,325,13.0,0.29488322138786316,17.784542083740234,0.936279833316803,35.042076110839844,2.6955442428588867,0.4559287130832672,0.562049388885498
True,False,False,False,325,13.0,0.2651902437210083,17.75499725341797,0.939913809299469,34.55671691894531,2.6582090854644775,0.45579835772514343,0.5626183748245239
True,False,False,False,325,13.0,0.25944873690605164,18.07073974609375,0.9253081679344177,37.402774810791016,2.877136468887329,0.37007448077201843,0.574393093585968
True,False,False,False,325,13.0,0.2561519145965576,17.103052139282227,0.9654715657234192,17.21451187133789,1.3241932392120361,0.38586732745170593,0.5302132368087769
True,False,False,False,325,13.0,0.261453777551651,17.435688018798828,0.9678561687469482,20.382925033569336,1.5679173469543457,0.34993287920951843,0.5186454057693481
True,False,False,False,325,13.0,0.2626056373119354,17.412073135375977,0.9638314843177795,22.787363052368164,1.7528741359710693,0.3480646312236786,0.5201042294502258
True,False,False,False,326,13.039999961853027,0.28786200284957886,17.78880500793457,0.926790714263916,38.50682067871094,2.952976942062378,0.36764928698539734,0.5740803480148315
True,False,False,False,326,13.039999961853027,0.2828282415866852,17.4453182220459,0.9665247797966003,20.54716682434082,1.5757030248641968,0.39259645342826843,0.519024133682251
True,False,False,False,326,13.039999961853027,0.2986220717430115,17.69283676147461,0.9372897744178772,33.550899505615234,2.5729217529296875,0.44958803057670593,0.5611447095870972
True,False,False,False,326,13.039999961853027,0.2956339716911316,18.062355041503906,0.9378364682197571,38.765201568603516,2.9727914333343506,0.45363208651542664,0.5640078783035278
True,False,False,False,326,13.039999961853027,0.2674616873264313,17.94078254699707,0.9357298612594604,41.189510345458984,3.1587047576904297,0.46471086144447327,0.5638341307640076
True,False,False,False,326,13.039999961853027,0.2935272455215454,17.25423240661621,0.9693689942359924,20.155452728271484,1.545663595199585,0.3643970191478729,0.5265917778015137
True,False,False,False,326,13.039999961853027,0.24761423468589783,17.11456871032715,0.9700689911842346,17.758995056152344,1.3618861436843872,0.37224122881889343,0.5340499877929688
True,False,False,False,327,13.079999923706055,0.27566948533058167,17.515501022338867,0.9408826231956482,36.00847625732422,2.752941608428955,0.448659211397171,0.5646378397941589
True,False,False,False,327,13.079999923706055,0.2841791808605194,17.654333114624023,0.9344285726547241,47.444217681884766,3.6272337436676025,0.46480104327201843,0.5653182864189148
True,False,False,False,327,13.079999923706055,0.24510322511196136,17.403324127197266,0.9669126272201538,20.345623016357422,1.5554758310317993,0.3647300899028778,0.5225017070770264
True,False,False,False,327,13.079999923706055,0.29456061124801636,18.004793167114258,0.9411702752113342,46.246421813964844,3.535659074783325,0.46197137236595154,0.5658273696899414
True,False,False,False,327,13.079999923706055,0.2834360897541046,17.621883392333984,0.9385125637054443,34.13963317871094,2.6100637912750244,0.45901909470558167,0.5636017322540283
True,False,False,False,327,13.079999923706055,0.2955178916454315,17.646547317504883,0.9387820363044739,40.60074996948242,3.1040329933166504,0.4691615402698517,0.5651344060897827
True,False,False,False,327,13.079999923706055,0.2704384922981262,17.91621208190918,0.9401634335517883,35.60313034057617,2.721951961517334,0.45590516924858093,0.562389075756073
True,False,False,False,327,13.079999923706055,0.2680101692676544,17.81850242614746,0.9359614253044128,34.96917724609375,2.6734845638275146,0.4556761085987091,0.562109112739563
True,False,False,False,327,13.079999923706055,0.2596045732498169,17.556411743164062,0.9655291438102722,20.082277297973633,1.5353423357009888,0.3656710088253021,0.5221608877182007
True,False,False,False,327,13.079999923706055,0.26934635639190674,17.107683181762695,0.9754580855369568,14.871910095214844,1.1369961500167847,0.38777467608451843,0.5396286845207214
True,False,False,False,327,13.079999923706055,0.25139832496643066,17.67463493347168,0.958465576171875,25.951229095458984,1.9840389490127563,0.34846803545951843,0.5136680603027344
True,False,False,False,328,13.119999885559082,0.2574847638607025,17.432003021240234,0.9685715436935425,13.951048851013184,1.0633420944213867,0.36596986651420593,0.5172555446624756
True,False,False,False,328,13.119999885559082,0.28245654702186584,17.4471378326416,0.9682571887969971,15.014784812927246,1.144419550895691,0.3605453670024872,0.5187385678291321
True,False,False,False,328,13.119999885559082,0.2738855183124542,17.413833618164062,0.9648011326789856,18.52930450439453,1.4122945070266724,0.36145487427711487,0.526496946811676
True,False,False,False,328,13.119999885559082,0.2817437946796417,17.700172424316406,0.9344865679740906,47.41618728637695,3.6140387058258057,0.46243271231651306,0.5653359293937683
True,False,False,False,328,13.119999885559082,0.27325645089149475,18.053651809692383,0.9388757944107056,32.81746292114258,2.501331090927124,0.45146116614341736,0.562605082988739
True,False,False,False,328,13.119999885559082,0.26420292258262634,16.92473030090332,0.9748338460922241,16.437395095825195,1.2528502941131592,0.34965822100639343,0.542885422706604
True,False,False,False,328,13.119999885559082,0.2544504404067993,17.361345291137695,0.970243513584137,14.699246406555176,1.1203694343566895,0.35726556181907654,0.525966465473175
True,False,False,False,328,13.119999885559082,0.2807742655277252,16.918500900268555,0.9735510349273682,13.244123458862305,1.009460687637329,0.36009523272514343,0.5387868285179138
True,False,False,False,329,13.15999984741211,0.2810261845588684,16.98147964477539,0.9735593795776367,19.73051643371582,1.4992793798446655,0.3543071448802948,0.5476577281951904
True,False,False,False,329,13.15999984741211,0.2781447470188141,16.981443405151367,0.9717488288879395,20.731853485107422,1.575368881225586,0.3495132625102997,0.5440305471420288
True,False,False,False,329,13.15999984741211,0.28641021251678467,18.02854347229004,0.9249730110168457,37.705528259277344,2.865161657333374,0.38394472002983093,0.5744004249572754
True,False,False,False,329,13.15999984741211,0.2710059881210327,19.39287567138672,0.8533048629760742,82.7136001586914,6.285228252410889,0.458722859621048,0.561153769493103
True,False,False,False,329,13.15999984741211,0.2861112654209137,17.766117095947266,0.9446898102760315,28.907747268676758,2.1966373920440674,0.4513944685459137,0.5632818937301636
True,False,False,False,329,13.15999984741211,0.273729532957077,17.876708984375,0.9245726466178894,41.45227813720703,3.149869203567505,0.41990628838539124,0.5750342011451721
True,False,False,False,329,13.15999984741211,0.29984036087989807,17.4190673828125,0.9714837074279785,15.969470977783203,1.213485598564148,0.3741472065448761,0.5225703716278076
True,False,False,False,329,13.15999984741211,0.295912504196167,17.79261016845703,0.9387997984886169,38.01801681518555,2.8889071941375732,0.45674678683280945,0.5634663105010986
True,False,False,False,329,13.15999984741211,0.25254902243614197,18.295753479003906,0.9211110472679138,38.49636459350586,2.92525577545166,0.3853141963481903,0.5746479630470276
True,False,False,False,329,13.15999984741211,0.297788143157959,19.13918113708496,0.8689883351325989,79.20668029785156,6.018744945526123,0.4477798640727997,0.5616565346717834
True,False,False,False,329,13.15999984741211,0.29846227169036865,17.012136459350586,0.9712813496589661,13.905978202819824,1.0566853284835815,0.37153932452201843,0.5322456955909729
True,False,False,False,329,13.15999984741211,0.2934018671512604,19.062049865722656,0.8662372827529907,81.99164581298828,6.230368137359619,0.4524972140789032,0.562585711479187
True,False,False,False,329,13.15999984741211,0.2967482805252075,17.30852508544922,0.9655954837799072,21.915761947631836,1.665331482887268,0.37560150027275085,0.5385602712631226
True,False,False,False,329,13.15999984741211,0.2765324115753174,17.388042449951172,0.9673670530319214,20.09940528869629,1.5273104906082153,0.3589341342449188,0.5277805924415588
True,False,False,False,329,13.15999984741211,0.24655970931053162,17.443729400634766,0.9671942591667175,16.45972442626953,1.2507389783859253,0.38716432452201843,0.5177628993988037
True,False,False,False,330,13.199999809265137,0.29072123765945435,17.99024200439453,0.9412168264389038,39.010520935058594,2.9553425312042236,0.4564456641674042,0.5633341073989868
True,False,False,False,330,13.199999809265137,0.27502506971359253,17.24323844909668,0.9706776142120361,17.899560928344727,1.356027364730835,0.39129945635795593,0.533097505569458
True,False,False,False,330,13.199999809265137,0.2679961621761322,17.204866409301758,0.9664484858512878,21.2968692779541,1.6133992671966553,0.3678695857524872,0.5389118194580078
True,False,False,False,330,13.199999809265137,0.2944833040237427,17.30298614501953,0.9692994952201843,20.425365447998047,1.5473761558532715,0.3680977523326874,0.5271462798118591
True,False,False,False,330,13.199999809265137,0.2924121022224426,17.55933952331543,0.94294673204422,25.898635864257812,1.9620178937911987,0.44945070147514343,0.5620196461677551
True,False,False,False,330,13.199999809265137,0.28825798630714417,17.986112594604492,0.9309114813804626,53.737396240234375,4.071014881134033,0.44910791516304016,0.5657013058662415
True,False,False,False,330,13.199999809265137,0.2526209056377411,17.19335174560547,0.972108006477356,18.636415481567383,1.4118497371673584,0.35801878571510315,0.5346696376800537
True,False,False,False,331,13.239999771118164,0.272212952375412,18.41301918029785,0.9188607335090637,44.599788665771484,3.3685641288757324,0.36242273449897766,0.5734724998474121
True,False,False,False,331,13.239999771118164,0.28283095359802246,17.901613235473633,0.9365861415863037,49.64442825317383,3.7495791912078857,0.456754595041275,0.5635380148887634
True,False,False,False,331,13.239999771118164,0.2878132462501526,17.94739532470703,0.9390706419944763,25.83942413330078,1.9516181945800781,0.44839683175086975,0.5606606602668762
True,False,False,False,331,13.239999771118164,0.26624104380607605,19.894424438476562,0.8470600843429565,98.18241882324219,7.415590763092041,0.47886964678764343,0.5632956027984619
True,False,False,False,331,13.239999771118164,0.2441038340330124,18.301464080810547,0.9224077463150024,36.85136795043945,2.7833359241485596,0.37747499346733093,0.5746071338653564
True,False,False,False,331,13.239999771118164,0.2615920603275299,19.54500961303711,0.8651289939880371,82.92859649658203,6.263489246368408,0.4508539140224457,0.5604822635650635
True,False,False,False,331,13.239999771118164,0.24508485198020935,17.36443519592285,0.9650192856788635,23.338916778564453,1.7627581357955933,0.35141900181770325,0.5253824591636658
True,False,False,False,331,13.239999771118164,0.2934325933456421,17.22147560119629,0.9731465578079224,16.92693519592285,1.278469443321228,0.36751028895378113,0.5261139869689941
True,False,False,False,331,13.239999771118164,0.27342674136161804,17.84974479675293,0.941892147064209,33.10630798339844,2.500476360321045,0.45832082629203796,0.563203752040863
True,False,False,False,332,13.279999732971191,0.28369373083114624,19.83012580871582,0.8508116602897644,94.93000793457031,7.148344039916992,0.4665919244289398,0.5624774098396301
True,False,False,False,332,13.279999732971191,0.2720247507095337,17.14688491821289,0.971915602684021,15.464892387390137,1.164525032043457,0.3551504909992218,0.5341793298721313
True,False,False,False,332,13.279999732971191,0.27743011713027954,18.029232025146484,0.9222959876060486,45.755191802978516,3.4454212188720703,0.36424562335014343,0.5747037529945374
True,False,False,False,332,13.279999732971191,0.27222731709480286,17.6433048248291,0.9424899220466614,40.21979522705078,3.0285990238189697,0.47135135531425476,0.5664668083190918
True,False,False,False,332,13.279999732971191,0.2977171242237091,17.798110961914062,0.9421049952507019,40.284461975097656,3.03346848487854,0.4581162631511688,0.5658187866210938
True,False,False,False,332,13.279999732971191,0.28900524973869324,17.353063583374023,0.9702211618423462,14.613679885864258,1.1004277467727661,0.36162111163139343,0.5185734033584595
True,False,False,False,332,13.279999732971191,0.26429077982902527,18.1588077545166,0.9268773794174194,56.73384475708008,4.272127151489258,0.46872833371162415,0.5658974051475525
True,False,False,False,332,13.279999732971191,0.25906312465667725,17.08472442626953,0.9651026129722595,13.883660316467285,1.0454564094543457,0.37541505694389343,0.5304402112960815
True,False,False,False,332,13.279999732971191,0.2945419251918793,17.974424362182617,0.9385499954223633,33.73872756958008,2.540566921234131,0.44847413897514343,0.5611626505851746
True,False,False,False,332,13.279999732971191,0.2966464161872864,17.12234878540039,0.9715906381607056,20.400590896606445,1.536189079284668,0.38099977374076843,0.5337399244308472
True,False,False,False,332,13.279999732971191,0.2748726010322571,17.7033634185791,0.9401386380195618,31.075138092041016,2.3399953842163086,0.45401766896247864,0.5627642869949341
True,False,False,False,332,13.279999732971191,0.28133487701416016,17.86691665649414,0.9276994466781616,45.246280670166016,3.407099485397339,0.4752247631549835,0.5665634274482727
True,False,False,False,332,13.279999732971191,0.25099918246269226,17.359708786010742,0.9734306335449219,15.982635498046875,1.2035117149353027,0.3837810456752777,0.5305426716804504
True,False,False,False,333,13.319999694824219,0.24967874586582184,17.56813621520996,0.961000382900238,26.74527359008789,2.007903575897217,0.34691163897514343,0.516464114189148
True,False,False,False,333,13.319999694824219,0.27465593814849854,17.726402282714844,0.9289633631706238,39.77479553222656,2.986095905303955,0.38545259833335876,0.5736595392227173
True,False,False,False,333,13.319999694824219,0.2922116816043854,17.12916374206543,0.9734244346618652,18.607044219970703,1.3969253301620483,0.395492821931839,0.5391177535057068
True,False,False,False,333,13.319999694824219,0.2911844849586487,17.917552947998047,0.9372696876525879,41.6785888671875,3.129023313522339,0.46761342883110046,0.5634340047836304
True,False,False,False,333,13.319999694824219,0.267579585313797,17.895538330078125,0.9353318214416504,33.30942153930664,2.5007073879241943,0.44411370158195496,0.5626825094223022
True,False,False,False,333,13.319999694824219,0.25557994842529297,17.258747100830078,0.9675119519233704,21.440629959106445,1.6096569299697876,0.36119499802589417,0.5367768406867981
True,False,False,False,333,13.319999694824219,0.2740441858768463,17.763469696044922,0.9423430562019348,38.536346435546875,2.8931190967559814,0.45581361651420593,0.5661646723747253
True,False,False,False,333,13.319999694824219,0.28186795115470886,17.041568756103516,0.9743229746818542,16.012388229370117,1.2021312713623047,0.39018556475639343,0.5408611297607422
True,False,False,False,333,13.319999694824219,0.27181580662727356,17.353832244873047,0.9667136073112488,23.669710159301758,1.7770053148269653,0.34813234210014343,0.5262572765350342
True,False,False,False,334,13.359999656677246,0.265960693359375,18.073148727416992,0.9374423623085022,41.58900451660156,3.1129496097564697,0.45616069436073303,0.562799334526062
True,False,False,False,334,13.359999656677246,0.2614932060241699,18.17705726623535,0.9217336773872375,41.067047119140625,3.073880910873413,0.3648010194301605,0.5729991793632507
True,False,False,False,334,13.359999656677246,0.28113535046577454,17.110454559326172,0.9660781025886536,15.476847648620605,1.1584466695785522,0.3692009150981903,0.5316564440727234
True,False,False,False,334,13.359999656677246,0.26304104924201965,19.56492805480957,0.8635308146476746,87.7466049194336,6.567859649658203,0.45008692145347595,0.5619220733642578
True,False,False,False,334,13.359999656677246,0.2685651183128357,19.242353439331055,0.8557380437850952,92.49858856201172,6.923547267913818,0.45413312315940857,0.5634461641311646
True,False,False,False,334,13.359999656677246,0.28573372960090637,19.740930557250977,0.8475701212882996,97.0403060913086,7.263495922088623,0.45667973160743713,0.5636197328567505
True,False,False,False,334,13.359999656677246,0.2887851297855377,17.915756225585938,0.9433643817901611,26.040660858154297,1.9491512775421143,0.45136383175849915,0.5617039799690247
True,False,False,False,334,13.359999656677246,0.2874390482902527,17.180416107177734,0.9616944193840027,32.03253173828125,2.3976447582244873,0.34755250811576843,0.536496639251709
True,False,False,False,334,13.359999656677246,0.2963637709617615,17.851119995117188,0.9404066205024719,38.70018768310547,2.8967206478118896,0.45774832367897034,0.5647578239440918
True,False,False,False,334,13.359999656677246,0.2621630132198334,19.479080200195312,0.8594708442687988,87.5315170288086,6.551760196685791,0.4462321698665619,0.5619558691978455
True,False,False,False,335,13.399999618530273,0.298255980014801,17.53438949584961,0.9644720554351807,23.258743286132812,1.7357271909713745,0.40466609597206116,0.5225967764854431
True,False,False,False,335,13.399999618530273,0.27656224370002747,18.00700569152832,0.9264324307441711,43.321075439453125,3.2329161167144775,0.3755943477153778,0.5731706619262695
True,False,False,False,335,13.399999618530273,0.29232028126716614,17.90937042236328,0.9416576623916626,34.59912109375,2.582024097442627,0.4560578167438507,0.5629515051841736
True,False,False,False,335,13.399999618530273,0.2762875556945801,17.153703689575195,0.9651289582252502,20.38774299621582,1.5214734077453613,0.36879995465278625,0.529495894908905
True,False,False,False,335,13.399999618530273,0.29515814781188965,17.157238006591797,0.9593751430511475,25.250276565551758,1.8843491077423096,0.38799622654914856,0.537688136100769
True,False,False,False,335,13.399999618530273,0.24761387705802917,17.38533592224121,0.9569129943847656,27.260211944580078,2.03434419631958,0.34831544756889343,0.5240040421485901
True,False,False,False,335,13.399999618530273,0.29917430877685547,17.809125900268555,0.9436553716659546,27.124919891357422,2.024247884750366,0.44880983233451843,0.562149167060852
True,False,False,False,336,13.4399995803833,0.2675609588623047,17.817155838012695,0.9373536109924316,39.884891510009766,2.967625856399536,0.4641830623149872,0.5642359852790833
True,False,False,False,336,13.4399995803833,0.2667103707790375,17.54449462890625,0.9416431188583374,35.43403244018555,2.636460781097412,0.4578547179698944,0.5648426413536072
True,False,False,False,336,13.4399995803833,0.2989227771759033,17.19540786743164,0.9663984179496765,20.715900421142578,1.541361689567566,0.39070436358451843,0.529398500919342
True,False,False,False,336,13.4399995803833,0.24982950091362,17.1185245513916,0.9673688411712646,13.936739921569824,1.0369598865509033,0.37437745928764343,0.5302631855010986
True,False,False,False,336,13.4399995803833,0.2801717519760132,17.974637985229492,0.9403359889984131,28.355295181274414,2.109769105911255,0.44982072710990906,0.5610237121582031
True,False,False,False,336,13.4399995803833,0.28122678399086,17.710838317871094,0.9422786831855774,35.23951721191406,2.62198805809021,0.45979616045951843,0.5649427771568298
True,False,False,False,336,13.4399995803833,0.2744762897491455,19.084806442260742,0.8621848821640015,84.15505981445312,6.261537551879883,0.45595911145210266,0.5627860426902771
True,False,False,False,336,13.4399995803833,0.2706069350242615,17.460100173950195,0.9635629653930664,19.8519229888916,1.477077603340149,0.3621956408023834,0.5242702960968018
True,False,False,False,336,13.4399995803833,0.2981027066707611,17.877897262573242,0.9262650609016418,40.6518669128418,3.0246925354003906,0.38325807452201843,0.5742276310920715
True,False,False,False,336,13.4399995803833,0.28887200355529785,18.0463809967041,0.9378141760826111,41.219215393066406,3.066905975341797,0.4633835256099701,0.5623629093170166
True,False,False,False,336,13.4399995803833,0.26163947582244873,17.203950881958008,0.9636334180831909,23.017465591430664,1.712609052658081,0.3752412497997284,0.5429878830909729
True,False,False,False,336,13.4399995803833,0.2677760124206543,17.6621150970459,0.9377378225326538,41.31812286376953,3.074265241622925,0.44840261340141296,0.5647037029266357
True,False,False,False,337,13.479999542236328,0.2625053822994232,19.138320922851562,0.8713981509208679,77.98136901855469,5.784968376159668,0.45351681113243103,0.5626559853553772
True,False,False,False,337,13.479999542236328,0.27319133281707764,17.75791358947754,0.937818169593811,32.92286682128906,2.4423491954803467,0.44861146807670593,0.5626030564308167
True,False,False,False,337,13.479999542236328,0.2876850366592407,17.05312728881836,0.9723030924797058,17.23575210571289,1.2786166667938232,0.3819597065448761,0.5331488251686096
True,False,False,False,337,13.479999542236328,0.2870759665966034,17.787466049194336,0.9317997097969055,56.074432373046875,4.159824371337891,0.46415188908576965,0.5669431090354919
True,False,False,False,337,13.479999542236328,0.28206929564476013,17.70925521850586,0.9413042068481445,35.43600845336914,2.6287841796875,0.45511361956596375,0.563167929649353
True,False,False,False,337,13.479999542236328,0.2794544994831085,16.977508544921875,0.9756986498832703,19.820165634155273,1.4703387022018433,0.37051448225975037,0.541655957698822
True,False,False,False,338,13.519999504089355,0.2816644310951233,17.788681030273438,0.9332013726234436,49.707298278808594,3.6765754222869873,0.46286699175834656,0.5661227107048035
True,False,False,False,338,13.519999504089355,0.26575562357902527,17.410354614257812,0.9697126746177673,20.381235122680664,1.5074878931045532,0.35768744349479675,0.529712438583374
True,False,False,False,338,13.519999504089355,0.26633626222610474,18.03215217590332,0.9299742579460144,50.231624603271484,3.7153570652008057,0.4482708275318146,0.5648425817489624
True,False,False,False,338,13.519999504089355,0.273700475692749,17.299535751342773,0.9639430046081543,20.643165588378906,1.5268614292144775,0.39581605792045593,0.5301004648208618
True,False,False,False,338,13.519999504089355,0.27660253643989563,17.062856674194336,0.972971498966217,17.23826789855957,1.275019884109497,0.3620830476284027,0.5341535806655884
True,False,False,False,338,13.519999504089355,0.2899634838104248,17.071744918823242,0.9750170707702637,15.264240264892578,1.129011869430542,0.38235780596733093,0.537204384803772
True,False,False,False,338,13.519999504089355,0.28900229930877686,17.22775650024414,0.9700850248336792,15.960638999938965,1.1805206537246704,0.38759157061576843,0.5300493240356445
True,False,False,False,338,13.519999504089355,0.2633412778377533,18.39003562927246,0.9173756837844849,64.9640884399414,4.8050360679626465,0.4755333364009857,0.5658228993415833
True,False,False,False,338,13.519999504089355,0.2769703269004822,17.90192222595215,0.9420418739318848,38.62812423706055,2.857109785079956,0.45711061358451843,0.563164234161377
True,False,False,False,338,13.519999504089355,0.2741619348526001,17.341379165649414,0.969468355178833,20.17205047607422,1.4920156002044678,0.3578939139842987,0.5305758714675903
True,False,False,False,338,13.519999504089355,0.29244908690452576,18.146020889282227,0.9238612651824951,40.703041076660156,3.010580062866211,0.35982057452201843,0.5733755230903625
True,False,False,False,338,13.519999504089355,0.2651387155056,17.928604125976562,0.9361287355422974,39.72348403930664,2.9381275177001953,0.4705612361431122,0.5631105899810791
True,False,False,False,339,13.559999465942383,0.26563429832458496,17.049306869506836,0.9706123471260071,16.56153106689453,1.2213518619537354,0.3640854060649872,0.5376912951469421
True,False,False,False,339,13.559999465942383,0.2734067738056183,17.882495880126953,0.9216604232788086,45.75798034667969,3.3744823932647705,0.3837887942790985,0.5764139294624329
True,False,False,False,339,13.559999465942383,0.2972220480442047,18.0156307220459,0.9406440854072571,30.442720413208008,2.2450385093688965,0.44807931780815125,0.5608499646186829
True,False,False,False,339,13.559999465942383,0.2911252975463867,18.298006057739258,0.9137335419654846,52.2296142578125,3.8517415523529053,0.39600613713264465,0.5776490569114685
True,False,False,False,339,13.559999465942383,0.2817889451980591,17.966686248779297,0.9168081283569336,49.55732727050781,3.654670238494873,0.4054001271724701,0.5771685838699341
True,False,False,False,339,13.559999465942383,0.2993452548980713,18.056798934936523,0.9226966500282288,43.90262222290039,3.237656593322754,0.4432487189769745,0.563443660736084
True,False,False,False,339,13.559999465942383,0.28348514437675476,18.064050674438477,0.9225739240646362,44.82923889160156,3.3059911727905273,0.39345094561576843,0.5748717784881592
True,False,False,False,340,13.59999942779541,0.27354779839515686,17.953420639038086,0.9359105229377747,48.267669677734375,3.54909348487854,0.4515257775783539,0.5661737322807312
True,False,False,False,340,13.59999942779541,0.27836281061172485,17.764404296875,0.9336408376693726,42.57086181640625,3.1302106380462646,0.44989320635795593,0.5651617050170898
True,False,False,False,340,13.59999942779541,0.2741219103336334,17.4874267578125,0.9682286381721497,21.054786682128906,1.54814612865448,0.34967347979545593,0.5225157737731934
True,False,False,False,340,13.59999942779541,0.28365427255630493,17.23438835144043,0.9683330059051514,14.034282684326172,1.0319325923919678,0.3671744763851166,0.5225404500961304
True,False,False,False,340,13.59999942779541,0.2764594256877899,18.308469772338867,0.9218348860740662,42.107154846191406,3.09611439704895,0.37309572100639343,0.5744244456291199
True,False,False,False,340,13.59999942779541,0.2722356915473938,17.68138313293457,0.9327497482299805,38.75255584716797,2.8494527339935303,0.4528850018978119,0.5643630623817444
True,False,False,False,340,13.59999942779541,0.28695276379585266,19.581451416015625,0.8428884148597717,102.93247985839844,7.5685648918151855,0.47444459795951843,0.5632293224334717
True,False,False,False,340,13.59999942779541,0.2731395661830902,17.95470428466797,0.9396593570709229,38.53987121582031,2.8338141441345215,0.4616348445415497,0.5633135437965393
True,False,False,False,340,13.59999942779541,0.29551565647125244,17.60677146911621,0.9374690651893616,41.00613784790039,3.0151572227478027,0.4528922140598297,0.5648604035377502
True,False,False,False,340,13.59999942779541,0.26026034355163574,17.072328567504883,0.9722412824630737,14.505677223205566,1.0665940046310425,0.36284181475639343,0.5343250036239624
True,False,False,False,340,13.59999942779541,0.29900431632995605,17.424671173095703,0.9723652005195618,18.839534759521484,1.385259985923767,0.38515016436576843,0.5222501754760742
True,False,False,False,340,13.59999942779541,0.2891976833343506,17.35697364807129,0.9734883904457092,16.071256637573242,1.181710124015808,0.3898012340068817,0.5216322541236877
True,False,False,False,340,13.59999942779541,0.25668972730636597,17.536375045776367,0.9650007486343384,19.45161247253418,1.4302656650543213,0.3555928170681,0.5137784481048584
True,False,False,False,340,13.59999942779541,0.2916182279586792,17.619430541992188,0.9387614130973816,37.234249114990234,2.7378125190734863,0.4686923921108246,0.5641605257987976
True,False,False,False,341,13.639999389648438,0.2733737826347351,17.854299545288086,0.9379243850708008,41.38961410522461,3.0344293117523193,0.44983235001564026,0.5636272430419922
True,False,False,False,341,13.639999389648438,0.25667861104011536,17.357627868652344,0.9686874151229858,17.721464157104492,1.2992275953292847,0.3544863760471344,0.5216439962387085
True,False,False,False,341,13.639999389648438,0.284066379070282,17.365161895751953,0.9728789925575256,15.278684616088867,1.120138168334961,0.37492677569389343,0.5201860070228577
True,False,False,False,341,13.639999389648438,0.29502642154693604,17.873727798461914,0.9394168853759766,40.389591217041016,2.961113929748535,0.4739334285259247,0.5638623237609863
True,False,False,False,341,13.639999389648438,0.2572358250617981,17.100284576416016,0.9674699902534485,22.849035263061523,1.6751493215560913,0.377250999212265,0.5462400913238525
True,False,False,False,341,13.639999389648438,0.2538568675518036,17.000099182128906,0.971953272819519,17.254623413085938,1.2650017738342285,0.38205328583717346,0.5383152365684509
True,False,False,False,341,13.639999389648438,0.2632235884666443,17.14716148376465,0.9599422812461853,26.395917892456055,1.9351847171783447,0.35111889243125916,0.5342705249786377
True,False,False,False,341,13.639999389648438,0.2752262353897095,18.265098571777344,0.9233143329620361,56.23163604736328,4.122554302215576,0.47684863209724426,0.5642747282981873
True,False,False,False,341,13.639999389648438,0.28205233812332153,17.73990249633789,0.9404789209365845,25.88316535949707,1.8975929021835327,0.44835206866264343,0.56231290102005
True,False,False,False,342,13.679999351501465,0.2593543529510498,17.30712127685547,0.9608462452888489,22.538616180419922,1.6475597620010376,0.35516074299812317,0.5268301963806152
True,False,False,False,342,13.679999351501465,0.27687355875968933,19.245311737060547,0.8650779724121094,78.83985900878906,5.763147830963135,0.44615480303764343,0.5629379153251648
True,False,False,False,342,13.679999351501465,0.29633256793022156,17.316165924072266,0.9679405093193054,20.19855308532715,1.476502537727356,0.39081117510795593,0.5216084718704224
True,False,False,False,342,13.679999351501465,0.2668715715408325,17.91073989868164,0.937808096408844,34.83610916137695,2.546499252319336,0.45921048521995544,0.5636181235313416
True,False,False,False,342,13.679999351501465,0.28443843126296997,17.179584503173828,0.9630736112594604,21.820972442626953,1.5951004028320312,0.36676856875419617,0.5316042900085449
True,False,False,False,343,13.719999313354492,0.2765788733959198,17.831470489501953,0.9386043548583984,42.520774841308594,3.099181890487671,0.4590887129306793,0.5633054971694946
True,False,False,False,343,13.719999313354492,0.2524110972881317,17.04633140563965,0.971670389175415,17.92473602294922,1.3064676523208618,0.3525097072124481,0.541293740272522
True,False,False,False,343,13.719999313354492,0.2799258232116699,18.214309692382812,0.9232882857322693,41.83363723754883,3.0490989685058594,0.35299989581108093,0.5742040872573853
True,False,False,False,343,13.719999313354492,0.2655148506164551,17.744342803955078,0.9280152916908264,53.74956512451172,3.917607069015503,0.4635598957538605,0.5663347244262695
True,False,False,False,343,13.719999313354492,0.26995187997817993,17.15277671813965,0.9644768834114075,15.397987365722656,1.1223022937774658,0.37517091631889343,0.5301138758659363
True,False,False,False,343,13.719999313354492,0.248483806848526,17.299068450927734,0.9671772718429565,20.20754051208496,1.4728528261184692,0.35995063185691833,0.526128351688385
True,False,False,False,344,13.75999927520752,0.2806708514690399,17.254302978515625,0.9665560126304626,19.328407287597656,1.404680848121643,0.3628702461719513,0.5318015217781067
True,False,False,False,344,13.75999927520752,0.29716750979423523,17.388164520263672,0.9747166633605957,17.168426513671875,1.2477054595947266,0.35560449957847595,0.5204112529754639
True,False,False,False,344,13.75999927520752,0.28523996472358704,17.7668399810791,0.9431573152542114,39.240360260009766,2.8517704010009766,0.46664735674858093,0.5662164092063904
True,False,False,False,344,13.75999927520752,0.2915307283401489,17.20486831665039,0.9604829549789429,26.949235916137695,1.9585201740264893,0.3758034408092499,0.5394994616508484
True,False,False,False,344,13.75999927520752,0.2944442331790924,17.972572326660156,0.9394662380218506,41.060813903808594,2.9840710163116455,0.4636566936969757,0.5625743865966797
True,False,False,False,344,13.75999927520752,0.28784435987472534,19.101879119873047,0.8629970550537109,91.37517547607422,6.6406378746032715,0.45594432950019836,0.5631964802742004
True,False,False,False,344,13.75999927520752,0.2776205837726593,18.09807777404785,0.9361177086830139,44.812583923339844,3.2567286491394043,0.46792271733283997,0.5639667510986328
True,False,False,False,344,13.75999927520752,0.24793709814548492,17.397342681884766,0.9722104072570801,14.811056137084961,1.0763849020004272,0.37257692217826843,0.5212963819503784
True,False,False,False,344,13.75999927520752,0.28054094314575195,17.414201736450195,0.9695501327514648,20.402790069580078,1.482761025428772,0.34761354327201843,0.5199530124664307
True,False,False,False,344,13.75999927520752,0.29250210523605347,17.282718658447266,0.9629912376403809,22.680492401123047,1.6482917070388794,0.36691388487815857,0.5304720401763916
True,False,False,False,344,13.75999927520752,0.29771897196769714,17.059886932373047,0.9739577174186707,17.24753761291504,1.2534548044204712,0.35533449053764343,0.5342116951942444
True,False,False,False,345,13.799999237060547,0.2538703382015228,17.172204971313477,0.9651615619659424,20.19558334350586,1.463448166847229,0.36859455704689026,0.5369349718093872
True,False,False,False,345,13.799999237060547,0.2689124643802643,17.89958381652832,0.9439063668251038,31.62941551208496,2.2919867038726807,0.4522940218448639,0.5639877319335938
True,False,False,False,345,13.799999237060547,0.2750016152858734,18.104158401489258,0.9344530701637268,40.272254943847656,2.9182794094085693,0.4507993161678314,0.5612497329711914
True,False,False,False,345,13.799999237060547,0.26595038175582886,19.427715301513672,0.860547661781311,82.50414276123047,5.9785614013671875,0.46101412177085876,0.5626261830329895
True,False,False,False,345,13.799999237060547,0.26987043023109436,17.075904846191406,0.9684006571769714,21.145395278930664,1.5322750806808472,0.38522645831108093,0.5342347621917725
True,False,False,False,345,13.799999237060547,0.28586557507514954,17.47504425048828,0.9658946990966797,18.002967834472656,1.3045629262924194,0.39088746905326843,0.5175002813339233
True,False,False,False,345,13.799999237060547,0.294972687959671,17.066429138183594,0.9651337265968323,29.26655387878418,2.120764970779419,0.3986099064350128,0.5555399656295776
True,False,False,False,345,13.799999237060547,0.28057312965393066,17.78798484802246,0.9396453499794006,36.27555847167969,2.6286637783050537,0.4566775858402252,0.5628226399421692
True,False,False,False,346,13.84000015258789,0.2692550718784332,17.79880714416504,0.9341534972190857,43.41779327392578,3.1371238231658936,0.47119447588920593,0.5634933710098267
True,False,False,False,346,13.84000015258789,0.26025354862213135,17.387981414794922,0.9646151661872864,22.857973098754883,1.6515876054763794,0.3480026423931122,0.524473249912262
True,False,False,False,346,13.84000015258789,0.29122793674468994,17.627674102783203,0.9403131008148193,31.155319213867188,2.2511067390441895,0.44902345538139343,0.5630188584327698
True,False,False,False,346,13.84000015258789,0.24956828355789185,17.356483459472656,0.968708872795105,21.80958366394043,1.5758368968963623,0.34877321124076843,0.5287603139877319
True,False,False,False,346,13.84000015258789,0.2568616569042206,17.20650291442871,0.9772610068321228,14.927346229553223,1.0785654783248901,0.38763734698295593,0.5326472520828247
True,False,False,False,346,13.84000015258789,0.27118048071861267,17.610490798950195,0.9383190870285034,41.32727813720703,2.986074924468994,0.46690675616264343,0.5658013820648193
True,False,False,False,346,13.84000015258789,0.2525155246257782,18.31696319580078,0.9246320128440857,45.19968795776367,3.265873432159424,0.35518190264701843,0.5733979344367981
True,False,False,False,346,13.84000015258789,0.2824282646179199,17.156387329101562,0.9746957421302795,17.984962463378906,1.29949152469635,0.39360353350639343,0.5329322814941406
True,False,False,False,346,13.84000015258789,0.255024790763855,17.199373245239258,0.9736561179161072,20.321569442749023,1.468321442604065,0.3634292781352997,0.53232342004776
True,False,False,False,346,13.84000015258789,0.27604931592941284,18.279081344604492,0.9196745753288269,45.09267807006836,3.25814151763916,0.4464866816997528,0.5641385316848755
True,False,False,False,346,13.84000015258789,0.2566511332988739,17.3913516998291,0.9738996624946594,13.939638137817383,1.0071992874145508,0.36160585284233093,0.5211268663406372
True,False,False,False,346,13.84000015258789,0.2810933291912079,17.802135467529297,0.9386544823646545,37.13201904296875,2.6829493045806885,0.45365676283836365,0.5637688636779785
True,False,False,False,346,13.84000015258789,0.2601298987865448,18.204931259155273,0.9241606593132019,42.73808288574219,3.0880117416381836,0.38492128252983093,0.5744067430496216
True,False,False,False,347,13.880000114440918,0.27291902899742126,17.72627830505371,0.9403723478317261,29.475645065307617,2.123605489730835,0.44780275225639343,0.5619347095489502
True,False,False,False,347,13.880000114440918,0.271747887134552,18.001399993896484,0.9375393986701965,39.87900924682617,2.8731274604797363,0.4505630433559418,0.5646835565567017
True,False,False,False,347,13.880000114440918,0.29032906889915466,17.10812759399414,0.9757628440856934,13.993579864501953,1.0081830024719238,0.36692455410957336,0.5307468771934509
True,False,False,False,347,13.880000114440918,0.2967846691608429,18.985517501831055,0.8873981833457947,74.18441772460938,5.344698429107666,0.3829452693462372,0.5704804062843323
True,False,False,False,348,13.920000076293945,0.26733607053756714,19.46530532836914,0.8636386394500732,76.91470336914062,5.525481700897217,0.44221803545951843,0.5622278451919556
True,False,False,False,348,13.920000076293945,0.2571398913860321,18.11385726928711,0.9174594283103943,52.03391647338867,3.7380685806274414,0.36024418473243713,0.5738981366157532
True,False,False,False,348,13.920000076293945,0.2837882339954376,17.18173599243164,0.9670009613037109,26.117053985595703,1.8762251138687134,0.37361928820610046,0.5438461899757385
True,False,False,False,348,13.920000076293945,0.2711097002029419,17.749500274658203,0.937985897064209,40.82932662963867,2.9331412315368652,0.45529481768608093,0.5631014108657837
True,False,False,False,348,13.920000076293945,0.2852078080177307,18.030885696411133,0.9396020174026489,38.85802459716797,2.791524648666382,0.46675416827201843,0.5636569261550903
True,False,False,False,348,13.920000076293945,0.2856805920600891,17.08643913269043,0.9674990773200989,24.384960174560547,1.7517931461334229,0.3476894795894623,0.537795901298523
True,False,False,False,348,13.920000076293945,0.2799101769924164,19.256488800048828,0.863111674785614,91.60570526123047,6.580869674682617,0.4501313269138336,0.5631889700889587
True,False,False,False,348,13.920000076293945,0.27156275510787964,17.32016944885254,0.9711886644363403,14.727553367614746,1.058013916015625,0.37451478838920593,0.5218505859375
True,False,False,False,348,13.920000076293945,0.2911325991153717,17.630338668823242,0.9392953515052795,40.70940399169922,2.9245262145996094,0.4556412994861603,0.5651329159736633
True,False,False,False,349,13.960000038146973,0.2667801082134247,18.028030395507812,0.9400829076766968,42.46029281616211,3.0415682792663574,0.4675399959087372,0.5646862983703613
True,False,False,False,349,13.960000038146973,0.2930835783481598,19.515329360961914,0.8629667162895203,85.12476348876953,6.097762584686279,0.46437904238700867,0.5626240372657776
True,False,False,False,349,13.960000038146973,0.28240835666656494,18.085269927978516,0.9222425222396851,47.44834899902344,3.398878812789917,0.37596437335014343,0.5751093029975891
True,False,False,False,349,13.960000038146973,0.24912972748279572,17.14543914794922,0.9712960720062256,17.146137237548828,1.2282333374023438,0.35586854815483093,0.5325945615768433
True,False,False,False,349,13.960000038146973,0.27667656540870667,17.64765739440918,0.9427135586738586,32.81086349487305,2.350348472595215,0.4594244062900543,0.5642234683036804
True,False,False,False,349,13.960000038146973,0.2893150746822357,19.70225715637207,0.8389772176742554,109.91305541992188,7.873427867889404,0.46863481402397156,0.5628083348274231
True,False,False,False,349,13.960000038146973,0.27101561427116394,19.1818790435791,0.8644222617149353,90.33677673339844,6.471115589141846,0.4568192660808563,0.5630552172660828
True,False,False,False,349,13.960000038146973,0.27143168449401855,17.46885108947754,0.9676680564880371,16.21977424621582,1.1618748903274536,0.37956544756889343,0.5186370015144348
True,False,False,False,350,14.0,0.26890185475349426,18.033191680908203,0.9395076632499695,39.040653228759766,2.7886180877685547,0.4616614282131195,0.5636139512062073
True,False,False,False,350,14.0,0.28987592458724976,17.785287857055664,0.9356165528297424,41.656898498535156,2.9754927158355713,0.45895692706108093,0.5661813616752625
True,False,False,False,350,14.0,0.26762789487838745,17.855613708496094,0.9364480972290039,44.91556930541992,3.2082550525665283,0.4749860465526581,0.5642027258872986
True,False,False,False,350,14.0,0.2802269756793976,17.32012939453125,0.969268798828125,20.06836700439453,1.4334547519683838,0.34936830401420593,0.5283609628677368
True,False,False,False,351,14.039999961853027,0.292703241109848,17.465740203857422,0.943268895149231,40.744834899902344,2.9020538330078125,0.4549362361431122,0.5660564303398132
True,False,False,False,351,14.039999961853027,0.2877798080444336,17.337657928466797,0.9757288694381714,16.756929397583008,1.1935135126113892,0.35670778155326843,0.5296670794487
True,False,False,False,351,14.039999961853027,0.28891536593437195,17.864004135131836,0.9375278353691101,41.89694595336914,2.9841129779815674,0.4711820185184479,0.5651215314865112
True,False,False,False,351,14.039999961853027,0.28333771228790283,17.748472213745117,0.9366702437400818,38.6089973449707,2.7499284744262695,0.44842836260795593,0.5629614591598511
True,False,False,False,351,14.039999961853027,0.27826330065727234,17.93817901611328,0.9256195425987244,41.36919403076172,2.946523904800415,0.38815614581108093,0.574907660484314
True,False,False,False,351,14.039999961853027,0.2981186509132385,17.72421646118164,0.944284975528717,25.620695114135742,1.8248358964920044,0.44909974932670593,0.5628055334091187
True,False,False,False,351,14.039999961853027,0.2837267220020294,17.14390754699707,0.9659116268157959,24.311460494995117,1.7315855026245117,0.3544265925884247,0.5328259468078613
True,False,False,False,351,14.039999961853027,0.27147945761680603,17.581430435180664,0.9421432614326477,37.60113525390625,2.6781435012817383,0.45442506670951843,0.5649100542068481
True,False,False,False,352,14.079999923706055,0.29582148790359497,18.021484375,0.939406156539917,39.31233596801758,2.792069435119629,0.4577271640300751,0.5632482171058655
True,False,False,False,352,14.079999923706055,0.29690149426460266,19.472633361816406,0.8642352223396301,84.38483428955078,5.993241310119629,0.45115968585014343,0.5627508163452148
True,False,False,False,352,14.079999923706055,0.2999635338783264,17.62434196472168,0.9442271590232849,39.88356399536133,2.832639455795288,0.4705832898616791,0.56534743309021
True,False,False,False,352,14.079999923706055,0.2667078375816345,17.636043548583984,0.9367972016334534,44.41730499267578,3.1546380519866943,0.44754758477211,0.5648017525672913
True,False,False,False,352,14.079999923706055,0.28187263011932373,17.05423927307129,0.9734743237495422,14.723353385925293,1.0456926822662354,0.37247011065483093,0.5339874029159546
True,False,False,False,352,14.079999923706055,0.28165915608406067,17.989133834838867,0.9422505497932434,28.47879981994629,2.022642135620117,0.44591066241264343,0.5609863996505737
True,False,False,False,353,14.119999885559082,0.2842825651168823,17.14049530029297,0.968463659286499,21.816635131835938,1.545087456703186,0.39479324221611023,0.5391072630882263
True,False,False,False,353,14.119999885559082,0.2803005874156952,17.586532592773438,0.9369934797286987,42.842124938964844,3.034144878387451,0.47104188799858093,0.5647827982902527
True,False,False,False,353,14.119999885559082,0.2636805772781372,17.323772430419922,0.9694888591766357,22.893285751342773,1.6213375329971313,0.34945985674858093,0.5298672914505005
True,False,False,False,353,14.119999885559082,0.2992759644985199,17.171903610229492,0.968520998954773,17.562728881835938,1.2438193559646606,0.36755678057670593,0.529278039932251
True,False,False,False,353,14.119999885559082,0.2841688096523285,18.009057998657227,0.9390724301338196,37.8382568359375,2.6797633171081543,0.4563586413860321,0.5628314018249512
True,False,False,False,353,14.119999885559082,0.27120235562324524,17.62221336364746,0.935832679271698,37.9371223449707,2.68676495552063,0.4638207256793976,0.5653627514839172
True,False,False,False,353,14.119999885559082,0.283708781003952,17.89698600769043,0.9286690354347229,40.78371810913086,2.8883652687072754,0.36463263630867004,0.5735132098197937
True,False,False,False,353,14.119999885559082,0.2679104804992676,17.558059692382812,0.9400110840797424,43.93954086303711,3.111865520477295,0.44899240136146545,0.5667994022369385
True,False,False,False,354,14.15999984741211,0.28296563029289246,17.92637062072754,0.9388530254364014,37.60911560058594,2.6560111045837402,0.45800134539604187,0.5616616606712341
True,False,False,False,354,14.15999984741211,0.2979110777378082,17.651342391967773,0.9370712637901306,44.08414077758789,3.1132867336273193,0.4660094678401947,0.5646278262138367
True,False,False,False,354,14.15999984741211,0.269280344247818,17.944002151489258,0.9342846870422363,40.08481216430664,2.830848455429077,0.44952699542045593,0.5625857710838318
True,False,False,False,355,14.199999809265137,0.29612210392951965,19.14726448059082,0.8700141906738281,83.34923553466797,5.869664669036865,0.4489433467388153,0.5622074604034424
True,False,False,False,355,14.199999809265137,0.27866625785827637,17.799720764160156,0.9417821168899536,35.3272590637207,2.487835168838501,0.4595649540424347,0.5645769238471985
True,False,False,False,356,14.239999771118164,0.2943713068962097,16.966705322265625,0.9735721945762634,13.964639663696289,0.9806629419326782,0.37626954913139343,0.5363311171531677
True,False,False,False,356,14.239999771118164,0.280249685049057,17.72370147705078,0.9391840100288391,38.80483627319336,2.7250587940216064,0.4647403061389923,0.5629830956459045
True,False,False,False,356,14.239999771118164,0.29422685503959656,17.180139541625977,0.9606714248657227,23.14919090270996,1.625645399093628,0.3710213005542755,0.5378668308258057
True,False,False,False,356,14.239999771118164,0.267678827047348,17.965801239013672,0.9373920559883118,34.739776611328125,2.4395911693573,0.44850465655326843,0.5636626482009888
True,False,False,False,357,14.279999732971191,0.28531357645988464,17.27802276611328,0.9747981429100037,17.21973991394043,1.2058641910552979,0.3619917333126068,0.5256213545799255
True,False,False,False,357,14.279999732971191,0.25666072964668274,17.54427146911621,0.9610612988471985,37.2437744140625,2.608107566833496,0.34761354327201843,0.5254636406898499
True,False,False,False,357,14.279999732971191,0.2822878956794739,17.71178436279297,0.9364768266677856,41.08964538574219,2.8774261474609375,0.459402471780777,0.5637553930282593
True,False,False,False,357,14.279999732971191,0.2936856150627136,17.11838150024414,0.971462607383728,24.42977523803711,1.7107685804367065,0.3498346507549286,0.5371773838996887
True,False,False,False,357,14.279999732971191,0.2915361225605011,17.189943313598633,0.9602319002151489,27.95162582397461,1.9573967456817627,0.37692204117774963,0.5385967493057251
True,False,False,False,357,14.279999732971191,0.27001774311065674,17.153793334960938,0.9739920496940613,14.06607723236084,0.9850194454193115,0.37111207842826843,0.5310184955596924
True,False,False,False,357,14.279999732971191,0.255633682012558,18.07324981689453,0.9212449789047241,45.99452209472656,3.220905065536499,0.35907289385795593,0.5736148953437805
True,False,False,False,357,14.279999732971191,0.2908402979373932,17.093530654907227,0.9725058078765869,15.381582260131836,1.0771416425704956,0.37681886553764343,0.5312955379486084
True,False,False,False,357,14.279999732971191,0.2740766406059265,17.848787307739258,0.9360478520393372,43.05910110473633,3.015343189239502,0.4493858516216278,0.5636934638023376
True,False,False,False,357,14.279999732971191,0.28786414861679077,19.439964294433594,0.8525525331497192,94.18461608886719,6.595561504364014,0.44282838702201843,0.562184751033783
True,False,False,False,358,14.319999694824219,0.2888607680797577,19.146045684814453,0.8719645738601685,78.76376342773438,5.50026273727417,0.4509104788303375,0.5626185536384583
True,False,False,False,358,14.319999694824219,0.29405152797698975,19.39338493347168,0.8548490405082703,102.79354858398438,7.178320407867432,0.4667329490184784,0.5633780360221863
True,False,False,False,358,14.319999694824219,0.2895831763744354,17.391708374023438,0.9751067757606506,20.50832748413086,1.4321458339691162,0.3625059425830841,0.5243759155273438
True,False,False,False,358,14.319999694824219,0.2742455303668976,19.815242767333984,0.8488689661026001,104.01220703125,7.26342248916626,0.47096672654151917,0.5637305378913879
True,False,False,False,358,14.319999694824219,0.28865140676498413,18.028202056884766,0.9159290790557861,64.6957778930664,4.517861843109131,0.4836731255054474,0.5680813193321228
True,False,False,False,358,14.319999694824219,0.25807061791419983,18.26304054260254,0.9262202382087708,39.00121307373047,2.723548412322998,0.36381837725639343,0.5736008286476135
True,False,False,False,359,14.359999656677246,0.29919686913490295,17.153776168823242,0.9663498997688293,23.531330108642578,1.6386719942092896,0.34900209307670593,0.5334295630455017
True,False,False,False,360,14.399999618530273,0.28112703561782837,19.644655227661133,0.8521959781646729,101.57182312011719,7.053598880767822,0.44820287823677063,0.5630634427070618
True,False,False,False,360,14.399999618530273,0.28591179847717285,17.47893524169922,0.9641643166542053,24.412635803222656,1.6953219175338745,0.3581570088863373,0.522610604763031
True,False,False,False,360,14.399999618530273,0.27907466888427734,17.521751403808594,0.9451813101768494,25.598970413208008,1.7777063846588135,0.4508800208568573,0.5644491314888
True,False,False,False,360,14.399999618530273,0.27800822257995605,17.805496215820312,0.9405134916305542,38.277801513671875,2.6581807136535645,0.4533096253871918,0.5632326006889343
True,False,False,False,360,14.399999618530273,0.29677850008010864,17.176374435424805,0.9744109511375427,17.310190200805664,1.2020965814590454,0.355136901140213,0.5290958285331726
True,False,False,False,360,14.399999618530273,0.28939706087112427,19.834348678588867,0.8494004011154175,98.27111053466797,6.824382781982422,0.4547382891178131,0.5622628331184387
True,False,False,False,360,14.399999618530273,0.26499679684638977,19.811304092407227,0.8477172255516052,102.61823272705078,7.1262664794921875,0.45185449719429016,0.5632880330085754
True,False,False,False,361,14.4399995803833,0.2860718369483948,17.80989646911621,0.9290978312492371,41.49988555908203,2.873953342437744,0.45652154088020325,0.5647324919700623
True,False,False,False,361,14.4399995803833,0.2983124256134033,17.4973201751709,0.9581261873245239,27.235366821289062,1.8861057758331299,0.37935617566108704,0.527412474155426
True,False,False,False,361,14.4399995803833,0.296947181224823,17.994722366333008,0.9336385130882263,49.942501068115234,3.4586219787597656,0.4517172873020172,0.5658604502677917
True,False,False,False,361,14.4399995803833,0.27610811591148376,18.14931297302246,0.9153668284416199,69.34724426269531,4.802440643310547,0.4821731150150299,0.5679707527160645
True,False,False,False,361,14.4399995803833,0.2837347686290741,17.815380096435547,0.9376188516616821,39.39783477783203,2.728381872177124,0.44948121905326843,0.5627958178520203
True,False,False,False,361,14.4399995803833,0.2759159803390503,17.64173698425293,0.9408435225486755,39.880943298339844,2.76183819770813,0.45048823952674866,0.5655316114425659
True,False,False,False,361,14.4399995803833,0.2864961624145508,17.92878532409668,0.9461634755134583,30.633424758911133,2.1214282512664795,0.4592802822589874,0.5634416341781616
True,False,False,False,361,14.4399995803833,0.2585638463497162,18.16663360595703,0.9235947728157043,46.331459045410156,3.208549976348877,0.37182751297950745,0.5744284987449646
True,False,False,False,362,14.479999542236328,0.2591480314731598,17.475370407104492,0.9553902745246887,30.727678298950195,2.122077226638794,0.3918127119541168,0.5356056690216064
True,False,False,False,362,14.479999542236328,0.25317326188087463,17.453609466552734,0.971544086933136,20.886096954345703,1.4424101114273071,0.3583775460720062,0.5217225551605225
True,False,False,False,362,14.479999542236328,0.27637359499931335,17.04318618774414,0.9719474911689758,17.293636322021484,1.1943119764328003,0.37856796383857727,0.5336520075798035
True,False,False,False,363,14.519999504089355,0.2773016095161438,18.007186889648438,0.9408792853355408,31.4771728515625,2.167849540710449,0.4467613399028778,0.5616840720176697
True,False,False,False,363,14.519999504089355,0.27156615257263184,18.040767669677734,0.939645528793335,40.38291549682617,2.7811925411224365,0.46226808428764343,0.5648647546768188
True,False,False,False,363,14.519999504089355,0.29527923464775085,18.145402908325195,0.9261515736579895,46.19365692138672,3.1813814640045166,0.35722437500953674,0.5742708444595337
True,False,False,False,364,14.559999465942383,0.26672470569610596,17.9329776763916,0.9354850053787231,44.53569030761719,3.058769941329956,0.45685121417045593,0.563393771648407
True,False,False,False,364,14.559999465942383,0.27967503666877747,18.041263580322266,0.9390645623207092,36.55181121826172,2.5104267597198486,0.4635869562625885,0.5622125864028931
True,False,False,False,364,14.559999465942383,0.2903986871242523,17.585466384887695,0.9422027468681335,43.12783432006836,2.9620766639709473,0.4474847614765167,0.5660126209259033
True,False,False,False,364,14.559999465942383,0.2794090211391449,19.499061584472656,0.8440570831298828,107.08533477783203,7.354762077331543,0.46089276671409607,0.5622045397758484
True,False,False,False,364,14.559999465942383,0.2749955654144287,17.926231384277344,0.9379984736442566,48.0355224609375,3.299143075942993,0.45339199900627136,0.565021812915802
True,False,False,False,364,14.559999465942383,0.28566640615463257,19.65119743347168,0.8604637980461121,95.94064331054688,6.589330196380615,0.4640330374240875,0.5633532404899597
True,False,False,False,364,14.559999465942383,0.25846463441848755,17.267953872680664,0.970981776714325,21.386194229125977,1.468832015991211,0.3681999742984772,0.5388978719711304
True,False,False,False,365,14.59999942779541,0.2960740923881531,19.952598571777344,0.8447110652923584,105.74010467529297,7.242473125457764,0.44813308119773865,0.5631023049354553
True,False,False,False,365,14.59999942779541,0.2986191213130951,18.07754898071289,0.9169553518295288,54.68048095703125,3.7452385425567627,0.34981080889701843,0.5745237469673157
True,False,False,False,366,14.639999389648438,0.2881257236003876,18.00714683532715,0.9298954606056213,36.01815414428711,2.460256576538086,0.44554516673088074,0.5610878467559814
True,False,False,False,366,14.639999389648438,0.2716624140739441,17.73335075378418,0.931572437286377,54.26347351074219,3.706521511077881,0.45341530442237854,0.5656992197036743
True,False,False,False,366,14.639999389648438,0.2618381083011627,17.151721954345703,0.9655299186706543,22.565011978149414,1.5413260459899902,0.3961584270000458,0.5401414036750793
True,False,False,False,366,14.639999389648438,0.2709880471229553,17.975421905517578,0.9232081770896912,49.02524948120117,3.348719358444214,0.3746046721935272,0.5744662880897522
True,False,False,False,366,14.639999389648438,0.2858603894710541,17.729455947875977,0.939871609210968,44.765289306640625,3.0577385425567627,0.45852968096733093,0.5647397041320801
True,False,False,False,367,14.679999351501465,0.26710861921310425,18.243932723999023,0.9215704202651978,68.28658294677734,4.651674747467041,0.4587678611278534,0.5696269869804382
True,False,False,False,367,14.679999351501465,0.2562991678714752,17.60230827331543,0.9594898819923401,27.172163009643555,1.850964903831482,0.3816337287425995,0.5266773700714111
True,False,False,False,368,14.719999313354492,0.289728581905365,17.93006134033203,0.9381240606307983,45.708133697509766,3.1051721572875977,0.4658968150615692,0.5651030540466309
True,False,False,False,368,14.719999313354492,0.25545185804367065,17.353622436523438,0.9721744656562805,14.087651252746582,0.9570415616035461,0.3640854060649872,0.5210917592048645
True,False,False,False,369,14.75999927520752,0.2960943579673767,18.279935836791992,0.9219484925270081,44.680667877197266,3.0271456241607666,0.36596986651420593,0.5758978724479675
True,False,False,False,369,14.75999927520752,0.26861342787742615,19.697975158691406,0.8514882326126099,98.55989074707031,6.677499771118164,0.4684673845767975,0.5632798075675964
True,False,False,False,369,14.75999927520752,0.2932717800140381,18.044099807739258,0.9366690516471863,32.788230895996094,2.2214250564575195,0.44884034991264343,0.5633803009986877
True,False,False,False,369,14.75999927520752,0.28058671951293945,18.035499572753906,0.9399992227554321,37.17256164550781,2.5184664726257324,0.4526083767414093,0.5630756616592407
True,False,False,False,369,14.75999927520752,0.2629624009132385,17.619441986083984,0.9568676352500916,26.546878814697266,1.7985690832138062,0.38515058159828186,0.5288958549499512
True,False,False,False,369,14.75999927520752,0.27334174513816833,17.619953155517578,0.9371049404144287,44.171443939208984,2.992645502090454,0.452973335981369,0.5661361217498779
True,False,False,False,370,14.799999237060547,0.2660650312900543,18.266897201538086,0.925596296787262,55.97323989868164,3.781975746154785,0.4511137902736664,0.564648449420929
True,False,False,False,370,14.799999237060547,0.2763025462627411,17.78826141357422,0.9431759119033813,34.92337417602539,2.359687566757202,0.459573894739151,0.5646473169326782
True,False,False,False,370,14.799999237060547,0.2580725848674774,18.032482147216797,0.9272430539131165,41.80082702636719,2.824380397796631,0.3830987513065338,0.5733608603477478
True,False,False,False,370,14.799999237060547,0.27292466163635254,19.512128829956055,0.8495016694068909,101.3719482421875,6.849456310272217,0.45447084307670593,0.5638304948806763
True,False,False,False,370,14.799999237060547,0.26696398854255676,18.15782928466797,0.922678530216217,44.89994812011719,3.033780336380005,0.40219005942344666,0.5751535296440125
True,False,False,False,371,14.839999198913574,0.2911500036716461,19.261024475097656,0.8741921782493591,79.71976470947266,5.371952056884766,0.45047727227211,0.562134861946106
True,False,False,False,371,14.839999198913574,0.2761176526546478,17.838342666625977,0.9384088516235352,32.2382926940918,2.172391891479492,0.44740602374076843,0.5614164471626282
True,False,False,False,372,14.880000114440918,0.2987249493598938,17.613874435424805,0.9407709836959839,32.755043029785156,2.201279640197754,0.44801637530326843,0.5621694326400757
True,False,False,False,372,14.880000114440918,0.2954462766647339,19.438404083251953,0.8544245958328247,101.54650115966797,6.824361801147461,0.457709938287735,0.5631176829338074
True,False,False,False,373,14.920000076293945,0.2972775101661682,18.40833854675293,0.9203740358352661,66.18696594238281,4.436123847961426,0.46531036496162415,0.5654107332229614
True,False,False,False,373,14.920000076293945,0.2963503301143646,17.974061965942383,0.9410902261734009,30.121824264526367,2.0188889503479004,0.44871827960014343,0.5607941150665283
True,False,False,False,374,14.960000038146973,0.2787446677684784,17.673574447631836,0.936061680316925,46.0799674987793,3.080211639404297,0.46753236651420593,0.5648214817047119
True,False,False,False,374,14.960000038146973,0.2683752477169037,19.77745246887207,0.8463053703308105,108.76734161376953,7.270544052124023,0.44842275977134705,0.5638076066970825
True,False,False,False,374,14.960000038146973,0.29918158054351807,19.746042251586914,0.8485754132270813,107.53345489501953,7.188065052032471,0.4695814549922943,0.5620391368865967
True,False,False,False,374,14.960000038146973,0.2890104651451111,17.99930191040039,0.9417849183082581,42.71549606323242,2.855314016342163,0.4578673541545868,0.5643876194953918
True,False,False,False,375,15.0,0.27221202850341797,17.819543838500977,0.9433189630508423,27.83045768737793,1.8553638458251953,0.45104530453681946,0.5627060532569885
True,False,False,False,375,15.0,0.27330532670021057,18.03721046447754,0.9358839392662048,48.613033294677734,3.2408688068389893,0.4701705276966095,0.5639008283615112
True,False,False,False,376,15.039999961853027,0.2584313154220581,18.395109176635742,0.9209144115447998,53.31337356567383,3.544772148132324,0.3886648118495941,0.5757730007171631
True,False,False,False,376,15.039999961853027,0.29535871744155884,17.855525970458984,0.9218524098396301,47.015380859375,3.1260225772857666,0.36791762709617615,0.5757540464401245
True,False,False,False,376,15.039999961853027,0.2603311836719513,18.14400291442871,0.9073271751403809,62.034645080566406,4.124643802642822,0.3961324989795685,0.5788736343383789
True,False,False,False,376,15.039999961853027,0.29776328802108765,18.209257125854492,0.9233826398849487,44.91970443725586,2.986682415008545,0.35338136553764343,0.573683500289917
True,False,False,False,377,15.079999923706055,0.27926141023635864,17.66216278076172,0.943630576133728,30.324304580688477,2.0108954906463623,0.45197179913520813,0.5635999441146851
True,False,False,False,377,15.079999923706055,0.26701053977012634,17.86629867553711,0.9226362109184265,66.15849304199219,4.387167930603027,0.4650515615940094,0.5671989917755127
True,False,False,False,377,15.079999923706055,0.2881815731525421,18.924415588378906,0.8723624348640442,87.4697036743164,5.800378322601318,0.45853284001350403,0.5631084442138672
True,False,False,False,377,15.079999923706055,0.2514072060585022,18.041072845458984,0.9197570085525513,45.45825958251953,3.0144734382629395,0.37175294756889343,0.5749158263206482
True,False,False,False,378,15.119999885559082,0.27168458700180054,19.95343780517578,0.8469496369361877,103.78590393066406,6.864147186279297,0.4502018988132477,0.5624110698699951
True,False,False,False,378,15.119999885559082,0.2881200611591339,19.065271377563477,0.8700656294822693,88.97230529785156,5.884411811828613,0.45007291436195374,0.5627641081809998
True,False,False,False,379,15.15999984741211,0.27562567591667175,20.341026306152344,0.8249727487564087,124.64984893798828,8.222285270690918,0.4861733615398407,0.5648302435874939
True,False,False,False,380,15.199999809265137,0.29855605959892273,17.977432250976562,0.9357374906539917,41.05376052856445,2.7009053230285645,0.4591487944126129,0.5642712712287903
True,False,False,False,380,15.199999809265137,0.2630787491798401,19.24152183532715,0.8806946873664856,93.24594116210938,6.134601593017578,0.39812609553337097,0.5724552869796753
True,False,False,False,380,15.199999809265137,0.293537437915802,17.82813262939453,0.9434912204742432,36.598899841308594,2.407822370529175,0.450362890958786,0.5645004510879517
True,False,False,False,381,15.239999771118164,0.29466402530670166,18.88140869140625,0.8802664279937744,78.03961181640625,5.120709419250488,0.4519912898540497,0.5627999901771545
True,False,False,False,381,15.239999771118164,0.27357184886932373,17.969995498657227,0.9276689291000366,42.121768951416016,2.7638957500457764,0.37583014369010925,0.5737029314041138
True,False,False,False,381,15.239999771118164,0.26710304617881775,17.90816307067871,0.9382947087287903,47.84890365600586,3.1396918296813965,0.4759402573108673,0.5658517479896545
True,False,False,False,382,15.279999732971191,0.2831557095050812,17.823869705200195,0.9345880746841431,48.00168228149414,3.1414713859558105,0.44988933205604553,0.5653893947601318
True,False,False,False,382,15.279999732971191,0.296568363904953,19.270689010620117,0.8543583750724792,100.37407684326172,6.568984031677246,0.46352526545524597,0.563616156578064
True,False,False,False,384,15.359999656677246,0.2815955877304077,17.82902717590332,0.9367825388908386,38.60032272338867,2.5130419731140137,0.44839784502983093,0.5624306201934814
True,False,False,False,385,15.399999618530273,0.2728448510169983,19.070833206176758,0.8708131313323975,91.00891876220703,5.909670352935791,0.4504372179508209,0.5637741088867188
True,False,False,False,387,15.479999542236328,0.28004997968673706,18.112218856811523,0.9262876510620117,62.37952423095703,4.029685020446777,0.45862242579460144,0.5671777725219727
True,False,False,False,387,15.479999542236328,0.2865237295627594,17.768417358398438,0.945924699306488,28.87883949279785,1.86555814743042,0.4594667851924896,0.5643013715744019
True,False,False,False,388,15.519999504089355,0.2840207815170288,19.487539291381836,0.8573108315467834,100.52239227294922,6.476958274841309,0.457554429769516,0.5622256398200989
True,False,False,False,389,15.559999465942383,0.2953586280345917,17.599267959594727,0.9425017833709717,30.295549392700195,1.9470148086547852,0.44870302081108093,0.5625787377357483
True,False,False,False,389,15.559999465942383,0.268756240606308,17.80405044555664,0.9343438744544983,44.895782470703125,2.8853330612182617,0.450454980134964,0.565200924873352
True,False,False,False,389,15.559999465942383,0.27799510955810547,19.452960968017578,0.859541654586792,96.10993194580078,6.176731109619141,0.45994898676872253,0.562384843826294
True,False,False,False,391,15.639999389648438,0.26809945702552795,19.290678024291992,0.8534764647483826,105.23685455322266,6.728699207305908,0.4628167450428009,0.5628654360771179
True,False,False,False,393,15.719999313354492,0.29727575182914734,19.69972801208496,0.8493983149528503,105.03480529785156,6.681603908538818,0.4745923578739166,0.5637652277946472
True,False,False,False,393,15.719999313354492,0.2995414435863495,17.97870445251465,0.9198697805404663,71.2327880859375,4.53134822845459,0.464284747838974,0.569257915019989
True,False,False,False,393,15.719999313354492,0.28411272168159485,18.083097457885742,0.9175482988357544,68.00245666503906,4.3258562088012695,0.47560766339302063,0.5672319531440735
True,False,False,False,394,15.75999927520752,0.28723424673080444,19.59891128540039,0.8641865849494934,94.97675323486328,6.026443958282471,0.4533074200153351,0.563348114490509
True,False,False,False,397,15.880000114440918,0.2673584818840027,19.14798355102539,0.8646919131278992,99.0683822631836,6.238563060760498,0.4620986878871918,0.5627904534339905
True,False,False,False,398,15.920000076293945,0.2771163880825043,19.306989669799805,0.8592756986618042,101.19659423828125,6.356569766998291,0.45488283038139343,0.5637935996055603
True,False,False,False,399,15.960000038146973,0.2731630504131317,19.04966926574707,0.8652889728546143,90.54948425292969,5.673526763916016,0.4518429934978485,0.5624725818634033
True,False,False,False,400,16.0,0.2782761752605438,19.690824508666992,0.8570356369018555,102.3016357421875,6.393852233886719,0.4786823093891144,0.5639743804931641
True,False,False,False,402,16.079999923706055,0.27724239230155945,19.217592239379883,0.859007716178894,101.01364135742188,6.281942844390869,0.46260181069374084,0.5630938410758972
True,False,False,False,402,16.079999923706055,0.26485341787338257,20.01233673095703,0.8460589051246643,116.57557678222656,7.249724864959717,0.46641805768013,0.5634812116622925
True,False,False,False,404,16.15999984741211,0.2777281701564789,19.02596092224121,0.8734837770462036,85.6821517944336,5.3021135330200195,0.4474762976169586,0.5626693964004517
True,False,False,False,405,16.19999885559082,0.2980910837650299,19.403518676757812,0.8675837516784668,97.38642120361328,6.011507987976074,0.4589305818080902,0.56242436170578
True,False,False,False,409,16.35999870300293,0.2805235683917999,19.577802658081055,0.8642398118972778,101.25606536865234,6.189246654510498,0.44707366824150085,0.5625144839286804
True,False,False,False,411,16.440000534057617,0.2696486711502075,19.0915470123291,0.8685711622238159,94.47506713867188,5.7466583251953125,0.44432637095451355,0.5618377923965454
True,False,False,False,414,16.559999465942383,0.2774747610092163,19.707828521728516,0.8588389158248901,106.67826843261719,6.441924571990967,0.45568594336509705,0.5632117390632629
True,False,False,False,419,16.760000228881836,0.2708631455898285,19.24412727355957,0.8627908229827881,99.40966033935547,5.931364059448242,0.4565269649028778,0.5629129409790039
True,False,False,False,420,16.799999237060547,0.2920573353767395,19.336416244506836,0.8548129200935364,114.11832427978516,6.792757511138916,0.45858094096183777,0.5633322596549988
True,False,False,False,421,16.84000015258789,0.28555333614349365,19.93290901184082,0.8499321341514587,117.53895568847656,6.979747772216797,0.44832155108451843,0.5629317760467529
True,False,False,False,422,16.8799991607666,0.28330349922180176,19.19951629638672,0.8653119802474976,94.17463684082031,5.579066276550293,0.44562074542045593,0.5629910230636597
True,False,False,False,433,17.31999969482422,0.29740816354751587,19.69856834411621,0.8562794327735901,111.49356079101562,6.437272548675537,0.46296754479408264,0.5627620220184326
True,False,False,False,436,17.440000534057617,0.29629063606262207,19.83270263671875,0.8505728244781494,119.1706771850586,6.833180904388428,0.4734722077846527,0.5642879009246826
True,False,False,False,459,18.35999870300293,0.2999327480792999,19.81802749633789,0.8501681685447693,126.37623596191406,6.883237838745117,0.4610779583454132,0.5631812810897827
True,False,False,False,459,18.35999870300293,0.29798412322998047,20.408588409423828,0.821596086025238,152.84884643554688,8.325100898742676,0.45826616883277893,0.5638120174407959
