goal_reached,collision,out_of_bounds,time_out,episode_steps,duration_s,final_distance_to_goal_m,path_length_m,trajectory_efficiency,command_variation_mps,command_variation_rate_mps2,min_clearance_m,mean_residual_mps
True,False,False,False,300,12.0,0.2588891386985779,17.281396865844727,0.9663571119308472,13.73175048828125,1.1443125009536743,0.37517091631889343,0.5217745304107666
True,False,False,False,300,12.0,0.2588891386985779,17.281396865844727,0.9663571119308472,13.73175048828125,1.1443125009536743,0.37517091631889343,0.5217745304107666
True,False,False,False,300,12.0,0.2588891386985779,17.281396865844727,0.9663571119308472,13.73175048828125,1.1443125009536743,0.37517091631889343,0.5217745304107666
True,False,False,False,300,12.0,0.2588891386985779,17.281396865844727,0.9663571119308472,13.73175048828125,1.1443125009536743,0.37517091631889343,0.5217745304107666
True,False,False,False,300,12.0,0.2588891386985779,17.281396865844727,0.9663571119308472,13.73175048828125,1.1443125009536743,0.37517091631889343,0.5217745304107666
True,False,False,False,300,12.0,0.2588891386985779,17.281396865844727,0.9663571119308472,13.73175048828125,1.1443125009536743,0.37517091631889343,0.5217745304107666
True,False,False,False,300,12.0,0.2638777494430542,17.280244827270508,0.9664215445518494,14.275650978088379,1.189637541770935,0.37523195147514343,0.5217458605766296
True,False,False,False,300,12.0,0.2638777494430542,17.280244827270508,0.9664215445518494,14.275650978088379,1.189637541770935,0.37523195147514343,0.5217458605766296
True,False,False,False,300,12.0,0.2638777494430542,17.280244827270508,0.9664215445518494,14.275650978088379,1.189637541770935,0.37523195147514343,0.5217458605766296
True,False,False,False,300,12.0,0.2638777494430542,17.280244827270508,0.9664215445518494,14.275650978088379,1.189637541770935,0.37523195147514343,0.5217458605766296
True,False,False,False,300,12.0,0.2638777494430542,17.280244827270508,0.9664215445518494,14.275650978088379,1.189637541770935,0.37523195147514343,0.5217458605766296
True,False,False,False,300,12.0,0.25954824686050415,17.281309127807617,0.9663619995117188,13.731963157653809,1.1443302631378174,0.37498781085014343,0.5217770934104919
True,False,False,False,300,12.0,0.25954824686050415,17.281309127807617,0.9663619995117188,13.731963157653809,1.1443302631378174,0.37498781085014343,0.5217770934104919
True,False,False,False,300,12.0,0.26356008648872375,17.28013801574707,0.9664275050163269,14.275556564331055,1.1896296739578247,0.37514039874076843,0.5217426419258118
True,False,False,False,300,12.0,0.26356008648872375,17.28013801574707,0.9664275050163269,14.275556564331055,1.1896296739578247,0.37514039874076843,0.5217426419258118
True,False,False,False,300,12.0,0.26356241106987,17.280128479003906,0.9664280414581299,14.275538444519043,1.18962824344635,0.37512895464897156,0.5217422842979431
True,False,False,False,300,12.0,0.26356241106987,17.280128479003906,0.9664280414581299,14.275538444519043,1.18962824344635,0.37512895464897156,0.5217422842979431
True,False,False,False,300,12.0,0.26356008648872375,17.28013801574707,0.9664275050163269,14.275556564331055,1.1896296739578247,0.37514039874076843,0.5217426419258118
True,False,False,False,300,12.0,0.26356008648872375,17.28013801574707,0.9664275050163269,14.275556564331055,1.1896296739578247,0.37514039874076843,0.5217426419258118
True,False,False,False,300,12.0,0.25954824686050415,17.281309127807617,0.9663619995117188,13.731963157653809,1.1443302631378174,0.37498781085014343,0.5217770934104919
True,False,False,False,300,12.0,0.25954824686050415,17.281309127807617,0.9663619995117188,13.731963157653809,1.1443302631378174,0.37498781085014343,0.5217770934104919
True,False,False,False,300,12.0,0.2638777494430542,17.280244827270508,0.9664215445518494,14.275650978088379,1.189637541770935,0.37523195147514343,0.5217458605766296
True,False,False,False,300,12.0,0.2638777494430542,17.280244827270508,0.9664215445518494,14.275650978088379,1.189637541770935,0.37523195147514343,0.5217458605766296
True,False,False,False,300,12.0,0.2638777494430542,17.280244827270508,0.9664215445518494,14.275650978088379,1.189637541770935,0.37523195147514343,0.5217458605766296
True,False,False,False,300,12.0,0.2638777494430542,17.280244827270508,0.9664215445518494,14.275650978088379,1.189637541770935,0.37523195147514343,0.5217458605766296
True,False,False,False,300,12.0,0.2638777494430542,17.280244827270508,0.9664215445518494,14.275650978088379,1.189637541770935,0.37523195147514343,0.5217458605766296
True,False,False,False,300,12.0,0.2588891386985779,17.281396865844727,0.9663571119308472,13.73175048828125,1.1443125009536743,0.37517091631889343,0.5217745304107666
True,False,False,False,300,12.0,0.2588891386985779,17.281396865844727,0.9663571119308472,13.73175048828125,1.1443125009536743,0.37517091631889343,0.5217745304107666
True,False,False,False,300,12.0,0.2588891386985779,17.281396865844727,0.9663571119308472,13.73175048828125,1.1443125009536743,0.37517091631889343,0.5217745304107666
True,False,False,False,300,12.0,0.2588891386985779,17.281396865844727,0.9663571119308472,13.73175048828125,1.1443125009536743,0.37517091631889343,0.5217745304107666
True,False,False,False,300,12.0,0.2588891386985779,17.281396865844727,0.9663571119308472,13.73175048828125,1.1443125009536743,0.37517091631889343,0.5217745304107666
True,False,False,False,300,12.0,0.2588891386985779,17.281396865844727,0.9663571119308472,13.73175048828125,1.1443125009536743,0.37517091631889343,0.5217745304107666
True,False,False,False,300,12.0,0.2588891386985779,17.281396865844727,0.9663571119308472,13.73175048828125,1.1443125009536743,0.37517091631889343,0.5217745304107666
True,False,False,False,300,12.0,0.2588891386985779,17.281396865844727,0.9663571119308472,13.73175048828125,1.1443125009536743,0.37517091631889343,0.5217745304107666
True,False,False,False,300,12.0,0.2588891386985779,17.281396865844727,0.9663571119308472,13.73175048828125,1.1443125009536743,0.37517091631889343,0.5217745304107666
True,False,False,False,300,12.0,0.2588891386985779,17.281396865844727,0.9663571119308472,13.73175048828125,1.1443125009536743,0.37517091631889343,0.5217745304107666
True,False,False,False,300,12.0,0.2588891386985779,17.281396865844727,0.9663571119308472,13.73175048828125,1.1443125009536743,0.37517091631889343,0.5217745304107666
True,False,False,False,300,12.0,0.2588891386985779,17.281396865844727,0.9663571119308472,13.73175048828125,1.1443125009536743,0.37517091631889343,0.5217745304107666
True,False,False,False,300,12.0,0.2638777494430542,17.280244827270508,0.9664215445518494,14.275650978088379,1.189637541770935,0.37523195147514343,0.5217458605766296
True,False,False,False,300,12.0,0.2638777494430542,17.280244827270508,0.9664215445518494,14.275650978088379,1.189637541770935,0.37523195147514343,0.5217458605766296
True,False,False,False,300,12.0,0.2638777494430542,17.280244827270508,0.9664215445518494,14.275650978088379,1.189637541770935,0.37523195147514343,0.5217458605766296
True,False,False,False,300,12.0,0.2638777494430542,17.280244827270508,0.9664215445518494,14.275650978088379,1.189637541770935,0.37523195147514343,0.5217458605766296
True,False,False,False,300,12.0,0.2638777494430542,17.280244827270508,0.9664215445518494,14.275650978088379,1.189637541770935,0.37523195147514343,0.5217458605766296
True,False,False,False,300,12.0,0.25954824686050415,17.281309127807617,0.9663619995117188,13.731963157653809,1.1443302631378174,0.37498781085014343,0.5217770934104919
True,False,False,False,300,12.0,0.25954824686050415,17.281309127807617,0.9663619995117188,13.731963157653809,1.1443302631378174,0.37498781085014343,0.5217770934104919
True,False,False,False,300,12.0,0.26356008648872375,17.28013801574707,0.9664275050163269,14.275556564331055,1.1896296739578247,0.37514039874076843,0.5217426419258118
True,False,False,False,300,12.0,0.26356008648872375,17.28013801574707,0.9664275050163269,14.275556564331055,1.1896296739578247,0.37514039874076843,0.5217426419258118
True,False,False,False,300,12.0,0.26356241106987,17.280128479003906,0.9664280414581299,14.275538444519043,1.18962824344635,0.37512895464897156,0.5217422842979431
True,False,False,False,300,12.0,0.26356241106987,17.280128479003906,0.9664280414581299,14.275538444519043,1.18962824344635,0.37512895464897156,0.5217422842979431
True,False,False,False,300,12.0,0.26356008648872375,17.28013801574707,0.9664275050163269,14.275556564331055,1.1896296739578247,0.37514039874076843,0.5217426419258118
True,False,False,False,300,12.0,0.26356008648872375,17.28013801574707,0.9664275050163269,14.275556564331055,1.1896296739578247,0.37514039874076843,0.5217426419258118
True,False,False,False,300,12.0,0.25954824686050415,17.281309127807617,0.9663619995117188,13.731963157653809,1.1443302631378174,0.37498781085014343,0.5217770934104919
True,False,False,False,300,12.0,0.25954824686050415,17.281309127807617,0.9663619995117188,13.731963157653809,1.1443302631378174,0.37498781085014343,0.5217770934104919
True,False,False,False,300,12.0,0.2638777494430542,17.280244827270508,0.9664215445518494,14.275650978088379,1.189637541770935,0.37523195147514343,0.5217458605766296
True,False,False,False,300,12.0,0.2638777494430542,17.280244827270508,0.9664215445518494,14.275650978088379,1.189637541770935,0.37523195147514343,0.5217458605766296
True,False,False,False,300,12.0,0.2638777494430542,17.280244827270508,0.9664215445518494,14.275650978088379,1.189637541770935,0.37523195147514343,0.5217458605766296
True,False,False,False,300,12.0,0.2638777494430542,17.280244827270508,0.9664215445518494,14.275650978088379,1.189637541770935,0.37523195147514343,0.5217458605766296
True,False,False,False,300,12.0,0.2638777494430542,17.280244827270508,0.9664215445518494,14.275650978088379,1.189637541770935,0.37523195147514343,0.5217458605766296
True,False,False,False,300,12.0,0.2588891386985779,17.281396865844727,0.9663571119308472,13.73175048828125,1.1443125009536743,0.37517091631889343,0.5217745304107666
True,False,False,False,300,12.0,0.2588891386985779,17.281396865844727,0.9663571119308472,13.73175048828125,1.1443125009536743,0.37517091631889343,0.5217745304107666
True,False,False,False,300,12.0,0.2588891386985779,17.281396865844727,0.9663571119308472,13.73175048828125,1.1443125009536743,0.37517091631889343,0.5217745304107666
True,False,False,False,300,12.0,0.2588891386985779,17.281396865844727,0.9663571119308472,13.73175048828125,1.1443125009536743,0.37517091631889343,0.5217745304107666
True,False,False,False,300,12.0,0.2588891386985779,17.281396865844727,0.9663571119308472,13.73175048828125,1.1443125009536743,0.37517091631889343,0.5217745304107666
True,False,False,False,300,12.0,0.2588891386985779,17.281396865844727,0.9663571119308472,13.73175048828125,1.1443125009536743,0.37517091631889343,0.5217745304107666
True,False,False,False,300,12.0,0.2588891386985779,17.281396865844727,0.9663571119308472,13.73175048828125,1.1443125009536743,0.37517091631889343,0.5217745304107666
True,False,False,False,300,12.0,0.2588891386985779,17.281396865844727,0.9663571119308472,13.73175048828125,1.1443125009536743,0.37517091631889343,0.5217745304107666
True,False,False,False,300,12.0,0.2588891386985779,17.281396865844727,0.9663571119308472,13.73175048828125,1.1443125009536743,0.37517091631889343,0.5217745304107666
True,False,False,False,300,12.0,0.2588891386985779,17.281396865844727,0.9663571119308472,13.73175048828125,1.1443125009536743,0.37517091631889343,0.5217745304107666
True,False,False,False,300,12.0,0.2588891386985779,17.281396865844727,0.9663571119308472,13.73175048828125,1.1443125009536743,0.37517091631889343,0.5217745304107666
True,False,False,False,300,12.0,0.2588891386985779,17.281396865844727,0.9663571119308472,13.73175048828125,1.1443125009536743,0.37517091631889343,0.5217745304107666
True,False,False,False,300,12.0,0.2638777494430542,17.280244827270508,0.9664215445518494,14.275650978088379,1.189637541770935,0.37523195147514343,0.5217458605766296
True,False,False,False,300,12.0,0.2638777494430542,17.280244827270508,0.9664215445518494,14.275650978088379,1.189637541770935,0.37523195147514343,0.5217458605766296
True,False,False,False,300,12.0,0.2638777494430542,17.280244827270508,0.9664215445518494,14.275650978088379,1.189637541770935,0.37523195147514343,0.5217458605766296
True,False,False,False,300,12.0,0.2638777494430542,17.280244827270508,0.9664215445518494,14.275650978088379,1.189637541770935,0.37523195147514343,0.5217458605766296
True,False,False,False,300,12.0,0.2638777494430542,17.280244827270508,0.9664215445518494,14.275650978088379,1.189637541770935,0.37523195147514343,0.5217458605766296
True,False,False,False,300,12.0,0.25954824686050415,17.281309127807617,0.9663619995117188,13.731963157653809,1.1443302631378174,0.37498781085014343,0.5217770934104919
True,False,False,False,300,12.0,0.25954824686050415,17.281309127807617,0.9663619995117188,13.731963157653809,1.1443302631378174,0.37498781085014343,0.5217770934104919
True,False,False,False,300,12.0,0.26356008648872375,17.28013801574707,0.9664275050163269,14.275556564331055,1.1896296739578247,0.37514039874076843,0.5217426419258118
True,False,False,False,300,12.0,0.26356008648872375,17.28013801574707,0.9664275050163269,14.275556564331055,1.1896296739578247,0.37514039874076843,0.5217426419258118
True,False,False,False,300,12.0,0.26356241106987,17.280128479003906,0.9664280414581299,14.275538444519043,1.18962824344635,0.37512895464897156,0.5217422842979431
True,False,False,False,300,12.0,0.26356241106987,17.280128479003906,0.9664280414581299,14.275538444519043,1.18962824344635,0.37512895464897156,0.5217422842979431
True,False,False,False,300,12.0,0.26356008648872375,17.28013801574707,0.9664275050163269,14.275556564331055,1.1896296739578247,0.37514039874076843,0.5217426419258118
True,False,False,False,300,12.0,0.26356008648872375,17.28013801574707,0.9664275050163269,14.275556564331055,1.1896296739578247,0.37514039874076843,0.5217426419258118
True,False,False,False,300,12.0,0.25954824686050415,17.281309127807617,0.9663619995117188,13.731963157653809,1.1443302631378174,0.37498781085014343,0.5217770934104919
True,False,False,False,300,12.0,0.25954824686050415,17.281309127807617,0.9663619995117188,13.731963157653809,1.1443302631378174,0.37498781085014343,0.5217770934104919
True,False,False,False,300,12.0,0.2638777494430542,17.280244827270508,0.9664215445518494,14.275650978088379,1.189637541770935,0.37523195147514343,0.5217458605766296
True,False,False,False,300,12.0,0.2638777494430542,17.280244827270508,0.9664215445518494,14.275650978088379,1.189637541770935,0.37523195147514343,0.5217458605766296
True,False,False,False,300,12.0,0.2638777494430542,17.280244827270508,0.9664215445518494,14.275650978088379,1.189637541770935,0.37523195147514343,0.5217458605766296
True,False,False,False,300,12.0,0.2638777494430542,17.280244827270508,0.9664215445518494,14.275650978088379,1.189637541770935,0.37523195147514343,0.5217458605766296
True,False,False,False,300,12.0,0.2638777494430542,17.280244827270508,0.9664215445518494,14.275650978088379,1.189637541770935,0.37523195147514343,0.5217458605766296
True,False,False,False,300,12.0,0.2588891386985779,17.281396865844727,0.9663571119308472,13.73175048828125,1.1443125009536743,0.37517091631889343,0.5217745304107666
True,False,False,False,300,12.0,0.2588891386985779,17.281396865844727,0.9663571119308472,13.73175048828125,1.1443125009536743,0.37517091631889343,0.5217745304107666
True,False,False,False,300,12.0,0.2588891386985779,17.281396865844727,0.9663571119308472,13.73175048828125,1.1443125009536743,0.37517091631889343,0.5217745304107666
True,False,False,False,300,12.0,0.2588891386985779,17.281396865844727,0.9663571119308472,13.73175048828125,1.1443125009536743,0.37517091631889343,0.5217745304107666
True,False,False,False,300,12.0,0.2588891386985779,17.281396865844727,0.9663571119308472,13.73175048828125,1.1443125009536743,0.37517091631889343,0.5217745304107666
True,False,False,False,300,12.0,0.2588891386985779,17.281396865844727,0.9663571119308472,13.73175048828125,1.1443125009536743,0.37517091631889343,0.5217745304107666
True,False,False,False,300,12.0,0.2588891386985779,17.281396865844727,0.9663571119308472,13.73175048828125,1.1443125009536743,0.37517091631889343,0.5217745304107666
True,False,False,False,300,12.0,0.2588891386985779,17.281396865844727,0.9663571119308472,13.73175048828125,1.1443125009536743,0.37517091631889343,0.5217745304107666
True,False,False,False,300,12.0,0.2588891386985779,17.281396865844727,0.9663571119308472,13.73175048828125,1.1443125009536743,0.37517091631889343,0.5217745304107666
True,False,False,False,300,12.0,0.2588891386985779,17.281396865844727,0.9663571119308472,13.73175048828125,1.1443125009536743,0.37517091631889343,0.5217745304107666
True,False,False,False,300,12.0,0.2588891386985779,17.281396865844727,0.9663571119308472,13.73175048828125,1.1443125009536743,0.37517091631889343,0.5217745304107666
True,False,False,False,300,12.0,0.2588891386985779,17.281396865844727,0.9663571119308472,13.73175048828125,1.1443125009536743,0.37517091631889343,0.5217745304107666
True,False,False,False,300,12.0,0.2638777494430542,17.280244827270508,0.9664215445518494,14.275650978088379,1.189637541770935,0.37523195147514343,0.5217458605766296
True,False,False,False,300,12.0,0.2638777494430542,17.280244827270508,0.9664215445518494,14.275650978088379,1.189637541770935,0.37523195147514343,0.5217458605766296
True,False,False,False,300,12.0,0.2638777494430542,17.280244827270508,0.9664215445518494,14.275650978088379,1.189637541770935,0.37523195147514343,0.5217458605766296
True,False,False,False,300,12.0,0.2638777494430542,17.280244827270508,0.9664215445518494,14.275650978088379,1.189637541770935,0.37523195147514343,0.5217458605766296
True,False,False,False,300,12.0,0.2638777494430542,17.280244827270508,0.9664215445518494,14.275650978088379,1.189637541770935,0.37523195147514343,0.5217458605766296
True,False,False,False,300,12.0,0.25954824686050415,17.281309127807617,0.9663619995117188,13.731963157653809,1.1443302631378174,0.37498781085014343,0.5217770934104919
True,False,False,False,300,12.0,0.25954824686050415,17.281309127807617,0.9663619995117188,13.731963157653809,1.1443302631378174,0.37498781085014343,0.5217770934104919
True,False,False,False,300,12.0,0.26356008648872375,17.28013801574707,0.9664275050163269,14.275556564331055,1.1896296739578247,0.37514039874076843,0.5217426419258118
True,False,False,False,300,12.0,0.26356008648872375,17.28013801574707,0.9664275050163269,14.275556564331055,1.1896296739578247,0.37514039874076843,0.5217426419258118
True,False,False,False,300,12.0,0.26356241106987,17.280128479003906,0.9664280414581299,14.275538444519043,1.18962824344635,0.37512895464897156,0.5217422842979431
True,False,False,False,300,12.0,0.26356241106987,17.280128479003906,0.9664280414581299,14.275538444519043,1.18962824344635,0.37512895464897156,0.5217422842979431
True,False,False,False,300,12.0,0.26356008648872375,17.28013801574707,0.9664275050163269,14.275556564331055,1.1896296739578247,0.37514039874076843,0.5217426419258118
True,False,False,False,300,12.0,0.26356008648872375,17.28013801574707,0.9664275050163269,14.275556564331055,1.1896296739578247,0.37514039874076843,0.5217426419258118
True,False,False,False,300,12.0,0.25954824686050415,17.281309127807617,0.9663619995117188,13.731963157653809,1.1443302631378174,0.37498781085014343,0.5217770934104919
True,False,False,False,300,12.0,0.25954824686050415,17.281309127807617,0.9663619995117188,13.731963157653809,1.1443302631378174,0.37498781085014343,0.5217770934104919
True,False,False,False,300,12.0,0.2638777494430542,17.280244827270508,0.9664215445518494,14.275650978088379,1.189637541770935,0.37523195147514343,0.5217458605766296
True,False,False,False,300,12.0,0.2638777494430542,17.280244827270508,0.9664215445518494,14.275650978088379,1.189637541770935,0.37523195147514343,0.5217458605766296
True,False,False,False,300,12.0,0.2638777494430542,17.280244827270508,0.9664215445518494,14.275650978088379,1.189637541770935,0.37523195147514343,0.5217458605766296
True,False,False,False,300,12.0,0.2638777494430542,17.280244827270508,0.9664215445518494,14.275650978088379,1.189637541770935,0.37523195147514343,0.5217458605766296
True,False,False,False,300,12.0,0.2638777494430542,17.280244827270508,0.9664215445518494,14.275650978088379,1.189637541770935,0.37523195147514343,0.5217458605766296
True,False,False,False,300,12.0,0.2588891386985779,17.281396865844727,0.9663571119308472,13.73175048828125,1.1443125009536743,0.37517091631889343,0.5217745304107666
True,False,False,False,300,12.0,0.2588891386985779,17.281396865844727,0.9663571119308472,13.73175048828125,1.1443125009536743,0.37517091631889343,0.5217745304107666
True,False,False,False,300,12.0,0.2588891386985779,17.281396865844727,0.9663571119308472,13.73175048828125,1.1443125009536743,0.37517091631889343,0.5217745304107666
True,False,False,False,300,12.0,0.2588891386985779,17.281396865844727,0.9663571119308472,13.73175048828125,1.1443125009536743,0.37517091631889343,0.5217745304107666
True,False,False,False,300,12.0,0.2588891386985779,17.281396865844727,0.9663571119308472,13.73175048828125,1.1443125009536743,0.37517091631889343,0.5217745304107666
True,False,False,False,300,12.0,0.2588891386985779,17.281396865844727,0.9663571119308472,13.73175048828125,1.1443125009536743,0.37517091631889343,0.5217745304107666
True,False,False,False,300,12.0,0.2588891386985779,17.281396865844727,0.9663571119308472,13.73175048828125,1.1443125009536743,0.37517091631889343,0.5217745304107666
True,False,False,False,300,12.0,0.2588891386985779,17.281396865844727,0.9663571119308472,13.73175048828125,1.1443125009536743,0.37517091631889343,0.5217745304107666
True,False,False,False,300,12.0,0.2588891386985779,17.281396865844727,0.9663571119308472,13.73175048828125,1.1443125009536743,0.37517091631889343,0.5217745304107666
True,False,False,False,300,12.0,0.2588891386985779,17.281396865844727,0.9663571119308472,13.73175048828125,1.1443125009536743,0.37517091631889343,0.5217745304107666
True,False,False,False,300,12.0,0.2588891386985779,17.281396865844727,0.9663571119308472,13.73175048828125,1.1443125009536743,0.37517091631889343,0.5217745304107666
True,False,False,False,300,12.0,0.2588891386985779,17.281396865844727,0.9663571119308472,13.73175048828125,1.1443125009536743,0.37517091631889343,0.5217745304107666
True,False,False,False,300,12.0,0.2638777494430542,17.280244827270508,0.9664215445518494,14.275650978088379,1.189637541770935,0.37523195147514343,0.5217458605766296
True,False,False,False,300,12.0,0.2638777494430542,17.280244827270508,0.9664215445518494,14.275650978088379,1.189637541770935,0.37523195147514343,0.5217458605766296
True,False,False,False,300,12.0,0.2638777494430542,17.280244827270508,0.9664215445518494,14.275650978088379,1.189637541770935,0.37523195147514343,0.5217458605766296
True,False,False,False,300,12.0,0.2638777494430542,17.280244827270508,0.9664215445518494,14.275650978088379,1.189637541770935,0.37523195147514343,0.5217458605766296
True,False,False,False,300,12.0,0.2638777494430542,17.280244827270508,0.9664215445518494,14.275650978088379,1.189637541770935,0.37523195147514343,0.5217458605766296
True,False,False,False,300,12.0,0.25954824686050415,17.281309127807617,0.9663619995117188,13.731963157653809,1.1443302631378174,0.37498781085014343,0.5217770934104919
True,False,False,False,300,12.0,0.25954824686050415,17.281309127807617,0.9663619995117188,13.731963157653809,1.1443302631378174,0.37498781085014343,0.5217770934104919
True,False,False,False,300,12.0,0.26356008648872375,17.28013801574707,0.9664275050163269,14.275556564331055,1.1896296739578247,0.37514039874076843,0.5217426419258118
True,False,False,False,300,12.0,0.26356008648872375,17.28013801574707,0.9664275050163269,14.275556564331055,1.1896296739578247,0.37514039874076843,0.5217426419258118
True,False,False,False,300,12.0,0.26356241106987,17.280128479003906,0.9664280414581299,14.275538444519043,1.18962824344635,0.37512895464897156,0.5217422842979431
True,False,False,False,300,12.0,0.26356241106987,17.280128479003906,0.9664280414581299,14.275538444519043,1.18962824344635,0.37512895464897156,0.5217422842979431
True,False,False,False,300,12.0,0.26356008648872375,17.28013801574707,0.9664275050163269,14.275556564331055,1.1896296739578247,0.37514039874076843,0.5217426419258118
True,False,False,False,300,12.0,0.26356008648872375,17.28013801574707,0.9664275050163269,14.275556564331055,1.1896296739578247,0.37514039874076843,0.5217426419258118
True,False,False,False,300,12.0,0.25954824686050415,17.281309127807617,0.9663619995117188,13.731963157653809,1.1443302631378174,0.37498781085014343,0.5217770934104919
True,False,False,False,300,12.0,0.25954824686050415,17.281309127807617,0.9663619995117188,13.731963157653809,1.1443302631378174,0.37498781085014343,0.5217770934104919
True,False,False,False,300,12.0,0.2638777494430542,17.280244827270508,0.9664215445518494,14.275650978088379,1.189637541770935,0.37523195147514343,0.5217458605766296
True,False,False,False,300,12.0,0.2638777494430542,17.280244827270508,0.9664215445518494,14.275650978088379,1.189637541770935,0.37523195147514343,0.5217458605766296
True,False,False,False,300,12.0,0.2638777494430542,17.280244827270508,0.9664215445518494,14.275650978088379,1.189637541770935,0.37523195147514343,0.5217458605766296
True,False,False,False,300,12.0,0.2638777494430542,17.280244827270508,0.9664215445518494,14.275650978088379,1.189637541770935,0.37523195147514343,0.5217458605766296
True,False,False,False,300,12.0,0.2638777494430542,17.280244827270508,0.9664215445518494,14.275650978088379,1.189637541770935,0.37523195147514343,0.5217458605766296
True,False,False,False,300,12.0,0.2588891386985779,17.281396865844727,0.9663571119308472,13.73175048828125,1.1443125009536743,0.37517091631889343,0.5217745304107666
True,False,False,False,300,12.0,0.2588891386985779,17.281396865844727,0.9663571119308472,13.73175048828125,1.1443125009536743,0.37517091631889343,0.5217745304107666
True,False,False,False,300,12.0,0.2588891386985779,17.281396865844727,0.9663571119308472,13.73175048828125,1.1443125009536743,0.37517091631889343,0.5217745304107666
True,False,False,False,300,12.0,0.2588891386985779,17.281396865844727,0.9663571119308472,13.73175048828125,1.1443125009536743,0.37517091631889343,0.5217745304107666
True,False,False,False,300,12.0,0.2588891386985779,17.281396865844727,0.9663571119308472,13.73175048828125,1.1443125009536743,0.37517091631889343,0.5217745304107666
True,False,False,False,300,12.0,0.2588891386985779,17.281396865844727,0.9663571119308472,13.73175048828125,1.1443125009536743,0.37517091631889343,0.5217745304107666
True,False,False,False,300,12.0,0.25918376445770264,17.281213760375977,0.9663673639297485,13.731851577758789,1.1443209648132324,0.37517091631889343,0.5217717885971069
True,False,False,False,300,12.0,0.25918376445770264,17.281213760375977,0.9663673639297485,13.731851577758789,1.1443209648132324,0.37517091631889343,0.5217717885971069
True,False,False,False,300,12.0,0.25918376445770264,17.281213760375977,0.9663673639297485,13.731851577758789,1.1443209648132324,0.37517091631889343,0.5217717885971069
True,False,False,False,300,12.0,0.25918376445770264,17.281213760375977,0.9663673639297485,13.731851577758789,1.1443209648132324,0.37517091631889343,0.5217717885971069
True,False,False,False,300,12.0,0.25918376445770264,17.281213760375977,0.9663673639297485,13.731851577758789,1.1443209648132324,0.37517091631889343,0.5217717885971069
True,False,False,False,300,12.0,0.25918376445770264,17.281213760375977,0.9663673639297485,13.731851577758789,1.1443209648132324,0.37517091631889343,0.5217717885971069
True,False,False,False,300,12.0,0.2651037275791168,17.28080177307129,0.9663904309272766,14.313687324523926,1.1928073167800903,0.37523195147514343,0.5217468738555908
True,False,False,False,300,12.0,0.2651037275791168,17.28080177307129,0.9663904309272766,14.313687324523926,1.1928073167800903,0.37523195147514343,0.5217468738555908
True,False,False,False,300,12.0,0.2651037275791168,17.28080177307129,0.9663904309272766,14.313687324523926,1.1928073167800903,0.37523195147514343,0.5217468738555908
True,False,False,False,300,12.0,0.2651037275791168,17.28080177307129,0.9663904309272766,14.313687324523926,1.1928073167800903,0.37523195147514343,0.5217468738555908
True,False,False,False,300,12.0,0.2651037275791168,17.28080177307129,0.9663904309272766,14.313687324523926,1.1928073167800903,0.37523195147514343,0.5217468738555908
True,False,False,False,300,12.0,0.2596528232097626,17.28127670288086,0.9663638472557068,13.732062339782715,1.1443384885787964,0.37498781085014343,0.5217740535736084
True,False,False,False,300,12.0,0.2596528232097626,17.28127670288086,0.9663638472557068,13.732062339782715,1.1443384885787964,0.37498781085014343,0.5217740535736084
True,False,False,False,300,12.0,0.26505208015441895,17.280338287353516,0.9664162993431091,14.301210403442383,1.1917675733566284,0.37510988116264343,0.5217432379722595
True,False,False,False,300,12.0,0.26505208015441895,17.280338287353516,0.9664162993431091,14.301210403442383,1.1917675733566284,0.37510988116264343,0.5217432379722595
True,False,False,False,300,12.0,0.265089750289917,17.280357360839844,0.9664152264595032,14.301217079162598,1.1917680501937866,0.3751175105571747,0.5217434167861938
True,False,False,False,300,12.0,0.265089750289917,17.280357360839844,0.9664152264595032,14.301217079162598,1.1917680501937866,0.3751175105571747,0.5217434167861938
True,False,False,False,300,12.0,0.26505208015441895,17.280338287353516,0.9664162993431091,14.301210403442383,1.1917675733566284,0.37510988116264343,0.5217432379722595
True,False,False,False,300,12.0,0.26505208015441895,17.280338287353516,0.9664162993431091,14.301210403442383,1.1917675733566284,0.37510988116264343,0.5217432379722595
True,False,False,False,300,12.0,0.2596528232097626,17.28127670288086,0.9663638472557068,13.732062339782715,1.1443384885787964,0.37498781085014343,0.5217740535736084
True,False,False,False,300,12.0,0.2596528232097626,17.28127670288086,0.9663638472557068,13.732062339782715,1.1443384885787964,0.37498781085014343,0.5217740535736084
True,False,False,False,300,12.0,0.2651037275791168,17.28080177307129,0.9663904309272766,14.313687324523926,1.1928073167800903,0.37523195147514343,0.5217468738555908
True,False,False,False,300,12.0,0.2651037275791168,17.28080177307129,0.9663904309272766,14.313687324523926,1.1928073167800903,0.37523195147514343,0.5217468738555908
True,False,False,False,300,12.0,0.2651037275791168,17.28080177307129,0.9663904309272766,14.313687324523926,1.1928073167800903,0.37523195147514343,0.5217468738555908
True,False,False,False,300,12.0,0.2651037275791168,17.28080177307129,0.9663904309272766,14.313687324523926,1.1928073167800903,0.37523195147514343,0.5217468738555908
True,False,False,False,300,12.0,0.2651037275791168,17.28080177307129,0.9663904309272766,14.313687324523926,1.1928073167800903,0.37523195147514343,0.5217468738555908
True,False,False,False,300,12.0,0.25918376445770264,17.281213760375977,0.9663673639297485,13.731851577758789,1.1443209648132324,0.37517091631889343,0.5217717885971069
True,False,False,False,300,12.0,0.25918376445770264,17.281213760375977,0.9663673639297485,13.731851577758789,1.1443209648132324,0.37517091631889343,0.5217717885971069
True,False,False,False,300,12.0,0.25918376445770264,17.281213760375977,0.9663673639297485,13.731851577758789,1.1443209648132324,0.37517091631889343,0.5217717885971069
True,False,False,False,300,12.0,0.25918376445770264,17.281213760375977,0.9663673639297485,13.731851577758789,1.1443209648132324,0.37517091631889343,0.5217717885971069
True,False,False,False,300,12.0,0.25918376445770264,17.281213760375977,0.9663673639297485,13.731851577758789,1.1443209648132324,0.37517091631889343,0.5217717885971069
True,False,False,False,300,12.0,0.25918376445770264,17.281213760375977,0.9663673639297485,13.731851577758789,1.1443209648132324,0.37517091631889343,0.5217717885971069
True,False,False,False,300,12.0,0.2579970061779022,17.282394409179688,0.9663013219833374,13.731785774230957,1.144315481185913,0.37517091631889343,0.5217687487602234
True,False,False,False,300,12.0,0.2579970061779022,17.282394409179688,0.9663013219833374,13.731785774230957,1.144315481185913,0.37517091631889343,0.5217687487602234
True,False,False,False,300,12.0,0.2579970061779022,17.282394409179688,0.9663013219833374,13.731785774230957,1.144315481185913,0.37517091631889343,0.5217687487602234
True,False,False,False,300,12.0,0.2579970061779022,17.282394409179688,0.9663013219833374,13.731785774230957,1.144315481185913,0.37517091631889343,0.5217687487602234
True,False,False,False,300,12.0,0.2579970061779022,17.282394409179688,0.9663013219833374,13.731785774230957,1.144315481185913,0.37517091631889343,0.5217687487602234
True,False,False,False,300,12.0,0.2579970061779022,17.282394409179688,0.9663013219833374,13.731785774230957,1.144315481185913,0.37517091631889343,0.5217687487602234
True,False,False,False,300,12.0,0.26327264308929443,17.280906677246094,0.9663845300674438,14.275678634643555,1.189639925956726,0.37523195147514343,0.5217404961585999
True,False,False,False,300,12.0,0.26327264308929443,17.280906677246094,0.9663845300674438,14.275678634643555,1.189639925956726,0.37523195147514343,0.5217404961585999
True,False,False,False,300,12.0,0.26327264308929443,17.280906677246094,0.9663845300674438,14.275678634643555,1.189639925956726,0.37523195147514343,0.5217404961585999
True,False,False,False,300,12.0,0.26327264308929443,17.280906677246094,0.9663845300674438,14.275678634643555,1.189639925956726,0.37523195147514343,0.5217404961585999
True,False,False,False,300,12.0,0.26327264308929443,17.280906677246094,0.9663845300674438,14.275678634643555,1.189639925956726,0.37523195147514343,0.5217404961585999
True,False,False,False,300,12.0,0.2586957514286041,17.282316207885742,0.966305673122406,13.731990814208984,1.1443325281143188,0.37498781085014343,0.5217716097831726
True,False,False,False,300,12.0,0.2586957514286041,17.282316207885742,0.966305673122406,13.731990814208984,1.1443325281143188,0.37498781085014343,0.5217716097831726
True,False,False,False,300,12.0,0.2628890573978424,17.280820846557617,0.9663892984390259,14.2755765914917,1.1896313428878784,0.37514039874076843,0.5217371582984924
True,False,False,False,300,12.0,0.2628890573978424,17.280820846557617,0.9663892984390259,14.2755765914917,1.1896313428878784,0.37514039874076843,0.5217371582984924
True,False,False,False,300,12.0,0.26289138197898865,17.28082275390625,0.9663892388343811,14.275564193725586,1.189630389213562,0.3751175105571747,0.5217366814613342
True,False,False,False,300,12.0,0.26289138197898865,17.28082275390625,0.9663892388343811,14.275564193725586,1.189630389213562,0.3751175105571747,0.5217366814613342
True,False,False,False,300,12.0,0.2628890573978424,17.280820846557617,0.9663892984390259,14.2755765914917,1.1896313428878784,0.37514039874076843,0.5217371582984924
True,False,False,False,300,12.0,0.2628890573978424,17.280820846557617,0.9663892984390259,14.2755765914917,1.1896313428878784,0.37514039874076843,0.5217371582984924
True,False,False,False,300,12.0,0.2586957514286041,17.282316207885742,0.966305673122406,13.731990814208984,1.1443325281143188,0.37498781085014343,0.5217716097831726
True,False,False,False,300,12.0,0.2586957514286041,17.282316207885742,0.966305673122406,13.731990814208984,1.1443325281143188,0.37498781085014343,0.5217716097831726
True,False,False,False,300,12.0,0.26327264308929443,17.280906677246094,0.9663845300674438,14.275678634643555,1.189639925956726,0.37523195147514343,0.5217404961585999
True,False,False,False,300,12.0,0.26327264308929443,17.280906677246094,0.9663845300674438,14.275678634643555,1.189639925956726,0.37523195147514343,0.5217404961585999
True,False,False,False,300,12.0,0.26327264308929443,17.280906677246094,0.9663845300674438,14.275678634643555,1.189639925956726,0.37523195147514343,0.5217404961585999
True,False,False,False,300,12.0,0.26327264308929443,17.280906677246094,0.9663845300674438,14.275678634643555,1.189639925956726,0.37523195147514343,0.5217404961585999
True,False,False,False,300,12.0,0.26327264308929443,17.280906677246094,0.9663845300674438,14.275678634643555,1.189639925956726,0.37523195147514343,0.5217404961585999
True,False,False,False,300,12.0,0.2579970061779022,17.282394409179688,0.9663013219833374,13.731785774230957,1.144315481185913,0.37517091631889343,0.5217687487602234
True,False,False,False,300,12.0,0.2579970061779022,17.282394409179688,0.9663013219833374,13.731785774230957,1.144315481185913,0.37517091631889343,0.5217687487602234
True,False,False,False,300,12.0,0.2579970061779022,17.282394409179688,0.9663013219833374,13.731785774230957,1.144315481185913,0.37517091631889343,0.5217687487602234
True,False,False,False,300,12.0,0.2579970061779022,17.282394409179688,0.9663013219833374,13.731785774230957,1.144315481185913,0.37517091631889343,0.5217687487602234
True,False,False,False,300,12.0,0.2579970061779022,17.282394409179688,0.9663013219833374,13.731785774230957,1.144315481185913,0.37517091631889343,0.5217687487602234
True,False,False,False,300,12.0,0.2579970061779022,17.282394409179688,0.9663013219833374,13.731785774230957,1.144315481185913,0.37517091631889343,0.5217687487602234
True,False,False,False,300,12.0,0.2579970061779022,17.282394409179688,0.9663013219833374,13.731785774230957,1.144315481185913,0.37517091631889343,0.5217687487602234
True,False,False,False,300,12.0,0.2579970061779022,17.282394409179688,0.9663013219833374,13.731785774230957,1.144315481185913,0.37517091631889343,0.5217687487602234
True,False,False,False,300,12.0,0.2579970061779022,17.282394409179688,0.9663013219833374,13.731785774230957,1.144315481185913,0.37517091631889343,0.5217687487602234
True,False,False,False,300,12.0,0.2579970061779022,17.282394409179688,0.9663013219833374,13.731785774230957,1.144315481185913,0.37517091631889343,0.5217687487602234
True,False,False,False,300,12.0,0.2579970061779022,17.282394409179688,0.9663013219833374,13.731785774230957,1.144315481185913,0.37517091631889343,0.5217687487602234
True,False,False,False,300,12.0,0.2579970061779022,17.282394409179688,0.9663013219833374,13.731785774230957,1.144315481185913,0.37517091631889343,0.5217687487602234
True,False,False,False,300,12.0,0.26327264308929443,17.280906677246094,0.9663845300674438,14.275678634643555,1.189639925956726,0.37523195147514343,0.5217404961585999
True,False,False,False,300,12.0,0.26327264308929443,17.280906677246094,0.9663845300674438,14.275678634643555,1.189639925956726,0.37523195147514343,0.5217404961585999
True,False,False,False,300,12.0,0.26327264308929443,17.280906677246094,0.9663845300674438,14.275678634643555,1.189639925956726,0.37523195147514343,0.5217404961585999
True,False,False,False,300,12.0,0.26327264308929443,17.280906677246094,0.9663845300674438,14.275678634643555,1.189639925956726,0.37523195147514343,0.5217404961585999
True,False,False,False,300,12.0,0.26327264308929443,17.280906677246094,0.9663845300674438,14.275678634643555,1.189639925956726,0.37523195147514343,0.5217404961585999
True,False,False,False,300,12.0,0.2586957514286041,17.282316207885742,0.966305673122406,13.731990814208984,1.1443325281143188,0.37498781085014343,0.5217716097831726
True,False,False,False,300,12.0,0.2586957514286041,17.282316207885742,0.966305673122406,13.731990814208984,1.1443325281143188,0.37498781085014343,0.5217716097831726
True,False,False,False,300,12.0,0.2628890573978424,17.280820846557617,0.9663892984390259,14.2755765914917,1.1896313428878784,0.37514039874076843,0.5217371582984924
True,False,False,False,300,12.0,0.2628890573978424,17.280820846557617,0.9663892984390259,14.2755765914917,1.1896313428878784,0.37514039874076843,0.5217371582984924
True,False,False,False,300,12.0,0.26289138197898865,17.28082275390625,0.9663892388343811,14.275564193725586,1.189630389213562,0.3751175105571747,0.5217366814613342
True,False,False,False,300,12.0,0.26289138197898865,17.28082275390625,0.9663892388343811,14.275564193725586,1.189630389213562,0.3751175105571747,0.5217366814613342
True,False,False,False,300,12.0,0.2628890573978424,17.280820846557617,0.9663892984390259,14.2755765914917,1.1896313428878784,0.37514039874076843,0.5217371582984924
True,False,False,False,300,12.0,0.2628890573978424,17.280820846557617,0.9663892984390259,14.2755765914917,1.1896313428878784,0.37514039874076843,0.5217371582984924
True,False,False,False,300,12.0,0.2586957514286041,17.282316207885742,0.966305673122406,13.731990814208984,1.1443325281143188,0.37498781085014343,0.5217716097831726
True,False,False,False,300,12.0,0.2586957514286041,17.282316207885742,0.966305673122406,13.731990814208984,1.1443325281143188,0.37498781085014343,0.5217716097831726
True,False,False,False,300,12.0,0.26327264308929443,17.280906677246094,0.9663845300674438,14.275678634643555,1.189639925956726,0.37523195147514343,0.5217404961585999
True,False,False,False,300,12.0,0.26327264308929443,17.280906677246094,0.9663845300674438,14.275678634643555,1.189639925956726,0.37523195147514343,0.5217404961585999
True,False,False,False,300,12.0,0.26327264308929443,17.280906677246094,0.9663845300674438,14.275678634643555,1.189639925956726,0.37523195147514343,0.5217404961585999
True,False,False,False,300,12.0,0.26327264308929443,17.280906677246094,0.9663845300674438,14.275678634643555,1.189639925956726,0.37523195147514343,0.5217404961585999
True,False,False,False,300,12.0,0.26327264308929443,17.280906677246094,0.9663845300674438,14.275678634643555,1.189639925956726,0.37523195147514343,0.5217404961585999
True,False,False,False,300,12.0,0.2579970061779022,17.282394409179688,0.9663013219833374,13.731785774230957,1.144315481185913,0.37517091631889343,0.5217687487602234
True,False,False,False,300,12.0,0.2579970061779022,17.282394409179688,0.9663013219833374,13.731785774230957,1.144315481185913,0.37517091631889343,0.5217687487602234
True,False,False,False,300,12.0,0.2579970061779022,17.282394409179688,0.9663013219833374,13.731785774230957,1.144315481185913,0.37517091631889343,0.5217687487602234
True,False,False,False,300,12.0,0.2579970061779022,17.282394409179688,0.9663013219833374,13.731785774230957,1.144315481185913,0.37517091631889343,0.5217687487602234
True,False,False,False,300,12.0,0.2579970061779022,17.282394409179688,0.9663013219833374,13.731785774230957,1.144315481185913,0.37517091631889343,0.5217687487602234
True,False,False,False,300,12.0,0.2579970061779022,17.282394409179688,0.9663013219833374,13.731785774230957,1.144315481185913,0.37517091631889343,0.5217687487602234
True,False,False,False,300,12.0,0.2579970061779022,17.282394409179688,0.9663013219833374,13.731785774230957,1.144315481185913,0.37517091631889343,0.5217687487602234
True,False,False,False,300,12.0,0.2579970061779022,17.282394409179688,0.9663013219833374,13.731785774230957,1.144315481185913,0.37517091631889343,0.5217687487602234
True,False,False,False,300,12.0,0.2579970061779022,17.282394409179688,0.9663013219833374,13.731785774230957,1.144315481185913,0.37517091631889343,0.5217687487602234
True,False,False,False,300,12.0,0.2579970061779022,17.282394409179688,0.9663013219833374,13.731785774230957,1.144315481185913,0.37517091631889343,0.5217687487602234
True,False,False,False,300,12.0,0.2579970061779022,17.282394409179688,0.9663013219833374,13.731785774230957,1.144315481185913,0.37517091631889343,0.5217687487602234
True,False,False,False,300,12.0,0.2579970061779022,17.282394409179688,0.9663013219833374,13.731785774230957,1.144315481185913,0.37517091631889343,0.5217687487602234
True,False,False,False,300,12.0,0.26327264308929443,17.280906677246094,0.9663845300674438,14.275678634643555,1.189639925956726,0.37523195147514343,0.5217404961585999
True,False,False,False,300,12.0,0.26327264308929443,17.280906677246094,0.9663845300674438,14.275678634643555,1.189639925956726,0.37523195147514343,0.5217404961585999
True,False,False,False,300,12.0,0.26327264308929443,17.280906677246094,0.9663845300674438,14.275678634643555,1.189639925956726,0.37523195147514343,0.5217404961585999
True,False,False,False,300,12.0,0.26327264308929443,17.280906677246094,0.9663845300674438,14.275678634643555,1.189639925956726,0.37523195147514343,0.5217404961585999
True,False,False,False,300,12.0,0.26327264308929443,17.280906677246094,0.9663845300674438,14.275678634643555,1.189639925956726,0.37523195147514343,0.5217404961585999
True,False,False,False,300,12.0,0.2586957514286041,17.282316207885742,0.966305673122406,13.731990814208984,1.1443325281143188,0.37498781085014343,0.5217716097831726
True,False,False,False,300,12.0,0.2586957514286041,17.282316207885742,0.966305673122406,13.731990814208984,1.1443325281143188,0.37498781085014343,0.5217716097831726
True,False,False,False,300,12.0,0.2628890573978424,17.280820846557617,0.9663892984390259,14.2755765914917,1.1896313428878784,0.37514039874076843,0.5217371582984924
True,False,False,False,300,12.0,0.2628890573978424,17.280820846557617,0.9663892984390259,14.2755765914917,1.1896313428878784,0.37514039874076843,0.5217371582984924
True,False,False,False,300,12.0,0.26289138197898865,17.28082275390625,0.9663892388343811,14.275564193725586,1.189630389213562,0.3751175105571747,0.5217366814613342
True,False,False,False,300,12.0,0.26289138197898865,17.28082275390625,0.9663892388343811,14.275564193725586,1.189630389213562,0.3751175105571747,0.5217366814613342
True,False,False,False,300,12.0,0.2628890573978424,17.280820846557617,0.9663892984390259,14.2755765914917,1.1896313428878784,0.37514039874076843,0.5217371582984924
True,False,False,False,300,12.0,0.2628890573978424,17.280820846557617,0.9663892984390259,14.2755765914917,1.1896313428878784,0.37514039874076843,0.5217371582984924
True,False,False,False,300,12.0,0.2586957514286041,17.282316207885742,0.966305673122406,13.731990814208984,1.1443325281143188,0.37498781085014343,0.5217716097831726
True,False,False,False,300,12.0,0.2586957514286041,17.282316207885742,0.966305673122406,13.731990814208984,1.1443325281143188,0.37498781085014343,0.5217716097831726
True,False,False,False,300,12.0,0.26327264308929443,17.280906677246094,0.9663845300674438,14.275678634643555,1.189639925956726,0.37523195147514343,0.5217404961585999
True,False,False,False,300,12.0,0.26327264308929443,17.280906677246094,0.9663845300674438,14.275678634643555,1.189639925956726,0.37523195147514343,0.5217404961585999
True,False,False,False,300,12.0,0.26327264308929443,17.280906677246094,0.9663845300674438,14.275678634643555,1.189639925956726,0.37523195147514343,0.5217404961585999
True,False,False,False,300,12.0,0.26327264308929443,17.280906677246094,0.9663845300674438,14.275678634643555,1.189639925956726,0.37523195147514343,0.5217404961585999
True,False,False,False,300,12.0,0.26327264308929443,17.280906677246094,0.9663845300674438,14.275678634643555,1.189639925956726,0.37523195147514343,0.5217404961585999
True,False,False,False,300,12.0,0.2579970061779022,17.282394409179688,0.9663013219833374,13.731785774230957,1.144315481185913,0.37517091631889343,0.5217687487602234
True,False,False,False,300,12.0,0.2579970061779022,17.282394409179688,0.9663013219833374,13.731785774230957,1.144315481185913,0.37517091631889343,0.5217687487602234
True,False,False,False,300,12.0,0.2579970061779022,17.282394409179688,0.9663013219833374,13.731785774230957,1.144315481185913,0.37517091631889343,0.5217687487602234
True,False,False,False,300,12.0,0.2579970061779022,17.282394409179688,0.9663013219833374,13.731785774230957,1.144315481185913,0.37517091631889343,0.5217687487602234
True,False,False,False,300,12.0,0.2579970061779022,17.282394409179688,0.9663013219833374,13.731785774230957,1.144315481185913,0.37517091631889343,0.5217687487602234
True,False,False,False,300,12.0,0.2579970061779022,17.282394409179688,0.9663013219833374,13.731785774230957,1.144315481185913,0.37517091631889343,0.5217687487602234
True,False,False,False,300,12.0,0.2579970061779022,17.282394409179688,0.9663013219833374,13.731785774230957,1.144315481185913,0.37517091631889343,0.5217687487602234
True,False,False,False,300,12.0,0.2579970061779022,17.282394409179688,0.9663013219833374,13.731785774230957,1.144315481185913,0.37517091631889343,0.5217687487602234
True,False,False,False,300,12.0,0.2579970061779022,17.282394409179688,0.9663013219833374,13.731785774230957,1.144315481185913,0.37517091631889343,0.5217687487602234
True,False,False,False,300,12.0,0.2579970061779022,17.282394409179688,0.9663013219833374,13.731785774230957,1.144315481185913,0.37517091631889343,0.5217687487602234
True,False,False,False,300,12.0,0.2579970061779022,17.282394409179688,0.9663013219833374,13.731785774230957,1.144315481185913,0.37517091631889343,0.5217687487602234
True,False,False,False,300,12.0,0.2579970061779022,17.282394409179688,0.9663013219833374,13.731785774230957,1.144315481185913,0.37517091631889343,0.5217687487602234
True,False,False,False,300,12.0,0.26327264308929443,17.280906677246094,0.9663845300674438,14.275678634643555,1.189639925956726,0.37523195147514343,0.5217404961585999
True,False,False,False,300,12.0,0.26327264308929443,17.280906677246094,0.9663845300674438,14.275678634643555,1.189639925956726,0.37523195147514343,0.5217404961585999
True,False,False,False,300,12.0,0.26327264308929443,17.280906677246094,0.9663845300674438,14.275678634643555,1.189639925956726,0.37523195147514343,0.5217404961585999
True,False,False,False,300,12.0,0.26327264308929443,17.280906677246094,0.9663845300674438,14.275678634643555,1.189639925956726,0.37523195147514343,0.5217404961585999
True,False,False,False,300,12.0,0.26327264308929443,17.280906677246094,0.9663845300674438,14.275678634643555,1.189639925956726,0.37523195147514343,0.5217404961585999
True,False,False,False,300,12.0,0.2586957514286041,17.282316207885742,0.966305673122406,13.731990814208984,1.1443325281143188,0.37498781085014343,0.5217716097831726
True,False,False,False,300,12.0,0.2586957514286041,17.282316207885742,0.966305673122406,13.731990814208984,1.1443325281143188,0.37498781085014343,0.5217716097831726
True,False,False,False,300,12.0,0.2628890573978424,17.280820846557617,0.9663892984390259,14.2755765914917,1.1896313428878784,0.37514039874076843,0.5217371582984924
True,False,False,False,300,12.0,0.2628890573978424,17.280820846557617,0.9663892984390259,14.2755765914917,1.1896313428878784,0.37514039874076843,0.5217371582984924
True,False,False,False,300,12.0,0.26289138197898865,17.28082275390625,0.9663892388343811,14.275564193725586,1.189630389213562,0.3751175105571747,0.5217366814613342
True,False,False,False,300,12.0,0.26289138197898865,17.28082275390625,0.9663892388343811,14.275564193725586,1.189630389213562,0.3751175105571747,0.5217366814613342
True,False,False,False,300,12.0,0.2628890573978424,17.280820846557617,0.9663892984390259,14.2755765914917,1.1896313428878784,0.37514039874076843,0.5217371582984924
True,False,False,False,300,12.0,0.2628890573978424,17.280820846557617,0.9663892984390259,14.2755765914917,1.1896313428878784,0.37514039874076843,0.5217371582984924
True,False,False,False,300,12.0,0.2586957514286041,17.282316207885742,0.966305673122406,13.731990814208984,1.1443325281143188,0.37498781085014343,0.5217716097831726
True,False,False,False,300,12.0,0.2586957514286041,17.282316207885742,0.966305673122406,13.731990814208984,1.1443325281143188,0.37498781085014343,0.5217716097831726
True,False,False,False,300,12.0,0.26327264308929443,17.280906677246094,0.9663845300674438,14.275678634643555,1.189639925956726,0.37523195147514343,0.5217404961585999
True,False,False,False,300,12.0,0.26327264308929443,17.280906677246094,0.9663845300674438,14.275678634643555,1.189639925956726,0.37523195147514343,0.5217404961585999
True,False,False,False,300,12.0,0.26327264308929443,17.280906677246094,0.9663845300674438,14.275678634643555,1.189639925956726,0.37523195147514343,0.5217404961585999
True,False,False,False,300,12.0,0.26327264308929443,17.280906677246094,0.9663845300674438,14.275678634643555,1.189639925956726,0.37523195147514343,0.5217404961585999
True,False,False,False,300,12.0,0.26327264308929443,17.280906677246094,0.9663845300674438,14.275678634643555,1.189639925956726,0.37523195147514343,0.5217404961585999
True,False,False,False,300,12.0,0.2579970061779022,17.282394409179688,0.9663013219833374,13.731785774230957,1.144315481185913,0.37517091631889343,0.5217687487602234
True,False,False,False,300,12.0,0.2579970061779022,17.282394409179688,0.9663013219833374,13.731785774230957,1.144315481185913,0.37517091631889343,0.5217687487602234
True,False,False,False,300,12.0,0.2579970061779022,17.282394409179688,0.9663013219833374,13.731785774230957,1.144315481185913,0.37517091631889343,0.5217687487602234
True,False,False,False,300,12.0,0.2579970061779022,17.282394409179688,0.9663013219833374,13.731785774230957,1.144315481185913,0.37517091631889343,0.5217687487602234
True,False,False,False,300,12.0,0.2579970061779022,17.282394409179688,0.9663013219833374,13.731785774230957,1.144315481185913,0.37517091631889343,0.5217687487602234
True,False,False,False,300,12.0,0.2579970061779022,17.282394409179688,0.9663013219833374,13.731785774230957,1.144315481185913,0.37517091631889343,0.5217687487602234
True,False,False,False,300,12.0,0.2579970061779022,17.282394409179688,0.9663013219833374,13.731785774230957,1.144315481185913,0.37517091631889343,0.5217687487602234
True,False,False,False,300,12.0,0.2579970061779022,17.282394409179688,0.9663013219833374,13.731785774230957,1.144315481185913,0.37517091631889343,0.5217687487602234
True,False,False,False,300,12.0,0.2579970061779022,17.282394409179688,0.9663013219833374,13.731785774230957,1.144315481185913,0.37517091631889343,0.5217687487602234
True,False,False,False,300,12.0,0.2579970061779022,17.282394409179688,0.9663013219833374,13.731785774230957,1.144315481185913,0.37517091631889343,0.5217687487602234
True,False,False,False,300,12.0,0.2579970061779022,17.282394409179688,0.9663013219833374,13.731785774230957,1.144315481185913,0.37517091631889343,0.5217687487602234
True,False,False,False,300,12.0,0.2579970061779022,17.282394409179688,0.9663013219833374,13.731785774230957,1.144315481185913,0.37517091631889343,0.5217687487602234
True,False,False,False,300,12.0,0.26327264308929443,17.280906677246094,0.9663845300674438,14.275678634643555,1.189639925956726,0.37523195147514343,0.5217404961585999
True,False,False,False,300,12.0,0.26327264308929443,17.280906677246094,0.9663845300674438,14.275678634643555,1.189639925956726,0.37523195147514343,0.5217404961585999
True,False,False,False,300,12.0,0.26327264308929443,17.280906677246094,0.9663845300674438,14.275678634643555,1.189639925956726,0.37523195147514343,0.5217404961585999
True,False,False,False,300,12.0,0.26327264308929443,17.280906677246094,0.9663845300674438,14.275678634643555,1.189639925956726,0.37523195147514343,0.5217404961585999
True,False,False,False,300,12.0,0.26327264308929443,17.280906677246094,0.9663845300674438,14.275678634643555,1.189639925956726,0.37523195147514343,0.5217404961585999
True,False,False,False,300,12.0,0.2586957514286041,17.282316207885742,0.966305673122406,13.731990814208984,1.1443325281143188,0.37498781085014343,0.5217716097831726
True,False,False,False,300,12.0,0.2586957514286041,17.282316207885742,0.966305673122406,13.731990814208984,1.1443325281143188,0.37498781085014343,0.5217716097831726
True,False,False,False,300,12.0,0.2628890573978424,17.280820846557617,0.9663892984390259,14.2755765914917,1.1896313428878784,0.37514039874076843,0.5217371582984924
True,False,False,False,300,12.0,0.2628890573978424,17.280820846557617,0.9663892984390259,14.2755765914917,1.1896313428878784,0.37514039874076843,0.5217371582984924
True,False,False,False,300,12.0,0.26289138197898865,17.28082275390625,0.9663892388343811,14.275564193725586,1.189630389213562,0.3751175105571747,0.5217366814613342
True,False,False,False,300,12.0,0.26289138197898865,17.28082275390625,0.9663892388343811,14.275564193725586,1.189630389213562,0.3751175105571747,0.5217366814613342
True,False,False,False,300,12.0,0.2628890573978424,17.280820846557617,0.9663892984390259,14.2755765914917,1.1896313428878784,0.37514039874076843,0.5217371582984924
True,False,False,False,300,12.0,0.2628890573978424,17.280820846557617,0.9663892984390259,14.2755765914917,1.1896313428878784,0.37514039874076843,0.5217371582984924
True,False,False,False,300,12.0,0.2586957514286041,17.282316207885742,0.966305673122406,13.731990814208984,1.1443325281143188,0.37498781085014343,0.5217716097831726
True,False,False,False,300,12.0,0.2586957514286041,17.282316207885742,0.966305673122406,13.731990814208984,1.1443325281143188,0.37498781085014343,0.5217716097831726
True,False,False,False,300,12.0,0.26327264308929443,17.280906677246094,0.9663845300674438,14.275678634643555,1.189639925956726,0.37523195147514343,0.5217404961585999
True,False,False,False,300,12.0,0.26327264308929443,17.280906677246094,0.9663845300674438,14.275678634643555,1.189639925956726,0.37523195147514343,0.5217404961585999
True,False,False,False,300,12.0,0.26327264308929443,17.280906677246094,0.9663845300674438,14.275678634643555,1.189639925956726,0.37523195147514343,0.5217404961585999
True,False,False,False,300,12.0,0.26327264308929443,17.280906677246094,0.9663845300674438,14.275678634643555,1.189639925956726,0.37523195147514343,0.5217404961585999
True,False,False,False,300,12.0,0.26327264308929443,17.280906677246094,0.9663845300674438,14.275678634643555,1.189639925956726,0.37523195147514343,0.5217404961585999
True,False,False,False,300,12.0,0.2579970061779022,17.282394409179688,0.9663013219833374,13.731785774230957,1.144315481185913,0.37517091631889343,0.5217687487602234
True,False,False,False,300,12.0,0.2579970061779022,17.282394409179688,0.9663013219833374,13.731785774230957,1.144315481185913,0.37517091631889343,0.5217687487602234
True,False,False,False,300,12.0,0.2579970061779022,17.282394409179688,0.9663013219833374,13.731785774230957,1.144315481185913,0.37517091631889343,0.5217687487602234
True,False,False,False,300,12.0,0.2579970061779022,17.282394409179688,0.9663013219833374,13.731785774230957,1.144315481185913,0.37517091631889343,0.5217687487602234
True,False,False,False,300,12.0,0.2579970061779022,17.282394409179688,0.9663013219833374,13.731785774230957,1.144315481185913,0.37517091631889343,0.5217687487602234
True,False,False,False,300,12.0,0.2579970061779022,17.282394409179688,0.9663013219833374,13.731785774230957,1.144315481185913,0.37517091631889343,0.5217687487602234
True,False,False,False,300,12.0,0.25812041759490967,17.282344818115234,0.9663041234016418,13.73181438446045,1.144317865371704,0.37517091631889343,0.5217708945274353
True,False,False,False,300,12.0,0.25812041759490967,17.282344818115234,0.9663041234016418,13.73181438446045,1.144317865371704,0.37517091631889343,0.5217708945274353
True,False,False,False,300,12.0,0.25812041759490967,17.282344818115234,0.9663041234016418,13.73181438446045,1.144317865371704,0.37517091631889343,0.5217708945274353
True,False,False,False,300,12.0,0.25812041759490967,17.282344818115234,0.9663041234016418,13.73181438446045,1.144317865371704,0.37517091631889343,0.5217708945274353
True,False,False,False,300,12.0,0.25812041759490967,17.282344818115234,0.9663041234016418,13.73181438446045,1.144317865371704,0.37517091631889343,0.5217708945274353
True,False,False,False,300,12.0,0.25812041759490967,17.282344818115234,0.9663041234016418,13.73181438446045,1.144317865371704,0.37517091631889343,0.5217708945274353
True,False,False,False,300,12.0,0.2632860243320465,17.280933380126953,0.9663830399513245,14.275696754455566,1.1896413564682007,0.37523195147514343,0.5217425227165222
True,False,False,False,300,12.0,0.2632860243320465,17.280933380126953,0.9663830399513245,14.275696754455566,1.1896413564682007,0.37523195147514343,0.5217425227165222
True,False,False,False,300,12.0,0.2632860243320465,17.280933380126953,0.9663830399513245,14.275696754455566,1.1896413564682007,0.37523195147514343,0.5217425227165222
True,False,False,False,300,12.0,0.2632860243320465,17.280933380126953,0.9663830399513245,14.275696754455566,1.1896413564682007,0.37523195147514343,0.5217425227165222
True,False,False,False,300,12.0,0.2632860243320465,17.280933380126953,0.9663830399513245,14.275696754455566,1.1896413564682007,0.37523195147514343,0.5217425227165222
True,False,False,False,300,12.0,0.25878146290779114,17.282243728637695,0.9663097262382507,13.732011795043945,1.144334316253662,0.37498781085014343,0.5217737555503845
True,False,False,False,300,12.0,0.25878146290779114,17.282243728637695,0.9663097262382507,13.732011795043945,1.144334316253662,0.37498781085014343,0.5217737555503845
True,False,False,False,300,12.0,0.2628929615020752,17.280832290649414,0.9663887023925781,14.275578498840332,1.1896315813064575,0.37512513995170593,0.5217387080192566
True,False,False,False,300,12.0,0.2628929615020752,17.280832290649414,0.9663887023925781,14.275578498840332,1.1896315813064575,0.37512513995170593,0.5217387080192566
True,False,False,False,300,12.0,0.262878954410553,17.280851364135742,0.9663876295089722,14.275568962097168,1.1896307468414307,0.3751175105571747,0.5217382907867432
True,False,False,False,300,12.0,0.262878954410553,17.280851364135742,0.9663876295089722,14.275568962097168,1.1896307468414307,0.3751175105571747,0.5217382907867432
True,False,False,False,300,12.0,0.2628929615020752,17.280832290649414,0.9663887023925781,14.275578498840332,1.1896315813064575,0.37512513995170593,0.5217387080192566
True,False,False,False,300,12.0,0.2628929615020752,17.280832290649414,0.9663887023925781,14.275578498840332,1.1896315813064575,0.37512513995170593,0.5217387080192566
True,False,False,False,300,12.0,0.25878146290779114,17.282243728637695,0.9663097262382507,13.732011795043945,1.144334316253662,0.37498781085014343,0.5217737555503845
True,False,False,False,300,12.0,0.25878146290779114,17.282243728637695,0.9663097262382507,13.732011795043945,1.144334316253662,0.37498781085014343,0.5217737555503845
True,False,False,False,300,12.0,0.2632860243320465,17.280933380126953,0.9663830399513245,14.275696754455566,1.1896413564682007,0.37523195147514343,0.5217425227165222
True,False,False,False,300,12.0,0.2632860243320465,17.280933380126953,0.9663830399513245,14.275696754455566,1.1896413564682007,0.37523195147514343,0.5217425227165222
True,False,False,False,300,12.0,0.2632860243320465,17.280933380126953,0.9663830399513245,14.275696754455566,1.1896413564682007,0.37523195147514343,0.5217425227165222
True,False,False,False,300,12.0,0.2632860243320465,17.280933380126953,0.9663830399513245,14.275696754455566,1.1896413564682007,0.37523195147514343,0.5217425227165222
True,False,False,False,300,12.0,0.2632860243320465,17.280933380126953,0.9663830399513245,14.275696754455566,1.1896413564682007,0.37523195147514343,0.5217425227165222
True,False,False,False,300,12.0,0.25812041759490967,17.282344818115234,0.9663041234016418,13.73181438446045,1.144317865371704,0.37517091631889343,0.5217708945274353
True,False,False,False,300,12.0,0.25812041759490967,17.282344818115234,0.9663041234016418,13.73181438446045,1.144317865371704,0.37517091631889343,0.5217708945274353
True,False,False,False,300,12.0,0.25812041759490967,17.282344818115234,0.9663041234016418,13.73181438446045,1.144317865371704,0.37517091631889343,0.5217708945274353
True,False,False,False,300,12.0,0.25812041759490967,17.282344818115234,0.9663041234016418,13.73181438446045,1.144317865371704,0.37517091631889343,0.5217708945274353
True,False,False,False,300,12.0,0.25812041759490967,17.282344818115234,0.9663041234016418,13.73181438446045,1.144317865371704,0.37517091631889343,0.5217708945274353
True,False,False,False,300,12.0,0.25812041759490967,17.282344818115234,0.9663041234016418,13.73181438446045,1.144317865371704,0.37517091631889343,0.5217708945274353
True,False,False,False,300,12.0,0.25812041759490967,17.282344818115234,0.9663041234016418,13.73181438446045,1.144317865371704,0.37517091631889343,0.5217708945274353
True,False,False,False,300,12.0,0.25812041759490967,17.282344818115234,0.9663041234016418,13.73181438446045,1.144317865371704,0.37517091631889343,0.5217708945274353
True,False,False,False,300,12.0,0.25812041759490967,17.282344818115234,0.9663041234016418,13.73181438446045,1.144317865371704,0.37517091631889343,0.5217708945274353
True,False,False,False,300,12.0,0.25812041759490967,17.282344818115234,0.9663041234016418,13.73181438446045,1.144317865371704,0.37517091631889343,0.5217708945274353
True,False,False,False,300,12.0,0.25812041759490967,17.282344818115234,0.9663041234016418,13.73181438446045,1.144317865371704,0.37517091631889343,0.5217708945274353
True,False,False,False,300,12.0,0.25812041759490967,17.282344818115234,0.9663041234016418,13.73181438446045,1.144317865371704,0.37517091631889343,0.5217708945274353
True,False,False,False,300,12.0,0.2632860243320465,17.280933380126953,0.9663830399513245,14.275696754455566,1.1896413564682007,0.37523195147514343,0.5217425227165222
True,False,False,False,300,12.0,0.2632860243320465,17.280933380126953,0.9663830399513245,14.275696754455566,1.1896413564682007,0.37523195147514343,0.5217425227165222
True,False,False,False,300,12.0,0.2632860243320465,17.280933380126953,0.9663830399513245,14.275696754455566,1.1896413564682007,0.37523195147514343,0.5217425227165222
True,False,False,False,300,12.0,0.2632860243320465,17.280933380126953,0.9663830399513245,14.275696754455566,1.1896413564682007,0.37523195147514343,0.5217425227165222
True,False,False,False,300,12.0,0.2632860243320465,17.280933380126953,0.9663830399513245,14.275696754455566,1.1896413564682007,0.37523195147514343,0.5217425227165222
True,False,False,False,300,12.0,0.25878146290779114,17.282243728637695,0.9663097262382507,13.732011795043945,1.144334316253662,0.37498781085014343,0.5217737555503845
True,False,False,False,300,12.0,0.25878146290779114,17.282243728637695,0.9663097262382507,13.732011795043945,1.144334316253662,0.37498781085014343,0.5217737555503845
True,False,False,False,300,12.0,0.2628929615020752,17.280832290649414,0.9663887023925781,14.275578498840332,1.1896315813064575,0.37512513995170593,0.5217387080192566
True,False,False,False,300,12.0,0.2628929615020752,17.280832290649414,0.9663887023925781,14.275578498840332,1.1896315813064575,0.37512513995170593,0.5217387080192566
True,False,False,False,300,12.0,0.262878954410553,17.280851364135742,0.9663876295089722,14.275568962097168,1.1896307468414307,0.3751175105571747,0.5217382907867432
True,False,False,False,300,12.0,0.262878954410553,17.280851364135742,0.9663876295089722,14.275568962097168,1.1896307468414307,0.3751175105571747,0.5217382907867432
True,False,False,False,300,12.0,0.2628929615020752,17.280832290649414,0.9663887023925781,14.275578498840332,1.1896315813064575,0.37512513995170593,0.5217387080192566
True,False,False,False,300,12.0,0.2628929615020752,17.280832290649414,0.9663887023925781,14.275578498840332,1.1896315813064575,0.37512513995170593,0.5217387080192566
True,False,False,False,300,12.0,0.25878146290779114,17.282243728637695,0.9663097262382507,13.732011795043945,1.144334316253662,0.37498781085014343,0.5217737555503845
True,False,False,False,300,12.0,0.25878146290779114,17.282243728637695,0.9663097262382507,13.732011795043945,1.144334316253662,0.37498781085014343,0.5217737555503845
True,False,False,False,300,12.0,0.2632860243320465,17.280933380126953,0.9663830399513245,14.275696754455566,1.1896413564682007,0.37523195147514343,0.5217425227165222
True,False,False,False,300,12.0,0.2632860243320465,17.280933380126953,0.9663830399513245,14.275696754455566,1.1896413564682007,0.37523195147514343,0.5217425227165222
True,False,False,False,300,12.0,0.2632860243320465,17.280933380126953,0.9663830399513245,14.275696754455566,1.1896413564682007,0.37523195147514343,0.5217425227165222
True,False,False,False,300,12.0,0.2632860243320465,17.280933380126953,0.9663830399513245,14.275696754455566,1.1896413564682007,0.37523195147514343,0.5217425227165222
True,False,False,False,300,12.0,0.2632860243320465,17.280933380126953,0.9663830399513245,14.275696754455566,1.1896413564682007,0.37523195147514343,0.5217425227165222
True,False,False,False,300,12.0,0.25812041759490967,17.282344818115234,0.9663041234016418,13.73181438446045,1.144317865371704,0.37517091631889343,0.5217708945274353
True,False,False,False,300,12.0,0.25812041759490967,17.282344818115234,0.9663041234016418,13.73181438446045,1.144317865371704,0.37517091631889343,0.5217708945274353
True,False,False,False,300,12.0,0.25812041759490967,17.282344818115234,0.9663041234016418,13.73181438446045,1.144317865371704,0.37517091631889343,0.5217708945274353
True,False,False,False,300,12.0,0.25812041759490967,17.282344818115234,0.9663041234016418,13.73181438446045,1.144317865371704,0.37517091631889343,0.5217708945274353
True,False,False,False,300,12.0,0.25812041759490967,17.282344818115234,0.9663041234016418,13.73181438446045,1.144317865371704,0.37517091631889343,0.5217708945274353
True,False,False,False,300,12.0,0.25812041759490967,17.282344818115234,0.9663041234016418,13.73181438446045,1.144317865371704,0.37517091631889343,0.5217708945274353
True,False,False,False,300,12.0,0.2582918107509613,17.282196044921875,0.9663124084472656,13.731828689575195,1.1443190574645996,0.37517091631889343,0.5217717885971069
True,False,False,False,300,12.0,0.2582918107509613,17.282196044921875,0.9663124084472656,13.731828689575195,1.1443190574645996,0.37517091631889343,0.5217717885971069
True,False,False,False,300,12.0,0.2582918107509613,17.282196044921875,0.9663124084472656,13.731828689575195,1.1443190574645996,0.37517091631889343,0.5217717885971069
True,False,False,False,300,12.0,0.2582918107509613,17.282196044921875,0.9663124084472656,13.731828689575195,1.1443190574645996,0.37517091631889343,0.5217717885971069
True,False,False,False,300,12.0,0.2582918107509613,17.282196044921875,0.9663124084472656,13.731828689575195,1.1443190574645996,0.37517091631889343,0.5217717885971069
True,False,False,False,300,12.0,0.2582918107509613,17.282196044921875,0.9663124084472656,13.731828689575195,1.1443190574645996,0.37517091631889343,0.5217717885971069
True,False,False,False,300,12.0,0.2634319067001343,17.28079605102539,0.9663907289505005,14.275705337524414,1.189642071723938,0.37523195147514343,0.521743655204773
True,False,False,False,300,12.0,0.2634319067001343,17.28079605102539,0.9663907289505005,14.275705337524414,1.189642071723938,0.37523195147514343,0.521743655204773
True,False,False,False,300,12.0,0.2634319067001343,17.28079605102539,0.9663907289505005,14.275705337524414,1.189642071723938,0.37523195147514343,0.521743655204773
True,False,False,False,300,12.0,0.2634319067001343,17.28079605102539,0.9663907289505005,14.275705337524414,1.189642071723938,0.37523195147514343,0.521743655204773
True,False,False,False,300,12.0,0.2634319067001343,17.28079605102539,0.9663907289505005,14.275705337524414,1.189642071723938,0.37523195147514343,0.521743655204773
True,False,False,False,300,12.0,0.25888922810554504,17.28209686279297,0.9663179516792297,13.732030868530273,1.1443358659744263,0.37498781085014343,0.5217746496200562
True,False,False,False,300,12.0,0.25888922810554504,17.28209686279297,0.9663179516792297,13.732030868530273,1.1443358659744263,0.37498781085014343,0.5217746496200562
True,False,False,False,300,12.0,0.2630175054073334,17.280704498291016,0.9663958549499512,14.275588989257812,1.1896324157714844,0.37512513995170593,0.5217395424842834
True,False,False,False,300,12.0,0.2630175054073334,17.280704498291016,0.9663958549499512,14.275588989257812,1.1896324157714844,0.37512513995170593,0.5217395424842834
True,False,False,False,300,12.0,0.26300114393234253,17.280715942382812,0.9663951992988586,14.275568962097168,1.1896307468414307,0.3751175105571747,0.5217390656471252
True,False,False,False,300,12.0,0.26300114393234253,17.280715942382812,0.9663951992988586,14.275568962097168,1.1896307468414307,0.3751175105571747,0.5217390656471252
True,False,False,False,300,12.0,0.2630175054073334,17.280704498291016,0.9663958549499512,14.275588989257812,1.1896324157714844,0.37512513995170593,0.5217395424842834
True,False,False,False,300,12.0,0.2630175054073334,17.280704498291016,0.9663958549499512,14.275588989257812,1.1896324157714844,0.37512513995170593,0.5217395424842834
True,False,False,False,300,12.0,0.25888922810554504,17.28209686279297,0.9663179516792297,13.732030868530273,1.1443358659744263,0.37498781085014343,0.5217746496200562
True,False,False,False,300,12.0,0.25888922810554504,17.28209686279297,0.9663179516792297,13.732030868530273,1.1443358659744263,0.37498781085014343,0.5217746496200562
True,False,False,False,300,12.0,0.2634319067001343,17.28079605102539,0.9663907289505005,14.275705337524414,1.189642071723938,0.37523195147514343,0.521743655204773
True,False,False,False,300,12.0,0.2634319067001343,17.28079605102539,0.9663907289505005,14.275705337524414,1.189642071723938,0.37523195147514343,0.521743655204773
True,False,False,False,300,12.0,0.2634319067001343,17.28079605102539,0.9663907289505005,14.275705337524414,1.189642071723938,0.37523195147514343,0.521743655204773
True,False,False,False,300,12.0,0.2634319067001343,17.28079605102539,0.9663907289505005,14.275705337524414,1.189642071723938,0.37523195147514343,0.521743655204773
True,False,False,False,300,12.0,0.2634319067001343,17.28079605102539,0.9663907289505005,14.275705337524414,1.189642071723938,0.37523195147514343,0.521743655204773
True,False,False,False,300,12.0,0.2582918107509613,17.282196044921875,0.9663124084472656,13.731828689575195,1.1443190574645996,0.37517091631889343,0.5217717885971069
True,False,False,False,300,12.0,0.2582918107509613,17.282196044921875,0.9663124084472656,13.731828689575195,1.1443190574645996,0.37517091631889343,0.5217717885971069
True,False,False,False,300,12.0,0.2582918107509613,17.282196044921875,0.9663124084472656,13.731828689575195,1.1443190574645996,0.37517091631889343,0.5217717885971069
True,False,False,False,300,12.0,0.2582918107509613,17.282196044921875,0.9663124084472656,13.731828689575195,1.1443190574645996,0.37517091631889343,0.5217717885971069
True,False,False,False,300,12.0,0.2582918107509613,17.282196044921875,0.9663124084472656,13.731828689575195,1.1443190574645996,0.37517091631889343,0.5217717885971069
True,False,False,False,300,12.0,0.2582918107509613,17.282196044921875,0.9663124084472656,13.731828689575195,1.1443190574645996,0.37517091631889343,0.5217717885971069
True,False,False,False,300,12.0,0.25833380222320557,17.282142639160156,0.9663153886795044,13.731803894042969,1.1443170309066772,0.37517091631889343,0.5217726230621338
True,False,False,False,300,12.0,0.25833380222320557,17.282142639160156,0.9663153886795044,13.731803894042969,1.1443170309066772,0.37517091631889343,0.5217726230621338
True,False,False,False,300,12.0,0.25833380222320557,17.282142639160156,0.9663153886795044,13.731803894042969,1.1443170309066772,0.37517091631889343,0.5217726230621338
True,False,False,False,300,12.0,0.25833380222320557,17.282142639160156,0.9663153886795044,13.731803894042969,1.1443170309066772,0.37517091631889343,0.5217726230621338
True,False,False,False,300,12.0,0.25833380222320557,17.282142639160156,0.9663153886795044,13.731803894042969,1.1443170309066772,0.37517091631889343,0.5217726230621338
True,False,False,False,300,12.0,0.25833380222320557,17.282142639160156,0.9663153886795044,13.731803894042969,1.1443170309066772,0.37517091631889343,0.5217726230621338
True,False,False,False,300,12.0,0.2634486258029938,17.280717849731445,0.9663950800895691,14.27567195892334,1.1896393299102783,0.37523195147514343,0.5217443704605103
True,False,False,False,300,12.0,0.2634486258029938,17.280717849731445,0.9663950800895691,14.27567195892334,1.1896393299102783,0.37523195147514343,0.5217443704605103
True,False,False,False,300,12.0,0.2634486258029938,17.280717849731445,0.9663950800895691,14.27567195892334,1.1896393299102783,0.37523195147514343,0.5217443704605103
True,False,False,False,300,12.0,0.2634486258029938,17.280717849731445,0.9663950800895691,14.27567195892334,1.1896393299102783,0.37523195147514343,0.5217443704605103
True,False,False,False,300,12.0,0.2634486258029938,17.280717849731445,0.9663950800895691,14.27567195892334,1.1896393299102783,0.37523195147514343,0.5217443704605103
True,False,False,False,300,12.0,0.2589491009712219,17.282028198242188,0.9663218259811401,13.732014656066895,1.1443345546722412,0.37498781085014343,0.5217753052711487
True,False,False,False,300,12.0,0.2589491009712219,17.282028198242188,0.9663218259811401,13.732014656066895,1.1443345546722412,0.37498781085014343,0.5217753052711487
True,False,False,False,300,12.0,0.26306241750717163,17.280643463134766,0.9663992524147034,14.275562286376953,1.189630150794983,0.37514039874076843,0.5217403769493103
True,False,False,False,300,12.0,0.26306241750717163,17.280643463134766,0.9663992524147034,14.275562286376953,1.189630150794983,0.37514039874076843,0.5217403769493103
True,False,False,False,300,12.0,0.2630838453769684,17.280630111694336,0.9664000272750854,14.275558471679688,1.1896299123764038,0.3751175105571747,0.5217401385307312
True,False,False,False,300,12.0,0.2630838453769684,17.280630111694336,0.9664000272750854,14.275558471679688,1.1896299123764038,0.3751175105571747,0.5217401385307312
True,False,False,False,300,12.0,0.26306241750717163,17.280643463134766,0.9663992524147034,14.275562286376953,1.189630150794983,0.37514039874076843,0.5217403769493103
True,False,False,False,300,12.0,0.26306241750717163,17.280643463134766,0.9663992524147034,14.275562286376953,1.189630150794983,0.37514039874076843,0.5217403769493103
True,False,False,False,300,12.0,0.2589491009712219,17.282028198242188,0.9663218259811401,13.732014656066895,1.1443345546722412,0.37498781085014343,0.5217753052711487
True,False,False,False,300,12.0,0.2589491009712219,17.282028198242188,0.9663218259811401,13.732014656066895,1.1443345546722412,0.37498781085014343,0.5217753052711487
True,False,False,False,300,12.0,0.2634486258029938,17.280717849731445,0.9663950800895691,14.27567195892334,1.1896393299102783,0.37523195147514343,0.5217443704605103
True,False,False,False,300,12.0,0.2634486258029938,17.280717849731445,0.9663950800895691,14.27567195892334,1.1896393299102783,0.37523195147514343,0.5217443704605103
True,False,False,False,300,12.0,0.2634486258029938,17.280717849731445,0.9663950800895691,14.27567195892334,1.1896393299102783,0.37523195147514343,0.5217443704605103
True,False,False,False,300,12.0,0.2634486258029938,17.280717849731445,0.9663950800895691,14.27567195892334,1.1896393299102783,0.37523195147514343,0.5217443704605103
True,False,False,False,300,12.0,0.2634486258029938,17.280717849731445,0.9663950800895691,14.27567195892334,1.1896393299102783,0.37523195147514343,0.5217443704605103
True,False,False,False,300,12.0,0.25833380222320557,17.282142639160156,0.9663153886795044,13.731803894042969,1.1443170309066772,0.37517091631889343,0.5217726230621338
True,False,False,False,300,12.0,0.25833380222320557,17.282142639160156,0.9663153886795044,13.731803894042969,1.1443170309066772,0.37517091631889343,0.5217726230621338
True,False,False,False,300,12.0,0.25833380222320557,17.282142639160156,0.9663153886795044,13.731803894042969,1.1443170309066772,0.37517091631889343,0.5217726230621338
True,False,False,False,300,12.0,0.25833380222320557,17.282142639160156,0.9663153886795044,13.731803894042969,1.1443170309066772,0.37517091631889343,0.5217726230621338
True,False,False,False,300,12.0,0.25833380222320557,17.282142639160156,0.9663153886795044,13.731803894042969,1.1443170309066772,0.37517091631889343,0.5217726230621338
True,False,False,False,300,12.0,0.25833380222320557,17.282142639160156,0.9663153886795044,13.731803894042969,1.1443170309066772,0.37517091631889343,0.5217726230621338
True,False,False,False,300,12.0,0.25834131240844727,17.282142639160156,0.9663153886795044,13.731796264648438,1.14431631565094,0.37517091631889343,0.5217716097831726
True,False,False,False,300,12.0,0.25834131240844727,17.282142639160156,0.9663153886795044,13.731796264648438,1.14431631565094,0.37517091631889343,0.5217716097831726
True,False,False,False,300,12.0,0.25834131240844727,17.282142639160156,0.9663153886795044,13.731796264648438,1.14431631565094,0.37517091631889343,0.5217716097831726
True,False,False,False,300,12.0,0.25834131240844727,17.282142639160156,0.9663153886795044,13.731796264648438,1.14431631565094,0.37517091631889343,0.5217716097831726
True,False,False,False,300,12.0,0.25834131240844727,17.282142639160156,0.9663153886795044,13.731796264648438,1.14431631565094,0.37517091631889343,0.5217716097831726
True,False,False,False,300,12.0,0.25834131240844727,17.282142639160156,0.9663153886795044,13.731796264648438,1.14431631565094,0.37517091631889343,0.5217716097831726
True,False,False,False,300,12.0,0.26333722472190857,17.280866622924805,0.9663867354393005,14.275676727294922,1.189639687538147,0.37523195147514343,0.5217428803443909
True,False,False,False,300,12.0,0.26333722472190857,17.280866622924805,0.9663867354393005,14.275676727294922,1.189639687538147,0.37523195147514343,0.5217428803443909
True,False,False,False,300,12.0,0.26333722472190857,17.280866622924805,0.9663867354393005,14.275676727294922,1.189639687538147,0.37523195147514343,0.5217428803443909
True,False,False,False,300,12.0,0.26333722472190857,17.280866622924805,0.9663867354393005,14.275676727294922,1.189639687538147,0.37523195147514343,0.5217428803443909
True,False,False,False,300,12.0,0.26333722472190857,17.280866622924805,0.9663867354393005,14.275676727294922,1.189639687538147,0.37523195147514343,0.5217428803443909
True,False,False,False,300,12.0,0.25892964005470276,17.282060623168945,0.9663199782371521,13.731996536254883,1.144333004951477,0.37498781085014343,0.5217741131782532
True,False,False,False,300,12.0,0.25892964005470276,17.282060623168945,0.9663199782371521,13.731996536254883,1.144333004951477,0.37498781085014343,0.5217741131782532
True,False,False,False,300,12.0,0.2629731595516205,17.28075408935547,0.9663930535316467,14.275567054748535,1.1896306276321411,0.37514039874076843,0.5217395424842834
True,False,False,False,300,12.0,0.2629731595516205,17.28075408935547,0.9663930535316467,14.275567054748535,1.1896306276321411,0.37514039874076843,0.5217395424842834
True,False,False,False,300,12.0,0.2629615068435669,17.280752182006836,0.9663931727409363,14.275548934936523,1.189629077911377,0.3751175105571747,0.5217391848564148
True,False,False,False,300,12.0,0.2629615068435669,17.280752182006836,0.9663931727409363,14.275548934936523,1.189629077911377,0.3751175105571747,0.5217391848564148
True,False,False,False,300,12.0,0.2629731595516205,17.28075408935547,0.9663930535316467,14.275567054748535,1.1896306276321411,0.37514039874076843,0.5217395424842834
True,False,False,False,300,12.0,0.2629731595516205,17.28075408935547,0.9663930535316467,14.275567054748535,1.1896306276321411,0.37514039874076843,0.5217395424842834
True,False,False,False,300,12.0,0.25892964005470276,17.282060623168945,0.9663199782371521,13.731996536254883,1.144333004951477,0.37498781085014343,0.5217741131782532
True,False,False,False,300,12.0,0.25892964005470276,17.282060623168945,0.9663199782371521,13.731996536254883,1.144333004951477,0.37498781085014343,0.5217741131782532
True,False,False,False,300,12.0,0.26333722472190857,17.280866622924805,0.9663867354393005,14.275676727294922,1.189639687538147,0.37523195147514343,0.5217428803443909
True,False,False,False,300,12.0,0.26333722472190857,17.280866622924805,0.9663867354393005,14.275676727294922,1.189639687538147,0.37523195147514343,0.5217428803443909
True,False,False,False,300,12.0,0.26333722472190857,17.280866622924805,0.9663867354393005,14.275676727294922,1.189639687538147,0.37523195147514343,0.5217428803443909
True,False,False,False,300,12.0,0.26333722472190857,17.280866622924805,0.9663867354393005,14.275676727294922,1.189639687538147,0.37523195147514343,0.5217428803443909
True,False,False,False,300,12.0,0.26333722472190857,17.280866622924805,0.9663867354393005,14.275676727294922,1.189639687538147,0.37523195147514343,0.5217428803443909
True,False,False,False,300,12.0,0.25834131240844727,17.282142639160156,0.9663153886795044,13.731796264648438,1.14431631565094,0.37517091631889343,0.5217716097831726
True,False,False,False,300,12.0,0.25834131240844727,17.282142639160156,0.9663153886795044,13.731796264648438,1.14431631565094,0.37517091631889343,0.5217716097831726
True,False,False,False,300,12.0,0.25834131240844727,17.282142639160156,0.9663153886795044,13.731796264648438,1.14431631565094,0.37517091631889343,0.5217716097831726
True,False,False,False,300,12.0,0.25834131240844727,17.282142639160156,0.9663153886795044,13.731796264648438,1.14431631565094,0.37517091631889343,0.5217716097831726
True,False,False,False,300,12.0,0.25834131240844727,17.282142639160156,0.9663153886795044,13.731796264648438,1.14431631565094,0.37517091631889343,0.5217716097831726
True,False,False,False,300,12.0,0.25834131240844727,17.282142639160156,0.9663153886795044,13.731796264648438,1.14431631565094,0.37517091631889343,0.5217716097831726
True,False,False,False,300,12.0,0.2582164406776428,17.282217025756836,0.9663112163543701,13.73178768157959,1.1443156003952026,0.37517091631889343,0.5217719674110413
True,False,False,False,300,12.0,0.2582164406776428,17.282217025756836,0.9663112163543701,13.73178768157959,1.1443156003952026,0.37517091631889343,0.5217719674110413
True,False,False,False,300,12.0,0.2582164406776428,17.282217025756836,0.9663112163543701,13.73178768157959,1.1443156003952026,0.37517091631889343,0.5217719674110413
True,False,False,False,300,12.0,0.2582164406776428,17.282217025756836,0.9663112163543701,13.73178768157959,1.1443156003952026,0.37517091631889343,0.5217719674110413
True,False,False,False,300,12.0,0.2582164406776428,17.282217025756836,0.9663112163543701,13.73178768157959,1.1443156003952026,0.37517091631889343,0.5217719674110413
True,False,False,False,300,12.0,0.2582164406776428,17.282217025756836,0.9663112163543701,13.73178768157959,1.1443156003952026,0.37517091631889343,0.5217719674110413
True,False,False,False,300,12.0,0.26333796977996826,17.28086280822754,0.9663869738578796,14.275672912597656,1.1896394491195679,0.37523195147514343,0.5217432975769043
True,False,False,False,300,12.0,0.26333796977996826,17.28086280822754,0.9663869738578796,14.275672912597656,1.1896394491195679,0.37523195147514343,0.5217432975769043
True,False,False,False,300,12.0,0.26333796977996826,17.28086280822754,0.9663869738578796,14.275672912597656,1.1896394491195679,0.37523195147514343,0.5217432975769043
True,False,False,False,300,12.0,0.26333796977996826,17.28086280822754,0.9663869738578796,14.275672912597656,1.1896394491195679,0.37523195147514343,0.5217432975769043
True,False,False,False,300,12.0,0.26333796977996826,17.28086280822754,0.9663869738578796,14.275672912597656,1.1896394491195679,0.37523195147514343,0.5217432975769043
True,False,False,False,300,12.0,0.2588854730129242,17.28211212158203,0.9663171172142029,13.731990814208984,1.1443325281143188,0.37498781085014343,0.521774411201477
True,False,False,False,300,12.0,0.2588854730129242,17.28211212158203,0.9663171172142029,13.731990814208984,1.1443325281143188,0.37498781085014343,0.521774411201477
True,False,False,False,300,12.0,0.2629573345184326,17.28076934814453,0.9663922190666199,14.275562286376953,1.189630150794983,0.37514039874076843,0.5217399597167969
True,False,False,False,300,12.0,0.2629573345184326,17.28076934814453,0.9663922190666199,14.275562286376953,1.189630150794983,0.37514039874076843,0.5217399597167969
True,False,False,False,300,12.0,0.2629409730434418,17.28076934814453,0.9663922190666199,14.275545120239258,1.1896287202835083,0.3751175105571747,0.5217394828796387
True,False,False,False,300,12.0,0.2629409730434418,17.28076934814453,0.9663922190666199,14.275545120239258,1.1896287202835083,0.3751175105571747,0.5217394828796387
True,False,False,False,300,12.0,0.2629573345184326,17.28076934814453,0.9663922190666199,14.275562286376953,1.189630150794983,0.37514039874076843,0.5217399597167969
True,False,False,False,300,12.0,0.2629573345184326,17.28076934814453,0.9663922190666199,14.275562286376953,1.189630150794983,0.37514039874076843,0.5217399597167969
True,False,False,False,300,12.0,0.2588854730129242,17.28211212158203,0.9663171172142029,13.731990814208984,1.1443325281143188,0.37498781085014343,0.521774411201477
True,False,False,False,300,12.0,0.2588854730129242,17.28211212158203,0.9663171172142029,13.731990814208984,1.1443325281143188,0.37498781085014343,0.521774411201477
True,False,False,False,300,12.0,0.26333796977996826,17.28086280822754,0.9663869738578796,14.275672912597656,1.1896394491195679,0.37523195147514343,0.5217432975769043
True,False,False,False,300,12.0,0.26333796977996826,17.28086280822754,0.9663869738578796,14.275672912597656,1.1896394491195679,0.37523195147514343,0.5217432975769043
True,False,False,False,300,12.0,0.26333796977996826,17.28086280822754,0.9663869738578796,14.275672912597656,1.1896394491195679,0.37523195147514343,0.5217432975769043
True,False,False,False,300,12.0,0.26333796977996826,17.28086280822754,0.9663869738578796,14.275672912597656,1.1896394491195679,0.37523195147514343,0.5217432975769043
True,False,False,False,300,12.0,0.26333796977996826,17.28086280822754,0.9663869738578796,14.275672912597656,1.1896394491195679,0.37523195147514343,0.5217432975769043
True,False,False,False,300,12.0,0.2582164406776428,17.282217025756836,0.9663112163543701,13.73178768157959,1.1443156003952026,0.37517091631889343,0.5217719674110413
True,False,False,False,300,12.0,0.2582164406776428,17.282217025756836,0.9663112163543701,13.73178768157959,1.1443156003952026,0.37517091631889343,0.5217719674110413
True,False,False,False,300,12.0,0.2582164406776428,17.282217025756836,0.9663112163543701,13.73178768157959,1.1443156003952026,0.37517091631889343,0.5217719674110413
True,False,False,False,300,12.0,0.2582164406776428,17.282217025756836,0.9663112163543701,13.73178768157959,1.1443156003952026,0.37517091631889343,0.5217719674110413
True,False,False,False,300,12.0,0.2582164406776428,17.282217025756836,0.9663112163543701,13.73178768157959,1.1443156003952026,0.37517091631889343,0.5217719674110413
True,False,False,False,300,12.0,0.2582164406776428,17.282217025756836,0.9663112163543701,13.73178768157959,1.1443156003952026,0.37517091631889343,0.5217719674110413
True,False,False,False,300,12.0,0.25841182470321655,17.28204917907715,0.9663206338882446,13.731823921203613,1.144318699836731,0.37517091631889343,0.5217717885971069
True,False,False,False,300,12.0,0.25841182470321655,17.28204917907715,0.9663206338882446,13.731823921203613,1.144318699836731,0.37517091631889343,0.5217717885971069
True,False,False,False,300,12.0,0.25841182470321655,17.28204917907715,0.9663206338882446,13.731823921203613,1.144318699836731,0.37517091631889343,0.5217717885971069
True,False,False,False,300,12.0,0.25841182470321655,17.28204917907715,0.9663206338882446,13.731823921203613,1.144318699836731,0.37517091631889343,0.5217717885971069
True,False,False,False,300,12.0,0.25841182470321655,17.28204917907715,0.9663206338882446,13.731823921203613,1.144318699836731,0.37517091631889343,0.5217717885971069
True,False,False,False,300,12.0,0.25841182470321655,17.28204917907715,0.9663206338882446,13.731823921203613,1.144318699836731,0.37517091631889343,0.5217717885971069
True,False,False,False,300,12.0,0.26350417733192444,17.28070831298828,0.9663956165313721,14.275700569152832,1.1896417140960693,0.37523195147514343,0.5217439532279968
True,False,False,False,300,12.0,0.26350417733192444,17.28070831298828,0.9663956165313721,14.275700569152832,1.1896417140960693,0.37523195147514343,0.5217439532279968
True,False,False,False,300,12.0,0.26350417733192444,17.28070831298828,0.9663956165313721,14.275700569152832,1.1896417140960693,0.37523195147514343,0.5217439532279968
True,False,False,False,300,12.0,0.26350417733192444,17.28070831298828,0.9663956165313721,14.275700569152832,1.1896417140960693,0.37523195147514343,0.5217439532279968
True,False,False,False,300,12.0,0.26350417733192444,17.28070831298828,0.9663956165313721,14.275700569152832,1.1896417140960693,0.37523195147514343,0.5217439532279968
True,False,False,False,300,12.0,0.25906476378440857,17.28192901611328,0.9663273096084595,13.732023239135742,1.1443352699279785,0.37498781085014343,0.5217748284339905
True,False,False,False,300,12.0,0.25906476378440857,17.28192901611328,0.9663273096084595,13.732023239135742,1.1443352699279785,0.37498781085014343,0.5217748284339905
True,False,False,False,300,12.0,0.2630959153175354,17.28060531616211,0.9664013981819153,14.27558708190918,1.1896322965621948,0.37512513995170593,0.5217398405075073
True,False,False,False,300,12.0,0.2630959153175354,17.28060531616211,0.9664013981819153,14.27558708190918,1.1896322965621948,0.37512513995170593,0.5217398405075073
True,False,False,False,300,12.0,0.26311224699020386,17.280614852905273,0.9664008617401123,14.275571823120117,1.1896309852600098,0.3751175105571747,0.5217395424842834
True,False,False,False,300,12.0,0.26311224699020386,17.280614852905273,0.9664008617401123,14.275571823120117,1.1896309852600098,0.3751175105571747,0.5217395424842834
True,False,False,False,300,12.0,0.2630959153175354,17.28060531616211,0.9664013981819153,14.27558708190918,1.1896322965621948,0.37512513995170593,0.5217398405075073
True,False,False,False,300,12.0,0.2630959153175354,17.28060531616211,0.9664013981819153,14.27558708190918,1.1896322965621948,0.37512513995170593,0.5217398405075073
True,False,False,False,300,12.0,0.25906476378440857,17.28192901611328,0.9663273096084595,13.732023239135742,1.1443352699279785,0.37498781085014343,0.5217748284339905
True,False,False,False,300,12.0,0.25906476378440857,17.28192901611328,0.9663273096084595,13.732023239135742,1.1443352699279785,0.37498781085014343,0.5217748284339905
True,False,False,False,300,12.0,0.26350417733192444,17.28070831298828,0.9663956165313721,14.275700569152832,1.1896417140960693,0.37523195147514343,0.5217439532279968
True,False,False,False,300,12.0,0.26350417733192444,17.28070831298828,0.9663956165313721,14.275700569152832,1.1896417140960693,0.37523195147514343,0.5217439532279968
True,False,False,False,300,12.0,0.26350417733192444,17.28070831298828,0.9663956165313721,14.275700569152832,1.1896417140960693,0.37523195147514343,0.5217439532279968
True,False,False,False,300,12.0,0.26350417733192444,17.28070831298828,0.9663956165313721,14.275700569152832,1.1896417140960693,0.37523195147514343,0.5217439532279968
True,False,False,False,300,12.0,0.26350417733192444,17.28070831298828,0.9663956165313721,14.275700569152832,1.1896417140960693,0.37523195147514343,0.5217439532279968
True,False,False,False,300,12.0,0.25841182470321655,17.28204917907715,0.9663206338882446,13.731823921203613,1.144318699836731,0.37517091631889343,0.5217717885971069
True,False,False,False,300,12.0,0.25841182470321655,17.28204917907715,0.9663206338882446,13.731823921203613,1.144318699836731,0.37517091631889343,0.5217717885971069
True,False,False,False,300,12.0,0.25841182470321655,17.28204917907715,0.9663206338882446,13.731823921203613,1.144318699836731,0.37517091631889343,0.5217717885971069
True,False,False,False,300,12.0,0.25841182470321655,17.28204917907715,0.9663206338882446,13.731823921203613,1.144318699836731,0.37517091631889343,0.5217717885971069
True,False,False,False,300,12.0,0.25841182470321655,17.28204917907715,0.9663206338882446,13.731823921203613,1.144318699836731,0.37517091631889343,0.5217717885971069
True,False,False,False,300,12.0,0.25841182470321655,17.28204917907715,0.9663206338882446,13.731823921203613,1.144318699836731,0.37517091631889343,0.5217717885971069
True,False,False,False,300,12.0,0.2583698332309723,17.2820987701416,0.966317892074585,13.731827735900879,1.14431893825531,0.37517091631889343,0.5217718482017517
True,False,False,False,300,12.0,0.2583698332309723,17.2820987701416,0.966317892074585,13.731827735900879,1.14431893825531,0.37517091631889343,0.5217718482017517
True,False,False,False,300,12.0,0.2583698332309723,17.2820987701416,0.966317892074585,13.731827735900879,1.14431893825531,0.37517091631889343,0.5217718482017517
True,False,False,False,300,12.0,0.2583698332309723,17.2820987701416,0.966317892074585,13.731827735900879,1.14431893825531,0.37517091631889343,0.5217718482017517
True,False,False,False,300,12.0,0.2583698332309723,17.2820987701416,0.966317892074585,13.731827735900879,1.14431893825531,0.37517091631889343,0.5217718482017517
True,False,False,False,300,12.0,0.2583698332309723,17.2820987701416,0.966317892074585,13.731827735900879,1.14431893825531,0.37517091631889343,0.5217718482017517
True,False,False,False,300,12.0,0.263534277677536,17.280672073364258,0.9663976430892944,14.275710105895996,1.1896425485610962,0.37523195147514343,0.5217437148094177
True,False,False,False,300,12.0,0.263534277677536,17.280672073364258,0.9663976430892944,14.275710105895996,1.1896425485610962,0.37523195147514343,0.5217437148094177
True,False,False,False,300,12.0,0.263534277677536,17.280672073364258,0.9663976430892944,14.275710105895996,1.1896425485610962,0.37523195147514343,0.5217437148094177
True,False,False,False,300,12.0,0.263534277677536,17.280672073364258,0.9663976430892944,14.275710105895996,1.1896425485610962,0.37523195147514343,0.5217437148094177
True,False,False,False,300,12.0,0.263534277677536,17.280672073364258,0.9663976430892944,14.275710105895996,1.1896425485610962,0.37523195147514343,0.5217437148094177
True,False,False,False,300,12.0,0.25901687145233154,17.2819881439209,0.9663240313529968,13.732030868530273,1.1443358659744263,0.37498781085014343,0.52177494764328
True,False,False,False,300,12.0,0.25901687145233154,17.2819881439209,0.9663240313529968,13.732030868530273,1.1443358659744263,0.37498781085014343,0.52177494764328
True,False,False,False,300,12.0,0.2631293833255768,17.280569076538086,0.9664034247398376,14.275591850280762,1.1896326541900635,0.37512513995170593,0.5217401385307312
True,False,False,False,300,12.0,0.2631293833255768,17.280569076538086,0.9664034247398376,14.275591850280762,1.1896326541900635,0.37512513995170593,0.5217401385307312
True,False,False,False,300,12.0,0.26313871145248413,17.28058624267578,0.9664024114608765,14.275582313537598,1.1896318197250366,0.3751175105571747,0.5217397212982178
True,False,False,False,300,12.0,0.26313871145248413,17.28058624267578,0.9664024114608765,14.275582313537598,1.1896318197250366,0.3751175105571747,0.5217397212982178
True,False,False,False,300,12.0,0.2631293833255768,17.280569076538086,0.9664034247398376,14.275591850280762,1.1896326541900635,0.37512513995170593,0.5217401385307312
True,False,False,False,300,12.0,0.2631293833255768,17.280569076538086,0.9664034247398376,14.275591850280762,1.1896326541900635,0.37512513995170593,0.5217401385307312
True,False,False,False,300,12.0,0.25901687145233154,17.2819881439209,0.9663240313529968,13.732030868530273,1.1443358659744263,0.37498781085014343,0.52177494764328
True,False,False,False,300,12.0,0.25901687145233154,17.2819881439209,0.9663240313529968,13.732030868530273,1.1443358659744263,0.37498781085014343,0.52177494764328
True,False,False,False,300,12.0,0.263534277677536,17.280672073364258,0.9663976430892944,14.275710105895996,1.1896425485610962,0.37523195147514343,0.5217437148094177
True,False,False,False,300,12.0,0.263534277677536,17.280672073364258,0.9663976430892944,14.275710105895996,1.1896425485610962,0.37523195147514343,0.5217437148094177
True,False,False,False,300,12.0,0.263534277677536,17.280672073364258,0.9663976430892944,14.275710105895996,1.1896425485610962,0.37523195147514343,0.5217437148094177
True,False,False,False,300,12.0,0.263534277677536,17.280672073364258,0.9663976430892944,14.275710105895996,1.1896425485610962,0.37523195147514343,0.5217437148094177
True,False,False,False,300,12.0,0.263534277677536,17.280672073364258,0.9663976430892944,14.275710105895996,1.1896425485610962,0.37523195147514343,0.5217437148094177
True,False,False,False,300,12.0,0.2583698332309723,17.2820987701416,0.966317892074585,13.731827735900879,1.14431893825531,0.37517091631889343,0.5217718482017517
True,False,False,False,300,12.0,0.2583698332309723,17.2820987701416,0.966317892074585,13.731827735900879,1.14431893825531,0.37517091631889343,0.5217718482017517
True,False,False,False,300,12.0,0.2583698332309723,17.2820987701416,0.966317892074585,13.731827735900879,1.14431893825531,0.37517091631889343,0.5217718482017517
True,False,False,False,300,12.0,0.2583698332309723,17.2820987701416,0.966317892074585,13.731827735900879,1.14431893825531,0.37517091631889343,0.5217718482017517
True,False,False,False,300,12.0,0.2583698332309723,17.2820987701416,0.966317892074585,13.731827735900879,1.14431893825531,0.37517091631889343,0.5217718482017517
True,False,False,False,300,12.0,0.2583698332309723,17.2820987701416,0.966317892074585,13.731827735900879,1.14431893825531,0.37517091631889343,0.5217718482017517
True,False,False,False,300,12.0,0.25812041759490967,17.282344818115234,0.9663041234016418,13.73181438446045,1.144317865371704,0.37517091631889343,0.5217708945274353
True,False,False,False,300,12.0,0.25812041759490967,17.282344818115234,0.9663041234016418,13.73181438446045,1.144317865371704,0.37517091631889343,0.5217708945274353
True,False,False,False,300,12.0,0.25812041759490967,17.282344818115234,0.9663041234016418,13.73181438446045,1.144317865371704,0.37517091631889343,0.5217708945274353
True,False,False,False,300,12.0,0.25812041759490967,17.282344818115234,0.9663041234016418,13.73181438446045,1.144317865371704,0.37517091631889343,0.5217708945274353
True,False,False,False,300,12.0,0.25812041759490967,17.282344818115234,0.9663041234016418,13.73181438446045,1.144317865371704,0.37517091631889343,0.5217708945274353
True,False,False,False,300,12.0,0.25812041759490967,17.282344818115234,0.9663041234016418,13.73181438446045,1.144317865371704,0.37517091631889343,0.5217708945274353
True,False,False,False,300,12.0,0.2632860243320465,17.280933380126953,0.9663830399513245,14.275696754455566,1.1896413564682007,0.37523195147514343,0.5217425227165222
True,False,False,False,300,12.0,0.2632860243320465,17.280933380126953,0.9663830399513245,14.275696754455566,1.1896413564682007,0.37523195147514343,0.5217425227165222
True,False,False,False,300,12.0,0.2632860243320465,17.280933380126953,0.9663830399513245,14.275696754455566,1.1896413564682007,0.37523195147514343,0.5217425227165222
True,False,False,False,300,12.0,0.2632860243320465,17.280933380126953,0.9663830399513245,14.275696754455566,1.1896413564682007,0.37523195147514343,0.5217425227165222
True,False,False,False,300,12.0,0.2632860243320465,17.280933380126953,0.9663830399513245,14.275696754455566,1.1896413564682007,0.37523195147514343,0.5217425227165222
True,False,False,False,300,12.0,0.25878146290779114,17.282243728637695,0.9663097262382507,13.732011795043945,1.144334316253662,0.37498781085014343,0.5217737555503845
True,False,False,False,300,12.0,0.25878146290779114,17.282243728637695,0.9663097262382507,13.732011795043945,1.144334316253662,0.37498781085014343,0.5217737555503845
True,False,False,False,300,12.0,0.2628929615020752,17.280832290649414,0.9663887023925781,14.275578498840332,1.1896315813064575,0.37512513995170593,0.5217387080192566
True,False,False,False,300,12.0,0.2628929615020752,17.280832290649414,0.9663887023925781,14.275578498840332,1.1896315813064575,0.37512513995170593,0.5217387080192566
True,False,False,False,300,12.0,0.262878954410553,17.280851364135742,0.9663876295089722,14.275568962097168,1.1896307468414307,0.3751175105571747,0.5217382907867432
True,False,False,False,300,12.0,0.262878954410553,17.280851364135742,0.9663876295089722,14.275568962097168,1.1896307468414307,0.3751175105571747,0.5217382907867432
True,False,False,False,300,12.0,0.2628929615020752,17.280832290649414,0.9663887023925781,14.275578498840332,1.1896315813064575,0.37512513995170593,0.5217387080192566
True,False,False,False,300,12.0,0.2628929615020752,17.280832290649414,0.9663887023925781,14.275578498840332,1.1896315813064575,0.37512513995170593,0.5217387080192566
True,False,False,False,300,12.0,0.25878146290779114,17.282243728637695,0.9663097262382507,13.732011795043945,1.144334316253662,0.37498781085014343,0.5217737555503845
True,False,False,False,300,12.0,0.25878146290779114,17.282243728637695,0.9663097262382507,13.732011795043945,1.144334316253662,0.37498781085014343,0.5217737555503845
True,False,False,False,300,12.0,0.2632860243320465,17.280933380126953,0.9663830399513245,14.275696754455566,1.1896413564682007,0.37523195147514343,0.5217425227165222
True,False,False,False,300,12.0,0.2632860243320465,17.280933380126953,0.9663830399513245,14.275696754455566,1.1896413564682007,0.37523195147514343,0.5217425227165222
True,False,False,False,300,12.0,0.2632860243320465,17.280933380126953,0.9663830399513245,14.275696754455566,1.1896413564682007,0.37523195147514343,0.5217425227165222
True,False,False,False,300,12.0,0.2632860243320465,17.280933380126953,0.9663830399513245,14.275696754455566,1.1896413564682007,0.37523195147514343,0.5217425227165222
True,False,False,False,300,12.0,0.2632860243320465,17.280933380126953,0.9663830399513245,14.275696754455566,1.1896413564682007,0.37523195147514343,0.5217425227165222
True,False,False,False,300,12.0,0.25812041759490967,17.282344818115234,0.9663041234016418,13.73181438446045,1.144317865371704,0.37517091631889343,0.5217708945274353
True,False,False,False,300,12.0,0.25812041759490967,17.282344818115234,0.9663041234016418,13.73181438446045,1.144317865371704,0.37517091631889343,0.5217708945274353
True,False,False,False,300,12.0,0.25812041759490967,17.282344818115234,0.9663041234016418,13.73181438446045,1.144317865371704,0.37517091631889343,0.5217708945274353
True,False,False,False,300,12.0,0.25812041759490967,17.282344818115234,0.9663041234016418,13.73181438446045,1.144317865371704,0.37517091631889343,0.5217708945274353
True,False,False,False,300,12.0,0.25812041759490967,17.282344818115234,0.9663041234016418,13.73181438446045,1.144317865371704,0.37517091631889343,0.5217708945274353
True,False,False,False,300,12.0,0.25812041759490967,17.282344818115234,0.9663041234016418,13.73181438446045,1.144317865371704,0.37517091631889343,0.5217708945274353
True,False,False,False,300,12.0,0.25812041759490967,17.282344818115234,0.9663041234016418,13.73181438446045,1.144317865371704,0.37517091631889343,0.5217708945274353
True,False,False,False,300,12.0,0.25812041759490967,17.282344818115234,0.9663041234016418,13.73181438446045,1.144317865371704,0.37517091631889343,0.5217708945274353
True,False,False,False,300,12.0,0.25812041759490967,17.282344818115234,0.9663041234016418,13.73181438446045,1.144317865371704,0.37517091631889343,0.5217708945274353
True,False,False,False,300,12.0,0.25812041759490967,17.282344818115234,0.9663041234016418,13.73181438446045,1.144317865371704,0.37517091631889343,0.5217708945274353
True,False,False,False,300,12.0,0.25812041759490967,17.282344818115234,0.9663041234016418,13.73181438446045,1.144317865371704,0.37517091631889343,0.5217708945274353
True,False,False,False,300,12.0,0.25812041759490967,17.282344818115234,0.9663041234016418,13.73181438446045,1.144317865371704,0.37517091631889343,0.5217708945274353
True,False,False,False,300,12.0,0.2632860243320465,17.280933380126953,0.9663830399513245,14.275696754455566,1.1896413564682007,0.37523195147514343,0.5217425227165222
True,False,False,False,300,12.0,0.2632860243320465,17.280933380126953,0.9663830399513245,14.275696754455566,1.1896413564682007,0.37523195147514343,0.5217425227165222
True,False,False,False,300,12.0,0.2632860243320465,17.280933380126953,0.9663830399513245,14.275696754455566,1.1896413564682007,0.37523195147514343,0.5217425227165222
True,False,False,False,300,12.0,0.2632860243320465,17.280933380126953,0.9663830399513245,14.275696754455566,1.1896413564682007,0.37523195147514343,0.5217425227165222
True,False,False,False,300,12.0,0.2632860243320465,17.280933380126953,0.9663830399513245,14.275696754455566,1.1896413564682007,0.37523195147514343,0.5217425227165222
True,False,False,False,300,12.0,0.25878146290779114,17.282243728637695,0.9663097262382507,13.732011795043945,1.144334316253662,0.37498781085014343,0.5217737555503845
True,False,False,False,300,12.0,0.25878146290779114,17.282243728637695,0.9663097262382507,13.732011795043945,1.144334316253662,0.37498781085014343,0.5217737555503845
True,False,False,False,300,12.0,0.2628929615020752,17.280832290649414,0.9663887023925781,14.275578498840332,1.1896315813064575,0.37512513995170593,0.5217387080192566
True,False,False,False,300,12.0,0.2628929615020752,17.280832290649414,0.9663887023925781,14.275578498840332,1.1896315813064575,0.37512513995170593,0.5217387080192566
True,False,False,False,300,12.0,0.262878954410553,17.280851364135742,0.9663876295089722,14.275568962097168,1.1896307468414307,0.3751175105571747,0.5217382907867432
True,False,False,False,300,12.0,0.262878954410553,17.280851364135742,0.9663876295089722,14.275568962097168,1.1896307468414307,0.3751175105571747,0.5217382907867432
True,False,False,False,300,12.0,0.2628929615020752,17.280832290649414,0.9663887023925781,14.275578498840332,1.1896315813064575,0.37512513995170593,0.5217387080192566
True,False,False,False,300,12.0,0.2628929615020752,17.280832290649414,0.9663887023925781,14.275578498840332,1.1896315813064575,0.37512513995170593,0.5217387080192566
True,False,False,False,300,12.0,0.25878146290779114,17.282243728637695,0.9663097262382507,13.732011795043945,1.144334316253662,0.37498781085014343,0.5217737555503845
True,False,False,False,300,12.0,0.25878146290779114,17.282243728637695,0.9663097262382507,13.732011795043945,1.144334316253662,0.37498781085014343,0.5217737555503845
True,False,False,False,300,12.0,0.2632860243320465,17.280933380126953,0.9663830399513245,14.275696754455566,1.1896413564682007,0.37523195147514343,0.5217425227165222
True,False,False,False,300,12.0,0.2632860243320465,17.280933380126953,0.9663830399513245,14.275696754455566,1.1896413564682007,0.37523195147514343,0.5217425227165222
True,False,False,False,300,12.0,0.2632860243320465,17.280933380126953,0.9663830399513245,14.275696754455566,1.1896413564682007,0.37523195147514343,0.5217425227165222
True,False,False,False,300,12.0,0.2632860243320465,17.280933380126953,0.9663830399513245,14.275696754455566,1.1896413564682007,0.37523195147514343,0.5217425227165222
True,False,False,False,300,12.0,0.2632860243320465,17.280933380126953,0.9663830399513245,14.275696754455566,1.1896413564682007,0.37523195147514343,0.5217425227165222
True,False,False,False,300,12.0,0.25812041759490967,17.282344818115234,0.9663041234016418,13.73181438446045,1.144317865371704,0.37517091631889343,0.5217708945274353
True,False,False,False,300,12.0,0.25812041759490967,17.282344818115234,0.9663041234016418,13.73181438446045,1.144317865371704,0.37517091631889343,0.5217708945274353
True,False,False,False,300,12.0,0.25812041759490967,17.282344818115234,0.9663041234016418,13.73181438446045,1.144317865371704,0.37517091631889343,0.5217708945274353
True,False,False,False,300,12.0,0.25812041759490967,17.282344818115234,0.9663041234016418,13.73181438446045,1.144317865371704,0.37517091631889343,0.5217708945274353
True,False,False,False,300,12.0,0.25812041759490967,17.282344818115234,0.9663041234016418,13.73181438446045,1.144317865371704,0.37517091631889343,0.5217708945274353
True,False,False,False,300,12.0,0.25812041759490967,17.282344818115234,0.9663041234016418,13.73181438446045,1.144317865371704,0.37517091631889343,0.5217708945274353
True,False,False,False,300,12.0,0.2579970061779022,17.282394409179688,0.9663013219833374,13.731785774230957,1.144315481185913,0.37517091631889343,0.5217687487602234
True,False,False,False,300,12.0,0.2579970061779022,17.282394409179688,0.9663013219833374,13.731785774230957,1.144315481185913,0.37517091631889343,0.5217687487602234
True,False,False,False,300,12.0,0.2579970061779022,17.282394409179688,0.9663013219833374,13.731785774230957,1.144315481185913,0.37517091631889343,0.5217687487602234
True,False,False,False,300,12.0,0.2579970061779022,17.282394409179688,0.9663013219833374,13.731785774230957,1.144315481185913,0.37517091631889343,0.5217687487602234
True,False,False,False,300,12.0,0.2579970061779022,17.282394409179688,0.9663013219833374,13.731785774230957,1.144315481185913,0.37517091631889343,0.5217687487602234
True,False,False,False,300,12.0,0.2579970061779022,17.282394409179688,0.9663013219833374,13.731785774230957,1.144315481185913,0.37517091631889343,0.5217687487602234
True,False,False,False,300,12.0,0.26327264308929443,17.280906677246094,0.9663845300674438,14.275678634643555,1.189639925956726,0.37523195147514343,0.5217404961585999
True,False,False,False,300,12.0,0.26327264308929443,17.280906677246094,0.9663845300674438,14.275678634643555,1.189639925956726,0.37523195147514343,0.5217404961585999
True,False,False,False,300,12.0,0.26327264308929443,17.280906677246094,0.9663845300674438,14.275678634643555,1.189639925956726,0.37523195147514343,0.5217404961585999
True,False,False,False,300,12.0,0.26327264308929443,17.280906677246094,0.9663845300674438,14.275678634643555,1.189639925956726,0.37523195147514343,0.5217404961585999
True,False,False,False,300,12.0,0.26327264308929443,17.280906677246094,0.9663845300674438,14.275678634643555,1.189639925956726,0.37523195147514343,0.5217404961585999
True,False,False,False,300,12.0,0.2586957514286041,17.282316207885742,0.966305673122406,13.731990814208984,1.1443325281143188,0.37498781085014343,0.5217716097831726
True,False,False,False,300,12.0,0.2586957514286041,17.282316207885742,0.966305673122406,13.731990814208984,1.1443325281143188,0.37498781085014343,0.5217716097831726
True,False,False,False,300,12.0,0.2628890573978424,17.280820846557617,0.9663892984390259,14.2755765914917,1.1896313428878784,0.37514039874076843,0.5217371582984924
True,False,False,False,300,12.0,0.2628890573978424,17.280820846557617,0.9663892984390259,14.2755765914917,1.1896313428878784,0.37514039874076843,0.5217371582984924
True,False,False,False,300,12.0,0.26289138197898865,17.28082275390625,0.9663892388343811,14.275564193725586,1.189630389213562,0.3751175105571747,0.5217366814613342
True,False,False,False,300,12.0,0.26289138197898865,17.28082275390625,0.9663892388343811,14.275564193725586,1.189630389213562,0.3751175105571747,0.5217366814613342
True,False,False,False,300,12.0,0.2628890573978424,17.280820846557617,0.9663892984390259,14.2755765914917,1.1896313428878784,0.37514039874076843,0.5217371582984924
True,False,False,False,300,12.0,0.2628890573978424,17.280820846557617,0.9663892984390259,14.2755765914917,1.1896313428878784,0.37514039874076843,0.5217371582984924
True,False,False,False,300,12.0,0.2586957514286041,17.282316207885742,0.966305673122406,13.731990814208984,1.1443325281143188,0.37498781085014343,0.5217716097831726
True,False,False,False,300,12.0,0.2586957514286041,17.282316207885742,0.966305673122406,13.731990814208984,1.1443325281143188,0.37498781085014343,0.5217716097831726
True,False,False,False,300,12.0,0.26327264308929443,17.280906677246094,0.9663845300674438,14.275678634643555,1.189639925956726,0.37523195147514343,0.5217404961585999
True,False,False,False,300,12.0,0.26327264308929443,17.280906677246094,0.9663845300674438,14.275678634643555,1.189639925956726,0.37523195147514343,0.5217404961585999
True,False,False,False,300,12.0,0.26327264308929443,17.280906677246094,0.9663845300674438,14.275678634643555,1.189639925956726,0.37523195147514343,0.5217404961585999
True,False,False,False,300,12.0,0.26327264308929443,17.280906677246094,0.9663845300674438,14.275678634643555,1.189639925956726,0.37523195147514343,0.5217404961585999
True,False,False,False,300,12.0,0.26327264308929443,17.280906677246094,0.9663845300674438,14.275678634643555,1.189639925956726,0.37523195147514343,0.5217404961585999
True,False,False,False,300,12.0,0.2579970061779022,17.282394409179688,0.9663013219833374,13.731785774230957,1.144315481185913,0.37517091631889343,0.5217687487602234
True,False,False,False,300,12.0,0.2579970061779022,17.282394409179688,0.9663013219833374,13.731785774230957,1.144315481185913,0.37517091631889343,0.5217687487602234
True,False,False,False,300,12.0,0.2579970061779022,17.282394409179688,0.9663013219833374,13.731785774230957,1.144315481185913,0.37517091631889343,0.5217687487602234
True,False,False,False,300,12.0,0.2579970061779022,17.282394409179688,0.9663013219833374,13.731785774230957,1.144315481185913,0.37517091631889343,0.5217687487602234
True,False,False,False,300,12.0,0.2579970061779022,17.282394409179688,0.9663013219833374,13.731785774230957,1.144315481185913,0.37517091631889343,0.5217687487602234
True,False,False,False,300,12.0,0.2579970061779022,17.282394409179688,0.9663013219833374,13.731785774230957,1.144315481185913,0.37517091631889343,0.5217687487602234
True,False,False,False,300,12.0,0.2579970061779022,17.282394409179688,0.9663013219833374,13.731785774230957,1.144315481185913,0.37517091631889343,0.5217687487602234
True,False,False,False,300,12.0,0.2579970061779022,17.282394409179688,0.9663013219833374,13.731785774230957,1.144315481185913,0.37517091631889343,0.5217687487602234
True,False,False,False,300,12.0,0.2579970061779022,17.282394409179688,0.9663013219833374,13.731785774230957,1.144315481185913,0.37517091631889343,0.5217687487602234
True,False,False,False,300,12.0,0.2579970061779022,17.282394409179688,0.9663013219833374,13.731785774230957,1.144315481185913,0.37517091631889343,0.5217687487602234
True,False,False,False,300,12.0,0.2579970061779022,17.282394409179688,0.9663013219833374,13.731785774230957,1.144315481185913,0.37517091631889343,0.5217687487602234
True,False,False,False,300,12.0,0.2579970061779022,17.282394409179688,0.9663013219833374,13.731785774230957,1.144315481185913,0.37517091631889343,0.5217687487602234
True,False,False,False,300,12.0,0.26327264308929443,17.280906677246094,0.9663845300674438,14.275678634643555,1.189639925956726,0.37523195147514343,0.5217404961585999
True,False,False,False,300,12.0,0.26327264308929443,17.280906677246094,0.9663845300674438,14.275678634643555,1.189639925956726,0.37523195147514343,0.5217404961585999
True,False,False,False,300,12.0,0.26327264308929443,17.280906677246094,0.9663845300674438,14.275678634643555,1.189639925956726,0.37523195147514343,0.5217404961585999
True,False,False,False,300,12.0,0.26327264308929443,17.280906677246094,0.9663845300674438,14.275678634643555,1.189639925956726,0.37523195147514343,0.5217404961585999
True,False,False,False,300,12.0,0.26327264308929443,17.280906677246094,0.9663845300674438,14.275678634643555,1.189639925956726,0.37523195147514343,0.5217404961585999
True,False,False,False,300,12.0,0.2586957514286041,17.282316207885742,0.966305673122406,13.731990814208984,1.1443325281143188,0.37498781085014343,0.5217716097831726
True,False,False,False,300,12.0,0.2586957514286041,17.282316207885742,0.966305673122406,13.731990814208984,1.1443325281143188,0.37498781085014343,0.5217716097831726
True,False,False,False,300,12.0,0.2628890573978424,17.280820846557617,0.9663892984390259,14.2755765914917,1.1896313428878784,0.37514039874076843,0.5217371582984924
True,False,False,False,300,12.0,0.2628890573978424,17.280820846557617,0.9663892984390259,14.2755765914917,1.1896313428878784,0.37514039874076843,0.5217371582984924
True,False,False,False,300,12.0,0.26289138197898865,17.28082275390625,0.9663892388343811,14.275564193725586,1.189630389213562,0.3751175105571747,0.5217366814613342
True,False,False,False,300,12.0,0.26289138197898865,17.28082275390625,0.9663892388343811,14.275564193725586,1.189630389213562,0.3751175105571747,0.5217366814613342
True,False,False,False,300,12.0,0.2628890573978424,17.280820846557617,0.9663892984390259,14.2755765914917,1.1896313428878784,0.37514039874076843,0.5217371582984924
True,False,False,False,300,12.0,0.2628890573978424,17.280820846557617,0.9663892984390259,14.2755765914917,1.1896313428878784,0.37514039874076843,0.5217371582984924
True,False,False,False,300,12.0,0.2586957514286041,17.282316207885742,0.966305673122406,13.731990814208984,1.1443325281143188,0.37498781085014343,0.5217716097831726
True,False,False,False,300,12.0,0.2586957514286041,17.282316207885742,0.966305673122406,13.731990814208984,1.1443325281143188,0.37498781085014343,0.5217716097831726
True,False,False,False,300,12.0,0.26327264308929443,17.280906677246094,0.9663845300674438,14.275678634643555,1.189639925956726,0.37523195147514343,0.5217404961585999
True,False,False,False,300,12.0,0.26327264308929443,17.280906677246094,0.9663845300674438,14.275678634643555,1.189639925956726,0.37523195147514343,0.5217404961585999
True,False,False,False,300,12.0,0.26327264308929443,17.280906677246094,0.9663845300674438,14.275678634643555,1.189639925956726,0.37523195147514343,0.5217404961585999
True,False,False,False,300,12.0,0.26327264308929443,17.280906677246094,0.9663845300674438,14.275678634643555,1.189639925956726,0.37523195147514343,0.5217404961585999
True,False,False,False,300,12.0,0.26327264308929443,17.280906677246094,0.9663845300674438,14.275678634643555,1.189639925956726,0.37523195147514343,0.5217404961585999
True,False,False,False,300,12.0,0.2579970061779022,17.282394409179688,0.9663013219833374,13.731785774230957,1.144315481185913,0.37517091631889343,0.5217687487602234
True,False,False,False,300,12.0,0.2579970061779022,17.282394409179688,0.9663013219833374,13.731785774230957,1.144315481185913,0.37517091631889343,0.5217687487602234
True,False,False,False,300,12.0,0.2579970061779022,17.282394409179688,0.9663013219833374,13.731785774230957,1.144315481185913,0.37517091631889343,0.5217687487602234
True,False,False,False,300,12.0,0.2579970061779022,17.282394409179688,0.9663013219833374,13.731785774230957,1.144315481185913,0.37517091631889343,0.5217687487602234
True,False,False,False,300,12.0,0.2579970061779022,17.282394409179688,0.9663013219833374,13.731785774230957,1.144315481185913,0.37517091631889343,0.5217687487602234
True,False,False,False,300,12.0,0.2579970061779022,17.282394409179688,0.9663013219833374,13.731785774230957,1.144315481185913,0.37517091631889343,0.5217687487602234
True,False,False,False,300,12.0,0.2579970061779022,17.282394409179688,0.9663013219833374,13.731785774230957,1.144315481185913,0.37517091631889343,0.5217687487602234
True,False,False,False,300,12.0,0.2579970061779022,17.282394409179688,0.9663013219833374,13.731785774230957,1.144315481185913,0.37517091631889343,0.5217687487602234
True,False,False,False,300,12.0,0.2579970061779022,17.282394409179688,0.9663013219833374,13.731785774230957,1.144315481185913,0.37517091631889343,0.5217687487602234
True,False,False,False,300,12.0,0.2579970061779022,17.282394409179688,0.9663013219833374,13.731785774230957,1.144315481185913,0.37517091631889343,0.5217687487602234
True,False,False,False,300,12.0,0.2579970061779022,17.282394409179688,0.9663013219833374,13.731785774230957,1.144315481185913,0.37517091631889343,0.5217687487602234
True,False,False,False,300,12.0,0.2579970061779022,17.282394409179688,0.9663013219833374,13.731785774230957,1.144315481185913,0.37517091631889343,0.5217687487602234
True,False,False,False,300,12.0,0.26327264308929443,17.280906677246094,0.9663845300674438,14.275678634643555,1.189639925956726,0.37523195147514343,0.5217404961585999
True,False,False,False,300,12.0,0.26327264308929443,17.280906677246094,0.9663845300674438,14.275678634643555,1.189639925956726,0.37523195147514343,0.5217404961585999
True,False,False,False,300,12.0,0.26327264308929443,17.280906677246094,0.9663845300674438,14.275678634643555,1.189639925956726,0.37523195147514343,0.5217404961585999
True,False,False,False,300,12.0,0.26327264308929443,17.280906677246094,0.9663845300674438,14.275678634643555,1.189639925956726,0.37523195147514343,0.5217404961585999
True,False,False,False,300,12.0,0.26327264308929443,17.280906677246094,0.9663845300674438,14.275678634643555,1.189639925956726,0.37523195147514343,0.5217404961585999
True,False,False,False,300,12.0,0.2586957514286041,17.282316207885742,0.966305673122406,13.731990814208984,1.1443325281143188,0.37498781085014343,0.5217716097831726
True,False,False,False,300,12.0,0.2586957514286041,17.282316207885742,0.966305673122406,13.731990814208984,1.1443325281143188,0.37498781085014343,0.5217716097831726
True,False,False,False,300,12.0,0.2628890573978424,17.280820846557617,0.9663892984390259,14.2755765914917,1.1896313428878784,0.37514039874076843,0.5217371582984924
True,False,False,False,300,12.0,0.2628890573978424,17.280820846557617,0.9663892984390259,14.2755765914917,1.1896313428878784,0.37514039874076843,0.5217371582984924
True,False,False,False,300,12.0,0.26289138197898865,17.28082275390625,0.9663892388343811,14.275564193725586,1.189630389213562,0.3751175105571747,0.5217366814613342
True,False,False,False,300,12.0,0.26289138197898865,17.28082275390625,0.9663892388343811,14.275564193725586,1.189630389213562,0.3751175105571747,0.5217366814613342
True,False,False,False,300,12.0,0.2628890573978424,17.280820846557617,0.9663892984390259,14.2755765914917,1.1896313428878784,0.37514039874076843,0.5217371582984924
True,False,False,False,300,12.0,0.2628890573978424,17.280820846557617,0.9663892984390259,14.2755765914917,1.1896313428878784,0.37514039874076843,0.5217371582984924
True,False,False,False,300,12.0,0.2586957514286041,17.282316207885742,0.966305673122406,13.731990814208984,1.1443325281143188,0.37498781085014343,0.5217716097831726
True,False,False,False,300,12.0,0.2586957514286041,17.282316207885742,0.966305673122406,13.731990814208984,1.1443325281143188,0.37498781085014343,0.5217716097831726
True,False,False,False,300,12.0,0.26327264308929443,17.280906677246094,0.9663845300674438,14.275678634643555,1.189639925956726,0.37523195147514343,0.5217404961585999
True,False,False,False,300,12.0,0.26327264308929443,17.280906677246094,0.9663845300674438,14.275678634643555,1.189639925956726,0.37523195147514343,0.5217404961585999
True,False,False,False,300,12.0,0.26327264308929443,17.280906677246094,0.9663845300674438,14.275678634643555,1.189639925956726,0.37523195147514343,0.5217404961585999
True,False,False,False,300,12.0,0.26327264308929443,17.280906677246094,0.9663845300674438,14.275678634643555,1.189639925956726,0.37523195147514343,0.5217404961585999
True,False,False,False,300,12.0,0.26327264308929443,17.280906677246094,0.9663845300674438,14.275678634643555,1.189639925956726,0.37523195147514343,0.5217404961585999
True,False,False,False,300,12.0,0.2579970061779022,17.282394409179688,0.9663013219833374,13.731785774230957,1.144315481185913,0.37517091631889343,0.5217687487602234
True,False,False,False,300,12.0,0.2579970061779022,17.282394409179688,0.9663013219833374,13.731785774230957,1.144315481185913,0.37517091631889343,0.5217687487602234
True,False,False,False,300,12.0,0.2579970061779022,17.282394409179688,0.9663013219833374,13.731785774230957,1.144315481185913,0.37517091631889343,0.5217687487602234
True,False,False,False,300,12.0,0.2579970061779022,17.282394409179688,0.9663013219833374,13.731785774230957,1.144315481185913,0.37517091631889343,0.5217687487602234
True,False,False,False,300,12.0,0.2579970061779022,17.282394409179688,0.9663013219833374,13.731785774230957,1.144315481185913,0.37517091631889343,0.5217687487602234
True,False,False,False,300,12.0,0.2579970061779022,17.282394409179688,0.9663013219833374,13.731785774230957,1.144315481185913,0.37517091631889343,0.5217687487602234
True,False,False,False,300,12.0,0.2579970061779022,17.282394409179688,0.9663013219833374,13.731785774230957,1.144315481185913,0.37517091631889343,0.5217687487602234
True,False,False,False,300,12.0,0.2579970061779022,17.282394409179688,0.9663013219833374,13.731785774230957,1.144315481185913,0.37517091631889343,0.5217687487602234
True,False,False,False,300,12.0,0.2579970061779022,17.282394409179688,0.9663013219833374,13.731785774230957,1.144315481185913,0.37517091631889343,0.5217687487602234
True,False,False,False,300,12.0,0.2579970061779022,17.282394409179688,0.9663013219833374,13.731785774230957,1.144315481185913,0.37517091631889343,0.5217687487602234
True,False,False,False,300,12.0,0.2579970061779022,17.282394409179688,0.9663013219833374,13.731785774230957,1.144315481185913,0.37517091631889343,0.5217687487602234
True,False,False,False,300,12.0,0.2579970061779022,17.282394409179688,0.9663013219833374,13.731785774230957,1.144315481185913,0.37517091631889343,0.5217687487602234
True,False,False,False,300,12.0,0.26327264308929443,17.280906677246094,0.9663845300674438,14.275678634643555,1.189639925956726,0.37523195147514343,0.5217404961585999
True,False,False,False,300,12.0,0.26327264308929443,17.280906677246094,0.9663845300674438,14.275678634643555,1.189639925956726,0.37523195147514343,0.5217404961585999
True,False,False,False,300,12.0,0.26327264308929443,17.280906677246094,0.9663845300674438,14.275678634643555,1.189639925956726,0.37523195147514343,0.5217404961585999
True,False,False,False,300,12.0,0.26327264308929443,17.280906677246094,0.9663845300674438,14.275678634643555,1.189639925956726,0.37523195147514343,0.5217404961585999
True,False,False,False,300,12.0,0.26327264308929443,17.280906677246094,0.9663845300674438,14.275678634643555,1.189639925956726,0.37523195147514343,0.5217404961585999
True,False,False,False,300,12.0,0.2586957514286041,17.282316207885742,0.966305673122406,13.731990814208984,1.1443325281143188,0.37498781085014343,0.5217716097831726
True,False,False,False,300,12.0,0.2586957514286041,17.282316207885742,0.966305673122406,13.731990814208984,1.1443325281143188,0.37498781085014343,0.5217716097831726
True,False,False,False,300,12.0,0.2628890573978424,17.280820846557617,0.9663892984390259,14.2755765914917,1.1896313428878784,0.37514039874076843,0.5217371582984924
True,False,False,False,300,12.0,0.2628890573978424,17.280820846557617,0.9663892984390259,14.2755765914917,1.1896313428878784,0.37514039874076843,0.5217371582984924
True,False,False,False,300,12.0,0.26289138197898865,17.28082275390625,0.9663892388343811,14.275564193725586,1.189630389213562,0.3751175105571747,0.5217366814613342
True,False,False,False,300,12.0,0.26289138197898865,17.28082275390625,0.9663892388343811,14.275564193725586,1.189630389213562,0.3751175105571747,0.5217366814613342
True,False,False,False,300,12.0,0.2628890573978424,17.280820846557617,0.9663892984390259,14.2755765914917,1.1896313428878784,0.37514039874076843,0.5217371582984924
True,False,False,False,300,12.0,0.2628890573978424,17.280820846557617,0.9663892984390259,14.2755765914917,1.1896313428878784,0.37514039874076843,0.5217371582984924
True,False,False,False,300,12.0,0.2586957514286041,17.282316207885742,0.966305673122406,13.731990814208984,1.1443325281143188,0.37498781085014343,0.5217716097831726
True,False,False,False,300,12.0,0.2586957514286041,17.282316207885742,0.966305673122406,13.731990814208984,1.1443325281143188,0.37498781085014343,0.5217716097831726
True,False,False,False,300,12.0,0.26327264308929443,17.280906677246094,0.9663845300674438,14.275678634643555,1.189639925956726,0.37523195147514343,0.5217404961585999
True,False,False,False,300,12.0,0.26327264308929443,17.280906677246094,0.9663845300674438,14.275678634643555,1.189639925956726,0.37523195147514343,0.5217404961585999
True,False,False,False,300,12.0,0.26327264308929443,17.280906677246094,0.9663845300674438,14.275678634643555,1.189639925956726,0.37523195147514343,0.5217404961585999
True,False,False,False,300,12.0,0.26327264308929443,17.280906677246094,0.9663845300674438,14.275678634643555,1.189639925956726,0.37523195147514343,0.5217404961585999
True,False,False,False,300,12.0,0.26327264308929443,17.280906677246094,0.9663845300674438,14.275678634643555,1.189639925956726,0.37523195147514343,0.5217404961585999
True,False,False,False,300,12.0,0.2579970061779022,17.282394409179688,0.9663013219833374,13.731785774230957,1.144315481185913,0.37517091631889343,0.5217687487602234
True,False,False,False,300,12.0,0.2579970061779022,17.282394409179688,0.9663013219833374,13.731785774230957,1.144315481185913,0.37517091631889343,0.5217687487602234
True,False,False,False,300,12.0,0.2579970061779022,17.282394409179688,0.9663013219833374,13.731785774230957,1.144315481185913,0.37517091631889343,0.5217687487602234
True,False,False,False,300,12.0,0.2579970061779022,17.282394409179688,0.9663013219833374,13.731785774230957,1.144315481185913,0.37517091631889343,0.5217687487602234
True,False,False,False,300,12.0,0.2579970061779022,17.282394409179688,0.9663013219833374,13.731785774230957,1.144315481185913,0.37517091631889343,0.5217687487602234
True,False,False,False,300,12.0,0.2579970061779022,17.282394409179688,0.9663013219833374,13.731785774230957,1.144315481185913,0.37517091631889343,0.5217687487602234
True,False,False,False,300,12.0,0.2579970061779022,17.282394409179688,0.9663013219833374,13.731785774230957,1.144315481185913,0.37517091631889343,0.5217687487602234
True,False,False,False,300,12.0,0.2579970061779022,17.282394409179688,0.9663013219833374,13.731785774230957,1.144315481185913,0.37517091631889343,0.5217687487602234
True,False,False,False,300,12.0,0.2579970061779022,17.282394409179688,0.9663013219833374,13.731785774230957,1.144315481185913,0.37517091631889343,0.5217687487602234
True,False,False,False,300,12.0,0.2579970061779022,17.282394409179688,0.9663013219833374,13.731785774230957,1.144315481185913,0.37517091631889343,0.5217687487602234
True,False,False,False,300,12.0,0.2579970061779022,17.282394409179688,0.9663013219833374,13.731785774230957,1.144315481185913,0.37517091631889343,0.5217687487602234
True,False,False,False,300,12.0,0.2579970061779022,17.282394409179688,0.9663013219833374,13.731785774230957,1.144315481185913,0.37517091631889343,0.5217687487602234
True,False,False,False,300,12.0,0.26327264308929443,17.280906677246094,0.9663845300674438,14.275678634643555,1.189639925956726,0.37523195147514343,0.5217404961585999
True,False,False,False,300,12.0,0.26327264308929443,17.280906677246094,0.9663845300674438,14.275678634643555,1.189639925956726,0.37523195147514343,0.5217404961585999
True,False,False,False,300,12.0,0.26327264308929443,17.280906677246094,0.9663845300674438,14.275678634643555,1.189639925956726,0.37523195147514343,0.5217404961585999
True,False,False,False,300,12.0,0.26327264308929443,17.280906677246094,0.9663845300674438,14.275678634643555,1.189639925956726,0.37523195147514343,0.5217404961585999
True,False,False,False,300,12.0,0.26327264308929443,17.280906677246094,0.9663845300674438,14.275678634643555,1.189639925956726,0.37523195147514343,0.5217404961585999
True,False,False,False,300,12.0,0.2586957514286041,17.282316207885742,0.966305673122406,13.731990814208984,1.1443325281143188,0.37498781085014343,0.5217716097831726
True,False,False,False,300,12.0,0.2586957514286041,17.282316207885742,0.966305673122406,13.731990814208984,1.1443325281143188,0.37498781085014343,0.5217716097831726
True,False,False,False,300,12.0,0.2628890573978424,17.280820846557617,0.9663892984390259,14.2755765914917,1.1896313428878784,0.37514039874076843,0.5217371582984924
True,False,False,False,300,12.0,0.2628890573978424,17.280820846557617,0.9663892984390259,14.2755765914917,1.1896313428878784,0.37514039874076843,0.5217371582984924
True,False,False,False,300,12.0,0.26289138197898865,17.28082275390625,0.9663892388343811,14.275564193725586,1.189630389213562,0.3751175105571747,0.5217366814613342
True,False,False,False,300,12.0,0.26289138197898865,17.28082275390625,0.9663892388343811,14.275564193725586,1.189630389213562,0.3751175105571747,0.5217366814613342
True,False,False,False,300,12.0,0.2628890573978424,17.280820846557617,0.9663892984390259,14.2755765914917,1.1896313428878784,0.37514039874076843,0.5217371582984924
True,False,False,False,300,12.0,0.2628890573978424,17.280820846557617,0.9663892984390259,14.2755765914917,1.1896313428878784,0.37514039874076843,0.5217371582984924
True,False,False,False,300,12.0,0.2586957514286041,17.282316207885742,0.966305673122406,13.731990814208984,1.1443325281143188,0.37498781085014343,0.5217716097831726
True,False,False,False,300,12.0,0.2586957514286041,17.282316207885742,0.966305673122406,13.731990814208984,1.1443325281143188,0.37498781085014343,0.5217716097831726
True,False,False,False,300,12.0,0.26327264308929443,17.280906677246094,0.9663845300674438,14.275678634643555,1.189639925956726,0.37523195147514343,0.5217404961585999
True,False,False,False,300,12.0,0.26327264308929443,17.280906677246094,0.9663845300674438,14.275678634643555,1.189639925956726,0.37523195147514343,0.5217404961585999
True,False,False,False,300,12.0,0.26327264308929443,17.280906677246094,0.9663845300674438,14.275678634643555,1.189639925956726,0.37523195147514343,0.5217404961585999
True,False,False,False,300,12.0,0.26327264308929443,17.280906677246094,0.9663845300674438,14.275678634643555,1.189639925956726,0.37523195147514343,0.5217404961585999
True,False,False,False,300,12.0,0.26327264308929443,17.280906677246094,0.9663845300674438,14.275678634643555,1.189639925956726,0.37523195147514343,0.5217404961585999
True,False,False,False,300,12.0,0.2579970061779022,17.282394409179688,0.9663013219833374,13.731785774230957,1.144315481185913,0.37517091631889343,0.5217687487602234
True,False,False,False,300,12.0,0.2579970061779022,17.282394409179688,0.9663013219833374,13.731785774230957,1.144315481185913,0.37517091631889343,0.5217687487602234
True,False,False,False,300,12.0,0.2579970061779022,17.282394409179688,0.9663013219833374,13.731785774230957,1.144315481185913,0.37517091631889343,0.5217687487602234
True,False,False,False,300,12.0,0.2579970061779022,17.282394409179688,0.9663013219833374,13.731785774230957,1.144315481185913,0.37517091631889343,0.5217687487602234
True,False,False,False,300,12.0,0.2579970061779022,17.282394409179688,0.9663013219833374,13.731785774230957,1.144315481185913,0.37517091631889343,0.5217687487602234
True,False,False,False,300,12.0,0.2579970061779022,17.282394409179688,0.9663013219833374,13.731785774230957,1.144315481185913,0.37517091631889343,0.5217687487602234
True,False,False,False,300,12.0,0.2588050067424774,17.281471252441406,0.9663529396057129,13.731752395629883,1.1443127393722534,0.37517091631889343,0.5217742323875427
True,False,False,False,300,12.0,0.2588050067424774,17.281471252441406,0.9663529396057129,13.731752395629883,1.1443127393722534,0.37517091631889343,0.5217742323875427
True,False,False,False,300,12.0,0.2588050067424774,17.281471252441406,0.9663529396057129,13.731752395629883,1.1443127393722534,0.37517091631889343,0.5217742323875427
True,False,False,False,300,12.0,0.2588050067424774,17.281471252441406,0.9663529396057129,13.731752395629883,1.1443127393722534,0.37517091631889343,0.5217742323875427
True,False,False,False,300,12.0,0.2588050067424774,17.281471252441406,0.9663529396057129,13.731752395629883,1.1443127393722534,0.37517091631889343,0.5217742323875427
True,False,False,False,300,12.0,0.2588050067424774,17.281471252441406,0.9663529396057129,13.731752395629883,1.1443127393722534,0.37517091631889343,0.5217742323875427
True,False,False,False,300,12.0,0.2639983296394348,17.28009605407715,0.9664298892021179,14.275642395019531,1.1896368265151978,0.37523195147514343,0.5217452645301819
True,False,False,False,300,12.0,0.2639983296394348,17.28009605407715,0.9664298892021179,14.275642395019531,1.1896368265151978,0.37523195147514343,0.5217452645301819
True,False,False,False,300,12.0,0.2639983296394348,17.28009605407715,0.9664298892021179,14.275642395019531,1.1896368265151978,0.37523195147514343,0.5217452645301819
True,False,False,False,300,12.0,0.2639983296394348,17.28009605407715,0.9664298892021179,14.275642395019531,1.1896368265151978,0.37523195147514343,0.5217452645301819
True,False,False,False,300,12.0,0.2639983296394348,17.28009605407715,0.9664298892021179,14.275642395019531,1.1896368265151978,0.37523195147514343,0.5217452645301819
True,False,False,False,300,12.0,0.2594643235206604,17.28137969970703,0.9663580656051636,13.731962203979492,1.1443301439285278,0.37498781085014343,0.5217768549919128
True,False,False,False,300,12.0,0.2594643235206604,17.28137969970703,0.9663580656051636,13.731962203979492,1.1443301439285278,0.37498781085014343,0.5217768549919128
True,False,False,False,300,12.0,0.2636808156967163,17.279991149902344,0.9664357304573059,14.275547981262207,1.1896289587020874,0.37514039874076843,0.5217421054840088
True,False,False,False,300,12.0,0.2636808156967163,17.279991149902344,0.9664357304573059,14.275547981262207,1.1896289587020874,0.37514039874076843,0.5217421054840088
True,False,False,False,300,12.0,0.2636878192424774,17.279977798461914,0.9664364457130432,14.275529861450195,1.1896275281906128,0.37512895464897156,0.5217417478561401
True,False,False,False,300,12.0,0.2636878192424774,17.279977798461914,0.9664364457130432,14.275529861450195,1.1896275281906128,0.37512895464897156,0.5217417478561401
True,False,False,False,300,12.0,0.2636808156967163,17.279991149902344,0.9664357304573059,14.275547981262207,1.1896289587020874,0.37514039874076843,0.5217421054840088
True,False,False,False,300,12.0,0.2636808156967163,17.279991149902344,0.9664357304573059,14.275547981262207,1.1896289587020874,0.37514039874076843,0.5217421054840088
True,False,False,False,300,12.0,0.2594643235206604,17.28137969970703,0.9663580656051636,13.731962203979492,1.1443301439285278,0.37498781085014343,0.5217768549919128
True,False,False,False,300,12.0,0.2594643235206604,17.28137969970703,0.9663580656051636,13.731962203979492,1.1443301439285278,0.37498781085014343,0.5217768549919128
True,False,False,False,300,12.0,0.2639983296394348,17.28009605407715,0.9664298892021179,14.275642395019531,1.1896368265151978,0.37523195147514343,0.5217452645301819
True,False,False,False,300,12.0,0.2639983296394348,17.28009605407715,0.9664298892021179,14.275642395019531,1.1896368265151978,0.37523195147514343,0.5217452645301819
True,False,False,False,300,12.0,0.2639983296394348,17.28009605407715,0.9664298892021179,14.275642395019531,1.1896368265151978,0.37523195147514343,0.5217452645301819
True,False,False,False,300,12.0,0.2639983296394348,17.28009605407715,0.9664298892021179,14.275642395019531,1.1896368265151978,0.37523195147514343,0.5217452645301819
True,False,False,False,300,12.0,0.2639983296394348,17.28009605407715,0.9664298892021179,14.275642395019531,1.1896368265151978,0.37523195147514343,0.5217452645301819
True,False,False,False,300,12.0,0.2588050067424774,17.281471252441406,0.9663529396057129,13.731752395629883,1.1443127393722534,0.37517091631889343,0.5217742323875427
True,False,False,False,300,12.0,0.2588050067424774,17.281471252441406,0.9663529396057129,13.731752395629883,1.1443127393722534,0.37517091631889343,0.5217742323875427
True,False,False,False,300,12.0,0.2588050067424774,17.281471252441406,0.9663529396057129,13.731752395629883,1.1443127393722534,0.37517091631889343,0.5217742323875427
True,False,False,False,300,12.0,0.2588050067424774,17.281471252441406,0.9663529396057129,13.731752395629883,1.1443127393722534,0.37517091631889343,0.5217742323875427
True,False,False,False,300,12.0,0.2588050067424774,17.281471252441406,0.9663529396057129,13.731752395629883,1.1443127393722534,0.37517091631889343,0.5217742323875427
True,False,False,False,300,12.0,0.2588050067424774,17.281471252441406,0.9663529396057129,13.731752395629883,1.1443127393722534,0.37517091631889343,0.5217742323875427
True,False,False,False,300,12.0,0.2588891386985779,17.281396865844727,0.9663571119308472,13.73175048828125,1.1443125009536743,0.37517091631889343,0.5217745304107666
True,False,False,False,300,12.0,0.2588891386985779,17.281396865844727,0.9663571119308472,13.73175048828125,1.1443125009536743,0.37517091631889343,0.5217745304107666
True,False,False,False,300,12.0,0.2588891386985779,17.281396865844727,0.9663571119308472,13.73175048828125,1.1443125009536743,0.37517091631889343,0.5217745304107666
True,False,False,False,300,12.0,0.2588891386985779,17.281396865844727,0.9663571119308472,13.73175048828125,1.1443125009536743,0.37517091631889343,0.5217745304107666
True,False,False,False,300,12.0,0.2588891386985779,17.281396865844727,0.9663571119308472,13.73175048828125,1.1443125009536743,0.37517091631889343,0.5217745304107666
True,False,False,False,300,12.0,0.2588891386985779,17.281396865844727,0.9663571119308472,13.73175048828125,1.1443125009536743,0.37517091631889343,0.5217745304107666
True,False,False,False,300,12.0,0.2638777494430542,17.280244827270508,0.9664215445518494,14.275650978088379,1.189637541770935,0.37523195147514343,0.5217458605766296
True,False,False,False,300,12.0,0.2638777494430542,17.280244827270508,0.9664215445518494,14.275650978088379,1.189637541770935,0.37523195147514343,0.5217458605766296
True,False,False,False,300,12.0,0.2638777494430542,17.280244827270508,0.9664215445518494,14.275650978088379,1.189637541770935,0.37523195147514343,0.5217458605766296
True,False,False,False,300,12.0,0.2638777494430542,17.280244827270508,0.9664215445518494,14.275650978088379,1.189637541770935,0.37523195147514343,0.5217458605766296
True,False,False,False,300,12.0,0.2638777494430542,17.280244827270508,0.9664215445518494,14.275650978088379,1.189637541770935,0.37523195147514343,0.5217458605766296
True,False,False,False,300,12.0,0.25954824686050415,17.281309127807617,0.9663619995117188,13.731963157653809,1.1443302631378174,0.37498781085014343,0.5217770934104919
True,False,False,False,300,12.0,0.25954824686050415,17.281309127807617,0.9663619995117188,13.731963157653809,1.1443302631378174,0.37498781085014343,0.5217770934104919
True,False,False,False,300,12.0,0.26356008648872375,17.28013801574707,0.9664275050163269,14.275556564331055,1.1896296739578247,0.37514039874076843,0.5217426419258118
True,False,False,False,300,12.0,0.26356008648872375,17.28013801574707,0.9664275050163269,14.275556564331055,1.1896296739578247,0.37514039874076843,0.5217426419258118
True,False,False,False,300,12.0,0.26356241106987,17.280128479003906,0.9664280414581299,14.275538444519043,1.18962824344635,0.37512895464897156,0.5217422842979431
True,False,False,False,300,12.0,0.26356241106987,17.280128479003906,0.9664280414581299,14.275538444519043,1.18962824344635,0.37512895464897156,0.5217422842979431
True,False,False,False,300,12.0,0.26356008648872375,17.28013801574707,0.9664275050163269,14.275556564331055,1.1896296739578247,0.37514039874076843,0.5217426419258118
True,False,False,False,300,12.0,0.26356008648872375,17.28013801574707,0.9664275050163269,14.275556564331055,1.1896296739578247,0.37514039874076843,0.5217426419258118
True,False,False,False,300,12.0,0.25954824686050415,17.281309127807617,0.9663619995117188,13.731963157653809,1.1443302631378174,0.37498781085014343,0.5217770934104919
True,False,False,False,300,12.0,0.25954824686050415,17.281309127807617,0.9663619995117188,13.731963157653809,1.1443302631378174,0.37498781085014343,0.5217770934104919
True,False,False,False,300,12.0,0.2638777494430542,17.280244827270508,0.9664215445518494,14.275650978088379,1.189637541770935,0.37523195147514343,0.5217458605766296
True,False,False,False,300,12.0,0.2638777494430542,17.280244827270508,0.9664215445518494,14.275650978088379,1.189637541770935,0.37523195147514343,0.5217458605766296
True,False,False,False,300,12.0,0.2638777494430542,17.280244827270508,0.9664215445518494,14.275650978088379,1.189637541770935,0.37523195147514343,0.5217458605766296
True,False,False,False,300,12.0,0.2638777494430542,17.280244827270508,0.9664215445518494,14.275650978088379,1.189637541770935,0.37523195147514343,0.5217458605766296
True,False,False,False,300,12.0,0.2638777494430542,17.280244827270508,0.9664215445518494,14.275650978088379,1.189637541770935,0.37523195147514343,0.5217458605766296
True,False,False,False,300,12.0,0.2588891386985779,17.281396865844727,0.9663571119308472,13.73175048828125,1.1443125009536743,0.37517091631889343,0.5217745304107666
True,False,False,False,300,12.0,0.2588891386985779,17.281396865844727,0.9663571119308472,13.73175048828125,1.1443125009536743,0.37517091631889343,0.5217745304107666
True,False,False,False,300,12.0,0.2588891386985779,17.281396865844727,0.9663571119308472,13.73175048828125,1.1443125009536743,0.37517091631889343,0.5217745304107666
True,False,False,False,300,12.0,0.2588891386985779,17.281396865844727,0.9663571119308472,13.73175048828125,1.1443125009536743,0.37517091631889343,0.5217745304107666
True,False,False,False,300,12.0,0.2588891386985779,17.281396865844727,0.9663571119308472,13.73175048828125,1.1443125009536743,0.37517091631889343,0.5217745304107666
True,False,False,False,300,12.0,0.2588891386985779,17.281396865844727,0.9663571119308472,13.73175048828125,1.1443125009536743,0.37517091631889343,0.5217745304107666
True,False,False,False,300,12.0,0.2588891386985779,17.281396865844727,0.9663571119308472,13.73175048828125,1.1443125009536743,0.37517091631889343,0.5217745304107666
True,False,False,False,300,12.0,0.2588891386985779,17.281396865844727,0.9663571119308472,13.73175048828125,1.1443125009536743,0.37517091631889343,0.5217745304107666
True,False,False,False,300,12.0,0.2588891386985779,17.281396865844727,0.9663571119308472,13.73175048828125,1.1443125009536743,0.37517091631889343,0.5217745304107666
True,False,False,False,300,12.0,0.2588891386985779,17.281396865844727,0.9663571119308472,13.73175048828125,1.1443125009536743,0.37517091631889343,0.5217745304107666
True,False,False,False,300,12.0,0.2588891386985779,17.281396865844727,0.9663571119308472,13.73175048828125,1.1443125009536743,0.37517091631889343,0.5217745304107666
True,False,False,False,300,12.0,0.2588891386985779,17.281396865844727,0.9663571119308472,13.73175048828125,1.1443125009536743,0.37517091631889343,0.5217745304107666
True,False,False,False,300,12.0,0.2638777494430542,17.280244827270508,0.9664215445518494,14.275650978088379,1.189637541770935,0.37523195147514343,0.5217458605766296
True,False,False,False,300,12.0,0.2638777494430542,17.280244827270508,0.9664215445518494,14.275650978088379,1.189637541770935,0.37523195147514343,0.5217458605766296
True,False,False,False,300,12.0,0.2638777494430542,17.280244827270508,0.9664215445518494,14.275650978088379,1.189637541770935,0.37523195147514343,0.5217458605766296
True,False,False,False,300,12.0,0.2638777494430542,17.280244827270508,0.9664215445518494,14.275650978088379,1.189637541770935,0.37523195147514343,0.5217458605766296
True,False,False,False,300,12.0,0.2638777494430542,17.280244827270508,0.9664215445518494,14.275650978088379,1.189637541770935,0.37523195147514343,0.5217458605766296
True,False,False,False,300,12.0,0.25954824686050415,17.281309127807617,0.9663619995117188,13.731963157653809,1.1443302631378174,0.37498781085014343,0.5217770934104919
True,False,False,False,300,12.0,0.25954824686050415,17.281309127807617,0.9663619995117188,13.731963157653809,1.1443302631378174,0.37498781085014343,0.5217770934104919
True,False,False,False,300,12.0,0.26356008648872375,17.28013801574707,0.9664275050163269,14.275556564331055,1.1896296739578247,0.37514039874076843,0.5217426419258118
True,False,False,False,300,12.0,0.26356008648872375,17.28013801574707,0.9664275050163269,14.275556564331055,1.1896296739578247,0.37514039874076843,0.5217426419258118
True,False,False,False,300,12.0,0.26356241106987,17.280128479003906,0.9664280414581299,14.275538444519043,1.18962824344635,0.37512895464897156,0.5217422842979431
True,False,False,False,300,12.0,0.26356241106987,17.280128479003906,0.9664280414581299,14.275538444519043,1.18962824344635,0.37512895464897156,0.5217422842979431
True,False,False,False,300,12.0,0.26356008648872375,17.28013801574707,0.9664275050163269,14.275556564331055,1.1896296739578247,0.37514039874076843,0.5217426419258118
True,False,False,False,300,12.0,0.26356008648872375,17.28013801574707,0.9664275050163269,14.275556564331055,1.1896296739578247,0.37514039874076843,0.5217426419258118
True,False,False,False,300,12.0,0.25954824686050415,17.281309127807617,0.9663619995117188,13.731963157653809,1.1443302631378174,0.37498781085014343,0.5217770934104919
True,False,False,False,300,12.0,0.25954824686050415,17.281309127807617,0.9663619995117188,13.731963157653809,1.1443302631378174,0.37498781085014343,0.5217770934104919
True,False,False,False,300,12.0,0.2638777494430542,17.280244827270508,0.9664215445518494,14.275650978088379,1.189637541770935,0.37523195147514343,0.5217458605766296
True,False,False,False,300,12.0,0.2638777494430542,17.280244827270508,0.9664215445518494,14.275650978088379,1.189637541770935,0.37523195147514343,0.5217458605766296
True,False,False,False,300,12.0,0.2638777494430542,17.280244827270508,0.9664215445518494,14.275650978088379,1.189637541770935,0.37523195147514343,0.5217458605766296
True,False,False,False,300,12.0,0.2638777494430542,17.280244827270508,0.9664215445518494,14.275650978088379,1.189637541770935,0.37523195147514343,0.5217458605766296
True,False,False,False,300,12.0,0.2638777494430542,17.280244827270508,0.9664215445518494,14.275650978088379,1.189637541770935,0.37523195147514343,0.5217458605766296
True,False,False,False,300,12.0,0.2588891386985779,17.281396865844727,0.9663571119308472,13.73175048828125,1.1443125009536743,0.37517091631889343,0.5217745304107666
True,False,False,False,300,12.0,0.2588891386985779,17.281396865844727,0.9663571119308472,13.73175048828125,1.1443125009536743,0.37517091631889343,0.5217745304107666
True,False,False,False,300,12.0,0.2588891386985779,17.281396865844727,0.9663571119308472,13.73175048828125,1.1443125009536743,0.37517091631889343,0.5217745304107666
True,False,False,False,300,12.0,0.2588891386985779,17.281396865844727,0.9663571119308472,13.73175048828125,1.1443125009536743,0.37517091631889343,0.5217745304107666
True,False,False,False,300,12.0,0.2588891386985779,17.281396865844727,0.9663571119308472,13.73175048828125,1.1443125009536743,0.37517091631889343,0.5217745304107666
True,False,False,False,300,12.0,0.2588891386985779,17.281396865844727,0.9663571119308472,13.73175048828125,1.1443125009536743,0.37517091631889343,0.5217745304107666
True,False,False,False,300,12.0,0.2588891386985779,17.281396865844727,0.9663571119308472,13.73175048828125,1.1443125009536743,0.37517091631889343,0.5217745304107666
True,False,False,False,300,12.0,0.2588891386985779,17.281396865844727,0.9663571119308472,13.73175048828125,1.1443125009536743,0.37517091631889343,0.5217745304107666
True,False,False,False,300,12.0,0.2588891386985779,17.281396865844727,0.9663571119308472,13.73175048828125,1.1443125009536743,0.37517091631889343,0.5217745304107666
True,False,False,False,300,12.0,0.2588891386985779,17.281396865844727,0.9663571119308472,13.73175048828125,1.1443125009536743,0.37517091631889343,0.5217745304107666
True,False,False,False,300,12.0,0.2588891386985779,17.281396865844727,0.9663571119308472,13.73175048828125,1.1443125009536743,0.37517091631889343,0.5217745304107666
True,False,False,False,300,12.0,0.2588891386985779,17.281396865844727,0.9663571119308472,13.73175048828125,1.1443125009536743,0.37517091631889343,0.5217745304107666
True,False,False,False,300,12.0,0.2638777494430542,17.280244827270508,0.9664215445518494,14.275650978088379,1.189637541770935,0.37523195147514343,0.5217458605766296
True,False,False,False,300,12.0,0.2638777494430542,17.280244827270508,0.9664215445518494,14.275650978088379,1.189637541770935,0.37523195147514343,0.5217458605766296
True,False,False,False,300,12.0,0.2638777494430542,17.280244827270508,0.9664215445518494,14.275650978088379,1.189637541770935,0.37523195147514343,0.5217458605766296
True,False,False,False,300,12.0,0.2638777494430542,17.280244827270508,0.9664215445518494,14.275650978088379,1.189637541770935,0.37523195147514343,0.5217458605766296
True,False,False,False,300,12.0,0.2638777494430542,17.280244827270508,0.9664215445518494,14.275650978088379,1.189637541770935,0.37523195147514343,0.5217458605766296
True,False,False,False,300,12.0,0.25954824686050415,17.281309127807617,0.9663619995117188,13.731963157653809,1.1443302631378174,0.37498781085014343,0.5217770934104919
True,False,False,False,300,12.0,0.25954824686050415,17.281309127807617,0.9663619995117188,13.731963157653809,1.1443302631378174,0.37498781085014343,0.5217770934104919
True,False,False,False,300,12.0,0.26356008648872375,17.28013801574707,0.9664275050163269,14.275556564331055,1.1896296739578247,0.37514039874076843,0.5217426419258118
True,False,False,False,300,12.0,0.26356008648872375,17.28013801574707,0.9664275050163269,14.275556564331055,1.1896296739578247,0.37514039874076843,0.5217426419258118
True,False,False,False,300,12.0,0.26356241106987,17.280128479003906,0.9664280414581299,14.275538444519043,1.18962824344635,0.37512895464897156,0.5217422842979431
True,False,False,False,300,12.0,0.26356241106987,17.280128479003906,0.9664280414581299,14.275538444519043,1.18962824344635,0.37512895464897156,0.5217422842979431
True,False,False,False,300,12.0,0.26356008648872375,17.28013801574707,0.9664275050163269,14.275556564331055,1.1896296739578247,0.37514039874076843,0.5217426419258118
True,False,False,False,300,12.0,0.26356008648872375,17.28013801574707,0.9664275050163269,14.275556564331055,1.1896296739578247,0.37514039874076843,0.5217426419258118
True,False,False,False,300,12.0,0.25954824686050415,17.281309127807617,0.9663619995117188,13.731963157653809,1.1443302631378174,0.37498781085014343,0.5217770934104919
True,False,False,False,300,12.0,0.25954824686050415,17.281309127807617,0.9663619995117188,13.731963157653809,1.1443302631378174,0.37498781085014343,0.5217770934104919
True,False,False,False,300,12.0,0.2638777494430542,17.280244827270508,0.9664215445518494,14.275650978088379,1.189637541770935,0.37523195147514343,0.5217458605766296
True,False,False,False,300,12.0,0.2638777494430542,17.280244827270508,0.9664215445518494,14.275650978088379,1.189637541770935,0.37523195147514343,0.5217458605766296
True,False,False,False,300,12.0,0.2638777494430542,17.280244827270508,0.9664215445518494,14.275650978088379,1.189637541770935,0.37523195147514343,0.5217458605766296
True,False,False,False,300,12.0,0.2638777494430542,17.280244827270508,0.9664215445518494,14.275650978088379,1.189637541770935,0.37523195147514343,0.5217458605766296
True,False,False,False,300,12.0,0.2638777494430542,17.280244827270508,0.9664215445518494,14.275650978088379,1.189637541770935,0.37523195147514343,0.5217458605766296
True,False,False,False,300,12.0,0.2588891386985779,17.281396865844727,0.9663571119308472,13.73175048828125,1.1443125009536743,0.37517091631889343,0.5217745304107666
True,False,False,False,300,12.0,0.2588891386985779,17.281396865844727,0.9663571119308472,13.73175048828125,1.1443125009536743,0.37517091631889343,0.5217745304107666
True,False,False,False,300,12.0,0.2588891386985779,17.281396865844727,0.9663571119308472,13.73175048828125,1.1443125009536743,0.37517091631889343,0.5217745304107666
True,False,False,False,300,12.0,0.2588891386985779,17.281396865844727,0.9663571119308472,13.73175048828125,1.1443125009536743,0.37517091631889343,0.5217745304107666
True,False,False,False,300,12.0,0.2588891386985779,17.281396865844727,0.9663571119308472,13.73175048828125,1.1443125009536743,0.37517091631889343,0.5217745304107666
True,False,False,False,300,12.0,0.2588891386985779,17.281396865844727,0.9663571119308472,13.73175048828125,1.1443125009536743,0.37517091631889343,0.5217745304107666
True,False,False,False,300,12.0,0.2588891386985779,17.281396865844727,0.9663571119308472,13.73175048828125,1.1443125009536743,0.37517091631889343,0.5217745304107666
True,False,False,False,300,12.0,0.2588891386985779,17.281396865844727,0.9663571119308472,13.73175048828125,1.1443125009536743,0.37517091631889343,0.5217745304107666
True,False,False,False,300,12.0,0.2588891386985779,17.281396865844727,0.9663571119308472,13.73175048828125,1.1443125009536743,0.37517091631889343,0.5217745304107666
True,False,False,False,300,12.0,0.2588891386985779,17.281396865844727,0.9663571119308472,13.73175048828125,1.1443125009536743,0.37517091631889343,0.5217745304107666
True,False,False,False,300,12.0,0.2588891386985779,17.281396865844727,0.9663571119308472,13.73175048828125,1.1443125009536743,0.37517091631889343,0.5217745304107666
True,False,False,False,300,12.0,0.2588891386985779,17.281396865844727,0.9663571119308472,13.73175048828125,1.1443125009536743,0.37517091631889343,0.5217745304107666
True,False,False,False,300,12.0,0.2638777494430542,17.280244827270508,0.9664215445518494,14.275650978088379,1.189637541770935,0.37523195147514343,0.5217458605766296
True,False,False,False,300,12.0,0.2638777494430542,17.280244827270508,0.9664215445518494,14.275650978088379,1.189637541770935,0.37523195147514343,0.5217458605766296
True,False,False,False,300,12.0,0.2638777494430542,17.280244827270508,0.9664215445518494,14.275650978088379,1.189637541770935,0.37523195147514343,0.5217458605766296
True,False,False,False,300,12.0,0.2638777494430542,17.280244827270508,0.9664215445518494,14.275650978088379,1.189637541770935,0.37523195147514343,0.5217458605766296
True,False,False,False,300,12.0,0.2638777494430542,17.280244827270508,0.9664215445518494,14.275650978088379,1.189637541770935,0.37523195147514343,0.5217458605766296
True,False,False,False,300,12.0,0.25954824686050415,17.281309127807617,0.9663619995117188,13.731963157653809,1.1443302631378174,0.37498781085014343,0.5217770934104919
True,False,False,False,300,12.0,0.25954824686050415,17.281309127807617,0.9663619995117188,13.731963157653809,1.1443302631378174,0.37498781085014343,0.5217770934104919
True,False,False,False,300,12.0,0.26356008648872375,17.28013801574707,0.9664275050163269,14.275556564331055,1.1896296739578247,0.37514039874076843,0.5217426419258118
True,False,False,False,300,12.0,0.26356008648872375,17.28013801574707,0.9664275050163269,14.275556564331055,1.1896296739578247,0.37514039874076843,0.5217426419258118
True,False,False,False,300,12.0,0.26356241106987,17.280128479003906,0.9664280414581299,14.275538444519043,1.18962824344635,0.37512895464897156,0.5217422842979431
True,False,False,False,300,12.0,0.26356241106987,17.280128479003906,0.9664280414581299,14.275538444519043,1.18962824344635,0.37512895464897156,0.5217422842979431
True,False,False,False,300,12.0,0.26356008648872375,17.28013801574707,0.9664275050163269,14.275556564331055,1.1896296739578247,0.37514039874076843,0.5217426419258118
True,False,False,False,300,12.0,0.26356008648872375,17.28013801574707,0.9664275050163269,14.275556564331055,1.1896296739578247,0.37514039874076843,0.5217426419258118
True,False,False,False,300,12.0,0.25954824686050415,17.281309127807617,0.9663619995117188,13.731963157653809,1.1443302631378174,0.37498781085014343,0.5217770934104919
True,False,False,False,300,12.0,0.25954824686050415,17.281309127807617,0.9663619995117188,13.731963157653809,1.1443302631378174,0.37498781085014343,0.5217770934104919
True,False,False,False,300,12.0,0.2638777494430542,17.280244827270508,0.9664215445518494,14.275650978088379,1.189637541770935,0.37523195147514343,0.5217458605766296
True,False,False,False,300,12.0,0.2638777494430542,17.280244827270508,0.9664215445518494,14.275650978088379,1.189637541770935,0.37523195147514343,0.5217458605766296
True,False,False,False,300,12.0,0.2638777494430542,17.280244827270508,0.9664215445518494,14.275650978088379,1.189637541770935,0.37523195147514343,0.5217458605766296
True,False,False,False,300,12.0,0.2638777494430542,17.280244827270508,0.9664215445518494,14.275650978088379,1.189637541770935,0.37523195147514343,0.5217458605766296
True,False,False,False,300,12.0,0.2638777494430542,17.280244827270508,0.9664215445518494,14.275650978088379,1.189637541770935,0.37523195147514343,0.5217458605766296
True,False,False,False,300,12.0,0.2588891386985779,17.281396865844727,0.9663571119308472,13.73175048828125,1.1443125009536743,0.37517091631889343,0.5217745304107666
True,False,False,False,300,12.0,0.2588891386985779,17.281396865844727,0.9663571119308472,13.73175048828125,1.1443125009536743,0.37517091631889343,0.5217745304107666
True,False,False,False,300,12.0,0.2588891386985779,17.281396865844727,0.9663571119308472,13.73175048828125,1.1443125009536743,0.37517091631889343,0.5217745304107666
True,False,False,False,300,12.0,0.2588891386985779,17.281396865844727,0.9663571119308472,13.73175048828125,1.1443125009536743,0.37517091631889343,0.5217745304107666
True,False,False,False,300,12.0,0.2588891386985779,17.281396865844727,0.9663571119308472,13.73175048828125,1.1443125009536743,0.37517091631889343,0.5217745304107666
True,False,False,False,300,12.0,0.2588891386985779,17.281396865844727,0.9663571119308472,13.73175048828125,1.1443125009536743,0.37517091631889343,0.5217745304107666
True,False,False,False,300,12.0,0.2588891386985779,17.281396865844727,0.9663571119308472,13.73175048828125,1.1443125009536743,0.37517091631889343,0.5217745304107666
True,False,False,False,300,12.0,0.2588891386985779,17.281396865844727,0.9663571119308472,13.73175048828125,1.1443125009536743,0.37517091631889343,0.5217745304107666
True,False,False,False,300,12.0,0.2588891386985779,17.281396865844727,0.9663571119308472,13.73175048828125,1.1443125009536743,0.37517091631889343,0.5217745304107666
True,False,False,False,300,12.0,0.2588891386985779,17.281396865844727,0.9663571119308472,13.73175048828125,1.1443125009536743,0.37517091631889343,0.5217745304107666
True,False,False,False,300,12.0,0.2588891386985779,17.281396865844727,0.9663571119308472,13.73175048828125,1.1443125009536743,0.37517091631889343,0.5217745304107666
True,False,False,False,300,12.0,0.2588891386985779,17.281396865844727,0.9663571119308472,13.73175048828125,1.1443125009536743,0.37517091631889343,0.5217745304107666
True,False,False,False,300,12.0,0.2638777494430542,17.280244827270508,0.9664215445518494,14.275650978088379,1.189637541770935,0.37523195147514343,0.5217458605766296
True,False,False,False,300,12.0,0.2638777494430542,17.280244827270508,0.9664215445518494,14.275650978088379,1.189637541770935,0.37523195147514343,0.5217458605766296
True,False,False,False,300,12.0,0.2638777494430542,17.280244827270508,0.9664215445518494,14.275650978088379,1.189637541770935,0.37523195147514343,0.5217458605766296
True,False,False,False,300,12.0,0.2638777494430542,17.280244827270508,0.9664215445518494,14.275650978088379,1.189637541770935,0.37523195147514343,0.5217458605766296
True,False,False,False,300,12.0,0.2638777494430542,17.280244827270508,0.9664215445518494,14.275650978088379,1.189637541770935,0.37523195147514343,0.5217458605766296
True,False,False,False,300,12.0,0.25954824686050415,17.281309127807617,0.9663619995117188,13.731963157653809,1.1443302631378174,0.37498781085014343,0.5217770934104919
True,False,False,False,300,12.0,0.25954824686050415,17.281309127807617,0.9663619995117188,13.731963157653809,1.1443302631378174,0.37498781085014343,0.5217770934104919
True,False,False,False,300,12.0,0.26356008648872375,17.28013801574707,0.9664275050163269,14.275556564331055,1.1896296739578247,0.37514039874076843,0.5217426419258118
True,False,False,False,300,12.0,0.26356008648872375,17.28013801574707,0.9664275050163269,14.275556564331055,1.1896296739578247,0.37514039874076843,0.5217426419258118
True,False,False,False,300,12.0,0.26356241106987,17.280128479003906,0.9664280414581299,14.275538444519043,1.18962824344635,0.37512895464897156,0.5217422842979431
True,False,False,False,300,12.0,0.26356241106987,17.280128479003906,0.9664280414581299,14.275538444519043,1.18962824344635,0.37512895464897156,0.5217422842979431
True,False,False,False,300,12.0,0.26356008648872375,17.28013801574707,0.9664275050163269,14.275556564331055,1.1896296739578247,0.37514039874076843,0.5217426419258118
True,False,False,False,300,12.0,0.26356008648872375,17.28013801574707,0.9664275050163269,14.275556564331055,1.1896296739578247,0.37514039874076843,0.5217426419258118
True,False,False,False,300,12.0,0.25954824686050415,17.281309127807617,0.9663619995117188,13.731963157653809,1.1443302631378174,0.37498781085014343,0.5217770934104919
True,False,False,False,300,12.0,0.25954824686050415,17.281309127807617,0.9663619995117188,13.731963157653809,1.1443302631378174,0.37498781085014343,0.5217770934104919
True,False,False,False,300,12.0,0.2638777494430542,17.280244827270508,0.9664215445518494,14.275650978088379,1.189637541770935,0.37523195147514343,0.5217458605766296
True,False,False,False,300,12.0,0.2638777494430542,17.280244827270508,0.9664215445518494,14.275650978088379,1.189637541770935,0.37523195147514343,0.5217458605766296
True,False,False,False,300,12.0,0.2638777494430542,17.280244827270508,0.9664215445518494,14.275650978088379,1.189637541770935,0.37523195147514343,0.5217458605766296
True,False,False,False,300,12.0,0.2638777494430542,17.280244827270508,0.9664215445518494,14.275650978088379,1.189637541770935,0.37523195147514343,0.5217458605766296
True,False,False,False,300,12.0,0.2638777494430542,17.280244827270508,0.9664215445518494,14.275650978088379,1.189637541770935,0.37523195147514343,0.5217458605766296
True,False,False,False,300,12.0,0.2588891386985779,17.281396865844727,0.9663571119308472,13.73175048828125,1.1443125009536743,0.37517091631889343,0.5217745304107666
True,False,False,False,300,12.0,0.2588891386985779,17.281396865844727,0.9663571119308472,13.73175048828125,1.1443125009536743,0.37517091631889343,0.5217745304107666
True,False,False,False,300,12.0,0.2588891386985779,17.281396865844727,0.9663571119308472,13.73175048828125,1.1443125009536743,0.37517091631889343,0.5217745304107666
True,False,False,False,300,12.0,0.2588891386985779,17.281396865844727,0.9663571119308472,13.73175048828125,1.1443125009536743,0.37517091631889343,0.5217745304107666
True,False,False,False,300,12.0,0.2588891386985779,17.281396865844727,0.9663571119308472,13.73175048828125,1.1443125009536743,0.37517091631889343,0.5217745304107666
True,False,False,False,300,12.0,0.2588891386985779,17.281396865844727,0.9663571119308472,13.73175048828125,1.1443125009536743,0.37517091631889343,0.5217745304107666
