goal_reached,collision,out_of_bounds,time_out,episode_steps,duration_s,final_distance_to_goal_m,path_length_m,trajectory_efficiency,command_variation_mps,command_variation_rate_mps2,min_clearance_m,mean_residual_mps
False,False,False,True,1124,44.959999084472656,14.534400939941406,42.75716781616211,0.3905778229236603,965.01220703125,21.463794708251953,0.5420479774475098,0.1931334137916565
False,False,False,True,1124,44.959999084472656,14.534400939941406,42.75716781616211,0.3905778229236603,965.01220703125,21.463794708251953,0.5420479774475098,0.1931334137916565
False,False,False,True,1124,44.959999084472656,14.534400939941406,42.75716781616211,0.3905778229236603,965.01220703125,21.463794708251953,0.5420479774475098,0.1931334137916565
False,False,False,True,1124,44.959999084472656,14.534400939941406,42.75716781616211,0.3905778229236603,965.01220703125,21.463794708251953,0.5420479774475098,0.1931334137916565
False,False,False,True,1124,44.959999084472656,14.534400939941406,42.75716781616211,0.3905778229236603,965.01220703125,21.463794708251953,0.5420479774475098,0.1931334137916565
False,False,False,True,1124,44.959999084472656,14.534400939941406,42.75716781616211,0.3905778229236603,965.01220703125,21.463794708251953,0.5420479774475098,0.1931334137916565
False,False,False,True,1124,44.959999084472656,14.534226417541504,42.75014114379883,0.390641987323761,891.2284545898438,19.822696685791016,0.5422179698944092,0.19300825893878937
False,False,False,True,1124,44.959999084472656,14.534226417541504,42.75014114379883,0.390641987323761,891.2284545898438,19.822696685791016,0.5422179698944092,0.19300825893878937
False,False,False,True,1124,44.959999084472656,14.534226417541504,42.75014114379883,0.390641987323761,891.2284545898438,19.822696685791016,0.5422179698944092,0.19300825893878937
False,False,False,True,1124,44.959999084472656,14.534226417541504,42.75014114379883,0.390641987323761,891.2284545898438,19.822696685791016,0.5422179698944092,0.19300825893878937
False,False,False,True,1124,44.959999084472656,14.534226417541504,42.75014114379883,0.390641987323761,891.2284545898438,19.822696685791016,0.5422179698944092,0.19300825893878937
False,False,False,True,1124,44.959999084472656,14.534852027893066,42.752479553222656,0.3906206488609314,934.380615234375,20.782487869262695,0.542030930519104,0.1930643916130066
False,False,False,True,1124,44.959999084472656,14.534852027893066,42.752479553222656,0.3906206488609314,934.380615234375,20.782487869262695,0.542030930519104,0.1930643916130066
False,False,False,True,1124,44.959999084472656,14.615188598632812,42.765926361083984,0.3904978036880493,942.6219482421875,20.965791702270508,0.5420479774475098,0.19307655096054077
False,False,False,True,1124,44.959999084472656,14.615188598632812,42.765926361083984,0.3904978036880493,942.6219482421875,20.965791702270508,0.5420479774475098,0.19307655096054077
False,False,False,True,1124,44.959999084472656,14.615070343017578,42.766963958740234,0.39048832654953003,951.2549438476562,21.157806396484375,0.5420840978622437,0.19308342039585114
False,False,False,True,1124,44.959999084472656,14.615070343017578,42.766963958740234,0.39048832654953003,951.2549438476562,21.157806396484375,0.5420840978622437,0.19308342039585114
False,False,False,True,1124,44.959999084472656,14.615188598632812,42.765926361083984,0.3904978036880493,942.6219482421875,20.965791702270508,0.5420479774475098,0.19307655096054077
False,False,False,True,1124,44.959999084472656,14.615188598632812,42.765926361083984,0.3904978036880493,942.6219482421875,20.965791702270508,0.5420479774475098,0.19307655096054077
False,False,False,True,1124,44.959999084472656,14.534852027893066,42.752479553222656,0.3906206488609314,934.380615234375,20.782487869262695,0.542030930519104,0.1930643916130066
False,False,False,True,1124,44.959999084472656,14.534852027893066,42.752479553222656,0.3906206488609314,934.380615234375,20.782487869262695,0.542030930519104,0.1930643916130066
False,False,False,True,1124,44.959999084472656,14.534226417541504,42.75014114379883,0.390641987323761,891.2284545898438,19.822696685791016,0.5422179698944092,0.19300825893878937
False,False,False,True,1124,44.959999084472656,14.534226417541504,42.75014114379883,0.390641987323761,891.2284545898438,19.822696685791016,0.5422179698944092,0.19300825893878937
False,False,False,True,1124,44.959999084472656,14.534226417541504,42.75014114379883,0.390641987323761,891.2284545898438,19.822696685791016,0.5422179698944092,0.19300825893878937
False,False,False,True,1124,44.959999084472656,14.534226417541504,42.75014114379883,0.390641987323761,891.2284545898438,19.822696685791016,0.5422179698944092,0.19300825893878937
False,False,False,True,1124,44.959999084472656,14.534226417541504,42.75014114379883,0.390641987323761,891.2284545898438,19.822696685791016,0.5422179698944092,0.19300825893878937
False,False,False,True,1124,44.959999084472656,14.534400939941406,42.75716781616211,0.3905778229236603,965.01220703125,21.463794708251953,0.5420479774475098,0.1931334137916565
False,False,False,True,1124,44.959999084472656,14.534400939941406,42.75716781616211,0.3905778229236603,965.01220703125,21.463794708251953,0.5420479774475098,0.1931334137916565
False,False,False,True,1124,44.959999084472656,14.534400939941406,42.75716781616211,0.3905778229236603,965.01220703125,21.463794708251953,0.5420479774475098,0.1931334137916565
False,False,False,True,1124,44.959999084472656,14.534400939941406,42.75716781616211,0.3905778229236603,965.01220703125,21.463794708251953,0.5420479774475098,0.1931334137916565
False,False,False,True,1124,44.959999084472656,14.534400939941406,42.75716781616211,0.3905778229236603,965.01220703125,21.463794708251953,0.5420479774475098,0.1931334137916565
False,False,False,True,1124,44.959999084472656,14.534400939941406,42.75716781616211,0.3905778229236603,965.01220703125,21.463794708251953,0.5420479774475098,0.1931334137916565
False,False,False,True,1124,44.959999084472656,14.534400939941406,42.75716781616211,0.3905778229236603,965.01220703125,21.463794708251953,0.5420479774475098,0.1931334137916565
False,False,False,True,1124,44.959999084472656,14.534400939941406,42.75716781616211,0.3905778229236603,965.01220703125,21.463794708251953,0.5420479774475098,0.1931334137916565
False,False,False,True,1124,44.959999084472656,14.534400939941406,42.75716781616211,0.3905778229236603,965.01220703125,21.463794708251953,0.5420479774475098,0.1931334137916565
False,False,False,True,1124,44.959999084472656,14.534400939941406,42.75716781616211,0.3905778229236603,965.01220703125,21.463794708251953,0.5420479774475098,0.1931334137916565
False,False,False,True,1124,44.959999084472656,14.534400939941406,42.75716781616211,0.3905778229236603,965.01220703125,21.463794708251953,0.5420479774475098,0.1931334137916565
False,False,False,True,1124,44.959999084472656,14.534400939941406,42.75716781616211,0.3905778229236603,965.01220703125,21.463794708251953,0.5420479774475098,0.1931334137916565
False,False,False,True,1124,44.959999084472656,14.534226417541504,42.75014114379883,0.390641987323761,891.2284545898438,19.822696685791016,0.5422179698944092,0.19300825893878937
False,False,False,True,1124,44.959999084472656,14.534226417541504,42.75014114379883,0.390641987323761,891.2284545898438,19.822696685791016,0.5422179698944092,0.19300825893878937
False,False,False,True,1124,44.959999084472656,14.534226417541504,42.75014114379883,0.390641987323761,891.2284545898438,19.822696685791016,0.5422179698944092,0.19300825893878937
False,False,False,True,1124,44.959999084472656,14.534226417541504,42.75014114379883,0.390641987323761,891.2284545898438,19.822696685791016,0.5422179698944092,0.19300825893878937
False,False,False,True,1124,44.959999084472656,14.534226417541504,42.75014114379883,0.390641987323761,891.2284545898438,19.822696685791016,0.5422179698944092,0.19300825893878937
False,False,False,True,1124,44.959999084472656,14.534852027893066,42.752479553222656,0.3906206488609314,934.380615234375,20.782487869262695,0.542030930519104,0.1930643916130066
False,False,False,True,1124,44.959999084472656,14.534852027893066,42.752479553222656,0.3906206488609314,934.380615234375,20.782487869262695,0.542030930519104,0.1930643916130066
False,False,False,True,1124,44.959999084472656,14.615188598632812,42.765926361083984,0.3904978036880493,942.6219482421875,20.965791702270508,0.5420479774475098,0.19307655096054077
False,False,False,True,1124,44.959999084472656,14.615188598632812,42.765926361083984,0.3904978036880493,942.6219482421875,20.965791702270508,0.5420479774475098,0.19307655096054077
False,False,False,True,1124,44.959999084472656,14.615070343017578,42.766963958740234,0.39048832654953003,951.2549438476562,21.157806396484375,0.5420840978622437,0.19308342039585114
False,False,False,True,1124,44.959999084472656,14.615070343017578,42.766963958740234,0.39048832654953003,951.2549438476562,21.157806396484375,0.5420840978622437,0.19308342039585114
False,False,False,True,1124,44.959999084472656,14.615188598632812,42.765926361083984,0.3904978036880493,942.6219482421875,20.965791702270508,0.5420479774475098,0.19307655096054077
False,False,False,True,1124,44.959999084472656,14.615188598632812,42.765926361083984,0.3904978036880493,942.6219482421875,20.965791702270508,0.5420479774475098,0.19307655096054077
False,False,False,True,1124,44.959999084472656,14.534852027893066,42.752479553222656,0.3906206488609314,934.380615234375,20.782487869262695,0.542030930519104,0.1930643916130066
False,False,False,True,1124,44.959999084472656,14.534852027893066,42.752479553222656,0.3906206488609314,934.380615234375,20.782487869262695,0.542030930519104,0.1930643916130066
False,False,False,True,1124,44.959999084472656,14.534226417541504,42.75014114379883,0.390641987323761,891.2284545898438,19.822696685791016,0.5422179698944092,0.19300825893878937
False,False,False,True,1124,44.959999084472656,14.534226417541504,42.75014114379883,0.390641987323761,891.2284545898438,19.822696685791016,0.5422179698944092,0.19300825893878937
False,False,False,True,1124,44.959999084472656,14.534226417541504,42.75014114379883,0.390641987323761,891.2284545898438,19.822696685791016,0.5422179698944092,0.19300825893878937
False,False,False,True,1124,44.959999084472656,14.534226417541504,42.75014114379883,0.390641987323761,891.2284545898438,19.822696685791016,0.5422179698944092,0.19300825893878937
False,False,False,True,1124,44.959999084472656,14.534226417541504,42.75014114379883,0.390641987323761,891.2284545898438,19.822696685791016,0.5422179698944092,0.19300825893878937
False,False,False,True,1124,44.959999084472656,14.534400939941406,42.75716781616211,0.3905778229236603,965.01220703125,21.463794708251953,0.5420479774475098,0.1931334137916565
False,False,False,True,1124,44.959999084472656,14.534400939941406,42.75716781616211,0.3905778229236603,965.01220703125,21.463794708251953,0.5420479774475098,0.1931334137916565
False,False,False,True,1124,44.959999084472656,14.534400939941406,42.75716781616211,0.3905778229236603,965.01220703125,21.463794708251953,0.5420479774475098,0.1931334137916565
False,False,False,True,1124,44.959999084472656,14.534400939941406,42.75716781616211,0.3905778229236603,965.01220703125,21.463794708251953,0.5420479774475098,0.1931334137916565
False,False,False,True,1124,44.959999084472656,14.534400939941406,42.75716781616211,0.3905778229236603,965.01220703125,21.463794708251953,0.5420479774475098,0.1931334137916565
False,False,False,True,1124,44.959999084472656,14.534400939941406,42.75716781616211,0.3905778229236603,965.01220703125,21.463794708251953,0.5420479774475098,0.1931334137916565
False,False,False,True,1124,44.959999084472656,14.534400939941406,42.75716781616211,0.3905778229236603,965.01220703125,21.463794708251953,0.5420479774475098,0.1931334137916565
False,False,False,True,1124,44.959999084472656,14.534400939941406,42.75716781616211,0.3905778229236603,965.01220703125,21.463794708251953,0.5420479774475098,0.1931334137916565
False,False,False,True,1124,44.959999084472656,14.534400939941406,42.75716781616211,0.3905778229236603,965.01220703125,21.463794708251953,0.5420479774475098,0.1931334137916565
False,False,False,True,1124,44.959999084472656,14.534400939941406,42.75716781616211,0.3905778229236603,965.01220703125,21.463794708251953,0.5420479774475098,0.1931334137916565
False,False,False,True,1124,44.959999084472656,14.534400939941406,42.75716781616211,0.3905778229236603,965.01220703125,21.463794708251953,0.5420479774475098,0.1931334137916565
False,False,False,True,1124,44.959999084472656,14.534400939941406,42.75716781616211,0.3905778229236603,965.01220703125,21.463794708251953,0.5420479774475098,0.1931334137916565
False,False,False,True,1124,44.959999084472656,14.534226417541504,42.75014114379883,0.390641987323761,891.2284545898438,19.822696685791016,0.5422179698944092,0.19300825893878937
False,False,False,True,1124,44.959999084472656,14.534226417541504,42.75014114379883,0.390641987323761,891.2284545898438,19.822696685791016,0.5422179698944092,0.19300825893878937
False,False,False,True,1124,44.959999084472656,14.534226417541504,42.75014114379883,0.390641987323761,891.2284545898438,19.822696685791016,0.5422179698944092,0.19300825893878937
False,False,False,True,1124,44.959999084472656,14.534226417541504,42.75014114379883,0.390641987323761,891.2284545898438,19.822696685791016,0.5422179698944092,0.19300825893878937
False,False,False,True,1124,44.959999084472656,14.534226417541504,42.75014114379883,0.390641987323761,891.2284545898438,19.822696685791016,0.5422179698944092,0.19300825893878937
False,False,False,True,1124,44.959999084472656,14.534852027893066,42.752479553222656,0.3906206488609314,934.380615234375,20.782487869262695,0.542030930519104,0.1930643916130066
False,False,False,True,1124,44.959999084472656,14.534852027893066,42.752479553222656,0.3906206488609314,934.380615234375,20.782487869262695,0.542030930519104,0.1930643916130066
False,False,False,True,1124,44.959999084472656,14.615188598632812,42.765926361083984,0.3904978036880493,942.6219482421875,20.965791702270508,0.5420479774475098,0.19307655096054077
False,False,False,True,1124,44.959999084472656,14.615188598632812,42.765926361083984,0.3904978036880493,942.6219482421875,20.965791702270508,0.5420479774475098,0.19307655096054077
False,False,False,True,1124,44.959999084472656,14.615070343017578,42.766963958740234,0.39048832654953003,951.2549438476562,21.157806396484375,0.5420840978622437,0.19308342039585114
False,False,False,True,1124,44.959999084472656,14.615070343017578,42.766963958740234,0.39048832654953003,951.2549438476562,21.157806396484375,0.5420840978622437,0.19308342039585114
False,False,False,True,1124,44.959999084472656,14.615188598632812,42.765926361083984,0.3904978036880493,942.6219482421875,20.965791702270508,0.5420479774475098,0.19307655096054077
False,False,False,True,1124,44.959999084472656,14.615188598632812,42.765926361083984,0.3904978036880493,942.6219482421875,20.965791702270508,0.5420479774475098,0.19307655096054077
False,False,False,True,1124,44.959999084472656,14.534852027893066,42.752479553222656,0.3906206488609314,934.380615234375,20.782487869262695,0.542030930519104,0.1930643916130066
False,False,False,True,1124,44.959999084472656,14.534852027893066,42.752479553222656,0.3906206488609314,934.380615234375,20.782487869262695,0.542030930519104,0.1930643916130066
False,False,False,True,1124,44.959999084472656,14.534226417541504,42.75014114379883,0.390641987323761,891.2284545898438,19.822696685791016,0.5422179698944092,0.19300825893878937
False,False,False,True,1124,44.959999084472656,14.534226417541504,42.75014114379883,0.390641987323761,891.2284545898438,19.822696685791016,0.5422179698944092,0.19300825893878937
False,False,False,True,1124,44.959999084472656,14.534226417541504,42.75014114379883,0.390641987323761,891.2284545898438,19.822696685791016,0.5422179698944092,0.19300825893878937
False,False,False,True,1124,44.959999084472656,14.534226417541504,42.75014114379883,0.390641987323761,891.2284545898438,19.822696685791016,0.5422179698944092,0.19300825893878937
False,False,False,True,1124,44.959999084472656,14.534226417541504,42.75014114379883,0.390641987323761,891.2284545898438,19.822696685791016,0.5422179698944092,0.19300825893878937
False,False,False,True,1124,44.959999084472656,14.534400939941406,42.75716781616211,0.3905778229236603,965.01220703125,21.463794708251953,0.5420479774475098,0.1931334137916565
False,False,False,True,1124,44.959999084472656,14.534400939941406,42.75716781616211,0.3905778229236603,965.01220703125,21.463794708251953,0.5420479774475098,0.1931334137916565
False,False,False,True,1124,44.959999084472656,14.534400939941406,42.75716781616211,0.3905778229236603,965.01220703125,21.463794708251953,0.5420479774475098,0.1931334137916565
False,False,False,True,1124,44.959999084472656,14.534400939941406,42.75716781616211,0.3905778229236603,965.01220703125,21.463794708251953,0.5420479774475098,0.1931334137916565
False,False,False,True,1124,44.959999084472656,14.534400939941406,42.75716781616211,0.3905778229236603,965.01220703125,21.463794708251953,0.5420479774475098,0.1931334137916565
False,False,False,True,1124,44.959999084472656,14.534400939941406,42.75716781616211,0.3905778229236603,965.01220703125,21.463794708251953,0.5420479774475098,0.1931334137916565
False,False,False,True,1124,44.959999084472656,14.534400939941406,42.75716781616211,0.3905778229236603,965.01220703125,21.463794708251953,0.5420479774475098,0.1931334137916565
False,False,False,True,1124,44.959999084472656,14.534400939941406,42.75716781616211,0.3905778229236603,965.01220703125,21.463794708251953,0.5420479774475098,0.1931334137916565
False,False,False,True,1124,44.959999084472656,14.534400939941406,42.75716781616211,0.3905778229236603,965.01220703125,21.463794708251953,0.5420479774475098,0.1931334137916565
False,False,False,True,1124,44.959999084472656,14.534400939941406,42.75716781616211,0.3905778229236603,965.01220703125,21.463794708251953,0.5420479774475098,0.1931334137916565
False,False,False,True,1124,44.959999084472656,14.534400939941406,42.75716781616211,0.3905778229236603,965.01220703125,21.463794708251953,0.5420479774475098,0.1931334137916565
False,False,False,True,1124,44.959999084472656,14.534400939941406,42.75716781616211,0.3905778229236603,965.01220703125,21.463794708251953,0.5420479774475098,0.1931334137916565
False,False,False,True,1124,44.959999084472656,14.534226417541504,42.75014114379883,0.390641987323761,891.2284545898438,19.822696685791016,0.5422179698944092,0.19300825893878937
False,False,False,True,1124,44.959999084472656,14.534226417541504,42.75014114379883,0.390641987323761,891.2284545898438,19.822696685791016,0.5422179698944092,0.19300825893878937
False,False,False,True,1124,44.959999084472656,14.534226417541504,42.75014114379883,0.390641987323761,891.2284545898438,19.822696685791016,0.5422179698944092,0.19300825893878937
False,False,False,True,1124,44.959999084472656,14.534226417541504,42.75014114379883,0.390641987323761,891.2284545898438,19.822696685791016,0.5422179698944092,0.19300825893878937
False,False,False,True,1124,44.959999084472656,14.534226417541504,42.75014114379883,0.390641987323761,891.2284545898438,19.822696685791016,0.5422179698944092,0.19300825893878937
False,False,False,True,1124,44.959999084472656,14.534852027893066,42.752479553222656,0.3906206488609314,934.380615234375,20.782487869262695,0.542030930519104,0.1930643916130066
False,False,False,True,1124,44.959999084472656,14.534852027893066,42.752479553222656,0.3906206488609314,934.380615234375,20.782487869262695,0.542030930519104,0.1930643916130066
False,False,False,True,1124,44.959999084472656,14.615188598632812,42.765926361083984,0.3904978036880493,942.6219482421875,20.965791702270508,0.5420479774475098,0.19307655096054077
False,False,False,True,1124,44.959999084472656,14.615188598632812,42.765926361083984,0.3904978036880493,942.6219482421875,20.965791702270508,0.5420479774475098,0.19307655096054077
False,False,False,True,1124,44.959999084472656,14.615070343017578,42.766963958740234,0.39048832654953003,951.2549438476562,21.157806396484375,0.5420840978622437,0.19308342039585114
False,False,False,True,1124,44.959999084472656,14.615070343017578,42.766963958740234,0.39048832654953003,951.2549438476562,21.157806396484375,0.5420840978622437,0.19308342039585114
False,False,False,True,1124,44.959999084472656,14.615188598632812,42.765926361083984,0.3904978036880493,942.6219482421875,20.965791702270508,0.5420479774475098,0.19307655096054077
False,False,False,True,1124,44.959999084472656,14.615188598632812,42.765926361083984,0.3904978036880493,942.6219482421875,20.965791702270508,0.5420479774475098,0.19307655096054077
False,False,False,True,1124,44.959999084472656,14.534852027893066,42.752479553222656,0.3906206488609314,934.380615234375,20.782487869262695,0.542030930519104,0.1930643916130066
False,False,False,True,1124,44.959999084472656,14.534852027893066,42.752479553222656,0.3906206488609314,934.380615234375,20.782487869262695,0.542030930519104,0.1930643916130066
False,False,False,True,1124,44.959999084472656,14.534226417541504,42.75014114379883,0.390641987323761,891.2284545898438,19.822696685791016,0.5422179698944092,0.19300825893878937
False,False,False,True,1124,44.959999084472656,14.534226417541504,42.75014114379883,0.390641987323761,891.2284545898438,19.822696685791016,0.5422179698944092,0.19300825893878937
False,False,False,True,1124,44.959999084472656,14.534226417541504,42.75014114379883,0.390641987323761,891.2284545898438,19.822696685791016,0.5422179698944092,0.19300825893878937
False,False,False,True,1124,44.959999084472656,14.534226417541504,42.75014114379883,0.390641987323761,891.2284545898438,19.822696685791016,0.5422179698944092,0.19300825893878937
False,False,False,True,1124,44.959999084472656,14.534226417541504,42.75014114379883,0.390641987323761,891.2284545898438,19.822696685791016,0.5422179698944092,0.19300825893878937
False,False,False,True,1124,44.959999084472656,14.534400939941406,42.75716781616211,0.3905778229236603,965.01220703125,21.463794708251953,0.5420479774475098,0.1931334137916565
False,False,False,True,1124,44.959999084472656,14.534400939941406,42.75716781616211,0.3905778229236603,965.01220703125,21.463794708251953,0.5420479774475098,0.1931334137916565
False,False,False,True,1124,44.959999084472656,14.534400939941406,42.75716781616211,0.3905778229236603,965.01220703125,21.463794708251953,0.5420479774475098,0.1931334137916565
False,False,False,True,1124,44.959999084472656,14.534400939941406,42.75716781616211,0.3905778229236603,965.01220703125,21.463794708251953,0.5420479774475098,0.1931334137916565
False,False,False,True,1124,44.959999084472656,14.534400939941406,42.75716781616211,0.3905778229236603,965.01220703125,21.463794708251953,0.5420479774475098,0.1931334137916565
False,False,False,True,1124,44.959999084472656,14.534400939941406,42.75716781616211,0.3905778229236603,965.01220703125,21.463794708251953,0.5420479774475098,0.1931334137916565
False,False,False,True,1124,44.959999084472656,14.534400939941406,42.75716781616211,0.3905778229236603,965.01220703125,21.463794708251953,0.5420479774475098,0.1931334137916565
False,False,False,True,1124,44.959999084472656,14.534400939941406,42.75716781616211,0.3905778229236603,965.01220703125,21.463794708251953,0.5420479774475098,0.1931334137916565
False,False,False,True,1124,44.959999084472656,14.534400939941406,42.75716781616211,0.3905778229236603,965.01220703125,21.463794708251953,0.5420479774475098,0.1931334137916565
False,False,False,True,1124,44.959999084472656,14.534400939941406,42.75716781616211,0.3905778229236603,965.01220703125,21.463794708251953,0.5420479774475098,0.1931334137916565
False,False,False,True,1124,44.959999084472656,14.534400939941406,42.75716781616211,0.3905778229236603,965.01220703125,21.463794708251953,0.5420479774475098,0.1931334137916565
False,False,False,True,1124,44.959999084472656,14.534400939941406,42.75716781616211,0.3905778229236603,965.01220703125,21.463794708251953,0.5420479774475098,0.1931334137916565
False,False,False,True,1124,44.959999084472656,14.534226417541504,42.75014114379883,0.390641987323761,891.2284545898438,19.822696685791016,0.5422179698944092,0.19300825893878937
False,False,False,True,1124,44.959999084472656,14.534226417541504,42.75014114379883,0.390641987323761,891.2284545898438,19.822696685791016,0.5422179698944092,0.19300825893878937
False,False,False,True,1124,44.959999084472656,14.534226417541504,42.75014114379883,0.390641987323761,891.2284545898438,19.822696685791016,0.5422179698944092,0.19300825893878937
False,False,False,True,1124,44.959999084472656,14.534226417541504,42.75014114379883,0.390641987323761,891.2284545898438,19.822696685791016,0.5422179698944092,0.19300825893878937
False,False,False,True,1124,44.959999084472656,14.534226417541504,42.75014114379883,0.390641987323761,891.2284545898438,19.822696685791016,0.5422179698944092,0.19300825893878937
False,False,False,True,1124,44.959999084472656,14.534852027893066,42.752479553222656,0.3906206488609314,934.380615234375,20.782487869262695,0.542030930519104,0.1930643916130066
False,False,False,True,1124,44.959999084472656,14.534852027893066,42.752479553222656,0.3906206488609314,934.380615234375,20.782487869262695,0.542030930519104,0.1930643916130066
False,False,False,True,1124,44.959999084472656,14.615188598632812,42.765926361083984,0.3904978036880493,942.6219482421875,20.965791702270508,0.5420479774475098,0.19307655096054077
False,False,False,True,1124,44.959999084472656,14.615188598632812,42.765926361083984,0.3904978036880493,942.6219482421875,20.965791702270508,0.5420479774475098,0.19307655096054077
False,False,False,True,1124,44.959999084472656,14.615070343017578,42.766963958740234,0.39048832654953003,951.2549438476562,21.157806396484375,0.5420840978622437,0.19308342039585114
False,False,False,True,1124,44.959999084472656,14.615070343017578,42.766963958740234,0.39048832654953003,951.2549438476562,21.157806396484375,0.5420840978622437,0.19308342039585114
False,False,False,True,1124,44.959999084472656,14.615188598632812,42.765926361083984,0.3904978036880493,942.6219482421875,20.965791702270508,0.5420479774475098,0.19307655096054077
False,False,False,True,1124,44.959999084472656,14.615188598632812,42.765926361083984,0.3904978036880493,942.6219482421875,20.965791702270508,0.5420479774475098,0.19307655096054077
False,False,False,True,1124,44.959999084472656,14.534852027893066,42.752479553222656,0.3906206488609314,934.380615234375,20.782487869262695,0.542030930519104,0.1930643916130066
False,False,False,True,1124,44.959999084472656,14.534852027893066,42.752479553222656,0.3906206488609314,934.380615234375,20.782487869262695,0.542030930519104,0.1930643916130066
False,False,False,True,1124,44.959999084472656,14.534226417541504,42.75014114379883,0.390641987323761,891.2284545898438,19.822696685791016,0.5422179698944092,0.19300825893878937
False,False,False,True,1124,44.959999084472656,14.534226417541504,42.75014114379883,0.390641987323761,891.2284545898438,19.822696685791016,0.5422179698944092,0.19300825893878937
False,False,False,True,1124,44.959999084472656,14.534226417541504,42.75014114379883,0.390641987323761,891.2284545898438,19.822696685791016,0.5422179698944092,0.19300825893878937
False,False,False,True,1124,44.959999084472656,14.534226417541504,42.75014114379883,0.390641987323761,891.2284545898438,19.822696685791016,0.5422179698944092,0.19300825893878937
False,False,False,True,1124,44.959999084472656,14.534226417541504,42.75014114379883,0.390641987323761,891.2284545898438,19.822696685791016,0.5422179698944092,0.19300825893878937
False,False,False,True,1124,44.959999084472656,14.534400939941406,42.75716781616211,0.3905778229236603,965.01220703125,21.463794708251953,0.5420479774475098,0.1931334137916565
False,False,False,True,1124,44.959999084472656,14.534400939941406,42.75716781616211,0.3905778229236603,965.01220703125,21.463794708251953,0.5420479774475098,0.1931334137916565
False,False,False,True,1124,44.959999084472656,14.534400939941406,42.75716781616211,0.3905778229236603,965.01220703125,21.463794708251953,0.5420479774475098,0.1931334137916565
False,False,False,True,1124,44.959999084472656,14.534400939941406,42.75716781616211,0.3905778229236603,965.01220703125,21.463794708251953,0.5420479774475098,0.1931334137916565
False,False,False,True,1124,44.959999084472656,14.534400939941406,42.75716781616211,0.3905778229236603,965.01220703125,21.463794708251953,0.5420479774475098,0.1931334137916565
False,False,False,True,1124,44.959999084472656,14.534400939941406,42.75716781616211,0.3905778229236603,965.01220703125,21.463794708251953,0.5420479774475098,0.1931334137916565
False,False,False,True,1124,44.959999084472656,14.534273147583008,42.75787353515625,0.39057135581970215,973.64208984375,21.65574073791504,0.541946530342102,0.19314678013324738
False,False,False,True,1124,44.959999084472656,14.534273147583008,42.75787353515625,0.39057135581970215,973.64208984375,21.65574073791504,0.541946530342102,0.19314678013324738
False,False,False,True,1124,44.959999084472656,14.534273147583008,42.75787353515625,0.39057135581970215,973.64208984375,21.65574073791504,0.541946530342102,0.19314678013324738
False,False,False,True,1124,44.959999084472656,14.534273147583008,42.75787353515625,0.39057135581970215,973.64208984375,21.65574073791504,0.541946530342102,0.19314678013324738
False,False,False,True,1124,44.959999084472656,14.534273147583008,42.75787353515625,0.39057135581970215,973.64208984375,21.65574073791504,0.541946530342102,0.19314678013324738
False,False,False,True,1124,44.959999084472656,14.534273147583008,42.75787353515625,0.39057135581970215,973.64208984375,21.65574073791504,0.541946530342102,0.19314678013324738
False,False,False,True,1124,44.959999084472656,14.534226417541504,42.75101089477539,0.39063405990600586,899.8584594726562,20.014646530151367,0.542116641998291,0.1930142045021057
False,False,False,True,1124,44.959999084472656,14.534226417541504,42.75101089477539,0.39063405990600586,899.8584594726562,20.014646530151367,0.542116641998291,0.1930142045021057
False,False,False,True,1124,44.959999084472656,14.534226417541504,42.75101089477539,0.39063405990600586,899.8584594726562,20.014646530151367,0.542116641998291,0.1930142045021057
False,False,False,True,1124,44.959999084472656,14.534226417541504,42.75101089477539,0.39063405990600586,899.8584594726562,20.014646530151367,0.542116641998291,0.1930142045021057
False,False,False,True,1124,44.959999084472656,14.534226417541504,42.75101089477539,0.39063405990600586,899.8584594726562,20.014646530151367,0.542116641998291,0.1930142045021057
False,False,False,True,1124,44.959999084472656,14.61643123626709,42.76725769042969,0.39048564434051514,960.318359375,21.359394073486328,0.5419296026229858,0.19309280812740326
False,False,False,True,1124,44.959999084472656,14.61643123626709,42.76725769042969,0.39048564434051514,960.318359375,21.359394073486328,0.5419296026229858,0.19309280812740326
False,False,False,True,1124,44.959999084472656,14.614951133728027,42.765811920166016,0.3904988765716553,934.42724609375,20.783525466918945,0.541946530342102,0.19306142628192902
False,False,False,True,1124,44.959999084472656,14.614951133728027,42.765811920166016,0.3904988765716553,934.42724609375,20.783525466918945,0.541946530342102,0.19306142628192902
False,False,False,True,1124,44.959999084472656,14.616403579711914,42.76662826538086,0.39049139618873596,950.8185424804688,21.148099899291992,0.5419869422912598,0.19309501349925995
False,False,False,True,1124,44.959999084472656,14.616403579711914,42.76662826538086,0.39049139618873596,950.8185424804688,21.148099899291992,0.5419869422912598,0.19309501349925995
False,False,False,True,1124,44.959999084472656,14.614951133728027,42.765811920166016,0.3904988765716553,934.42724609375,20.783525466918945,0.541946530342102,0.19306142628192902
False,False,False,True,1124,44.959999084472656,14.614951133728027,42.765811920166016,0.3904988765716553,934.42724609375,20.783525466918945,0.541946530342102,0.19306142628192902
False,False,False,True,1124,44.959999084472656,14.61643123626709,42.76725769042969,0.39048564434051514,960.318359375,21.359394073486328,0.5419296026229858,0.19309280812740326
False,False,False,True,1124,44.959999084472656,14.61643123626709,42.76725769042969,0.39048564434051514,960.318359375,21.359394073486328,0.5419296026229858,0.19309280812740326
False,False,False,True,1124,44.959999084472656,14.534226417541504,42.75101089477539,0.39063405990600586,899.8584594726562,20.014646530151367,0.542116641998291,0.1930142045021057
False,False,False,True,1124,44.959999084472656,14.534226417541504,42.75101089477539,0.39063405990600586,899.8584594726562,20.014646530151367,0.542116641998291,0.1930142045021057
False,False,False,True,1124,44.959999084472656,14.534226417541504,42.75101089477539,0.39063405990600586,899.8584594726562,20.014646530151367,0.542116641998291,0.1930142045021057
False,False,False,True,1124,44.959999084472656,14.534226417541504,42.75101089477539,0.39063405990600586,899.8584594726562,20.014646530151367,0.542116641998291,0.1930142045021057
False,False,False,True,1124,44.959999084472656,14.534226417541504,42.75101089477539,0.39063405990600586,899.8584594726562,20.014646530151367,0.542116641998291,0.1930142045021057
False,False,False,True,1124,44.959999084472656,14.534273147583008,42.75787353515625,0.39057135581970215,973.64208984375,21.65574073791504,0.541946530342102,0.19314678013324738
False,False,False,True,1124,44.959999084472656,14.534273147583008,42.75787353515625,0.39057135581970215,973.64208984375,21.65574073791504,0.541946530342102,0.19314678013324738
False,False,False,True,1124,44.959999084472656,14.534273147583008,42.75787353515625,0.39057135581970215,973.64208984375,21.65574073791504,0.541946530342102,0.19314678013324738
False,False,False,True,1124,44.959999084472656,14.534273147583008,42.75787353515625,0.39057135581970215,973.64208984375,21.65574073791504,0.541946530342102,0.19314678013324738
False,False,False,True,1124,44.959999084472656,14.534273147583008,42.75787353515625,0.39057135581970215,973.64208984375,21.65574073791504,0.541946530342102,0.19314678013324738
False,False,False,True,1124,44.959999084472656,14.534273147583008,42.75787353515625,0.39057135581970215,973.64208984375,21.65574073791504,0.541946530342102,0.19314678013324738
False,False,False,True,1124,44.959999084472656,14.621174812316895,42.75886917114258,0.3905622661113739,947.3665161132812,21.071319580078125,0.541946530342102,0.19307780265808105
False,False,False,True,1124,44.959999084472656,14.621174812316895,42.75886917114258,0.3905622661113739,947.3665161132812,21.071319580078125,0.541946530342102,0.19307780265808105
False,False,False,True,1124,44.959999084472656,14.621174812316895,42.75886917114258,0.3905622661113739,947.3665161132812,21.071319580078125,0.541946530342102,0.19307780265808105
False,False,False,True,1124,44.959999084472656,14.621174812316895,42.75886917114258,0.3905622661113739,947.3665161132812,21.071319580078125,0.541946530342102,0.19307780265808105
False,False,False,True,1124,44.959999084472656,14.621174812316895,42.75886917114258,0.3905622661113739,947.3665161132812,21.071319580078125,0.541946530342102,0.19307780265808105
False,False,False,True,1124,44.959999084472656,14.621174812316895,42.75886917114258,0.3905622661113739,947.3665161132812,21.071319580078125,0.541946530342102,0.19307780265808105
False,False,False,True,1124,44.959999084472656,14.543492317199707,42.741615295410156,0.3907199501991272,934.3792114257812,20.782455444335938,0.542116641998291,0.19308023154735565
False,False,False,True,1124,44.959999084472656,14.543492317199707,42.741615295410156,0.3907199501991272,934.3792114257812,20.782455444335938,0.542116641998291,0.19308023154735565
False,False,False,True,1124,44.959999084472656,14.543492317199707,42.741615295410156,0.3907199501991272,934.3792114257812,20.782455444335938,0.542116641998291,0.19308023154735565
False,False,False,True,1124,44.959999084472656,14.543492317199707,42.741615295410156,0.3907199501991272,934.3792114257812,20.782455444335938,0.542116641998291,0.19308023154735565
False,False,False,True,1124,44.959999084472656,14.543492317199707,42.741615295410156,0.3907199501991272,934.3792114257812,20.782455444335938,0.542116641998291,0.19308023154735565
False,False,False,True,1124,44.959999084472656,14.625326156616211,42.75578689575195,0.3905904293060303,955.5677490234375,21.25373077392578,0.5410033464431763,0.19310583174228668
False,False,False,True,1124,44.959999084472656,14.625326156616211,42.75578689575195,0.3905904293060303,955.5677490234375,21.25373077392578,0.5410033464431763,0.19310583174228668
False,False,False,True,1124,44.959999084472656,14.624091148376465,42.75489807128906,0.3905985355377197,937.871826171875,20.860139846801758,0.541946530342102,0.1930752545595169
False,False,False,True,1124,44.959999084472656,14.624091148376465,42.75489807128906,0.3905985355377197,937.871826171875,20.860139846801758,0.541946530342102,0.1930752545595169
False,False,False,True,1124,44.959999084472656,14.624150276184082,42.75541687011719,0.3905937969684601,942.6231079101562,20.965816497802734,0.5419869422912598,0.19308339059352875
False,False,False,True,1124,44.959999084472656,14.624150276184082,42.75541687011719,0.3905937969684601,942.6231079101562,20.965816497802734,0.5419869422912598,0.19308339059352875
False,False,False,True,1124,44.959999084472656,14.624091148376465,42.75489807128906,0.3905985355377197,937.871826171875,20.860139846801758,0.541946530342102,0.1930752545595169
False,False,False,True,1124,44.959999084472656,14.624091148376465,42.75489807128906,0.3905985355377197,937.871826171875,20.860139846801758,0.541946530342102,0.1930752545595169
False,False,False,True,1124,44.959999084472656,14.625326156616211,42.75578689575195,0.3905904293060303,955.5677490234375,21.25373077392578,0.5410033464431763,0.19310583174228668
False,False,False,True,1124,44.959999084472656,14.625326156616211,42.75578689575195,0.3905904293060303,955.5677490234375,21.25373077392578,0.5410033464431763,0.19310583174228668
False,False,False,True,1124,44.959999084472656,14.543492317199707,42.741615295410156,0.3907199501991272,934.3792114257812,20.782455444335938,0.542116641998291,0.19308023154735565
False,False,False,True,1124,44.959999084472656,14.543492317199707,42.741615295410156,0.3907199501991272,934.3792114257812,20.782455444335938,0.542116641998291,0.19308023154735565
False,False,False,True,1124,44.959999084472656,14.543492317199707,42.741615295410156,0.3907199501991272,934.3792114257812,20.782455444335938,0.542116641998291,0.19308023154735565
False,False,False,True,1124,44.959999084472656,14.543492317199707,42.741615295410156,0.3907199501991272,934.3792114257812,20.782455444335938,0.542116641998291,0.19308023154735565
False,False,False,True,1124,44.959999084472656,14.543492317199707,42.741615295410156,0.3907199501991272,934.3792114257812,20.782455444335938,0.542116641998291,0.19308023154735565
False,False,False,True,1124,44.959999084472656,14.621174812316895,42.75886917114258,0.3905622661113739,947.3665161132812,21.071319580078125,0.541946530342102,0.19307780265808105
False,False,False,True,1124,44.959999084472656,14.621174812316895,42.75886917114258,0.3905622661113739,947.3665161132812,21.071319580078125,0.541946530342102,0.19307780265808105
False,False,False,True,1124,44.959999084472656,14.621174812316895,42.75886917114258,0.3905622661113739,947.3665161132812,21.071319580078125,0.541946530342102,0.19307780265808105
False,False,False,True,1124,44.959999084472656,14.621174812316895,42.75886917114258,0.3905622661113739,947.3665161132812,21.071319580078125,0.541946530342102,0.19307780265808105
False,False,False,True,1124,44.959999084472656,14.621174812316895,42.75886917114258,0.3905622661113739,947.3665161132812,21.071319580078125,0.541946530342102,0.19307780265808105
False,False,False,True,1124,44.959999084472656,14.621174812316895,42.75886917114258,0.3905622661113739,947.3665161132812,21.071319580078125,0.541946530342102,0.19307780265808105
False,False,False,True,1124,44.959999084472656,14.621174812316895,42.75886917114258,0.3905622661113739,947.3665161132812,21.071319580078125,0.541946530342102,0.19307780265808105
False,False,False,True,1124,44.959999084472656,14.621174812316895,42.75886917114258,0.3905622661113739,947.3665161132812,21.071319580078125,0.541946530342102,0.19307780265808105
False,False,False,True,1124,44.959999084472656,14.621174812316895,42.75886917114258,0.3905622661113739,947.3665161132812,21.071319580078125,0.541946530342102,0.19307780265808105
False,False,False,True,1124,44.959999084472656,14.621174812316895,42.75886917114258,0.3905622661113739,947.3665161132812,21.071319580078125,0.541946530342102,0.19307780265808105
False,False,False,True,1124,44.959999084472656,14.621174812316895,42.75886917114258,0.3905622661113739,947.3665161132812,21.071319580078125,0.541946530342102,0.19307780265808105
False,False,False,True,1124,44.959999084472656,14.621174812316895,42.75886917114258,0.3905622661113739,947.3665161132812,21.071319580078125,0.541946530342102,0.19307780265808105
False,False,False,True,1124,44.959999084472656,14.543492317199707,42.741615295410156,0.3907199501991272,934.3792114257812,20.782455444335938,0.542116641998291,0.19308023154735565
False,False,False,True,1124,44.959999084472656,14.543492317199707,42.741615295410156,0.3907199501991272,934.3792114257812,20.782455444335938,0.542116641998291,0.19308023154735565
False,False,False,True,1124,44.959999084472656,14.543492317199707,42.741615295410156,0.3907199501991272,934.3792114257812,20.782455444335938,0.542116641998291,0.19308023154735565
False,False,False,True,1124,44.959999084472656,14.543492317199707,42.741615295410156,0.3907199501991272,934.3792114257812,20.782455444335938,0.542116641998291,0.19308023154735565
False,False,False,True,1124,44.959999084472656,14.543492317199707,42.741615295410156,0.3907199501991272,934.3792114257812,20.782455444335938,0.542116641998291,0.19308023154735565
False,False,False,True,1124,44.959999084472656,14.625326156616211,42.75578689575195,0.3905904293060303,955.5677490234375,21.25373077392578,0.5410033464431763,0.19310583174228668
False,False,False,True,1124,44.959999084472656,14.625326156616211,42.75578689575195,0.3905904293060303,955.5677490234375,21.25373077392578,0.5410033464431763,0.19310583174228668
False,False,False,True,1124,44.959999084472656,14.624091148376465,42.75489807128906,0.3905985355377197,937.871826171875,20.860139846801758,0.541946530342102,0.1930752545595169
False,False,False,True,1124,44.959999084472656,14.624091148376465,42.75489807128906,0.3905985355377197,937.871826171875,20.860139846801758,0.541946530342102,0.1930752545595169
False,False,False,True,1124,44.959999084472656,14.624150276184082,42.75541687011719,0.3905937969684601,942.6231079101562,20.965816497802734,0.5419869422912598,0.19308339059352875
False,False,False,True,1124,44.959999084472656,14.624150276184082,42.75541687011719,0.3905937969684601,942.6231079101562,20.965816497802734,0.5419869422912598,0.19308339059352875
False,False,False,True,1124,44.959999084472656,14.624091148376465,42.75489807128906,0.3905985355377197,937.871826171875,20.860139846801758,0.541946530342102,0.1930752545595169
False,False,False,True,1124,44.959999084472656,14.624091148376465,42.75489807128906,0.3905985355377197,937.871826171875,20.860139846801758,0.541946530342102,0.1930752545595169
False,False,False,True,1124,44.959999084472656,14.625326156616211,42.75578689575195,0.3905904293060303,955.5677490234375,21.25373077392578,0.5410033464431763,0.19310583174228668
False,False,False,True,1124,44.959999084472656,14.625326156616211,42.75578689575195,0.3905904293060303,955.5677490234375,21.25373077392578,0.5410033464431763,0.19310583174228668
False,False,False,True,1124,44.959999084472656,14.543492317199707,42.741615295410156,0.3907199501991272,934.3792114257812,20.782455444335938,0.542116641998291,0.19308023154735565
False,False,False,True,1124,44.959999084472656,14.543492317199707,42.741615295410156,0.3907199501991272,934.3792114257812,20.782455444335938,0.542116641998291,0.19308023154735565
False,False,False,True,1124,44.959999084472656,14.543492317199707,42.741615295410156,0.3907199501991272,934.3792114257812,20.782455444335938,0.542116641998291,0.19308023154735565
False,False,False,True,1124,44.959999084472656,14.543492317199707,42.741615295410156,0.3907199501991272,934.3792114257812,20.782455444335938,0.542116641998291,0.19308023154735565
False,False,False,True,1124,44.959999084472656,14.543492317199707,42.741615295410156,0.3907199501991272,934.3792114257812,20.782455444335938,0.542116641998291,0.19308023154735565
False,False,False,True,1124,44.959999084472656,14.621174812316895,42.75886917114258,0.3905622661113739,947.3665161132812,21.071319580078125,0.541946530342102,0.19307780265808105
False,False,False,True,1124,44.959999084472656,14.621174812316895,42.75886917114258,0.3905622661113739,947.3665161132812,21.071319580078125,0.541946530342102,0.19307780265808105
False,False,False,True,1124,44.959999084472656,14.621174812316895,42.75886917114258,0.3905622661113739,947.3665161132812,21.071319580078125,0.541946530342102,0.19307780265808105
False,False,False,True,1124,44.959999084472656,14.621174812316895,42.75886917114258,0.3905622661113739,947.3665161132812,21.071319580078125,0.541946530342102,0.19307780265808105
False,False,False,True,1124,44.959999084472656,14.621174812316895,42.75886917114258,0.3905622661113739,947.3665161132812,21.071319580078125,0.541946530342102,0.19307780265808105
False,False,False,True,1124,44.959999084472656,14.621174812316895,42.75886917114258,0.3905622661113739,947.3665161132812,21.071319580078125,0.541946530342102,0.19307780265808105
False,False,False,True,1124,44.959999084472656,14.621174812316895,42.75886917114258,0.3905622661113739,947.3665161132812,21.071319580078125,0.541946530342102,0.19307780265808105
False,False,False,True,1124,44.959999084472656,14.621174812316895,42.75886917114258,0.3905622661113739,947.3665161132812,21.071319580078125,0.541946530342102,0.19307780265808105
False,False,False,True,1124,44.959999084472656,14.621174812316895,42.75886917114258,0.3905622661113739,947.3665161132812,21.071319580078125,0.541946530342102,0.19307780265808105
False,False,False,True,1124,44.959999084472656,14.621174812316895,42.75886917114258,0.3905622661113739,947.3665161132812,21.071319580078125,0.541946530342102,0.19307780265808105
False,False,False,True,1124,44.959999084472656,14.621174812316895,42.75886917114258,0.3905622661113739,947.3665161132812,21.071319580078125,0.541946530342102,0.19307780265808105
False,False,False,True,1124,44.959999084472656,14.621174812316895,42.75886917114258,0.3905622661113739,947.3665161132812,21.071319580078125,0.541946530342102,0.19307780265808105
False,False,False,True,1124,44.959999084472656,14.543492317199707,42.741615295410156,0.3907199501991272,934.3792114257812,20.782455444335938,0.542116641998291,0.19308023154735565
False,False,False,True,1124,44.959999084472656,14.543492317199707,42.741615295410156,0.3907199501991272,934.3792114257812,20.782455444335938,0.542116641998291,0.19308023154735565
False,False,False,True,1124,44.959999084472656,14.543492317199707,42.741615295410156,0.3907199501991272,934.3792114257812,20.782455444335938,0.542116641998291,0.19308023154735565
False,False,False,True,1124,44.959999084472656,14.543492317199707,42.741615295410156,0.3907199501991272,934.3792114257812,20.782455444335938,0.542116641998291,0.19308023154735565
False,False,False,True,1124,44.959999084472656,14.543492317199707,42.741615295410156,0.3907199501991272,934.3792114257812,20.782455444335938,0.542116641998291,0.19308023154735565
False,False,False,True,1124,44.959999084472656,14.625326156616211,42.75578689575195,0.3905904293060303,955.5677490234375,21.25373077392578,0.5410033464431763,0.19310583174228668
False,False,False,True,1124,44.959999084472656,14.625326156616211,42.75578689575195,0.3905904293060303,955.5677490234375,21.25373077392578,0.5410033464431763,0.19310583174228668
False,False,False,True,1124,44.959999084472656,14.624091148376465,42.75489807128906,0.3905985355377197,937.871826171875,20.860139846801758,0.541946530342102,0.1930752545595169
False,False,False,True,1124,44.959999084472656,14.624091148376465,42.75489807128906,0.3905985355377197,937.871826171875,20.860139846801758,0.541946530342102,0.1930752545595169
False,False,False,True,1124,44.959999084472656,14.624150276184082,42.75541687011719,0.3905937969684601,942.6231079101562,20.965816497802734,0.5419869422912598,0.19308339059352875
False,False,False,True,1124,44.959999084472656,14.624150276184082,42.75541687011719,0.3905937969684601,942.6231079101562,20.965816497802734,0.5419869422912598,0.19308339059352875
False,False,False,True,1124,44.959999084472656,14.624091148376465,42.75489807128906,0.3905985355377197,937.871826171875,20.860139846801758,0.541946530342102,0.1930752545595169
False,False,False,True,1124,44.959999084472656,14.624091148376465,42.75489807128906,0.3905985355377197,937.871826171875,20.860139846801758,0.541946530342102,0.1930752545595169
False,False,False,True,1124,44.959999084472656,14.625326156616211,42.75578689575195,0.3905904293060303,955.5677490234375,21.25373077392578,0.5410033464431763,0.19310583174228668
False,False,False,True,1124,44.959999084472656,14.625326156616211,42.75578689575195,0.3905904293060303,955.5677490234375,21.25373077392578,0.5410033464431763,0.19310583174228668
False,False,False,True,1124,44.959999084472656,14.543492317199707,42.741615295410156,0.3907199501991272,934.3792114257812,20.782455444335938,0.542116641998291,0.19308023154735565
False,False,False,True,1124,44.959999084472656,14.543492317199707,42.741615295410156,0.3907199501991272,934.3792114257812,20.782455444335938,0.542116641998291,0.19308023154735565
False,False,False,True,1124,44.959999084472656,14.543492317199707,42.741615295410156,0.3907199501991272,934.3792114257812,20.782455444335938,0.542116641998291,0.19308023154735565
False,False,False,True,1124,44.959999084472656,14.543492317199707,42.741615295410156,0.3907199501991272,934.3792114257812,20.782455444335938,0.542116641998291,0.19308023154735565
False,False,False,True,1124,44.959999084472656,14.543492317199707,42.741615295410156,0.3907199501991272,934.3792114257812,20.782455444335938,0.542116641998291,0.19308023154735565
False,False,False,True,1124,44.959999084472656,14.621174812316895,42.75886917114258,0.3905622661113739,947.3665161132812,21.071319580078125,0.541946530342102,0.19307780265808105
False,False,False,True,1124,44.959999084472656,14.621174812316895,42.75886917114258,0.3905622661113739,947.3665161132812,21.071319580078125,0.541946530342102,0.19307780265808105
False,False,False,True,1124,44.959999084472656,14.621174812316895,42.75886917114258,0.3905622661113739,947.3665161132812,21.071319580078125,0.541946530342102,0.19307780265808105
False,False,False,True,1124,44.959999084472656,14.621174812316895,42.75886917114258,0.3905622661113739,947.3665161132812,21.071319580078125,0.541946530342102,0.19307780265808105
False,False,False,True,1124,44.959999084472656,14.621174812316895,42.75886917114258,0.3905622661113739,947.3665161132812,21.071319580078125,0.541946530342102,0.19307780265808105
False,False,False,True,1124,44.959999084472656,14.621174812316895,42.75886917114258,0.3905622661113739,947.3665161132812,21.071319580078125,0.541946530342102,0.19307780265808105
False,False,False,True,1124,44.959999084472656,14.621174812316895,42.75886917114258,0.3905622661113739,947.3665161132812,21.071319580078125,0.541946530342102,0.19307780265808105
False,False,False,True,1124,44.959999084472656,14.621174812316895,42.75886917114258,0.3905622661113739,947.3665161132812,21.071319580078125,0.541946530342102,0.19307780265808105
False,False,False,True,1124,44.959999084472656,14.621174812316895,42.75886917114258,0.3905622661113739,947.3665161132812,21.071319580078125,0.541946530342102,0.19307780265808105
False,False,False,True,1124,44.959999084472656,14.621174812316895,42.75886917114258,0.3905622661113739,947.3665161132812,21.071319580078125,0.541946530342102,0.19307780265808105
False,False,False,True,1124,44.959999084472656,14.621174812316895,42.75886917114258,0.3905622661113739,947.3665161132812,21.071319580078125,0.541946530342102,0.19307780265808105
False,False,False,True,1124,44.959999084472656,14.621174812316895,42.75886917114258,0.3905622661113739,947.3665161132812,21.071319580078125,0.541946530342102,0.19307780265808105
False,False,False,True,1124,44.959999084472656,14.543492317199707,42.741615295410156,0.3907199501991272,934.3792114257812,20.782455444335938,0.542116641998291,0.19308023154735565
False,False,False,True,1124,44.959999084472656,14.543492317199707,42.741615295410156,0.3907199501991272,934.3792114257812,20.782455444335938,0.542116641998291,0.19308023154735565
False,False,False,True,1124,44.959999084472656,14.543492317199707,42.741615295410156,0.3907199501991272,934.3792114257812,20.782455444335938,0.542116641998291,0.19308023154735565
False,False,False,True,1124,44.959999084472656,14.543492317199707,42.741615295410156,0.3907199501991272,934.3792114257812,20.782455444335938,0.542116641998291,0.19308023154735565
False,False,False,True,1124,44.959999084472656,14.543492317199707,42.741615295410156,0.3907199501991272,934.3792114257812,20.782455444335938,0.542116641998291,0.19308023154735565
False,False,False,True,1124,44.959999084472656,14.625326156616211,42.75578689575195,0.3905904293060303,955.5677490234375,21.25373077392578,0.5410033464431763,0.19310583174228668
False,False,False,True,1124,44.959999084472656,14.625326156616211,42.75578689575195,0.3905904293060303,955.5677490234375,21.25373077392578,0.5410033464431763,0.19310583174228668
False,False,False,True,1124,44.959999084472656,14.624091148376465,42.75489807128906,0.3905985355377197,937.871826171875,20.860139846801758,0.541946530342102,0.1930752545595169
False,False,False,True,1124,44.959999084472656,14.624091148376465,42.75489807128906,0.3905985355377197,937.871826171875,20.860139846801758,0.541946530342102,0.1930752545595169
False,False,False,True,1124,44.959999084472656,14.624150276184082,42.75541687011719,0.3905937969684601,942.6231079101562,20.965816497802734,0.5419869422912598,0.19308339059352875
False,False,False,True,1124,44.959999084472656,14.624150276184082,42.75541687011719,0.3905937969684601,942.6231079101562,20.965816497802734,0.5419869422912598,0.19308339059352875
False,False,False,True,1124,44.959999084472656,14.624091148376465,42.75489807128906,0.3905985355377197,937.871826171875,20.860139846801758,0.541946530342102,0.1930752545595169
False,False,False,True,1124,44.959999084472656,14.624091148376465,42.75489807128906,0.3905985355377197,937.871826171875,20.860139846801758,0.541946530342102,0.1930752545595169
False,False,False,True,1124,44.959999084472656,14.625326156616211,42.75578689575195,0.3905904293060303,955.5677490234375,21.25373077392578,0.5410033464431763,0.19310583174228668
False,False,False,True,1124,44.959999084472656,14.625326156616211,42.75578689575195,0.3905904293060303,955.5677490234375,21.25373077392578,0.5410033464431763,0.19310583174228668
False,False,False,True,1124,44.959999084472656,14.543492317199707,42.741615295410156,0.3907199501991272,934.3792114257812,20.782455444335938,0.542116641998291,0.19308023154735565
False,False,False,True,1124,44.959999084472656,14.543492317199707,42.741615295410156,0.3907199501991272,934.3792114257812,20.782455444335938,0.542116641998291,0.19308023154735565
False,False,False,True,1124,44.959999084472656,14.543492317199707,42.741615295410156,0.3907199501991272,934.3792114257812,20.782455444335938,0.542116641998291,0.19308023154735565
False,False,False,True,1124,44.959999084472656,14.543492317199707,42.741615295410156,0.3907199501991272,934.3792114257812,20.782455444335938,0.542116641998291,0.19308023154735565
False,False,False,True,1124,44.959999084472656,14.543492317199707,42.741615295410156,0.3907199501991272,934.3792114257812,20.782455444335938,0.542116641998291,0.19308023154735565
False,False,False,True,1124,44.959999084472656,14.621174812316895,42.75886917114258,0.3905622661113739,947.3665161132812,21.071319580078125,0.541946530342102,0.19307780265808105
False,False,False,True,1124,44.959999084472656,14.621174812316895,42.75886917114258,0.3905622661113739,947.3665161132812,21.071319580078125,0.541946530342102,0.19307780265808105
False,False,False,True,1124,44.959999084472656,14.621174812316895,42.75886917114258,0.3905622661113739,947.3665161132812,21.071319580078125,0.541946530342102,0.19307780265808105
False,False,False,True,1124,44.959999084472656,14.621174812316895,42.75886917114258,0.3905622661113739,947.3665161132812,21.071319580078125,0.541946530342102,0.19307780265808105
False,False,False,True,1124,44.959999084472656,14.621174812316895,42.75886917114258,0.3905622661113739,947.3665161132812,21.071319580078125,0.541946530342102,0.19307780265808105
False,False,False,True,1124,44.959999084472656,14.621174812316895,42.75886917114258,0.3905622661113739,947.3665161132812,21.071319580078125,0.541946530342102,0.19307780265808105
False,False,False,True,1124,44.959999084472656,14.621174812316895,42.75886917114258,0.3905622661113739,947.3665161132812,21.071319580078125,0.541946530342102,0.19307780265808105
False,False,False,True,1124,44.959999084472656,14.621174812316895,42.75886917114258,0.3905622661113739,947.3665161132812,21.071319580078125,0.541946530342102,0.19307780265808105
False,False,False,True,1124,44.959999084472656,14.621174812316895,42.75886917114258,0.3905622661113739,947.3665161132812,21.071319580078125,0.541946530342102,0.19307780265808105
False,False,False,True,1124,44.959999084472656,14.621174812316895,42.75886917114258,0.3905622661113739,947.3665161132812,21.071319580078125,0.541946530342102,0.19307780265808105
False,False,False,True,1124,44.959999084472656,14.621174812316895,42.75886917114258,0.3905622661113739,947.3665161132812,21.071319580078125,0.541946530342102,0.19307780265808105
False,False,False,True,1124,44.959999084472656,14.621174812316895,42.75886917114258,0.3905622661113739,947.3665161132812,21.071319580078125,0.541946530342102,0.19307780265808105
False,False,False,True,1124,44.959999084472656,14.543492317199707,42.741615295410156,0.3907199501991272,934.3792114257812,20.782455444335938,0.542116641998291,0.19308023154735565
False,False,False,True,1124,44.959999084472656,14.543492317199707,42.741615295410156,0.3907199501991272,934.3792114257812,20.782455444335938,0.542116641998291,0.19308023154735565
False,False,False,True,1124,44.959999084472656,14.543492317199707,42.741615295410156,0.3907199501991272,934.3792114257812,20.782455444335938,0.542116641998291,0.19308023154735565
False,False,False,True,1124,44.959999084472656,14.543492317199707,42.741615295410156,0.3907199501991272,934.3792114257812,20.782455444335938,0.542116641998291,0.19308023154735565
False,False,False,True,1124,44.959999084472656,14.543492317199707,42.741615295410156,0.3907199501991272,934.3792114257812,20.782455444335938,0.542116641998291,0.19308023154735565
False,False,False,True,1124,44.959999084472656,14.625326156616211,42.75578689575195,0.3905904293060303,955.5677490234375,21.25373077392578,0.5410033464431763,0.19310583174228668
False,False,False,True,1124,44.959999084472656,14.625326156616211,42.75578689575195,0.3905904293060303,955.5677490234375,21.25373077392578,0.5410033464431763,0.19310583174228668
False,False,False,True,1124,44.959999084472656,14.624091148376465,42.75489807128906,0.3905985355377197,937.871826171875,20.860139846801758,0.541946530342102,0.1930752545595169
False,False,False,True,1124,44.959999084472656,14.624091148376465,42.75489807128906,0.3905985355377197,937.871826171875,20.860139846801758,0.541946530342102,0.1930752545595169
False,False,False,True,1124,44.959999084472656,14.624150276184082,42.75541687011719,0.3905937969684601,942.6231079101562,20.965816497802734,0.5419869422912598,0.19308339059352875
False,False,False,True,1124,44.959999084472656,14.624150276184082,42.75541687011719,0.3905937969684601,942.6231079101562,20.965816497802734,0.5419869422912598,0.19308339059352875
False,False,False,True,1124,44.959999084472656,14.624091148376465,42.75489807128906,0.3905985355377197,937.871826171875,20.860139846801758,0.541946530342102,0.1930752545595169
False,False,False,True,1124,44.959999084472656,14.624091148376465,42.75489807128906,0.3905985355377197,937.871826171875,20.860139846801758,0.541946530342102,0.1930752545595169
False,False,False,True,1124,44.959999084472656,14.625326156616211,42.75578689575195,0.3905904293060303,955.5677490234375,21.25373077392578,0.5410033464431763,0.19310583174228668
False,False,False,True,1124,44.959999084472656,14.625326156616211,42.75578689575195,0.3905904293060303,955.5677490234375,21.25373077392578,0.5410033464431763,0.19310583174228668
False,False,False,True,1124,44.959999084472656,14.543492317199707,42.741615295410156,0.3907199501991272,934.3792114257812,20.782455444335938,0.542116641998291,0.19308023154735565
False,False,False,True,1124,44.959999084472656,14.543492317199707,42.741615295410156,0.3907199501991272,934.3792114257812,20.782455444335938,0.542116641998291,0.19308023154735565
False,False,False,True,1124,44.959999084472656,14.543492317199707,42.741615295410156,0.3907199501991272,934.3792114257812,20.782455444335938,0.542116641998291,0.19308023154735565
False,False,False,True,1124,44.959999084472656,14.543492317199707,42.741615295410156,0.3907199501991272,934.3792114257812,20.782455444335938,0.542116641998291,0.19308023154735565
False,False,False,True,1124,44.959999084472656,14.543492317199707,42.741615295410156,0.3907199501991272,934.3792114257812,20.782455444335938,0.542116641998291,0.19308023154735565
False,False,False,True,1124,44.959999084472656,14.621174812316895,42.75886917114258,0.3905622661113739,947.3665161132812,21.071319580078125,0.541946530342102,0.19307780265808105
False,False,False,True,1124,44.959999084472656,14.621174812316895,42.75886917114258,0.3905622661113739,947.3665161132812,21.071319580078125,0.541946530342102,0.19307780265808105
False,False,False,True,1124,44.959999084472656,14.621174812316895,42.75886917114258,0.3905622661113739,947.3665161132812,21.071319580078125,0.541946530342102,0.19307780265808105
False,False,False,True,1124,44.959999084472656,14.621174812316895,42.75886917114258,0.3905622661113739,947.3665161132812,21.071319580078125,0.541946530342102,0.19307780265808105
False,False,False,True,1124,44.959999084472656,14.621174812316895,42.75886917114258,0.3905622661113739,947.3665161132812,21.071319580078125,0.541946530342102,0.19307780265808105
False,False,False,True,1124,44.959999084472656,14.621174812316895,42.75886917114258,0.3905622661113739,947.3665161132812,21.071319580078125,0.541946530342102,0.19307780265808105
False,False,False,True,1124,44.959999084472656,14.622553825378418,42.75905990600586,0.390560507774353,955.9976196289062,21.26329231262207,0.5422506332397461,0.19310009479522705
False,False,False,True,1124,44.959999084472656,14.622553825378418,42.75905990600586,0.390560507774353,955.9976196289062,21.26329231262207,0.5422506332397461,0.19310009479522705
False,False,False,True,1124,44.959999084472656,14.622553825378418,42.75905990600586,0.390560507774353,955.9976196289062,21.26329231262207,0.5422506332397461,0.19310009479522705
False,False,False,True,1124,44.959999084472656,14.622553825378418,42.75905990600586,0.390560507774353,955.9976196289062,21.26329231262207,0.5422506332397461,0.19310009479522705
False,False,False,True,1124,44.959999084472656,14.622553825378418,42.75905990600586,0.390560507774353,955.9976196289062,21.26329231262207,0.5422506332397461,0.19310009479522705
False,False,False,True,1124,44.959999084472656,14.622553825378418,42.75905990600586,0.390560507774353,955.9976196289062,21.26329231262207,0.5422506332397461,0.19310009479522705
False,False,False,True,1124,44.959999084472656,14.46187686920166,42.727195739746094,0.39085179567337036,895.5419921875,19.918638229370117,0.5424207448959351,0.19301199913024902
False,False,False,True,1124,44.959999084472656,14.46187686920166,42.727195739746094,0.39085179567337036,895.5419921875,19.918638229370117,0.5424207448959351,0.19301199913024902
False,False,False,True,1124,44.959999084472656,14.46187686920166,42.727195739746094,0.39085179567337036,895.5419921875,19.918638229370117,0.5424207448959351,0.19301199913024902
False,False,False,True,1124,44.959999084472656,14.46187686920166,42.727195739746094,0.39085179567337036,895.5419921875,19.918638229370117,0.5424207448959351,0.19301199913024902
False,False,False,True,1124,44.959999084472656,14.46187686920166,42.727195739746094,0.39085179567337036,895.5419921875,19.918638229370117,0.5424207448959351,0.19301199913024902
False,False,False,True,1124,44.959999084472656,14.5462007522583,42.742515563964844,0.3907116949558258,952.0738525390625,21.1760196685791,0.5422589778900146,0.1931118369102478
False,False,False,True,1124,44.959999084472656,14.5462007522583,42.742515563964844,0.3907116949558258,952.0738525390625,21.1760196685791,0.5422589778900146,0.1931118369102478
False,False,False,True,1124,44.959999084472656,14.623767852783203,42.75518035888672,0.390595942735672,928.8076782226562,20.65853500366211,0.5422506332397461,0.1930510699748993
False,False,False,True,1124,44.959999084472656,14.623767852783203,42.75518035888672,0.390595942735672,928.8076782226562,20.65853500366211,0.5422506332397461,0.1930510699748993
False,False,False,True,1124,44.959999084472656,14.62500286102295,42.75591278076172,0.39058926701545715,942.6234741210938,20.965824127197266,0.54228675365448,0.19308479130268097
False,False,False,True,1124,44.959999084472656,14.62500286102295,42.75591278076172,0.39058926701545715,942.6234741210938,20.965824127197266,0.54228675365448,0.19308479130268097
False,False,False,True,1124,44.959999084472656,14.623767852783203,42.75518035888672,0.390595942735672,928.8076782226562,20.65853500366211,0.5422506332397461,0.1930510699748993
False,False,False,True,1124,44.959999084472656,14.623767852783203,42.75518035888672,0.390595942735672,928.8076782226562,20.65853500366211,0.5422506332397461,0.1930510699748993
False,False,False,True,1124,44.959999084472656,14.5462007522583,42.742515563964844,0.3907116949558258,952.0738525390625,21.1760196685791,0.5422589778900146,0.1931118369102478
False,False,False,True,1124,44.959999084472656,14.5462007522583,42.742515563964844,0.3907116949558258,952.0738525390625,21.1760196685791,0.5422589778900146,0.1931118369102478
False,False,False,True,1124,44.959999084472656,14.46187686920166,42.727195739746094,0.39085179567337036,895.5419921875,19.918638229370117,0.5424207448959351,0.19301199913024902
False,False,False,True,1124,44.959999084472656,14.46187686920166,42.727195739746094,0.39085179567337036,895.5419921875,19.918638229370117,0.5424207448959351,0.19301199913024902
False,False,False,True,1124,44.959999084472656,14.46187686920166,42.727195739746094,0.39085179567337036,895.5419921875,19.918638229370117,0.5424207448959351,0.19301199913024902
False,False,False,True,1124,44.959999084472656,14.46187686920166,42.727195739746094,0.39085179567337036,895.5419921875,19.918638229370117,0.5424207448959351,0.19301199913024902
False,False,False,True,1124,44.959999084472656,14.46187686920166,42.727195739746094,0.39085179567337036,895.5419921875,19.918638229370117,0.5424207448959351,0.19301199913024902
False,False,False,True,1124,44.959999084472656,14.622553825378418,42.75905990600586,0.390560507774353,955.9976196289062,21.26329231262207,0.5422506332397461,0.19310009479522705
False,False,False,True,1124,44.959999084472656,14.622553825378418,42.75905990600586,0.390560507774353,955.9976196289062,21.26329231262207,0.5422506332397461,0.19310009479522705
False,False,False,True,1124,44.959999084472656,14.622553825378418,42.75905990600586,0.390560507774353,955.9976196289062,21.26329231262207,0.5422506332397461,0.19310009479522705
False,False,False,True,1124,44.959999084472656,14.622553825378418,42.75905990600586,0.390560507774353,955.9976196289062,21.26329231262207,0.5422506332397461,0.19310009479522705
False,False,False,True,1124,44.959999084472656,14.622553825378418,42.75905990600586,0.390560507774353,955.9976196289062,21.26329231262207,0.5422506332397461,0.19310009479522705
False,False,False,True,1124,44.959999084472656,14.622553825378418,42.75905990600586,0.390560507774353,955.9976196289062,21.26329231262207,0.5422506332397461,0.19310009479522705
False,False,False,True,1124,44.959999084472656,14.622553825378418,42.75905990600586,0.390560507774353,955.9976196289062,21.26329231262207,0.5422506332397461,0.19310009479522705
False,False,False,True,1124,44.959999084472656,14.622553825378418,42.75905990600586,0.390560507774353,955.9976196289062,21.26329231262207,0.5422506332397461,0.19310009479522705
False,False,False,True,1124,44.959999084472656,14.622553825378418,42.75905990600586,0.390560507774353,955.9976196289062,21.26329231262207,0.5422506332397461,0.19310009479522705
False,False,False,True,1124,44.959999084472656,14.622553825378418,42.75905990600586,0.390560507774353,955.9976196289062,21.26329231262207,0.5422506332397461,0.19310009479522705
False,False,False,True,1124,44.959999084472656,14.622553825378418,42.75905990600586,0.390560507774353,955.9976196289062,21.26329231262207,0.5422506332397461,0.19310009479522705
False,False,False,True,1124,44.959999084472656,14.622553825378418,42.75905990600586,0.390560507774353,955.9976196289062,21.26329231262207,0.5422506332397461,0.19310009479522705
False,False,False,True,1124,44.959999084472656,14.46187686920166,42.727195739746094,0.39085179567337036,895.5419921875,19.918638229370117,0.5424207448959351,0.19301199913024902
False,False,False,True,1124,44.959999084472656,14.46187686920166,42.727195739746094,0.39085179567337036,895.5419921875,19.918638229370117,0.5424207448959351,0.19301199913024902
False,False,False,True,1124,44.959999084472656,14.46187686920166,42.727195739746094,0.39085179567337036,895.5419921875,19.918638229370117,0.5424207448959351,0.19301199913024902
False,False,False,True,1124,44.959999084472656,14.46187686920166,42.727195739746094,0.39085179567337036,895.5419921875,19.918638229370117,0.5424207448959351,0.19301199913024902
False,False,False,True,1124,44.959999084472656,14.46187686920166,42.727195739746094,0.39085179567337036,895.5419921875,19.918638229370117,0.5424207448959351,0.19301199913024902
False,False,False,True,1124,44.959999084472656,14.5462007522583,42.742515563964844,0.3907116949558258,952.0738525390625,21.1760196685791,0.5422589778900146,0.1931118369102478
False,False,False,True,1124,44.959999084472656,14.5462007522583,42.742515563964844,0.3907116949558258,952.0738525390625,21.1760196685791,0.5422589778900146,0.1931118369102478
False,False,False,True,1124,44.959999084472656,14.623767852783203,42.75518035888672,0.390595942735672,928.8076782226562,20.65853500366211,0.5422506332397461,0.1930510699748993
False,False,False,True,1124,44.959999084472656,14.623767852783203,42.75518035888672,0.390595942735672,928.8076782226562,20.65853500366211,0.5422506332397461,0.1930510699748993
False,False,False,True,1124,44.959999084472656,14.62500286102295,42.75591278076172,0.39058926701545715,942.6234741210938,20.965824127197266,0.54228675365448,0.19308479130268097
False,False,False,True,1124,44.959999084472656,14.62500286102295,42.75591278076172,0.39058926701545715,942.6234741210938,20.965824127197266,0.54228675365448,0.19308479130268097
False,False,False,True,1124,44.959999084472656,14.623767852783203,42.75518035888672,0.390595942735672,928.8076782226562,20.65853500366211,0.5422506332397461,0.1930510699748993
False,False,False,True,1124,44.959999084472656,14.623767852783203,42.75518035888672,0.390595942735672,928.8076782226562,20.65853500366211,0.5422506332397461,0.1930510699748993
False,False,False,True,1124,44.959999084472656,14.5462007522583,42.742515563964844,0.3907116949558258,952.0738525390625,21.1760196685791,0.5422589778900146,0.1931118369102478
False,False,False,True,1124,44.959999084472656,14.5462007522583,42.742515563964844,0.3907116949558258,952.0738525390625,21.1760196685791,0.5422589778900146,0.1931118369102478
False,False,False,True,1124,44.959999084472656,14.46187686920166,42.727195739746094,0.39085179567337036,895.5419921875,19.918638229370117,0.5424207448959351,0.19301199913024902
False,False,False,True,1124,44.959999084472656,14.46187686920166,42.727195739746094,0.39085179567337036,895.5419921875,19.918638229370117,0.5424207448959351,0.19301199913024902
False,False,False,True,1124,44.959999084472656,14.46187686920166,42.727195739746094,0.39085179567337036,895.5419921875,19.918638229370117,0.5424207448959351,0.19301199913024902
False,False,False,True,1124,44.959999084472656,14.46187686920166,42.727195739746094,0.39085179567337036,895.5419921875,19.918638229370117,0.5424207448959351,0.19301199913024902
False,False,False,True,1124,44.959999084472656,14.46187686920166,42.727195739746094,0.39085179567337036,895.5419921875,19.918638229370117,0.5424207448959351,0.19301199913024902
False,False,False,True,1124,44.959999084472656,14.622553825378418,42.75905990600586,0.390560507774353,955.9976196289062,21.26329231262207,0.5422506332397461,0.19310009479522705
False,False,False,True,1124,44.959999084472656,14.622553825378418,42.75905990600586,0.390560507774353,955.9976196289062,21.26329231262207,0.5422506332397461,0.19310009479522705
False,False,False,True,1124,44.959999084472656,14.622553825378418,42.75905990600586,0.390560507774353,955.9976196289062,21.26329231262207,0.5422506332397461,0.19310009479522705
False,False,False,True,1124,44.959999084472656,14.622553825378418,42.75905990600586,0.390560507774353,955.9976196289062,21.26329231262207,0.5422506332397461,0.19310009479522705
False,False,False,True,1124,44.959999084472656,14.622553825378418,42.75905990600586,0.390560507774353,955.9976196289062,21.26329231262207,0.5422506332397461,0.19310009479522705
False,False,False,True,1124,44.959999084472656,14.622553825378418,42.75905990600586,0.390560507774353,955.9976196289062,21.26329231262207,0.5422506332397461,0.19310009479522705
False,False,False,True,1124,44.959999084472656,14.623331069946289,42.75897979736328,0.3905612826347351,955.9962158203125,21.263261795043945,0.5420986413955688,0.1931070238351822
False,False,False,True,1124,44.959999084472656,14.623331069946289,42.75897979736328,0.3905612826347351,955.9962158203125,21.263261795043945,0.5420986413955688,0.1931070238351822
False,False,False,True,1124,44.959999084472656,14.623331069946289,42.75897979736328,0.3905612826347351,955.9962158203125,21.263261795043945,0.5420986413955688,0.1931070238351822
False,False,False,True,1124,44.959999084472656,14.623331069946289,42.75897979736328,0.3905612826347351,955.9962158203125,21.263261795043945,0.5420986413955688,0.1931070238351822
False,False,False,True,1124,44.959999084472656,14.623331069946289,42.75897979736328,0.3905612826347351,955.9962158203125,21.263261795043945,0.5420986413955688,0.1931070238351822
False,False,False,True,1124,44.959999084472656,14.623331069946289,42.75897979736328,0.3905612826347351,955.9962158203125,21.263261795043945,0.5420986413955688,0.1931070238351822
False,False,False,True,1124,44.959999084472656,14.624579429626465,42.755985260009766,0.3905886113643646,946.0689697265625,21.04245948791504,0.5422559976577759,0.193070650100708
False,False,False,True,1124,44.959999084472656,14.624579429626465,42.755985260009766,0.3905886113643646,946.0689697265625,21.04245948791504,0.5422559976577759,0.193070650100708
False,False,False,True,1124,44.959999084472656,14.624579429626465,42.755985260009766,0.3905886113643646,946.0689697265625,21.04245948791504,0.5422559976577759,0.193070650100708
False,False,False,True,1124,44.959999084472656,14.624579429626465,42.755985260009766,0.3905886113643646,946.0689697265625,21.04245948791504,0.5422559976577759,0.193070650100708
False,False,False,True,1124,44.959999084472656,14.624579429626465,42.755985260009766,0.3905886113643646,946.0689697265625,21.04245948791504,0.5422559976577759,0.193070650100708
False,False,False,True,1124,44.959999084472656,14.546478271484375,42.742286682128906,0.39071378111839294,955.5188598632812,21.252643585205078,0.5420815944671631,0.19311386346817017
False,False,False,True,1124,44.959999084472656,14.546478271484375,42.742286682128906,0.39071378111839294,955.5188598632812,21.252643585205078,0.5420815944671631,0.19311386346817017
False,False,False,True,1124,44.959999084472656,14.625435829162598,42.75550079345703,0.390593022108078,941.3167114257812,20.93675994873047,0.5420986413955688,0.19308973848819733
False,False,False,True,1124,44.959999084472656,14.625435829162598,42.75550079345703,0.390593022108078,941.3167114257812,20.93675994873047,0.5420986413955688,0.19308973848819733
False,False,False,True,1124,44.959999084472656,14.625067710876465,42.75545883178711,0.39059343934059143,933.9933471679688,20.773874282836914,0.5421369075775146,0.19307926297187805
False,False,False,True,1124,44.959999084472656,14.625067710876465,42.75545883178711,0.39059343934059143,933.9933471679688,20.773874282836914,0.5421369075775146,0.19307926297187805
False,False,False,True,1124,44.959999084472656,14.625435829162598,42.75550079345703,0.390593022108078,941.3167114257812,20.93675994873047,0.5420986413955688,0.19308973848819733
False,False,False,True,1124,44.959999084472656,14.625435829162598,42.75550079345703,0.390593022108078,941.3167114257812,20.93675994873047,0.5420986413955688,0.19308973848819733
False,False,False,True,1124,44.959999084472656,14.546478271484375,42.742286682128906,0.39071378111839294,955.5188598632812,21.252643585205078,0.5420815944671631,0.19311386346817017
False,False,False,True,1124,44.959999084472656,14.546478271484375,42.742286682128906,0.39071378111839294,955.5188598632812,21.252643585205078,0.5420815944671631,0.19311386346817017
False,False,False,True,1124,44.959999084472656,14.624579429626465,42.755985260009766,0.3905886113643646,946.0689697265625,21.04245948791504,0.5422559976577759,0.193070650100708
False,False,False,True,1124,44.959999084472656,14.624579429626465,42.755985260009766,0.3905886113643646,946.0689697265625,21.04245948791504,0.5422559976577759,0.193070650100708
False,False,False,True,1124,44.959999084472656,14.624579429626465,42.755985260009766,0.3905886113643646,946.0689697265625,21.04245948791504,0.5422559976577759,0.193070650100708
False,False,False,True,1124,44.959999084472656,14.624579429626465,42.755985260009766,0.3905886113643646,946.0689697265625,21.04245948791504,0.5422559976577759,0.193070650100708
False,False,False,True,1124,44.959999084472656,14.624579429626465,42.755985260009766,0.3905886113643646,946.0689697265625,21.04245948791504,0.5422559976577759,0.193070650100708
False,False,False,True,1124,44.959999084472656,14.623331069946289,42.75897979736328,0.3905612826347351,955.9962158203125,21.263261795043945,0.5420986413955688,0.1931070238351822
False,False,False,True,1124,44.959999084472656,14.623331069946289,42.75897979736328,0.3905612826347351,955.9962158203125,21.263261795043945,0.5420986413955688,0.1931070238351822
False,False,False,True,1124,44.959999084472656,14.623331069946289,42.75897979736328,0.3905612826347351,955.9962158203125,21.263261795043945,0.5420986413955688,0.1931070238351822
False,False,False,True,1124,44.959999084472656,14.623331069946289,42.75897979736328,0.3905612826347351,955.9962158203125,21.263261795043945,0.5420986413955688,0.1931070238351822
False,False,False,True,1124,44.959999084472656,14.623331069946289,42.75897979736328,0.3905612826347351,955.9962158203125,21.263261795043945,0.5420986413955688,0.1931070238351822
False,False,False,True,1124,44.959999084472656,14.623331069946289,42.75897979736328,0.3905612826347351,955.9962158203125,21.263261795043945,0.5420986413955688,0.1931070238351822
False,False,False,True,1124,44.959999084472656,14.54471206665039,42.745460510253906,0.3906847834587097,965.0120849609375,21.46379280090332,0.5421429872512817,0.19314229488372803
False,False,False,True,1124,44.959999084472656,14.54471206665039,42.745460510253906,0.3906847834587097,965.0120849609375,21.46379280090332,0.5421429872512817,0.19314229488372803
False,False,False,True,1124,44.959999084472656,14.54471206665039,42.745460510253906,0.3906847834587097,965.0120849609375,21.46379280090332,0.5421429872512817,0.19314229488372803
False,False,False,True,1124,44.959999084472656,14.54471206665039,42.745460510253906,0.3906847834587097,965.0120849609375,21.46379280090332,0.5421429872512817,0.19314229488372803
False,False,False,True,1124,44.959999084472656,14.54471206665039,42.745460510253906,0.3906847834587097,965.0120849609375,21.46379280090332,0.5421429872512817,0.19314229488372803
False,False,False,True,1124,44.959999084472656,14.54471206665039,42.745460510253906,0.3906847834587097,965.0120849609375,21.46379280090332,0.5421429872512817,0.19314229488372803
False,False,False,True,1124,44.959999084472656,14.62464714050293,42.75593566894531,0.39058905839920044,946.0689697265625,21.04245948791504,0.542306661605835,0.19307030737400055
False,False,False,True,1124,44.959999084472656,14.62464714050293,42.75593566894531,0.39058905839920044,946.0689697265625,21.04245948791504,0.542306661605835,0.19307030737400055
False,False,False,True,1124,44.959999084472656,14.62464714050293,42.75593566894531,0.39058905839920044,946.0689697265625,21.04245948791504,0.542306661605835,0.19307030737400055
False,False,False,True,1124,44.959999084472656,14.62464714050293,42.75593566894531,0.39058905839920044,946.0689697265625,21.04245948791504,0.542306661605835,0.19307030737400055
False,False,False,True,1124,44.959999084472656,14.62464714050293,42.75593566894531,0.39058905839920044,946.0689697265625,21.04245948791504,0.542306661605835,0.19307030737400055
False,False,False,True,1124,44.959999084472656,14.626545906066895,42.756011962890625,0.3905883729457855,955.5662231445312,21.253698348999023,0.5413451194763184,0.19311006367206573
False,False,False,True,1124,44.959999084472656,14.626545906066895,42.756011962890625,0.3905883729457855,955.5662231445312,21.253698348999023,0.5413451194763184,0.19311006367206573
False,False,False,True,1124,44.959999084472656,14.624591827392578,42.754940032958984,0.3905981481075287,928.8074340820312,20.65852928161621,0.5421493053436279,0.19306543469429016
False,False,False,True,1124,44.959999084472656,14.624591827392578,42.754940032958984,0.3905981481075287,928.8074340820312,20.65852928161621,0.5421493053436279,0.19306543469429016
False,False,False,True,1124,44.959999084472656,14.625151634216309,42.7552490234375,0.39059531688690186,933.9933471679688,20.773874282836914,0.5421791076660156,0.19307872653007507
False,False,False,True,1124,44.959999084472656,14.625151634216309,42.7552490234375,0.39059531688690186,933.9933471679688,20.773874282836914,0.5421791076660156,0.19307872653007507
False,False,False,True,1124,44.959999084472656,14.624591827392578,42.754940032958984,0.3905981481075287,928.8074340820312,20.65852928161621,0.5421493053436279,0.19306543469429016
False,False,False,True,1124,44.959999084472656,14.624591827392578,42.754940032958984,0.3905981481075287,928.8074340820312,20.65852928161621,0.5421493053436279,0.19306543469429016
False,False,False,True,1124,44.959999084472656,14.626545906066895,42.756011962890625,0.3905883729457855,955.5662231445312,21.253698348999023,0.5413451194763184,0.19311006367206573
False,False,False,True,1124,44.959999084472656,14.626545906066895,42.756011962890625,0.3905883729457855,955.5662231445312,21.253698348999023,0.5413451194763184,0.19311006367206573
False,False,False,True,1124,44.959999084472656,14.62464714050293,42.75593566894531,0.39058905839920044,946.0689697265625,21.04245948791504,0.542306661605835,0.19307030737400055
False,False,False,True,1124,44.959999084472656,14.62464714050293,42.75593566894531,0.39058905839920044,946.0689697265625,21.04245948791504,0.542306661605835,0.19307030737400055
False,False,False,True,1124,44.959999084472656,14.62464714050293,42.75593566894531,0.39058905839920044,946.0689697265625,21.04245948791504,0.542306661605835,0.19307030737400055
False,False,False,True,1124,44.959999084472656,14.62464714050293,42.75593566894531,0.39058905839920044,946.0689697265625,21.04245948791504,0.542306661605835,0.19307030737400055
False,False,False,True,1124,44.959999084472656,14.62464714050293,42.75593566894531,0.39058905839920044,946.0689697265625,21.04245948791504,0.542306661605835,0.19307030737400055
False,False,False,True,1124,44.959999084472656,14.54471206665039,42.745460510253906,0.3906847834587097,965.0120849609375,21.46379280090332,0.5421429872512817,0.19314229488372803
False,False,False,True,1124,44.959999084472656,14.54471206665039,42.745460510253906,0.3906847834587097,965.0120849609375,21.46379280090332,0.5421429872512817,0.19314229488372803
False,False,False,True,1124,44.959999084472656,14.54471206665039,42.745460510253906,0.3906847834587097,965.0120849609375,21.46379280090332,0.5421429872512817,0.19314229488372803
False,False,False,True,1124,44.959999084472656,14.54471206665039,42.745460510253906,0.3906847834587097,965.0120849609375,21.46379280090332,0.5421429872512817,0.19314229488372803
False,False,False,True,1124,44.959999084472656,14.54471206665039,42.745460510253906,0.3906847834587097,965.0120849609375,21.46379280090332,0.5421429872512817,0.19314229488372803
False,False,False,True,1124,44.959999084472656,14.54471206665039,42.745460510253906,0.3906847834587097,965.0120849609375,21.46379280090332,0.5421429872512817,0.19314229488372803
False,False,False,True,1124,44.959999084472656,14.544614791870117,42.745548248291016,0.39068397879600525,965.0121459960938,21.46379280090332,0.5421556234359741,0.19314007461071014
False,False,False,True,1124,44.959999084472656,14.544614791870117,42.745548248291016,0.39068397879600525,965.0121459960938,21.46379280090332,0.5421556234359741,0.19314007461071014
False,False,False,True,1124,44.959999084472656,14.544614791870117,42.745548248291016,0.39068397879600525,965.0121459960938,21.46379280090332,0.5421556234359741,0.19314007461071014
False,False,False,True,1124,44.959999084472656,14.544614791870117,42.745548248291016,0.39068397879600525,965.0121459960938,21.46379280090332,0.5421556234359741,0.19314007461071014
False,False,False,True,1124,44.959999084472656,14.544614791870117,42.745548248291016,0.39068397879600525,965.0121459960938,21.46379280090332,0.5421556234359741,0.19314007461071014
False,False,False,True,1124,44.959999084472656,14.544614791870117,42.745548248291016,0.39068397879600525,965.0121459960938,21.46379280090332,0.5421556234359741,0.19314007461071014
False,False,False,True,1124,44.959999084472656,14.624774932861328,42.75592041015625,0.3905892074108124,946.0689697265625,21.04245948791504,0.5423083305358887,0.19307279586791992
False,False,False,True,1124,44.959999084472656,14.624774932861328,42.75592041015625,0.3905892074108124,946.0689697265625,21.04245948791504,0.5423083305358887,0.19307279586791992
False,False,False,True,1124,44.959999084472656,14.624774932861328,42.75592041015625,0.3905892074108124,946.0689697265625,21.04245948791504,0.5423083305358887,0.19307279586791992
False,False,False,True,1124,44.959999084472656,14.624774932861328,42.75592041015625,0.3905892074108124,946.0689697265625,21.04245948791504,0.5423083305358887,0.19307279586791992
False,False,False,True,1124,44.959999084472656,14.624774932861328,42.75592041015625,0.3905892074108124,946.0689697265625,21.04245948791504,0.5423083305358887,0.19307279586791992
False,False,False,True,1124,44.959999084472656,14.546863555908203,42.74211502075195,0.3907153606414795,955.5188598632812,21.252643585205078,0.542130708694458,0.1931186467409134
False,False,False,True,1124,44.959999084472656,14.546863555908203,42.74211502075195,0.3907153606414795,955.5188598632812,21.252643585205078,0.542130708694458,0.1931186467409134
False,False,False,True,1124,44.959999084472656,14.624792098999023,42.75480651855469,0.3905993700027466,928.8073120117188,20.658525466918945,0.5421445369720459,0.19306856393814087
False,False,False,True,1124,44.959999084472656,14.624792098999023,42.75480651855469,0.3905993700027466,928.8073120117188,20.658525466918945,0.5421445369720459,0.19306856393814087
False,False,False,True,1124,44.959999084472656,14.625818252563477,42.75555419921875,0.3905925154685974,942.6231079101562,20.965816497802734,0.542182207107544,0.19309325516223907
False,False,False,True,1124,44.959999084472656,14.625818252563477,42.75555419921875,0.3905925154685974,942.6231079101562,20.965816497802734,0.542182207107544,0.19309325516223907
False,False,False,True,1124,44.959999084472656,14.624792098999023,42.75480651855469,0.3905993700027466,928.8073120117188,20.658525466918945,0.5421445369720459,0.19306856393814087
False,False,False,True,1124,44.959999084472656,14.624792098999023,42.75480651855469,0.3905993700027466,928.8073120117188,20.658525466918945,0.5421445369720459,0.19306856393814087
False,False,False,True,1124,44.959999084472656,14.546863555908203,42.74211502075195,0.3907153606414795,955.5188598632812,21.252643585205078,0.542130708694458,0.1931186467409134
False,False,False,True,1124,44.959999084472656,14.546863555908203,42.74211502075195,0.3907153606414795,955.5188598632812,21.252643585205078,0.542130708694458,0.1931186467409134
False,False,False,True,1124,44.959999084472656,14.624774932861328,42.75592041015625,0.3905892074108124,946.0689697265625,21.04245948791504,0.5423083305358887,0.19307279586791992
False,False,False,True,1124,44.959999084472656,14.624774932861328,42.75592041015625,0.3905892074108124,946.0689697265625,21.04245948791504,0.5423083305358887,0.19307279586791992
False,False,False,True,1124,44.959999084472656,14.624774932861328,42.75592041015625,0.3905892074108124,946.0689697265625,21.04245948791504,0.5423083305358887,0.19307279586791992
False,False,False,True,1124,44.959999084472656,14.624774932861328,42.75592041015625,0.3905892074108124,946.0689697265625,21.04245948791504,0.5423083305358887,0.19307279586791992
False,False,False,True,1124,44.959999084472656,14.624774932861328,42.75592041015625,0.3905892074108124,946.0689697265625,21.04245948791504,0.5423083305358887,0.19307279586791992
False,False,False,True,1124,44.959999084472656,14.544614791870117,42.745548248291016,0.39068397879600525,965.0121459960938,21.46379280090332,0.5421556234359741,0.19314007461071014
False,False,False,True,1124,44.959999084472656,14.544614791870117,42.745548248291016,0.39068397879600525,965.0121459960938,21.46379280090332,0.5421556234359741,0.19314007461071014
False,False,False,True,1124,44.959999084472656,14.544614791870117,42.745548248291016,0.39068397879600525,965.0121459960938,21.46379280090332,0.5421556234359741,0.19314007461071014
False,False,False,True,1124,44.959999084472656,14.544614791870117,42.745548248291016,0.39068397879600525,965.0121459960938,21.46379280090332,0.5421556234359741,0.19314007461071014
False,False,False,True,1124,44.959999084472656,14.544614791870117,42.745548248291016,0.39068397879600525,965.0121459960938,21.46379280090332,0.5421556234359741,0.19314007461071014
False,False,False,True,1124,44.959999084472656,14.544614791870117,42.745548248291016,0.39068397879600525,965.0121459960938,21.46379280090332,0.5421556234359741,0.19314007461071014
False,False,False,True,1124,44.959999084472656,14.54471206665039,42.745460510253906,0.3906847834587097,965.0120849609375,21.46379280090332,0.5421429872512817,0.19314229488372803
False,False,False,True,1124,44.959999084472656,14.54471206665039,42.745460510253906,0.3906847834587097,965.0120849609375,21.46379280090332,0.5421429872512817,0.19314229488372803
False,False,False,True,1124,44.959999084472656,14.54471206665039,42.745460510253906,0.3906847834587097,965.0120849609375,21.46379280090332,0.5421429872512817,0.19314229488372803
False,False,False,True,1124,44.959999084472656,14.54471206665039,42.745460510253906,0.3906847834587097,965.0120849609375,21.46379280090332,0.5421429872512817,0.19314229488372803
False,False,False,True,1124,44.959999084472656,14.54471206665039,42.745460510253906,0.3906847834587097,965.0120849609375,21.46379280090332,0.5421429872512817,0.19314229488372803
False,False,False,True,1124,44.959999084472656,14.54471206665039,42.745460510253906,0.3906847834587097,965.0120849609375,21.46379280090332,0.5421429872512817,0.19314229488372803
False,False,False,True,1124,44.959999084472656,14.62464714050293,42.75593566894531,0.39058905839920044,946.0689697265625,21.04245948791504,0.542306661605835,0.19307030737400055
False,False,False,True,1124,44.959999084472656,14.62464714050293,42.75593566894531,0.39058905839920044,946.0689697265625,21.04245948791504,0.542306661605835,0.19307030737400055
False,False,False,True,1124,44.959999084472656,14.62464714050293,42.75593566894531,0.39058905839920044,946.0689697265625,21.04245948791504,0.542306661605835,0.19307030737400055
False,False,False,True,1124,44.959999084472656,14.62464714050293,42.75593566894531,0.39058905839920044,946.0689697265625,21.04245948791504,0.542306661605835,0.19307030737400055
False,False,False,True,1124,44.959999084472656,14.62464714050293,42.75593566894531,0.39058905839920044,946.0689697265625,21.04245948791504,0.542306661605835,0.19307030737400055
False,False,False,True,1124,44.959999084472656,14.626545906066895,42.756011962890625,0.3905883729457855,955.5662231445312,21.253698348999023,0.5413451194763184,0.19311006367206573
False,False,False,True,1124,44.959999084472656,14.626545906066895,42.756011962890625,0.3905883729457855,955.5662231445312,21.253698348999023,0.5413451194763184,0.19311006367206573
False,False,False,True,1124,44.959999084472656,14.624591827392578,42.754940032958984,0.3905981481075287,928.8074340820312,20.65852928161621,0.5421493053436279,0.19306543469429016
False,False,False,True,1124,44.959999084472656,14.624591827392578,42.754940032958984,0.3905981481075287,928.8074340820312,20.65852928161621,0.5421493053436279,0.19306543469429016
False,False,False,True,1124,44.959999084472656,14.625151634216309,42.7552490234375,0.39059531688690186,933.9933471679688,20.773874282836914,0.5421791076660156,0.19307872653007507
False,False,False,True,1124,44.959999084472656,14.625151634216309,42.7552490234375,0.39059531688690186,933.9933471679688,20.773874282836914,0.5421791076660156,0.19307872653007507
False,False,False,True,1124,44.959999084472656,14.624591827392578,42.754940032958984,0.3905981481075287,928.8074340820312,20.65852928161621,0.5421493053436279,0.19306543469429016
False,False,False,True,1124,44.959999084472656,14.624591827392578,42.754940032958984,0.3905981481075287,928.8074340820312,20.65852928161621,0.5421493053436279,0.19306543469429016
False,False,False,True,1124,44.959999084472656,14.626545906066895,42.756011962890625,0.3905883729457855,955.5662231445312,21.253698348999023,0.5413451194763184,0.19311006367206573
False,False,False,True,1124,44.959999084472656,14.626545906066895,42.756011962890625,0.3905883729457855,955.5662231445312,21.253698348999023,0.5413451194763184,0.19311006367206573
False,False,False,True,1124,44.959999084472656,14.62464714050293,42.75593566894531,0.39058905839920044,946.0689697265625,21.04245948791504,0.542306661605835,0.19307030737400055
False,False,False,True,1124,44.959999084472656,14.62464714050293,42.75593566894531,0.39058905839920044,946.0689697265625,21.04245948791504,0.542306661605835,0.19307030737400055
False,False,False,True,1124,44.959999084472656,14.62464714050293,42.75593566894531,0.39058905839920044,946.0689697265625,21.04245948791504,0.542306661605835,0.19307030737400055
False,False,False,True,1124,44.959999084472656,14.62464714050293,42.75593566894531,0.39058905839920044,946.0689697265625,21.04245948791504,0.542306661605835,0.19307030737400055
False,False,False,True,1124,44.959999084472656,14.62464714050293,42.75593566894531,0.39058905839920044,946.0689697265625,21.04245948791504,0.542306661605835,0.19307030737400055
False,False,False,True,1124,44.959999084472656,14.54471206665039,42.745460510253906,0.3906847834587097,965.0120849609375,21.46379280090332,0.5421429872512817,0.19314229488372803
False,False,False,True,1124,44.959999084472656,14.54471206665039,42.745460510253906,0.3906847834587097,965.0120849609375,21.46379280090332,0.5421429872512817,0.19314229488372803
False,False,False,True,1124,44.959999084472656,14.54471206665039,42.745460510253906,0.3906847834587097,965.0120849609375,21.46379280090332,0.5421429872512817,0.19314229488372803
False,False,False,True,1124,44.959999084472656,14.54471206665039,42.745460510253906,0.3906847834587097,965.0120849609375,21.46379280090332,0.5421429872512817,0.19314229488372803
False,False,False,True,1124,44.959999084472656,14.54471206665039,42.745460510253906,0.3906847834587097,965.0120849609375,21.46379280090332,0.5421429872512817,0.19314229488372803
False,False,False,True,1124,44.959999084472656,14.54471206665039,42.745460510253906,0.3906847834587097,965.0120849609375,21.46379280090332,0.5421429872512817,0.19314229488372803
False,False,False,True,1124,44.959999084472656,14.623331069946289,42.75897979736328,0.3905612826347351,955.9962158203125,21.263261795043945,0.5420986413955688,0.1931070238351822
False,False,False,True,1124,44.959999084472656,14.623331069946289,42.75897979736328,0.3905612826347351,955.9962158203125,21.263261795043945,0.5420986413955688,0.1931070238351822
False,False,False,True,1124,44.959999084472656,14.623331069946289,42.75897979736328,0.3905612826347351,955.9962158203125,21.263261795043945,0.5420986413955688,0.1931070238351822
False,False,False,True,1124,44.959999084472656,14.623331069946289,42.75897979736328,0.3905612826347351,955.9962158203125,21.263261795043945,0.5420986413955688,0.1931070238351822
False,False,False,True,1124,44.959999084472656,14.623331069946289,42.75897979736328,0.3905612826347351,955.9962158203125,21.263261795043945,0.5420986413955688,0.1931070238351822
False,False,False,True,1124,44.959999084472656,14.623331069946289,42.75897979736328,0.3905612826347351,955.9962158203125,21.263261795043945,0.5420986413955688,0.1931070238351822
False,False,False,True,1124,44.959999084472656,14.624579429626465,42.755985260009766,0.3905886113643646,946.0689697265625,21.04245948791504,0.5422559976577759,0.193070650100708
False,False,False,True,1124,44.959999084472656,14.624579429626465,42.755985260009766,0.3905886113643646,946.0689697265625,21.04245948791504,0.5422559976577759,0.193070650100708
False,False,False,True,1124,44.959999084472656,14.624579429626465,42.755985260009766,0.3905886113643646,946.0689697265625,21.04245948791504,0.5422559976577759,0.193070650100708
False,False,False,True,1124,44.959999084472656,14.624579429626465,42.755985260009766,0.3905886113643646,946.0689697265625,21.04245948791504,0.5422559976577759,0.193070650100708
False,False,False,True,1124,44.959999084472656,14.624579429626465,42.755985260009766,0.3905886113643646,946.0689697265625,21.04245948791504,0.5422559976577759,0.193070650100708
False,False,False,True,1124,44.959999084472656,14.546478271484375,42.742286682128906,0.39071378111839294,955.5188598632812,21.252643585205078,0.5420815944671631,0.19311386346817017
False,False,False,True,1124,44.959999084472656,14.546478271484375,42.742286682128906,0.39071378111839294,955.5188598632812,21.252643585205078,0.5420815944671631,0.19311386346817017
False,False,False,True,1124,44.959999084472656,14.625435829162598,42.75550079345703,0.390593022108078,941.3167114257812,20.93675994873047,0.5420986413955688,0.19308973848819733
False,False,False,True,1124,44.959999084472656,14.625435829162598,42.75550079345703,0.390593022108078,941.3167114257812,20.93675994873047,0.5420986413955688,0.19308973848819733
False,False,False,True,1124,44.959999084472656,14.625067710876465,42.75545883178711,0.39059343934059143,933.9933471679688,20.773874282836914,0.5421369075775146,0.19307926297187805
False,False,False,True,1124,44.959999084472656,14.625067710876465,42.75545883178711,0.39059343934059143,933.9933471679688,20.773874282836914,0.5421369075775146,0.19307926297187805
False,False,False,True,1124,44.959999084472656,14.625435829162598,42.75550079345703,0.390593022108078,941.3167114257812,20.93675994873047,0.5420986413955688,0.19308973848819733
False,False,False,True,1124,44.959999084472656,14.625435829162598,42.75550079345703,0.390593022108078,941.3167114257812,20.93675994873047,0.5420986413955688,0.19308973848819733
False,False,False,True,1124,44.959999084472656,14.546478271484375,42.742286682128906,0.39071378111839294,955.5188598632812,21.252643585205078,0.5420815944671631,0.19311386346817017
False,False,False,True,1124,44.959999084472656,14.546478271484375,42.742286682128906,0.39071378111839294,955.5188598632812,21.252643585205078,0.5420815944671631,0.19311386346817017
False,False,False,True,1124,44.959999084472656,14.624579429626465,42.755985260009766,0.3905886113643646,946.0689697265625,21.04245948791504,0.5422559976577759,0.193070650100708
False,False,False,True,1124,44.959999084472656,14.624579429626465,42.755985260009766,0.3905886113643646,946.0689697265625,21.04245948791504,0.5422559976577759,0.193070650100708
False,False,False,True,1124,44.959999084472656,14.624579429626465,42.755985260009766,0.3905886113643646,946.0689697265625,21.04245948791504,0.5422559976577759,0.193070650100708
False,False,False,True,1124,44.959999084472656,14.624579429626465,42.755985260009766,0.3905886113643646,946.0689697265625,21.04245948791504,0.5422559976577759,0.193070650100708
False,False,False,True,1124,44.959999084472656,14.624579429626465,42.755985260009766,0.3905886113643646,946.0689697265625,21.04245948791504,0.5422559976577759,0.193070650100708
False,False,False,True,1124,44.959999084472656,14.623331069946289,42.75897979736328,0.3905612826347351,955.9962158203125,21.263261795043945,0.5420986413955688,0.1931070238351822
False,False,False,True,1124,44.959999084472656,14.623331069946289,42.75897979736328,0.3905612826347351,955.9962158203125,21.263261795043945,0.5420986413955688,0.1931070238351822
False,False,False,True,1124,44.959999084472656,14.623331069946289,42.75897979736328,0.3905612826347351,955.9962158203125,21.263261795043945,0.5420986413955688,0.1931070238351822
False,False,False,True,1124,44.959999084472656,14.623331069946289,42.75897979736328,0.3905612826347351,955.9962158203125,21.263261795043945,0.5420986413955688,0.1931070238351822
False,False,False,True,1124,44.959999084472656,14.623331069946289,42.75897979736328,0.3905612826347351,955.9962158203125,21.263261795043945,0.5420986413955688,0.1931070238351822
False,False,False,True,1124,44.959999084472656,14.623331069946289,42.75897979736328,0.3905612826347351,955.9962158203125,21.263261795043945,0.5420986413955688,0.1931070238351822
False,False,False,True,1124,44.959999084472656,14.622553825378418,42.75905990600586,0.390560507774353,955.9976196289062,21.26329231262207,0.5422506332397461,0.19310009479522705
False,False,False,True,1124,44.959999084472656,14.622553825378418,42.75905990600586,0.390560507774353,955.9976196289062,21.26329231262207,0.5422506332397461,0.19310009479522705
False,False,False,True,1124,44.959999084472656,14.622553825378418,42.75905990600586,0.390560507774353,955.9976196289062,21.26329231262207,0.5422506332397461,0.19310009479522705
False,False,False,True,1124,44.959999084472656,14.622553825378418,42.75905990600586,0.390560507774353,955.9976196289062,21.26329231262207,0.5422506332397461,0.19310009479522705
False,False,False,True,1124,44.959999084472656,14.622553825378418,42.75905990600586,0.390560507774353,955.9976196289062,21.26329231262207,0.5422506332397461,0.19310009479522705
False,False,False,True,1124,44.959999084472656,14.622553825378418,42.75905990600586,0.390560507774353,955.9976196289062,21.26329231262207,0.5422506332397461,0.19310009479522705
False,False,False,True,1124,44.959999084472656,14.46187686920166,42.727195739746094,0.39085179567337036,895.5419921875,19.918638229370117,0.5424207448959351,0.19301199913024902
False,False,False,True,1124,44.959999084472656,14.46187686920166,42.727195739746094,0.39085179567337036,895.5419921875,19.918638229370117,0.5424207448959351,0.19301199913024902
False,False,False,True,1124,44.959999084472656,14.46187686920166,42.727195739746094,0.39085179567337036,895.5419921875,19.918638229370117,0.5424207448959351,0.19301199913024902
False,False,False,True,1124,44.959999084472656,14.46187686920166,42.727195739746094,0.39085179567337036,895.5419921875,19.918638229370117,0.5424207448959351,0.19301199913024902
False,False,False,True,1124,44.959999084472656,14.46187686920166,42.727195739746094,0.39085179567337036,895.5419921875,19.918638229370117,0.5424207448959351,0.19301199913024902
False,False,False,True,1124,44.959999084472656,14.5462007522583,42.742515563964844,0.3907116949558258,952.0738525390625,21.1760196685791,0.5422589778900146,0.1931118369102478
False,False,False,True,1124,44.959999084472656,14.5462007522583,42.742515563964844,0.3907116949558258,952.0738525390625,21.1760196685791,0.5422589778900146,0.1931118369102478
False,False,False,True,1124,44.959999084472656,14.623767852783203,42.75518035888672,0.390595942735672,928.8076782226562,20.65853500366211,0.5422506332397461,0.1930510699748993
False,False,False,True,1124,44.959999084472656,14.623767852783203,42.75518035888672,0.390595942735672,928.8076782226562,20.65853500366211,0.5422506332397461,0.1930510699748993
False,False,False,True,1124,44.959999084472656,14.62500286102295,42.75591278076172,0.39058926701545715,942.6234741210938,20.965824127197266,0.54228675365448,0.19308479130268097
False,False,False,True,1124,44.959999084472656,14.62500286102295,42.75591278076172,0.39058926701545715,942.6234741210938,20.965824127197266,0.54228675365448,0.19308479130268097
False,False,False,True,1124,44.959999084472656,14.623767852783203,42.75518035888672,0.390595942735672,928.8076782226562,20.65853500366211,0.5422506332397461,0.1930510699748993
False,False,False,True,1124,44.959999084472656,14.623767852783203,42.75518035888672,0.390595942735672,928.8076782226562,20.65853500366211,0.5422506332397461,0.1930510699748993
False,False,False,True,1124,44.959999084472656,14.5462007522583,42.742515563964844,0.3907116949558258,952.0738525390625,21.1760196685791,0.5422589778900146,0.1931118369102478
False,False,False,True,1124,44.959999084472656,14.5462007522583,42.742515563964844,0.3907116949558258,952.0738525390625,21.1760196685791,0.5422589778900146,0.1931118369102478
False,False,False,True,1124,44.959999084472656,14.46187686920166,42.727195739746094,0.39085179567337036,895.5419921875,19.918638229370117,0.5424207448959351,0.19301199913024902
False,False,False,True,1124,44.959999084472656,14.46187686920166,42.727195739746094,0.39085179567337036,895.5419921875,19.918638229370117,0.5424207448959351,0.19301199913024902
False,False,False,True,1124,44.959999084472656,14.46187686920166,42.727195739746094,0.39085179567337036,895.5419921875,19.918638229370117,0.5424207448959351,0.19301199913024902
False,False,False,True,1124,44.959999084472656,14.46187686920166,42.727195739746094,0.39085179567337036,895.5419921875,19.918638229370117,0.5424207448959351,0.19301199913024902
False,False,False,True,1124,44.959999084472656,14.46187686920166,42.727195739746094,0.39085179567337036,895.5419921875,19.918638229370117,0.5424207448959351,0.19301199913024902
False,False,False,True,1124,44.959999084472656,14.622553825378418,42.75905990600586,0.390560507774353,955.9976196289062,21.26329231262207,0.5422506332397461,0.19310009479522705
False,False,False,True,1124,44.959999084472656,14.622553825378418,42.75905990600586,0.390560507774353,955.9976196289062,21.26329231262207,0.5422506332397461,0.19310009479522705
False,False,False,True,1124,44.959999084472656,14.622553825378418,42.75905990600586,0.390560507774353,955.9976196289062,21.26329231262207,0.5422506332397461,0.19310009479522705
False,False,False,True,1124,44.959999084472656,14.622553825378418,42.75905990600586,0.390560507774353,955.9976196289062,21.26329231262207,0.5422506332397461,0.19310009479522705
False,False,False,True,1124,44.959999084472656,14.622553825378418,42.75905990600586,0.390560507774353,955.9976196289062,21.26329231262207,0.5422506332397461,0.19310009479522705
False,False,False,True,1124,44.959999084472656,14.622553825378418,42.75905990600586,0.390560507774353,955.9976196289062,21.26329231262207,0.5422506332397461,0.19310009479522705
False,False,False,True,1124,44.959999084472656,14.622553825378418,42.75905990600586,0.390560507774353,955.9976196289062,21.26329231262207,0.5422506332397461,0.19310009479522705
False,False,False,True,1124,44.959999084472656,14.622553825378418,42.75905990600586,0.390560507774353,955.9976196289062,21.26329231262207,0.5422506332397461,0.19310009479522705
False,False,False,True,1124,44.959999084472656,14.622553825378418,42.75905990600586,0.390560507774353,955.9976196289062,21.26329231262207,0.5422506332397461,0.19310009479522705
False,False,False,True,1124,44.959999084472656,14.622553825378418,42.75905990600586,0.390560507774353,955.9976196289062,21.26329231262207,0.5422506332397461,0.19310009479522705
False,False,False,True,1124,44.959999084472656,14.622553825378418,42.75905990600586,0.390560507774353,955.9976196289062,21.26329231262207,0.5422506332397461,0.19310009479522705
False,False,False,True,1124,44.959999084472656,14.622553825378418,42.75905990600586,0.390560507774353,955.9976196289062,21.26329231262207,0.5422506332397461,0.19310009479522705
False,False,False,True,1124,44.959999084472656,14.46187686920166,42.727195739746094,0.39085179567337036,895.5419921875,19.918638229370117,0.5424207448959351,0.19301199913024902
False,False,False,True,1124,44.959999084472656,14.46187686920166,42.727195739746094,0.39085179567337036,895.5419921875,19.918638229370117,0.5424207448959351,0.19301199913024902
False,False,False,True,1124,44.959999084472656,14.46187686920166,42.727195739746094,0.39085179567337036,895.5419921875,19.918638229370117,0.5424207448959351,0.19301199913024902
False,False,False,True,1124,44.959999084472656,14.46187686920166,42.727195739746094,0.39085179567337036,895.5419921875,19.918638229370117,0.5424207448959351,0.19301199913024902
False,False,False,True,1124,44.959999084472656,14.46187686920166,42.727195739746094,0.39085179567337036,895.5419921875,19.918638229370117,0.5424207448959351,0.19301199913024902
False,False,False,True,1124,44.959999084472656,14.5462007522583,42.742515563964844,0.3907116949558258,952.0738525390625,21.1760196685791,0.5422589778900146,0.1931118369102478
False,False,False,True,1124,44.959999084472656,14.5462007522583,42.742515563964844,0.3907116949558258,952.0738525390625,21.1760196685791,0.5422589778900146,0.1931118369102478
False,False,False,True,1124,44.959999084472656,14.623767852783203,42.75518035888672,0.390595942735672,928.8076782226562,20.65853500366211,0.5422506332397461,0.1930510699748993
False,False,False,True,1124,44.959999084472656,14.623767852783203,42.75518035888672,0.390595942735672,928.8076782226562,20.65853500366211,0.5422506332397461,0.1930510699748993
False,False,False,True,1124,44.959999084472656,14.62500286102295,42.75591278076172,0.39058926701545715,942.6234741210938,20.965824127197266,0.54228675365448,0.19308479130268097
False,False,False,True,1124,44.959999084472656,14.62500286102295,42.75591278076172,0.39058926701545715,942.6234741210938,20.965824127197266,0.54228675365448,0.19308479130268097
False,False,False,True,1124,44.959999084472656,14.623767852783203,42.75518035888672,0.390595942735672,928.8076782226562,20.65853500366211,0.5422506332397461,0.1930510699748993
False,False,False,True,1124,44.959999084472656,14.623767852783203,42.75518035888672,0.390595942735672,928.8076782226562,20.65853500366211,0.5422506332397461,0.1930510699748993
False,False,False,True,1124,44.959999084472656,14.5462007522583,42.742515563964844,0.3907116949558258,952.0738525390625,21.1760196685791,0.5422589778900146,0.1931118369102478
False,False,False,True,1124,44.959999084472656,14.5462007522583,42.742515563964844,0.3907116949558258,952.0738525390625,21.1760196685791,0.5422589778900146,0.1931118369102478
False,False,False,True,1124,44.959999084472656,14.46187686920166,42.727195739746094,0.39085179567337036,895.5419921875,19.918638229370117,0.5424207448959351,0.19301199913024902
False,False,False,True,1124,44.959999084472656,14.46187686920166,42.727195739746094,0.39085179567337036,895.5419921875,19.918638229370117,0.5424207448959351,0.19301199913024902
False,False,False,True,1124,44.959999084472656,14.46187686920166,42.727195739746094,0.39085179567337036,895.5419921875,19.918638229370117,0.5424207448959351,0.19301199913024902
False,False,False,True,1124,44.959999084472656,14.46187686920166,42.727195739746094,0.39085179567337036,895.5419921875,19.918638229370117,0.5424207448959351,0.19301199913024902
False,False,False,True,1124,44.959999084472656,14.46187686920166,42.727195739746094,0.39085179567337036,895.5419921875,19.918638229370117,0.5424207448959351,0.19301199913024902
False,False,False,True,1124,44.959999084472656,14.622553825378418,42.75905990600586,0.390560507774353,955.9976196289062,21.26329231262207,0.5422506332397461,0.19310009479522705
False,False,False,True,1124,44.959999084472656,14.622553825378418,42.75905990600586,0.390560507774353,955.9976196289062,21.26329231262207,0.5422506332397461,0.19310009479522705
False,False,False,True,1124,44.959999084472656,14.622553825378418,42.75905990600586,0.390560507774353,955.9976196289062,21.26329231262207,0.5422506332397461,0.19310009479522705
False,False,False,True,1124,44.959999084472656,14.622553825378418,42.75905990600586,0.390560507774353,955.9976196289062,21.26329231262207,0.5422506332397461,0.19310009479522705
False,False,False,True,1124,44.959999084472656,14.622553825378418,42.75905990600586,0.390560507774353,955.9976196289062,21.26329231262207,0.5422506332397461,0.19310009479522705
False,False,False,True,1124,44.959999084472656,14.622553825378418,42.75905990600586,0.390560507774353,955.9976196289062,21.26329231262207,0.5422506332397461,0.19310009479522705
False,False,False,True,1124,44.959999084472656,14.622553825378418,42.75905990600586,0.390560507774353,955.9976196289062,21.26329231262207,0.5422506332397461,0.19310009479522705
False,False,False,True,1124,44.959999084472656,14.622553825378418,42.75905990600586,0.390560507774353,955.9976196289062,21.26329231262207,0.5422506332397461,0.19310009479522705
False,False,False,True,1124,44.959999084472656,14.622553825378418,42.75905990600586,0.390560507774353,955.9976196289062,21.26329231262207,0.5422506332397461,0.19310009479522705
False,False,False,True,1124,44.959999084472656,14.622553825378418,42.75905990600586,0.390560507774353,955.9976196289062,21.26329231262207,0.5422506332397461,0.19310009479522705
False,False,False,True,1124,44.959999084472656,14.622553825378418,42.75905990600586,0.390560507774353,955.9976196289062,21.26329231262207,0.5422506332397461,0.19310009479522705
False,False,False,True,1124,44.959999084472656,14.622553825378418,42.75905990600586,0.390560507774353,955.9976196289062,21.26329231262207,0.5422506332397461,0.19310009479522705
False,False,False,True,1124,44.959999084472656,14.46187686920166,42.727195739746094,0.39085179567337036,895.5419921875,19.918638229370117,0.5424207448959351,0.19301199913024902
False,False,False,True,1124,44.959999084472656,14.46187686920166,42.727195739746094,0.39085179567337036,895.5419921875,19.918638229370117,0.5424207448959351,0.19301199913024902
False,False,False,True,1124,44.959999084472656,14.46187686920166,42.727195739746094,0.39085179567337036,895.5419921875,19.918638229370117,0.5424207448959351,0.19301199913024902
False,False,False,True,1124,44.959999084472656,14.46187686920166,42.727195739746094,0.39085179567337036,895.5419921875,19.918638229370117,0.5424207448959351,0.19301199913024902
False,False,False,True,1124,44.959999084472656,14.46187686920166,42.727195739746094,0.39085179567337036,895.5419921875,19.918638229370117,0.5424207448959351,0.19301199913024902
False,False,False,True,1124,44.959999084472656,14.5462007522583,42.742515563964844,0.3907116949558258,952.0738525390625,21.1760196685791,0.5422589778900146,0.1931118369102478
False,False,False,True,1124,44.959999084472656,14.5462007522583,42.742515563964844,0.3907116949558258,952.0738525390625,21.1760196685791,0.5422589778900146,0.1931118369102478
False,False,False,True,1124,44.959999084472656,14.623767852783203,42.75518035888672,0.390595942735672,928.8076782226562,20.65853500366211,0.5422506332397461,0.1930510699748993
False,False,False,True,1124,44.959999084472656,14.623767852783203,42.75518035888672,0.390595942735672,928.8076782226562,20.65853500366211,0.5422506332397461,0.1930510699748993
False,False,False,True,1124,44.959999084472656,14.62500286102295,42.75591278076172,0.39058926701545715,942.6234741210938,20.965824127197266,0.54228675365448,0.19308479130268097
False,False,False,True,1124,44.959999084472656,14.62500286102295,42.75591278076172,0.39058926701545715,942.6234741210938,20.965824127197266,0.54228675365448,0.19308479130268097
False,False,False,True,1124,44.959999084472656,14.623767852783203,42.75518035888672,0.390595942735672,928.8076782226562,20.65853500366211,0.5422506332397461,0.1930510699748993
False,False,False,True,1124,44.959999084472656,14.623767852783203,42.75518035888672,0.390595942735672,928.8076782226562,20.65853500366211,0.5422506332397461,0.1930510699748993
False,False,False,True,1124,44.959999084472656,14.5462007522583,42.742515563964844,0.3907116949558258,952.0738525390625,21.1760196685791,0.5422589778900146,0.1931118369102478
False,False,False,True,1124,44.959999084472656,14.5462007522583,42.742515563964844,0.3907116949558258,952.0738525390625,21.1760196685791,0.5422589778900146,0.1931118369102478
False,False,False,True,1124,44.959999084472656,14.46187686920166,42.727195739746094,0.39085179567337036,895.5419921875,19.918638229370117,0.5424207448959351,0.19301199913024902
False,False,False,True,1124,44.959999084472656,14.46187686920166,42.727195739746094,0.39085179567337036,895.5419921875,19.918638229370117,0.5424207448959351,0.19301199913024902
False,False,False,True,1124,44.959999084472656,14.46187686920166,42.727195739746094,0.39085179567337036,895.5419921875,19.918638229370117,0.5424207448959351,0.19301199913024902
False,False,False,True,1124,44.959999084472656,14.46187686920166,42.727195739746094,0.39085179567337036,895.5419921875,19.918638229370117,0.5424207448959351,0.19301199913024902
False,False,False,True,1124,44.959999084472656,14.46187686920166,42.727195739746094,0.39085179567337036,895.5419921875,19.918638229370117,0.5424207448959351,0.19301199913024902
False,False,False,True,1124,44.959999084472656,14.622553825378418,42.75905990600586,0.390560507774353,955.9976196289062,21.26329231262207,0.5422506332397461,0.19310009479522705
False,False,False,True,1124,44.959999084472656,14.622553825378418,42.75905990600586,0.390560507774353,955.9976196289062,21.26329231262207,0.5422506332397461,0.19310009479522705
False,False,False,True,1124,44.959999084472656,14.622553825378418,42.75905990600586,0.390560507774353,955.9976196289062,21.26329231262207,0.5422506332397461,0.19310009479522705
False,False,False,True,1124,44.959999084472656,14.622553825378418,42.75905990600586,0.390560507774353,955.9976196289062,21.26329231262207,0.5422506332397461,0.19310009479522705
False,False,False,True,1124,44.959999084472656,14.622553825378418,42.75905990600586,0.390560507774353,955.9976196289062,21.26329231262207,0.5422506332397461,0.19310009479522705
False,False,False,True,1124,44.959999084472656,14.622553825378418,42.75905990600586,0.390560507774353,955.9976196289062,21.26329231262207,0.5422506332397461,0.19310009479522705
False,False,False,True,1124,44.959999084472656,14.621174812316895,42.75886917114258,0.3905622661113739,947.3665161132812,21.071319580078125,0.541946530342102,0.19307780265808105
False,False,False,True,1124,44.959999084472656,14.621174812316895,42.75886917114258,0.3905622661113739,947.3665161132812,21.071319580078125,0.541946530342102,0.19307780265808105
False,False,False,True,1124,44.959999084472656,14.621174812316895,42.75886917114258,0.3905622661113739,947.3665161132812,21.071319580078125,0.541946530342102,0.19307780265808105
False,False,False,True,1124,44.959999084472656,14.621174812316895,42.75886917114258,0.3905622661113739,947.3665161132812,21.071319580078125,0.541946530342102,0.19307780265808105
False,False,False,True,1124,44.959999084472656,14.621174812316895,42.75886917114258,0.3905622661113739,947.3665161132812,21.071319580078125,0.541946530342102,0.19307780265808105
False,False,False,True,1124,44.959999084472656,14.621174812316895,42.75886917114258,0.3905622661113739,947.3665161132812,21.071319580078125,0.541946530342102,0.19307780265808105
False,False,False,True,1124,44.959999084472656,14.543492317199707,42.741615295410156,0.3907199501991272,934.3792114257812,20.782455444335938,0.542116641998291,0.19308023154735565
False,False,False,True,1124,44.959999084472656,14.543492317199707,42.741615295410156,0.3907199501991272,934.3792114257812,20.782455444335938,0.542116641998291,0.19308023154735565
False,False,False,True,1124,44.959999084472656,14.543492317199707,42.741615295410156,0.3907199501991272,934.3792114257812,20.782455444335938,0.542116641998291,0.19308023154735565
False,False,False,True,1124,44.959999084472656,14.543492317199707,42.741615295410156,0.3907199501991272,934.3792114257812,20.782455444335938,0.542116641998291,0.19308023154735565
False,False,False,True,1124,44.959999084472656,14.543492317199707,42.741615295410156,0.3907199501991272,934.3792114257812,20.782455444335938,0.542116641998291,0.19308023154735565
False,False,False,True,1124,44.959999084472656,14.625326156616211,42.75578689575195,0.3905904293060303,955.5677490234375,21.25373077392578,0.5410033464431763,0.19310583174228668
False,False,False,True,1124,44.959999084472656,14.625326156616211,42.75578689575195,0.3905904293060303,955.5677490234375,21.25373077392578,0.5410033464431763,0.19310583174228668
False,False,False,True,1124,44.959999084472656,14.624091148376465,42.75489807128906,0.3905985355377197,937.871826171875,20.860139846801758,0.541946530342102,0.1930752545595169
False,False,False,True,1124,44.959999084472656,14.624091148376465,42.75489807128906,0.3905985355377197,937.871826171875,20.860139846801758,0.541946530342102,0.1930752545595169
False,False,False,True,1124,44.959999084472656,14.624150276184082,42.75541687011719,0.3905937969684601,942.6231079101562,20.965816497802734,0.5419869422912598,0.19308339059352875
False,False,False,True,1124,44.959999084472656,14.624150276184082,42.75541687011719,0.3905937969684601,942.6231079101562,20.965816497802734,0.5419869422912598,0.19308339059352875
False,False,False,True,1124,44.959999084472656,14.624091148376465,42.75489807128906,0.3905985355377197,937.871826171875,20.860139846801758,0.541946530342102,0.1930752545595169
False,False,False,True,1124,44.959999084472656,14.624091148376465,42.75489807128906,0.3905985355377197,937.871826171875,20.860139846801758,0.541946530342102,0.1930752545595169
False,False,False,True,1124,44.959999084472656,14.625326156616211,42.75578689575195,0.3905904293060303,955.5677490234375,21.25373077392578,0.5410033464431763,0.19310583174228668
False,False,False,True,1124,44.959999084472656,14.625326156616211,42.75578689575195,0.3905904293060303,955.5677490234375,21.25373077392578,0.5410033464431763,0.19310583174228668
False,False,False,True,1124,44.959999084472656,14.543492317199707,42.741615295410156,0.3907199501991272,934.3792114257812,20.782455444335938,0.542116641998291,0.19308023154735565
False,False,False,True,1124,44.959999084472656,14.543492317199707,42.741615295410156,0.3907199501991272,934.3792114257812,20.782455444335938,0.542116641998291,0.19308023154735565
False,False,False,True,1124,44.959999084472656,14.543492317199707,42.741615295410156,0.3907199501991272,934.3792114257812,20.782455444335938,0.542116641998291,0.19308023154735565
False,False,False,True,1124,44.959999084472656,14.543492317199707,42.741615295410156,0.3907199501991272,934.3792114257812,20.782455444335938,0.542116641998291,0.19308023154735565
False,False,False,True,1124,44.959999084472656,14.543492317199707,42.741615295410156,0.3907199501991272,934.3792114257812,20.782455444335938,0.542116641998291,0.19308023154735565
False,False,False,True,1124,44.959999084472656,14.621174812316895,42.75886917114258,0.3905622661113739,947.3665161132812,21.071319580078125,0.541946530342102,0.19307780265808105
False,False,False,True,1124,44.959999084472656,14.621174812316895,42.75886917114258,0.3905622661113739,947.3665161132812,21.071319580078125,0.541946530342102,0.19307780265808105
False,False,False,True,1124,44.959999084472656,14.621174812316895,42.75886917114258,0.3905622661113739,947.3665161132812,21.071319580078125,0.541946530342102,0.19307780265808105
False,False,False,True,1124,44.959999084472656,14.621174812316895,42.75886917114258,0.3905622661113739,947.3665161132812,21.071319580078125,0.541946530342102,0.19307780265808105
False,False,False,True,1124,44.959999084472656,14.621174812316895,42.75886917114258,0.3905622661113739,947.3665161132812,21.071319580078125,0.541946530342102,0.19307780265808105
False,False,False,True,1124,44.959999084472656,14.621174812316895,42.75886917114258,0.3905622661113739,947.3665161132812,21.071319580078125,0.541946530342102,0.19307780265808105
False,False,False,True,1124,44.959999084472656,14.621174812316895,42.75886917114258,0.3905622661113739,947.3665161132812,21.071319580078125,0.541946530342102,0.19307780265808105
False,False,False,True,1124,44.959999084472656,14.621174812316895,42.75886917114258,0.3905622661113739,947.3665161132812,21.071319580078125,0.541946530342102,0.19307780265808105
False,False,False,True,1124,44.959999084472656,14.621174812316895,42.75886917114258,0.3905622661113739,947.3665161132812,21.071319580078125,0.541946530342102,0.19307780265808105
False,False,False,True,1124,44.959999084472656,14.621174812316895,42.75886917114258,0.3905622661113739,947.3665161132812,21.071319580078125,0.541946530342102,0.19307780265808105
False,False,False,True,1124,44.959999084472656,14.621174812316895,42.75886917114258,0.3905622661113739,947.3665161132812,21.071319580078125,0.541946530342102,0.19307780265808105
False,False,False,True,1124,44.959999084472656,14.621174812316895,42.75886917114258,0.3905622661113739,947.3665161132812,21.071319580078125,0.541946530342102,0.19307780265808105
False,False,False,True,1124,44.959999084472656,14.543492317199707,42.741615295410156,0.3907199501991272,934.3792114257812,20.782455444335938,0.542116641998291,0.19308023154735565
False,False,False,True,1124,44.959999084472656,14.543492317199707,42.741615295410156,0.3907199501991272,934.3792114257812,20.782455444335938,0.542116641998291,0.19308023154735565
False,False,False,True,1124,44.959999084472656,14.543492317199707,42.741615295410156,0.3907199501991272,934.3792114257812,20.782455444335938,0.542116641998291,0.19308023154735565
False,False,False,True,1124,44.959999084472656,14.543492317199707,42.741615295410156,0.3907199501991272,934.3792114257812,20.782455444335938,0.542116641998291,0.19308023154735565
False,False,False,True,1124,44.959999084472656,14.543492317199707,42.741615295410156,0.3907199501991272,934.3792114257812,20.782455444335938,0.542116641998291,0.19308023154735565
False,False,False,True,1124,44.959999084472656,14.625326156616211,42.75578689575195,0.3905904293060303,955.5677490234375,21.25373077392578,0.5410033464431763,0.19310583174228668
False,False,False,True,1124,44.959999084472656,14.625326156616211,42.75578689575195,0.3905904293060303,955.5677490234375,21.25373077392578,0.5410033464431763,0.19310583174228668
False,False,False,True,1124,44.959999084472656,14.624091148376465,42.75489807128906,0.3905985355377197,937.871826171875,20.860139846801758,0.541946530342102,0.1930752545595169
False,False,False,True,1124,44.959999084472656,14.624091148376465,42.75489807128906,0.3905985355377197,937.871826171875,20.860139846801758,0.541946530342102,0.1930752545595169
False,False,False,True,1124,44.959999084472656,14.624150276184082,42.75541687011719,0.3905937969684601,942.6231079101562,20.965816497802734,0.5419869422912598,0.19308339059352875
False,False,False,True,1124,44.959999084472656,14.624150276184082,42.75541687011719,0.3905937969684601,942.6231079101562,20.965816497802734,0.5419869422912598,0.19308339059352875
False,False,False,True,1124,44.959999084472656,14.624091148376465,42.75489807128906,0.3905985355377197,937.871826171875,20.860139846801758,0.541946530342102,0.1930752545595169
False,False,False,True,1124,44.959999084472656,14.624091148376465,42.75489807128906,0.3905985355377197,937.871826171875,20.860139846801758,0.541946530342102,0.1930752545595169
False,False,False,True,1124,44.959999084472656,14.625326156616211,42.75578689575195,0.3905904293060303,955.5677490234375,21.25373077392578,0.5410033464431763,0.19310583174228668
False,False,False,True,1124,44.959999084472656,14.625326156616211,42.75578689575195,0.3905904293060303,955.5677490234375,21.25373077392578,0.5410033464431763,0.19310583174228668
False,False,False,True,1124,44.959999084472656,14.543492317199707,42.741615295410156,0.3907199501991272,934.3792114257812,20.782455444335938,0.542116641998291,0.19308023154735565
False,False,False,True,1124,44.959999084472656,14.543492317199707,42.741615295410156,0.3907199501991272,934.3792114257812,20.782455444335938,0.542116641998291,0.19308023154735565
False,False,False,True,1124,44.959999084472656,14.543492317199707,42.741615295410156,0.3907199501991272,934.3792114257812,20.782455444335938,0.542116641998291,0.19308023154735565
False,False,False,True,1124,44.959999084472656,14.543492317199707,42.741615295410156,0.3907199501991272,934.3792114257812,20.782455444335938,0.542116641998291,0.19308023154735565
False,False,False,True,1124,44.959999084472656,14.543492317199707,42.741615295410156,0.3907199501991272,934.3792114257812,20.782455444335938,0.542116641998291,0.19308023154735565
False,False,False,True,1124,44.959999084472656,14.621174812316895,42.75886917114258,0.3905622661113739,947.3665161132812,21.071319580078125,0.541946530342102,0.19307780265808105
False,False,False,True,1124,44.959999084472656,14.621174812316895,42.75886917114258,0.3905622661113739,947.3665161132812,21.071319580078125,0.541946530342102,0.19307780265808105
False,False,False,True,1124,44.959999084472656,14.621174812316895,42.75886917114258,0.3905622661113739,947.3665161132812,21.071319580078125,0.541946530342102,0.19307780265808105
False,False,False,True,1124,44.959999084472656,14.621174812316895,42.75886917114258,0.3905622661113739,947.3665161132812,21.071319580078125,0.541946530342102,0.19307780265808105
False,False,False,True,1124,44.959999084472656,14.621174812316895,42.75886917114258,0.3905622661113739,947.3665161132812,21.071319580078125,0.541946530342102,0.19307780265808105
False,False,False,True,1124,44.959999084472656,14.621174812316895,42.75886917114258,0.3905622661113739,947.3665161132812,21.071319580078125,0.541946530342102,0.19307780265808105
False,False,False,True,1124,44.959999084472656,14.621174812316895,42.75886917114258,0.3905622661113739,947.3665161132812,21.071319580078125,0.541946530342102,0.19307780265808105
False,False,False,True,1124,44.959999084472656,14.621174812316895,42.75886917114258,0.3905622661113739,947.3665161132812,21.071319580078125,0.541946530342102,0.19307780265808105
False,False,False,True,1124,44.959999084472656,14.621174812316895,42.75886917114258,0.3905622661113739,947.3665161132812,21.071319580078125,0.541946530342102,0.19307780265808105
False,False,False,True,1124,44.959999084472656,14.621174812316895,42.75886917114258,0.3905622661113739,947.3665161132812,21.071319580078125,0.541946530342102,0.19307780265808105
False,False,False,True,1124,44.959999084472656,14.621174812316895,42.75886917114258,0.3905622661113739,947.3665161132812,21.071319580078125,0.541946530342102,0.19307780265808105
False,False,False,True,1124,44.959999084472656,14.621174812316895,42.75886917114258,0.3905622661113739,947.3665161132812,21.071319580078125,0.541946530342102,0.19307780265808105
False,False,False,True,1124,44.959999084472656,14.543492317199707,42.741615295410156,0.3907199501991272,934.3792114257812,20.782455444335938,0.542116641998291,0.19308023154735565
False,False,False,True,1124,44.959999084472656,14.543492317199707,42.741615295410156,0.3907199501991272,934.3792114257812,20.782455444335938,0.542116641998291,0.19308023154735565
False,False,False,True,1124,44.959999084472656,14.543492317199707,42.741615295410156,0.3907199501991272,934.3792114257812,20.782455444335938,0.542116641998291,0.19308023154735565
False,False,False,True,1124,44.959999084472656,14.543492317199707,42.741615295410156,0.3907199501991272,934.3792114257812,20.782455444335938,0.542116641998291,0.19308023154735565
False,False,False,True,1124,44.959999084472656,14.543492317199707,42.741615295410156,0.3907199501991272,934.3792114257812,20.782455444335938,0.542116641998291,0.19308023154735565
False,False,False,True,1124,44.959999084472656,14.625326156616211,42.75578689575195,0.3905904293060303,955.5677490234375,21.25373077392578,0.5410033464431763,0.19310583174228668
False,False,False,True,1124,44.959999084472656,14.625326156616211,42.75578689575195,0.3905904293060303,955.5677490234375,21.25373077392578,0.5410033464431763,0.19310583174228668
False,False,False,True,1124,44.959999084472656,14.624091148376465,42.75489807128906,0.3905985355377197,937.871826171875,20.860139846801758,0.541946530342102,0.1930752545595169
False,False,False,True,1124,44.959999084472656,14.624091148376465,42.75489807128906,0.3905985355377197,937.871826171875,20.860139846801758,0.541946530342102,0.1930752545595169
False,False,False,True,1124,44.959999084472656,14.624150276184082,42.75541687011719,0.3905937969684601,942.6231079101562,20.965816497802734,0.5419869422912598,0.19308339059352875
False,False,False,True,1124,44.959999084472656,14.624150276184082,42.75541687011719,0.3905937969684601,942.6231079101562,20.965816497802734,0.5419869422912598,0.19308339059352875
False,False,False,True,1124,44.959999084472656,14.624091148376465,42.75489807128906,0.3905985355377197,937.871826171875,20.860139846801758,0.541946530342102,0.1930752545595169
False,False,False,True,1124,44.959999084472656,14.624091148376465,42.75489807128906,0.3905985355377197,937.871826171875,20.860139846801758,0.541946530342102,0.1930752545595169
False,False,False,True,1124,44.959999084472656,14.625326156616211,42.75578689575195,0.3905904293060303,955.5677490234375,21.25373077392578,0.5410033464431763,0.19310583174228668
False,False,False,True,1124,44.959999084472656,14.625326156616211,42.75578689575195,0.3905904293060303,955.5677490234375,21.25373077392578,0.5410033464431763,0.19310583174228668
False,False,False,True,1124,44.959999084472656,14.543492317199707,42.741615295410156,0.3907199501991272,934.3792114257812,20.782455444335938,0.542116641998291,0.19308023154735565
False,False,False,True,1124,44.959999084472656,14.543492317199707,42.741615295410156,0.3907199501991272,934.3792114257812,20.782455444335938,0.542116641998291,0.19308023154735565
False,False,False,True,1124,44.959999084472656,14.543492317199707,42.741615295410156,0.3907199501991272,934.3792114257812,20.782455444335938,0.542116641998291,0.19308023154735565
False,False,False,True,1124,44.959999084472656,14.543492317199707,42.741615295410156,0.3907199501991272,934.3792114257812,20.782455444335938,0.542116641998291,0.19308023154735565
False,False,False,True,1124,44.959999084472656,14.543492317199707,42.741615295410156,0.3907199501991272,934.3792114257812,20.782455444335938,0.542116641998291,0.19308023154735565
False,False,False,True,1124,44.959999084472656,14.621174812316895,42.75886917114258,0.3905622661113739,947.3665161132812,21.071319580078125,0.541946530342102,0.19307780265808105
False,False,False,True,1124,44.959999084472656,14.621174812316895,42.75886917114258,0.3905622661113739,947.3665161132812,21.071319580078125,0.541946530342102,0.19307780265808105
False,False,False,True,1124,44.959999084472656,14.621174812316895,42.75886917114258,0.3905622661113739,947.3665161132812,21.071319580078125,0.541946530342102,0.19307780265808105
False,False,False,True,1124,44.959999084472656,14.621174812316895,42.75886917114258,0.3905622661113739,947.3665161132812,21.071319580078125,0.541946530342102,0.19307780265808105
False,False,False,True,1124,44.959999084472656,14.621174812316895,42.75886917114258,0.3905622661113739,947.3665161132812,21.071319580078125,0.541946530342102,0.19307780265808105
False,False,False,True,1124,44.959999084472656,14.621174812316895,42.75886917114258,0.3905622661113739,947.3665161132812,21.071319580078125,0.541946530342102,0.19307780265808105
False,False,False,True,1124,44.959999084472656,14.621174812316895,42.75886917114258,0.3905622661113739,947.3665161132812,21.071319580078125,0.541946530342102,0.19307780265808105
False,False,False,True,1124,44.959999084472656,14.621174812316895,42.75886917114258,0.3905622661113739,947.3665161132812,21.071319580078125,0.541946530342102,0.19307780265808105
False,False,False,True,1124,44.959999084472656,14.621174812316895,42.75886917114258,0.3905622661113739,947.3665161132812,21.071319580078125,0.541946530342102,0.19307780265808105
False,False,False,True,1124,44.959999084472656,14.621174812316895,42.75886917114258,0.3905622661113739,947.3665161132812,21.071319580078125,0.541946530342102,0.19307780265808105
False,False,False,True,1124,44.959999084472656,14.621174812316895,42.75886917114258,0.3905622661113739,947.3665161132812,21.071319580078125,0.541946530342102,0.19307780265808105
False,False,False,True,1124,44.959999084472656,14.621174812316895,42.75886917114258,0.3905622661113739,947.3665161132812,21.071319580078125,0.541946530342102,0.19307780265808105
False,False,False,True,1124,44.959999084472656,14.543492317199707,42.741615295410156,0.3907199501991272,934.3792114257812,20.782455444335938,0.542116641998291,0.19308023154735565
False,False,False,True,1124,44.959999084472656,14.543492317199707,42.741615295410156,0.3907199501991272,934.3792114257812,20.782455444335938,0.542116641998291,0.19308023154735565
False,False,False,True,1124,44.959999084472656,14.543492317199707,42.741615295410156,0.3907199501991272,934.3792114257812,20.782455444335938,0.542116641998291,0.19308023154735565
False,False,False,True,1124,44.959999084472656,14.543492317199707,42.741615295410156,0.3907199501991272,934.3792114257812,20.782455444335938,0.542116641998291,0.19308023154735565
False,False,False,True,1124,44.959999084472656,14.543492317199707,42.741615295410156,0.3907199501991272,934.3792114257812,20.782455444335938,0.542116641998291,0.19308023154735565
False,False,False,True,1124,44.959999084472656,14.625326156616211,42.75578689575195,0.3905904293060303,955.5677490234375,21.25373077392578,0.5410033464431763,0.19310583174228668
False,False,False,True,1124,44.959999084472656,14.625326156616211,42.75578689575195,0.3905904293060303,955.5677490234375,21.25373077392578,0.5410033464431763,0.19310583174228668
False,False,False,True,1124,44.959999084472656,14.624091148376465,42.75489807128906,0.3905985355377197,937.871826171875,20.860139846801758,0.541946530342102,0.1930752545595169
False,False,False,True,1124,44.959999084472656,14.624091148376465,42.75489807128906,0.3905985355377197,937.871826171875,20.860139846801758,0.541946530342102,0.1930752545595169
False,False,False,True,1124,44.959999084472656,14.624150276184082,42.75541687011719,0.3905937969684601,942.6231079101562,20.965816497802734,0.5419869422912598,0.19308339059352875
False,False,False,True,1124,44.959999084472656,14.624150276184082,42.75541687011719,0.3905937969684601,942.6231079101562,20.965816497802734,0.5419869422912598,0.19308339059352875
False,False,False,True,1124,44.959999084472656,14.624091148376465,42.75489807128906,0.3905985355377197,937.871826171875,20.860139846801758,0.541946530342102,0.1930752545595169
False,False,False,True,1124,44.959999084472656,14.624091148376465,42.75489807128906,0.3905985355377197,937.871826171875,20.860139846801758,0.541946530342102,0.1930752545595169
False,False,False,True,1124,44.959999084472656,14.625326156616211,42.75578689575195,0.3905904293060303,955.5677490234375,21.25373077392578,0.5410033464431763,0.19310583174228668
False,False,False,True,1124,44.959999084472656,14.625326156616211,42.75578689575195,0.3905904293060303,955.5677490234375,21.25373077392578,0.5410033464431763,0.19310583174228668
False,False,False,True,1124,44.959999084472656,14.543492317199707,42.741615295410156,0.3907199501991272,934.3792114257812,20.782455444335938,0.542116641998291,0.19308023154735565
False,False,False,True,1124,44.959999084472656,14.543492317199707,42.741615295410156,0.3907199501991272,934.3792114257812,20.782455444335938,0.542116641998291,0.19308023154735565
False,False,False,True,1124,44.959999084472656,14.543492317199707,42.741615295410156,0.3907199501991272,934.3792114257812,20.782455444335938,0.542116641998291,0.19308023154735565
False,False,False,True,1124,44.959999084472656,14.543492317199707,42.741615295410156,0.3907199501991272,934.3792114257812,20.782455444335938,0.542116641998291,0.19308023154735565
False,False,False,True,1124,44.959999084472656,14.543492317199707,42.741615295410156,0.3907199501991272,934.3792114257812,20.782455444335938,0.542116641998291,0.19308023154735565
False,False,False,True,1124,44.959999084472656,14.621174812316895,42.75886917114258,0.3905622661113739,947.3665161132812,21.071319580078125,0.541946530342102,0.19307780265808105
False,False,False,True,1124,44.959999084472656,14.621174812316895,42.75886917114258,0.3905622661113739,947.3665161132812,21.071319580078125,0.541946530342102,0.19307780265808105
False,False,False,True,1124,44.959999084472656,14.621174812316895,42.75886917114258,0.3905622661113739,947.3665161132812,21.071319580078125,0.541946530342102,0.19307780265808105
False,False,False,True,1124,44.959999084472656,14.621174812316895,42.75886917114258,0.3905622661113739,947.3665161132812,21.071319580078125,0.541946530342102,0.19307780265808105
False,False,False,True,1124,44.959999084472656,14.621174812316895,42.75886917114258,0.3905622661113739,947.3665161132812,21.071319580078125,0.541946530342102,0.19307780265808105
False,False,False,True,1124,44.959999084472656,14.621174812316895,42.75886917114258,0.3905622661113739,947.3665161132812,21.071319580078125,0.541946530342102,0.19307780265808105
False,False,False,True,1124,44.959999084472656,14.621174812316895,42.75886917114258,0.3905622661113739,947.3665161132812,21.071319580078125,0.541946530342102,0.19307780265808105
False,False,False,True,1124,44.959999084472656,14.621174812316895,42.75886917114258,0.3905622661113739,947.3665161132812,21.071319580078125,0.541946530342102,0.19307780265808105
False,False,False,True,1124,44.959999084472656,14.621174812316895,42.75886917114258,0.3905622661113739,947.3665161132812,21.071319580078125,0.541946530342102,0.19307780265808105
False,False,False,True,1124,44.959999084472656,14.621174812316895,42.75886917114258,0.3905622661113739,947.3665161132812,21.071319580078125,0.541946530342102,0.19307780265808105
False,False,False,True,1124,44.959999084472656,14.621174812316895,42.75886917114258,0.3905622661113739,947.3665161132812,21.071319580078125,0.541946530342102,0.19307780265808105
False,False,False,True,1124,44.959999084472656,14.621174812316895,42.75886917114258,0.3905622661113739,947.3665161132812,21.071319580078125,0.541946530342102,0.19307780265808105
False,False,False,True,1124,44.959999084472656,14.543492317199707,42.741615295410156,0.3907199501991272,934.3792114257812,20.782455444335938,0.542116641998291,0.19308023154735565
False,False,False,True,1124,44.959999084472656,14.543492317199707,42.741615295410156,0.3907199501991272,934.3792114257812,20.782455444335938,0.542116641998291,0.19308023154735565
False,False,False,True,1124,44.959999084472656,14.543492317199707,42.741615295410156,0.3907199501991272,934.3792114257812,20.782455444335938,0.542116641998291,0.19308023154735565
False,False,False,True,1124,44.959999084472656,14.543492317199707,42.741615295410156,0.3907199501991272,934.3792114257812,20.782455444335938,0.542116641998291,0.19308023154735565
False,False,False,True,1124,44.959999084472656,14.543492317199707,42.741615295410156,0.3907199501991272,934.3792114257812,20.782455444335938,0.542116641998291,0.19308023154735565
False,False,False,True,1124,44.959999084472656,14.625326156616211,42.75578689575195,0.3905904293060303,955.5677490234375,21.25373077392578,0.5410033464431763,0.19310583174228668
False,False,False,True,1124,44.959999084472656,14.625326156616211,42.75578689575195,0.3905904293060303,955.5677490234375,21.25373077392578,0.5410033464431763,0.19310583174228668
False,False,False,True,1124,44.959999084472656,14.624091148376465,42.75489807128906,0.3905985355377197,937.871826171875,20.860139846801758,0.541946530342102,0.1930752545595169
False,False,False,True,1124,44.959999084472656,14.624091148376465,42.75489807128906,0.3905985355377197,937.871826171875,20.860139846801758,0.541946530342102,0.1930752545595169
False,False,False,True,1124,44.959999084472656,14.624150276184082,42.75541687011719,0.3905937969684601,942.6231079101562,20.965816497802734,0.5419869422912598,0.19308339059352875
False,False,False,True,1124,44.959999084472656,14.624150276184082,42.75541687011719,0.3905937969684601,942.6231079101562,20.965816497802734,0.5419869422912598,0.19308339059352875
False,False,False,True,1124,44.959999084472656,14.624091148376465,42.75489807128906,0.3905985355377197,937.871826171875,20.860139846801758,0.541946530342102,0.1930752545595169
False,False,False,True,1124,44.959999084472656,14.624091148376465,42.75489807128906,0.3905985355377197,937.871826171875,20.860139846801758,0.541946530342102,0.1930752545595169
False,False,False,True,1124,44.959999084472656,14.625326156616211,42.75578689575195,0.3905904293060303,955.5677490234375,21.25373077392578,0.5410033464431763,0.19310583174228668
False,False,False,True,1124,44.959999084472656,14.625326156616211,42.75578689575195,0.3905904293060303,955.5677490234375,21.25373077392578,0.5410033464431763,0.19310583174228668
False,False,False,True,1124,44.959999084472656,14.543492317199707,42.741615295410156,0.3907199501991272,934.3792114257812,20.782455444335938,0.542116641998291,0.19308023154735565
False,False,False,True,1124,44.959999084472656,14.543492317199707,42.741615295410156,0.3907199501991272,934.3792114257812,20.782455444335938,0.542116641998291,0.19308023154735565
False,False,False,True,1124,44.959999084472656,14.543492317199707,42.741615295410156,0.3907199501991272,934.3792114257812,20.782455444335938,0.542116641998291,0.19308023154735565
False,False,False,True,1124,44.959999084472656,14.543492317199707,42.741615295410156,0.3907199501991272,934.3792114257812,20.782455444335938,0.542116641998291,0.19308023154735565
False,False,False,True,1124,44.959999084472656,14.543492317199707,42.741615295410156,0.3907199501991272,934.3792114257812,20.782455444335938,0.542116641998291,0.19308023154735565
False,False,False,True,1124,44.959999084472656,14.621174812316895,42.75886917114258,0.3905622661113739,947.3665161132812,21.071319580078125,0.541946530342102,0.19307780265808105
False,False,False,True,1124,44.959999084472656,14.621174812316895,42.75886917114258,0.3905622661113739,947.3665161132812,21.071319580078125,0.541946530342102,0.19307780265808105
False,False,False,True,1124,44.959999084472656,14.621174812316895,42.75886917114258,0.3905622661113739,947.3665161132812,21.071319580078125,0.541946530342102,0.19307780265808105
False,False,False,True,1124,44.959999084472656,14.621174812316895,42.75886917114258,0.3905622661113739,947.3665161132812,21.071319580078125,0.541946530342102,0.19307780265808105
False,False,False,True,1124,44.959999084472656,14.621174812316895,42.75886917114258,0.3905622661113739,947.3665161132812,21.071319580078125,0.541946530342102,0.19307780265808105
False,False,False,True,1124,44.959999084472656,14.621174812316895,42.75886917114258,0.3905622661113739,947.3665161132812,21.071319580078125,0.541946530342102,0.19307780265808105
False,False,False,True,1124,44.959999084472656,14.534400939941406,42.75716781616211,0.3905778229236603,965.01220703125,21.463794708251953,0.5420479774475098,0.1931334137916565
False,False,False,True,1124,44.959999084472656,14.534400939941406,42.75716781616211,0.3905778229236603,965.01220703125,21.463794708251953,0.5420479774475098,0.1931334137916565
False,False,False,True,1124,44.959999084472656,14.534400939941406,42.75716781616211,0.3905778229236603,965.01220703125,21.463794708251953,0.5420479774475098,0.1931334137916565
False,False,False,True,1124,44.959999084472656,14.534400939941406,42.75716781616211,0.3905778229236603,965.01220703125,21.463794708251953,0.5420479774475098,0.1931334137916565
False,False,False,True,1124,44.959999084472656,14.534400939941406,42.75716781616211,0.3905778229236603,965.01220703125,21.463794708251953,0.5420479774475098,0.1931334137916565
False,False,False,True,1124,44.959999084472656,14.534400939941406,42.75716781616211,0.3905778229236603,965.01220703125,21.463794708251953,0.5420479774475098,0.1931334137916565
False,False,False,True,1124,44.959999084472656,14.534226417541504,42.75014114379883,0.390641987323761,891.2284545898438,19.822696685791016,0.5422179698944092,0.19300825893878937
False,False,False,True,1124,44.959999084472656,14.534226417541504,42.75014114379883,0.390641987323761,891.2284545898438,19.822696685791016,0.5422179698944092,0.19300825893878937
False,False,False,True,1124,44.959999084472656,14.534226417541504,42.75014114379883,0.390641987323761,891.2284545898438,19.822696685791016,0.5422179698944092,0.19300825893878937
False,False,False,True,1124,44.959999084472656,14.534226417541504,42.75014114379883,0.390641987323761,891.2284545898438,19.822696685791016,0.5422179698944092,0.19300825893878937
False,False,False,True,1124,44.959999084472656,14.534226417541504,42.75014114379883,0.390641987323761,891.2284545898438,19.822696685791016,0.5422179698944092,0.19300825893878937
False,False,False,True,1124,44.959999084472656,14.534852027893066,42.752479553222656,0.3906206488609314,934.380615234375,20.782487869262695,0.542030930519104,0.1930643916130066
False,False,False,True,1124,44.959999084472656,14.534852027893066,42.752479553222656,0.3906206488609314,934.380615234375,20.782487869262695,0.542030930519104,0.1930643916130066
False,False,False,True,1124,44.959999084472656,14.615188598632812,42.765926361083984,0.3904978036880493,942.6219482421875,20.965791702270508,0.5420479774475098,0.19307655096054077
False,False,False,True,1124,44.959999084472656,14.615188598632812,42.765926361083984,0.3904978036880493,942.6219482421875,20.965791702270508,0.5420479774475098,0.19307655096054077
False,False,False,True,1124,44.959999084472656,14.615070343017578,42.766963958740234,0.39048832654953003,951.2549438476562,21.157806396484375,0.5420840978622437,0.19308342039585114
False,False,False,True,1124,44.959999084472656,14.615070343017578,42.766963958740234,0.39048832654953003,951.2549438476562,21.157806396484375,0.5420840978622437,0.19308342039585114
False,False,False,True,1124,44.959999084472656,14.615188598632812,42.765926361083984,0.3904978036880493,942.6219482421875,20.965791702270508,0.5420479774475098,0.19307655096054077
False,False,False,True,1124,44.959999084472656,14.615188598632812,42.765926361083984,0.3904978036880493,942.6219482421875,20.965791702270508,0.5420479774475098,0.19307655096054077
False,False,False,True,1124,44.959999084472656,14.534852027893066,42.752479553222656,0.3906206488609314,934.380615234375,20.782487869262695,0.542030930519104,0.1930643916130066
False,False,False,True,1124,44.959999084472656,14.534852027893066,42.752479553222656,0.3906206488609314,934.380615234375,20.782487869262695,0.542030930519104,0.1930643916130066
False,False,False,True,1124,44.959999084472656,14.534226417541504,42.75014114379883,0.390641987323761,891.2284545898438,19.822696685791016,0.5422179698944092,0.19300825893878937
False,False,False,True,1124,44.959999084472656,14.534226417541504,42.75014114379883,0.390641987323761,891.2284545898438,19.822696685791016,0.5422179698944092,0.19300825893878937
False,False,False,True,1124,44.959999084472656,14.534226417541504,42.75014114379883,0.390641987323761,891.2284545898438,19.822696685791016,0.5422179698944092,0.19300825893878937
False,False,False,True,1124,44.959999084472656,14.534226417541504,42.75014114379883,0.390641987323761,891.2284545898438,19.822696685791016,0.5422179698944092,0.19300825893878937
False,False,False,True,1124,44.959999084472656,14.534226417541504,42.75014114379883,0.390641987323761,891.2284545898438,19.822696685791016,0.5422179698944092,0.19300825893878937
False,False,False,True,1124,44.959999084472656,14.534400939941406,42.75716781616211,0.3905778229236603,965.01220703125,21.463794708251953,0.5420479774475098,0.1931334137916565
False,False,False,True,1124,44.959999084472656,14.534400939941406,42.75716781616211,0.3905778229236603,965.01220703125,21.463794708251953,0.5420479774475098,0.1931334137916565
False,False,False,True,1124,44.959999084472656,14.534400939941406,42.75716781616211,0.3905778229236603,965.01220703125,21.463794708251953,0.5420479774475098,0.1931334137916565
False,False,False,True,1124,44.959999084472656,14.534400939941406,42.75716781616211,0.3905778229236603,965.01220703125,21.463794708251953,0.5420479774475098,0.1931334137916565
False,False,False,True,1124,44.959999084472656,14.534400939941406,42.75716781616211,0.3905778229236603,965.01220703125,21.463794708251953,0.5420479774475098,0.1931334137916565
False,False,False,True,1124,44.959999084472656,14.534400939941406,42.75716781616211,0.3905778229236603,965.01220703125,21.463794708251953,0.5420479774475098,0.1931334137916565
False,False,False,True,1124,44.959999084472656,14.534400939941406,42.75716781616211,0.3905778229236603,965.01220703125,21.463794708251953,0.5420479774475098,0.1931334137916565
False,False,False,True,1124,44.959999084472656,14.534400939941406,42.75716781616211,0.3905778229236603,965.01220703125,21.463794708251953,0.5420479774475098,0.1931334137916565
False,False,False,True,1124,44.959999084472656,14.534400939941406,42.75716781616211,0.3905778229236603,965.01220703125,21.463794708251953,0.5420479774475098,0.1931334137916565
False,False,False,True,1124,44.959999084472656,14.534400939941406,42.75716781616211,0.3905778229236603,965.01220703125,21.463794708251953,0.5420479774475098,0.1931334137916565
False,False,False,True,1124,44.959999084472656,14.534400939941406,42.75716781616211,0.3905778229236603,965.01220703125,21.463794708251953,0.5420479774475098,0.1931334137916565
False,False,False,True,1124,44.959999084472656,14.534400939941406,42.75716781616211,0.3905778229236603,965.01220703125,21.463794708251953,0.5420479774475098,0.1931334137916565
False,False,False,True,1124,44.959999084472656,14.534226417541504,42.75014114379883,0.390641987323761,891.2284545898438,19.822696685791016,0.5422179698944092,0.19300825893878937
False,False,False,True,1124,44.959999084472656,14.534226417541504,42.75014114379883,0.390641987323761,891.2284545898438,19.822696685791016,0.5422179698944092,0.19300825893878937
False,False,False,True,1124,44.959999084472656,14.534226417541504,42.75014114379883,0.390641987323761,891.2284545898438,19.822696685791016,0.5422179698944092,0.19300825893878937
False,False,False,True,1124,44.959999084472656,14.534226417541504,42.75014114379883,0.390641987323761,891.2284545898438,19.822696685791016,0.5422179698944092,0.19300825893878937
False,False,False,True,1124,44.959999084472656,14.534226417541504,42.75014114379883,0.390641987323761,891.2284545898438,19.822696685791016,0.5422179698944092,0.19300825893878937
False,False,False,True,1124,44.959999084472656,14.534852027893066,42.752479553222656,0.3906206488609314,934.380615234375,20.782487869262695,0.542030930519104,0.1930643916130066
False,False,False,True,1124,44.959999084472656,14.534852027893066,42.752479553222656,0.3906206488609314,934.380615234375,20.782487869262695,0.542030930519104,0.1930643916130066
False,False,False,True,1124,44.959999084472656,14.615188598632812,42.765926361083984,0.3904978036880493,942.6219482421875,20.965791702270508,0.5420479774475098,0.19307655096054077
False,False,False,True,1124,44.959999084472656,14.615188598632812,42.765926361083984,0.3904978036880493,942.6219482421875,20.965791702270508,0.5420479774475098,0.19307655096054077
False,False,False,True,1124,44.959999084472656,14.615070343017578,42.766963958740234,0.39048832654953003,951.2549438476562,21.157806396484375,0.5420840978622437,0.19308342039585114
False,False,False,True,1124,44.959999084472656,14.615070343017578,42.766963958740234,0.39048832654953003,951.2549438476562,21.157806396484375,0.5420840978622437,0.19308342039585114
False,False,False,True,1124,44.959999084472656,14.615188598632812,42.765926361083984,0.3904978036880493,942.6219482421875,20.965791702270508,0.5420479774475098,0.19307655096054077
False,False,False,True,1124,44.959999084472656,14.615188598632812,42.765926361083984,0.3904978036880493,942.6219482421875,20.965791702270508,0.5420479774475098,0.19307655096054077
False,False,False,True,1124,44.959999084472656,14.534852027893066,42.752479553222656,0.3906206488609314,934.380615234375,20.782487869262695,0.542030930519104,0.1930643916130066
False,False,False,True,1124,44.959999084472656,14.534852027893066,42.752479553222656,0.3906206488609314,934.380615234375,20.782487869262695,0.542030930519104,0.1930643916130066
False,False,False,True,1124,44.959999084472656,14.534226417541504,42.75014114379883,0.390641987323761,891.2284545898438,19.822696685791016,0.5422179698944092,0.19300825893878937
False,False,False,True,1124,44.959999084472656,14.534226417541504,42.75014114379883,0.390641987323761,891.2284545898438,19.822696685791016,0.5422179698944092,0.19300825893878937
False,False,False,True,1124,44.959999084472656,14.534226417541504,42.75014114379883,0.390641987323761,891.2284545898438,19.822696685791016,0.5422179698944092,0.19300825893878937
False,False,False,True,1124,44.959999084472656,14.534226417541504,42.75014114379883,0.390641987323761,891.2284545898438,19.822696685791016,0.5422179698944092,0.19300825893878937
False,False,False,True,1124,44.959999084472656,14.534226417541504,42.75014114379883,0.390641987323761,891.2284545898438,19.822696685791016,0.5422179698944092,0.19300825893878937
False,False,False,True,1124,44.959999084472656,14.534400939941406,42.75716781616211,0.3905778229236603,965.01220703125,21.463794708251953,0.5420479774475098,0.1931334137916565
False,False,False,True,1124,44.959999084472656,14.534400939941406,42.75716781616211,0.3905778229236603,965.01220703125,21.463794708251953,0.5420479774475098,0.1931334137916565
False,False,False,True,1124,44.959999084472656,14.534400939941406,42.75716781616211,0.3905778229236603,965.01220703125,21.463794708251953,0.5420479774475098,0.1931334137916565
False,False,False,True,1124,44.959999084472656,14.534400939941406,42.75716781616211,0.3905778229236603,965.01220703125,21.463794708251953,0.5420479774475098,0.1931334137916565
False,False,False,True,1124,44.959999084472656,14.534400939941406,42.75716781616211,0.3905778229236603,965.01220703125,21.463794708251953,0.5420479774475098,0.1931334137916565
False,False,False,True,1124,44.959999084472656,14.534400939941406,42.75716781616211,0.3905778229236603,965.01220703125,21.463794708251953,0.5420479774475098,0.1931334137916565
False,False,False,True,1124,44.959999084472656,14.534400939941406,42.75716781616211,0.3905778229236603,965.01220703125,21.463794708251953,0.5420479774475098,0.1931334137916565
False,False,False,True,1124,44.959999084472656,14.534400939941406,42.75716781616211,0.3905778229236603,965.01220703125,21.463794708251953,0.5420479774475098,0.1931334137916565
False,False,False,True,1124,44.959999084472656,14.534400939941406,42.75716781616211,0.3905778229236603,965.01220703125,21.463794708251953,0.5420479774475098,0.1931334137916565
False,False,False,True,1124,44.959999084472656,14.534400939941406,42.75716781616211,0.3905778229236603,965.01220703125,21.463794708251953,0.5420479774475098,0.1931334137916565
False,False,False,True,1124,44.959999084472656,14.534400939941406,42.75716781616211,0.3905778229236603,965.01220703125,21.463794708251953,0.5420479774475098,0.1931334137916565
False,False,False,True,1124,44.959999084472656,14.534400939941406,42.75716781616211,0.3905778229236603,965.01220703125,21.463794708251953,0.5420479774475098,0.1931334137916565
False,False,False,True,1124,44.959999084472656,14.534226417541504,42.75014114379883,0.390641987323761,891.2284545898438,19.822696685791016,0.5422179698944092,0.19300825893878937
False,False,False,True,1124,44.959999084472656,14.534226417541504,42.75014114379883,0.390641987323761,891.2284545898438,19.822696685791016,0.5422179698944092,0.19300825893878937
False,False,False,True,1124,44.959999084472656,14.534226417541504,42.75014114379883,0.390641987323761,891.2284545898438,19.822696685791016,0.5422179698944092,0.19300825893878937
False,False,False,True,1124,44.959999084472656,14.534226417541504,42.75014114379883,0.390641987323761,891.2284545898438,19.822696685791016,0.5422179698944092,0.19300825893878937
False,False,False,True,1124,44.959999084472656,14.534226417541504,42.75014114379883,0.390641987323761,891.2284545898438,19.822696685791016,0.5422179698944092,0.19300825893878937
False,False,False,True,1124,44.959999084472656,14.534852027893066,42.752479553222656,0.3906206488609314,934.380615234375,20.782487869262695,0.542030930519104,0.1930643916130066
False,False,False,True,1124,44.959999084472656,14.534852027893066,42.752479553222656,0.3906206488609314,934.380615234375,20.782487869262695,0.542030930519104,0.1930643916130066
False,False,False,True,1124,44.959999084472656,14.615188598632812,42.765926361083984,0.3904978036880493,942.6219482421875,20.965791702270508,0.5420479774475098,0.19307655096054077
False,False,False,True,1124,44.959999084472656,14.615188598632812,42.765926361083984,0.3904978036880493,942.6219482421875,20.965791702270508,0.5420479774475098,0.19307655096054077
False,False,False,True,1124,44.959999084472656,14.615070343017578,42.766963958740234,0.39048832654953003,951.2549438476562,21.157806396484375,0.5420840978622437,0.19308342039585114
False,False,False,True,1124,44.959999084472656,14.615070343017578,42.766963958740234,0.39048832654953003,951.2549438476562,21.157806396484375,0.5420840978622437,0.19308342039585114
False,False,False,True,1124,44.959999084472656,14.615188598632812,42.765926361083984,0.3904978036880493,942.6219482421875,20.965791702270508,0.5420479774475098,0.19307655096054077
False,False,False,True,1124,44.959999084472656,14.615188598632812,42.765926361083984,0.3904978036880493,942.6219482421875,20.965791702270508,0.5420479774475098,0.19307655096054077
False,False,False,True,1124,44.959999084472656,14.534852027893066,42.752479553222656,0.3906206488609314,934.380615234375,20.782487869262695,0.542030930519104,0.1930643916130066
False,False,False,True,1124,44.959999084472656,14.534852027893066,42.752479553222656,0.3906206488609314,934.380615234375,20.782487869262695,0.542030930519104,0.1930643916130066
False,False,False,True,1124,44.959999084472656,14.534226417541504,42.75014114379883,0.390641987323761,891.2284545898438,19.822696685791016,0.5422179698944092,0.19300825893878937
False,False,False,True,1124,44.959999084472656,14.534226417541504,42.75014114379883,0.390641987323761,891.2284545898438,19.822696685791016,0.5422179698944092,0.19300825893878937
False,False,False,True,1124,44.959999084472656,14.534226417541504,42.75014114379883,0.390641987323761,891.2284545898438,19.822696685791016,0.5422179698944092,0.19300825893878937
False,False,False,True,1124,44.959999084472656,14.534226417541504,42.75014114379883,0.390641987323761,891.2284545898438,19.822696685791016,0.5422179698944092,0.19300825893878937
False,False,False,True,1124,44.959999084472656,14.534226417541504,42.75014114379883,0.390641987323761,891.2284545898438,19.822696685791016,0.5422179698944092,0.19300825893878937
False,False,False,True,1124,44.959999084472656,14.534400939941406,42.75716781616211,0.3905778229236603,965.01220703125,21.463794708251953,0.5420479774475098,0.1931334137916565
False,False,False,True,1124,44.959999084472656,14.534400939941406,42.75716781616211,0.3905778229236603,965.01220703125,21.463794708251953,0.5420479774475098,0.1931334137916565
False,False,False,True,1124,44.959999084472656,14.534400939941406,42.75716781616211,0.3905778229236603,965.01220703125,21.463794708251953,0.5420479774475098,0.1931334137916565
False,False,False,True,1124,44.959999084472656,14.534400939941406,42.75716781616211,0.3905778229236603,965.01220703125,21.463794708251953,0.5420479774475098,0.1931334137916565
False,False,False,True,1124,44.959999084472656,14.534400939941406,42.75716781616211,0.3905778229236603,965.01220703125,21.463794708251953,0.5420479774475098,0.1931334137916565
False,False,False,True,1124,44.959999084472656,14.534400939941406,42.75716781616211,0.3905778229236603,965.01220703125,21.463794708251953,0.5420479774475098,0.1931334137916565
False,False,False,True,1124,44.959999084472656,14.534400939941406,42.75716781616211,0.3905778229236603,965.01220703125,21.463794708251953,0.5420479774475098,0.1931334137916565
False,False,False,True,1124,44.959999084472656,14.534400939941406,42.75716781616211,0.3905778229236603,965.01220703125,21.463794708251953,0.5420479774475098,0.1931334137916565
False,False,False,True,1124,44.959999084472656,14.534400939941406,42.75716781616211,0.3905778229236603,965.01220703125,21.463794708251953,0.5420479774475098,0.1931334137916565
False,False,False,True,1124,44.959999084472656,14.534400939941406,42.75716781616211,0.3905778229236603,965.01220703125,21.463794708251953,0.5420479774475098,0.1931334137916565
False,False,False,True,1124,44.959999084472656,14.534400939941406,42.75716781616211,0.3905778229236603,965.01220703125,21.463794708251953,0.5420479774475098,0.1931334137916565
False,False,False,True,1124,44.959999084472656,14.534400939941406,42.75716781616211,0.3905778229236603,965.01220703125,21.463794708251953,0.5420479774475098,0.1931334137916565
False,False,False,True,1124,44.959999084472656,14.534226417541504,42.75014114379883,0.390641987323761,891.2284545898438,19.822696685791016,0.5422179698944092,0.19300825893878937
False,False,False,True,1124,44.959999084472656,14.534226417541504,42.75014114379883,0.390641987323761,891.2284545898438,19.822696685791016,0.5422179698944092,0.19300825893878937
False,False,False,True,1124,44.959999084472656,14.534226417541504,42.75014114379883,0.390641987323761,891.2284545898438,19.822696685791016,0.5422179698944092,0.19300825893878937
False,False,False,True,1124,44.959999084472656,14.534226417541504,42.75014114379883,0.390641987323761,891.2284545898438,19.822696685791016,0.5422179698944092,0.19300825893878937
False,False,False,True,1124,44.959999084472656,14.534226417541504,42.75014114379883,0.390641987323761,891.2284545898438,19.822696685791016,0.5422179698944092,0.19300825893878937
False,False,False,True,1124,44.959999084472656,14.534852027893066,42.752479553222656,0.3906206488609314,934.380615234375,20.782487869262695,0.542030930519104,0.1930643916130066
False,False,False,True,1124,44.959999084472656,14.534852027893066,42.752479553222656,0.3906206488609314,934.380615234375,20.782487869262695,0.542030930519104,0.1930643916130066
False,False,False,True,1124,44.959999084472656,14.615188598632812,42.765926361083984,0.3904978036880493,942.6219482421875,20.965791702270508,0.5420479774475098,0.19307655096054077
False,False,False,True,1124,44.959999084472656,14.615188598632812,42.765926361083984,0.3904978036880493,942.6219482421875,20.965791702270508,0.5420479774475098,0.19307655096054077
False,False,False,True,1124,44.959999084472656,14.615070343017578,42.766963958740234,0.39048832654953003,951.2549438476562,21.157806396484375,0.5420840978622437,0.19308342039585114
False,False,False,True,1124,44.959999084472656,14.615070343017578,42.766963958740234,0.39048832654953003,951.2549438476562,21.157806396484375,0.5420840978622437,0.19308342039585114
False,False,False,True,1124,44.959999084472656,14.615188598632812,42.765926361083984,0.3904978036880493,942.6219482421875,20.965791702270508,0.5420479774475098,0.19307655096054077
False,False,False,True,1124,44.959999084472656,14.615188598632812,42.765926361083984,0.3904978036880493,942.6219482421875,20.965791702270508,0.5420479774475098,0.19307655096054077
False,False,False,True,1124,44.959999084472656,14.534852027893066,42.752479553222656,0.3906206488609314,934.380615234375,20.782487869262695,0.542030930519104,0.1930643916130066
False,False,False,True,1124,44.959999084472656,14.534852027893066,42.752479553222656,0.3906206488609314,934.380615234375,20.782487869262695,0.542030930519104,0.1930643916130066
False,False,False,True,1124,44.959999084472656,14.534226417541504,42.75014114379883,0.390641987323761,891.2284545898438,19.822696685791016,0.5422179698944092,0.19300825893878937
False,False,False,True,1124,44.959999084472656,14.534226417541504,42.75014114379883,0.390641987323761,891.2284545898438,19.822696685791016,0.5422179698944092,0.19300825893878937
False,False,False,True,1124,44.959999084472656,14.534226417541504,42.75014114379883,0.390641987323761,891.2284545898438,19.822696685791016,0.5422179698944092,0.19300825893878937
False,False,False,True,1124,44.959999084472656,14.534226417541504,42.75014114379883,0.390641987323761,891.2284545898438,19.822696685791016,0.5422179698944092,0.19300825893878937
False,False,False,True,1124,44.959999084472656,14.534226417541504,42.75014114379883,0.390641987323761,891.2284545898438,19.822696685791016,0.5422179698944092,0.19300825893878937
False,False,False,True,1124,44.959999084472656,14.534400939941406,42.75716781616211,0.3905778229236603,965.01220703125,21.463794708251953,0.5420479774475098,0.1931334137916565
False,False,False,True,1124,44.959999084472656,14.534400939941406,42.75716781616211,0.3905778229236603,965.01220703125,21.463794708251953,0.5420479774475098,0.1931334137916565
False,False,False,True,1124,44.959999084472656,14.534400939941406,42.75716781616211,0.3905778229236603,965.01220703125,21.463794708251953,0.5420479774475098,0.1931334137916565
False,False,False,True,1124,44.959999084472656,14.534400939941406,42.75716781616211,0.3905778229236603,965.01220703125,21.463794708251953,0.5420479774475098,0.1931334137916565
False,False,False,True,1124,44.959999084472656,14.534400939941406,42.75716781616211,0.3905778229236603,965.01220703125,21.463794708251953,0.5420479774475098,0.1931334137916565
False,False,False,True,1124,44.959999084472656,14.534400939941406,42.75716781616211,0.3905778229236603,965.01220703125,21.463794708251953,0.5420479774475098,0.1931334137916565
False,False,False,True,1124,44.959999084472656,14.534400939941406,42.75716781616211,0.3905778229236603,965.01220703125,21.463794708251953,0.5420479774475098,0.1931334137916565
False,False,False,True,1124,44.959999084472656,14.534400939941406,42.75716781616211,0.3905778229236603,965.01220703125,21.463794708251953,0.5420479774475098,0.1931334137916565
False,False,False,True,1124,44.959999084472656,14.534400939941406,42.75716781616211,0.3905778229236603,965.01220703125,21.463794708251953,0.5420479774475098,0.1931334137916565
False,False,False,True,1124,44.959999084472656,14.534400939941406,42.75716781616211,0.3905778229236603,965.01220703125,21.463794708251953,0.5420479774475098,0.1931334137916565
False,False,False,True,1124,44.959999084472656,14.534400939941406,42.75716781616211,0.3905778229236603,965.01220703125,21.463794708251953,0.5420479774475098,0.1931334137916565
False,False,False,True,1124,44.959999084472656,14.534400939941406,42.75716781616211,0.3905778229236603,965.01220703125,21.463794708251953,0.5420479774475098,0.1931334137916565
False,False,False,True,1124,44.959999084472656,14.534226417541504,42.75014114379883,0.390641987323761,891.2284545898438,19.822696685791016,0.5422179698944092,0.19300825893878937
False,False,False,True,1124,44.959999084472656,14.534226417541504,42.75014114379883,0.390641987323761,891.2284545898438,19.822696685791016,0.5422179698944092,0.19300825893878937
False,False,False,True,1124,44.959999084472656,14.534226417541504,42.75014114379883,0.390641987323761,891.2284545898438,19.822696685791016,0.5422179698944092,0.19300825893878937
False,False,False,True,1124,44.959999084472656,14.534226417541504,42.75014114379883,0.390641987323761,891.2284545898438,19.822696685791016,0.5422179698944092,0.19300825893878937
False,False,False,True,1124,44.959999084472656,14.534226417541504,42.75014114379883,0.390641987323761,891.2284545898438,19.822696685791016,0.5422179698944092,0.19300825893878937
False,False,False,True,1124,44.959999084472656,14.534852027893066,42.752479553222656,0.3906206488609314,934.380615234375,20.782487869262695,0.542030930519104,0.1930643916130066
False,False,False,True,1124,44.959999084472656,14.534852027893066,42.752479553222656,0.3906206488609314,934.380615234375,20.782487869262695,0.542030930519104,0.1930643916130066
False,False,False,True,1124,44.959999084472656,14.615188598632812,42.765926361083984,0.3904978036880493,942.6219482421875,20.965791702270508,0.5420479774475098,0.19307655096054077
False,False,False,True,1124,44.959999084472656,14.615188598632812,42.765926361083984,0.3904978036880493,942.6219482421875,20.965791702270508,0.5420479774475098,0.19307655096054077
False,False,False,True,1124,44.959999084472656,14.615070343017578,42.766963958740234,0.39048832654953003,951.2549438476562,21.157806396484375,0.5420840978622437,0.19308342039585114
False,False,False,True,1124,44.959999084472656,14.615070343017578,42.766963958740234,0.39048832654953003,951.2549438476562,21.157806396484375,0.5420840978622437,0.19308342039585114
False,False,False,True,1124,44.959999084472656,14.615188598632812,42.765926361083984,0.3904978036880493,942.6219482421875,20.965791702270508,0.5420479774475098,0.19307655096054077
False,False,False,True,1124,44.959999084472656,14.615188598632812,42.765926361083984,0.3904978036880493,942.6219482421875,20.965791702270508,0.5420479774475098,0.19307655096054077
False,False,False,True,1124,44.959999084472656,14.534852027893066,42.752479553222656,0.3906206488609314,934.380615234375,20.782487869262695,0.542030930519104,0.1930643916130066
False,False,False,True,1124,44.959999084472656,14.534852027893066,42.752479553222656,0.3906206488609314,934.380615234375,20.782487869262695,0.542030930519104,0.1930643916130066
False,False,False,True,1124,44.959999084472656,14.534226417541504,42.75014114379883,0.390641987323761,891.2284545898438,19.822696685791016,0.5422179698944092,0.19300825893878937
False,False,False,True,1124,44.959999084472656,14.534226417541504,42.75014114379883,0.390641987323761,891.2284545898438,19.822696685791016,0.5422179698944092,0.19300825893878937
False,False,False,True,1124,44.959999084472656,14.534226417541504,42.75014114379883,0.390641987323761,891.2284545898438,19.822696685791016,0.5422179698944092,0.19300825893878937
False,False,False,True,1124,44.959999084472656,14.534226417541504,42.75014114379883,0.390641987323761,891.2284545898438,19.822696685791016,0.5422179698944092,0.19300825893878937
False,False,False,True,1124,44.959999084472656,14.534226417541504,42.75014114379883,0.390641987323761,891.2284545898438,19.822696685791016,0.5422179698944092,0.19300825893878937
False,False,False,True,1124,44.959999084472656,14.534400939941406,42.75716781616211,0.3905778229236603,965.01220703125,21.463794708251953,0.5420479774475098,0.1931334137916565
False,False,False,True,1124,44.959999084472656,14.534400939941406,42.75716781616211,0.3905778229236603,965.01220703125,21.463794708251953,0.5420479774475098,0.1931334137916565
False,False,False,True,1124,44.959999084472656,14.534400939941406,42.75716781616211,0.3905778229236603,965.01220703125,21.463794708251953,0.5420479774475098,0.1931334137916565
False,False,False,True,1124,44.959999084472656,14.534400939941406,42.75716781616211,0.3905778229236603,965.01220703125,21.463794708251953,0.5420479774475098,0.1931334137916565
False,False,False,True,1124,44.959999084472656,14.534400939941406,42.75716781616211,0.3905778229236603,965.01220703125,21.463794708251953,0.5420479774475098,0.1931334137916565
False,False,False,True,1124,44.959999084472656,14.534400939941406,42.75716781616211,0.3905778229236603,965.01220703125,21.463794708251953,0.5420479774475098,0.1931334137916565
False,False,False,True,1124,44.959999084472656,14.534400939941406,42.75716781616211,0.3905778229236603,965.01220703125,21.463794708251953,0.5420479774475098,0.1931334137916565
False,False,False,True,1124,44.959999084472656,14.534400939941406,42.75716781616211,0.3905778229236603,965.01220703125,21.463794708251953,0.5420479774475098,0.1931334137916565
False,False,False,True,1124,44.959999084472656,14.534400939941406,42.75716781616211,0.3905778229236603,965.01220703125,21.463794708251953,0.5420479774475098,0.1931334137916565
False,False,False,True,1124,44.959999084472656,14.534400939941406,42.75716781616211,0.3905778229236603,965.01220703125,21.463794708251953,0.5420479774475098,0.1931334137916565
False,False,False,True,1124,44.959999084472656,14.534400939941406,42.75716781616211,0.3905778229236603,965.01220703125,21.463794708251953,0.5420479774475098,0.1931334137916565
False,False,False,True,1124,44.959999084472656,14.534400939941406,42.75716781616211,0.3905778229236603,965.01220703125,21.463794708251953,0.5420479774475098,0.1931334137916565
False,False,False,True,1124,44.959999084472656,14.534226417541504,42.75014114379883,0.390641987323761,891.2284545898438,19.822696685791016,0.5422179698944092,0.19300825893878937
False,False,False,True,1124,44.959999084472656,14.534226417541504,42.75014114379883,0.390641987323761,891.2284545898438,19.822696685791016,0.5422179698944092,0.19300825893878937
False,False,False,True,1124,44.959999084472656,14.534226417541504,42.75014114379883,0.390641987323761,891.2284545898438,19.822696685791016,0.5422179698944092,0.19300825893878937
False,False,False,True,1124,44.959999084472656,14.534226417541504,42.75014114379883,0.390641987323761,891.2284545898438,19.822696685791016,0.5422179698944092,0.19300825893878937
False,False,False,True,1124,44.959999084472656,14.534226417541504,42.75014114379883,0.390641987323761,891.2284545898438,19.822696685791016,0.5422179698944092,0.19300825893878937
False,False,False,True,1124,44.959999084472656,14.534852027893066,42.752479553222656,0.3906206488609314,934.380615234375,20.782487869262695,0.542030930519104,0.1930643916130066
False,False,False,True,1124,44.959999084472656,14.534852027893066,42.752479553222656,0.3906206488609314,934.380615234375,20.782487869262695,0.542030930519104,0.1930643916130066
False,False,False,True,1124,44.959999084472656,14.615188598632812,42.765926361083984,0.3904978036880493,942.6219482421875,20.965791702270508,0.5420479774475098,0.19307655096054077
False,False,False,True,1124,44.959999084472656,14.615188598632812,42.765926361083984,0.3904978036880493,942.6219482421875,20.965791702270508,0.5420479774475098,0.19307655096054077
False,False,False,True,1124,44.959999084472656,14.615070343017578,42.766963958740234,0.39048832654953003,951.2549438476562,21.157806396484375,0.5420840978622437,0.19308342039585114
False,False,False,True,1124,44.959999084472656,14.615070343017578,42.766963958740234,0.39048832654953003,951.2549438476562,21.157806396484375,0.5420840978622437,0.19308342039585114
False,False,False,True,1124,44.959999084472656,14.615188598632812,42.765926361083984,0.3904978036880493,942.6219482421875,20.965791702270508,0.5420479774475098,0.19307655096054077
False,False,False,True,1124,44.959999084472656,14.615188598632812,42.765926361083984,0.3904978036880493,942.6219482421875,20.965791702270508,0.5420479774475098,0.19307655096054077
False,False,False,True,1124,44.959999084472656,14.534852027893066,42.752479553222656,0.3906206488609314,934.380615234375,20.782487869262695,0.542030930519104,0.1930643916130066
False,False,False,True,1124,44.959999084472656,14.534852027893066,42.752479553222656,0.3906206488609314,934.380615234375,20.782487869262695,0.542030930519104,0.1930643916130066
False,False,False,True,1124,44.959999084472656,14.534226417541504,42.75014114379883,0.390641987323761,891.2284545898438,19.822696685791016,0.5422179698944092,0.19300825893878937
False,False,False,True,1124,44.959999084472656,14.534226417541504,42.75014114379883,0.390641987323761,891.2284545898438,19.822696685791016,0.5422179698944092,0.19300825893878937
False,False,False,True,1124,44.959999084472656,14.534226417541504,42.75014114379883,0.390641987323761,891.2284545898438,19.822696685791016,0.5422179698944092,0.19300825893878937
False,False,False,True,1124,44.959999084472656,14.534226417541504,42.75014114379883,0.390641987323761,891.2284545898438,19.822696685791016,0.5422179698944092,0.19300825893878937
False,False,False,True,1124,44.959999084472656,14.534226417541504,42.75014114379883,0.390641987323761,891.2284545898438,19.822696685791016,0.5422179698944092,0.19300825893878937
False,False,False,True,1124,44.959999084472656,14.534400939941406,42.75716781616211,0.3905778229236603,965.01220703125,21.463794708251953,0.5420479774475098,0.1931334137916565
False,False,False,True,1124,44.959999084472656,14.534400939941406,42.75716781616211,0.3905778229236603,965.01220703125,21.463794708251953,0.5420479774475098,0.1931334137916565
False,False,False,True,1124,44.959999084472656,14.534400939941406,42.75716781616211,0.3905778229236603,965.01220703125,21.463794708251953,0.5420479774475098,0.1931334137916565
False,False,False,True,1124,44.959999084472656,14.534400939941406,42.75716781616211,0.3905778229236603,965.01220703125,21.463794708251953,0.5420479774475098,0.1931334137916565
False,False,False,True,1124,44.959999084472656,14.534400939941406,42.75716781616211,0.3905778229236603,965.01220703125,21.463794708251953,0.5420479774475098,0.1931334137916565
False,False,False,True,1124,44.959999084472656,14.534400939941406,42.75716781616211,0.3905778229236603,965.01220703125,21.463794708251953,0.5420479774475098,0.1931334137916565
