goal_reached,collision,out_of_bounds,time_out,episode_steps,duration_s,final_distance_to_goal_m,path_length_m,trajectory_efficiency,command_variation_mps,command_variation_rate_mps2,min_clearance_m,mean_residual_mps
False,True,False,False,43,1.71999990940094,13.984502792358398,2.998851776123047,5.525933742523193,2.771177053451538,1.611149549484253,-0.0036461949348449707,0.0
False,True,False,False,43,1.71999990940094,13.932145118713379,3.010263681411743,5.492137432098389,4.395663738250732,2.5556185245513916,-0.0043253302574157715,0.0
False,True,False,False,44,1.7599999904632568,13.957833290100098,3.008286714553833,5.474330902099609,3.0409562587738037,1.727816104888916,-0.007810354232788086,0.0
False,True,False,False,45,1.7999999523162842,13.952310562133789,3.1406712532043457,5.280195236206055,3.0740904808044434,1.7078280448913574,-0.008785009384155273,0.0
False,True,False,False,45,1.7999999523162842,13.94029426574707,3.0199942588806152,5.485355854034424,4.6140055656433105,2.5633366107940674,-0.0022021234035491943,0.0
False,True,False,False,45,1.7999999523162842,13.953274726867676,3.0519862174987793,5.411459445953369,2.607975721359253,1.4488754272460938,-0.0031379759311676025,0.0
False,True,False,False,46,1.8399999141693115,13.954377174377441,3.2289693355560303,5.198868751525879,4.671894550323486,2.5390732288360596,-0.006820052862167358,0.0
False,True,False,False,46,1.8399999141693115,13.975645065307617,3.1022772789001465,5.342840194702148,2.976504325866699,1.6176655292510986,-0.000322192907333374,0.0
False,True,False,False,46,1.8399999141693115,13.995866775512695,3.039386034011841,5.44556999206543,2.8305394649505615,1.5383367538452148,-0.0018079578876495361,0.0
False,True,False,False,46,1.8399999141693115,13.97116756439209,3.041256904602051,5.415498733520508,2.8784918785095215,1.5643978118896484,-0.005195975303649902,0.0
False,True,False,False,46,1.8399999141693115,13.939777374267578,3.134852886199951,5.280327320098877,2.9423208236694336,1.5990874767303467,-0.0023498833179473877,0.0
False,True,False,False,47,1.8799999952316284,13.967855453491211,3.1324617862701416,5.2805094718933105,2.771207571029663,1.4740465879440308,-0.007771909236907959,0.0
False,True,False,False,47,1.8799999952316284,13.958028793334961,3.1527040004730225,5.269982814788818,3.0614311695098877,1.6284208297729492,-0.001756519079208374,0.0
False,True,False,False,47,1.8799999952316284,13.939581871032715,3.3462674617767334,5.041203022003174,2.954615831375122,1.5716041326522827,-0.005852788686752319,0.0
False,True,False,False,47,1.8799999952316284,13.967437744140625,3.023799180984497,5.463537216186523,3.069978952407837,1.6329675912857056,-0.0015780329704284668,0.0
False,True,False,False,47,1.8799999952316284,13.93822193145752,3.296574354171753,5.081645488739014,2.6864922046661377,1.4289852380752563,-0.004571676254272461,0.0
False,True,False,False,47,1.8799999952316284,13.968707084655762,3.022892713546753,5.465732574462891,2.9471302032470703,1.567622423171997,-0.005924135446548462,0.0
False,True,False,False,48,1.9199999570846558,13.927178382873535,3.314650058746338,5.045418739318848,2.973369836807251,1.5486301183700562,-0.0016171038150787354,0.0
False,True,False,False,48,1.9199999570846558,13.984360694885254,2.98630952835083,5.513930320739746,2.84197735786438,1.4801965951919556,-0.009094983339309692,0.0
False,True,False,False,48,1.9199999570846558,13.943568229675293,3.3087778091430664,5.058978080749512,2.569467306137085,1.3382642269134521,-0.0027670860290527344,0.0
False,True,False,False,48,1.9199999570846558,13.942658424377441,3.234924793243408,5.148741245269775,2.980590343475342,1.5523908138275146,-0.0006149411201477051,0.0
False,True,False,False,49,1.959999918937683,14.039693832397461,3.1626577377319336,5.282344818115234,2.7036986351013184,1.3794381618499756,-0.00012215971946716309,0.0
False,True,False,False,49,1.959999918937683,13.973339080810547,2.971961498260498,5.552257061004639,2.930866241455078,1.4953399896621704,-0.0043309032917022705,0.0
False,True,False,False,49,1.959999918937683,14.006937026977539,3.3126842975616455,5.0771284103393555,2.9252471923828125,1.4924731254577637,-0.0012800991535186768,0.0
False,True,False,False,49,1.959999918937683,13.996514320373535,3.073514223098755,5.404379367828369,2.836796998977661,1.447345495223999,-0.0031299889087677,0.0
False,True,False,False,49,1.959999918937683,14.000016212463379,3.387259006500244,4.987656593322754,2.9619507789611816,1.5111994743347168,-0.0075952112674713135,0.0
False,True,False,False,50,2.0,13.966285705566406,3.2091965675354004,5.195451736450195,2.928528308868408,1.464264154434204,-0.002772718667984009,0.0
False,True,False,False,50,2.0,13.957879066467285,2.921380043029785,5.635523319244385,3.1811351776123047,1.5905675888061523,-0.006024032831192017,0.0
False,True,False,False,50,2.0,13.946489334106445,3.1247639656066895,5.30963134765625,2.976445198059082,1.488222599029541,-0.0015858709812164307,0.0
False,True,False,False,51,2.0399999618530273,14.028407096862793,3.0601279735565186,5.421159744262695,2.8893373012542725,1.416341781616211,-0.014942914247512817,0.0
False,True,False,False,51,2.0399999618530273,13.974156379699707,3.273650646209717,5.149023056030273,3.6286799907684326,1.7787647247314453,-0.0007227063179016113,0.0
False,True,False,False,51,2.0399999618530273,13.98004150390625,3.383009672164917,4.992393970489502,2.9531919956207275,1.4476431608200073,-0.007828176021575928,0.0
False,True,False,False,51,2.0399999618530273,13.985220909118652,3.362733840942383,5.01350736618042,2.7814207077026367,1.3634415864944458,-0.01298096776008606,0.0
False,True,False,False,51,2.0399999618530273,14.021675109863281,3.1198458671569824,5.333738327026367,2.6540138721466064,1.3009872436523438,-0.010487675666809082,0.0
False,True,False,False,51,2.0399999618530273,13.940071105957031,3.371816635131836,4.999526023864746,3.149324655532837,1.543786644935608,-0.0035793185234069824,0.0
False,True,False,False,52,2.0799999237060547,13.953344345092773,3.2819204330444336,5.107114315032959,2.9674875736236572,1.4266767501831055,-0.00828602910041809,0.0
False,True,False,False,52,2.0799999237060547,13.960241317749023,3.0674989223480225,5.387710094451904,2.896306037902832,1.3924548625946045,-0.006894290447235107,0.0
False,True,False,False,53,2.119999885559082,13.961915016174316,3.100046396255493,5.361051559448242,2.941746711730957,1.3876163959503174,-0.0031801462173461914,0.0
False,True,False,False,53,2.119999885559082,13.942190170288086,3.170799493789673,5.228139877319336,2.964451551437378,1.3983262777328491,-0.0008426904678344727,0.0
False,True,False,False,53,2.119999885559082,14.006114959716797,3.3831405639648438,4.994239807128906,2.9122536182403564,1.3737045526504517,-0.005615592002868652,0.0
False,True,False,False,54,2.1599998474121094,14.031798362731934,3.1727418899536133,5.27395486831665,2.800368547439575,1.2964670658111572,-0.00339314341545105,0.0
False,True,False,False,54,2.1599998474121094,14.001134872436523,3.103123664855957,5.355287075042725,2.880584716796875,1.333604097366333,-0.0009646415710449219,0.0
False,True,False,False,54,2.1599998474121094,13.9745454788208,3.146371603012085,5.278163909912109,2.9102132320404053,1.3473210334777832,-0.005156785249710083,0.0
False,True,False,False,54,2.1599998474121094,13.956677436828613,3.5084478855133057,4.833542823791504,3.109318733215332,1.4394994974136353,-0.00034096837043762207,0.0
False,True,False,False,54,2.1599998474121094,13.97731876373291,3.294954538345337,5.078014373779297,2.730128526687622,1.2639484405517578,-0.0009590089321136475,0.0
False,True,False,False,55,2.200000047683716,14.005012512207031,3.2588396072387695,5.153923034667969,2.7981553077697754,1.2718887329101562,-0.0034135282039642334,0.0
False,True,False,False,55,2.200000047683716,13.988253593444824,2.9851627349853516,5.521969795227051,2.7523303031921387,1.2510591745376587,-0.014000922441482544,0.0
False,True,False,False,55,2.200000047683716,13.98566722869873,3.2185776233673096,5.187197208404541,2.7827682495117188,1.2648946046829224,-0.014001518487930298,0.0
False,True,False,False,55,2.200000047683716,13.985389709472656,3.0653905868530273,5.394715785980225,2.855693817138672,1.29804265499115,-0.018362104892730713,0.0
False,True,False,False,55,2.200000047683716,13.96561336517334,3.253255605697632,5.136847496032715,2.91093111038208,1.3231505155563354,-0.00045934319496154785,0.0
False,True,False,False,55,2.200000047683716,14.000961303710938,3.0985660552978516,5.34792423248291,2.7409791946411133,1.2458995580673218,-0.004155635833740234,0.0
False,True,False,False,55,2.200000047683716,14.019433975219727,3.090919256210327,5.369670867919922,2.860133409500122,1.3000606298446655,-0.013464212417602539,0.0
False,True,False,False,56,2.240000009536743,14.001379013061523,3.441925525665283,4.925329685211182,2.813246011734009,1.2559133768081665,-0.013926088809967041,0.0
False,True,False,False,57,2.2799999713897705,13.963984489440918,3.4585201740264893,4.889670372009277,3.0122902393341064,1.321179986000061,-0.005256831645965576,0.0
False,True,False,False,57,2.2799999713897705,13.955965995788574,3.0708000659942627,5.372030258178711,2.8671391010284424,1.2575172185897827,-0.005350023508071899,0.0
False,True,False,False,57,2.2799999713897705,14.001678466796875,3.335452079772949,5.057125568389893,2.9411816596984863,1.2899919748306274,-0.004240930080413818,0.0
False,True,False,False,58,2.319999933242798,14.005434036254883,3.0605461597442627,5.401806354522705,2.7623181343078613,1.1906543970108032,-0.0014935731887817383,0.0
False,True,False,False,58,2.319999933242798,13.973604202270508,3.232675552368164,5.177287578582764,2.929704427719116,1.2628036737442017,-0.006175130605697632,0.0
False,True,False,False,58,2.319999933242798,13.960189819335938,3.27394700050354,5.141946315765381,2.898590087890625,1.2493922710418701,-0.003196924924850464,0.0
False,True,False,False,58,2.319999933242798,14.002455711364746,2.933795928955078,5.6143598556518555,3.477145195007324,1.4987695217132568,-0.02532091736793518,0.0
False,True,False,False,58,2.319999933242798,13.994362831115723,3.0268256664276123,5.47712516784668,2.98311185836792,1.2858240604400635,-0.002372056245803833,0.0
False,True,False,False,58,2.319999933242798,13.950950622558594,3.4621989727020264,4.881394863128662,2.9358420372009277,1.2654491662979126,-0.00226438045501709,0.0
False,True,False,False,59,2.359999895095825,13.999220848083496,3.3730239868164062,5.0000386238098145,2.9714441299438477,1.2590866088867188,-0.0005943477153778076,0.0
False,True,False,False,59,2.359999895095825,13.984720230102539,3.173731803894043,5.266050815582275,2.9279747009277344,1.2406673431396484,-0.006827235221862793,0.0
False,True,False,False,60,2.3999998569488525,13.96756649017334,3.3446905612945557,5.02612829208374,2.8566904067993164,1.190287709236145,-0.011441588401794434,0.0
False,True,False,False,60,2.3999998569488525,13.98332405090332,3.401946544647217,4.965766906738281,2.779520273208618,1.1581335067749023,-0.01228371262550354,0.0
False,True,False,False,60,2.3999998569488525,13.979978561401367,3.3093416690826416,5.075588703155518,2.8683767318725586,1.1951570510864258,-0.002760767936706543,0.0
False,True,False,False,60,2.3999998569488525,13.976311683654785,3.0724990367889404,5.384545803070068,2.8440847396850586,1.1850353479385376,-0.002063184976577759,0.0
False,True,False,False,60,2.3999998569488525,13.968080520629883,3.1488754749298096,5.272991180419922,2.8506486415863037,1.1877703666687012,-0.002322465181350708,0.0
False,True,False,False,52,2.0799999237060547,13.981880187988281,3.1254916191101074,5.300303936004639,2.814124584197998,1.3529446125030518,-0.00012236833572387695,0.0
False,True,False,False,54,2.1599998474121094,13.933920860290527,3.4660637378692627,4.862551212310791,2.8812906742095947,1.3339309692382812,-0.00048673152923583984,0.0
False,True,False,False,52,2.0799999237060547,13.977380752563477,3.2998602390289307,5.088037490844727,2.9756522178649902,1.4306020736694336,-0.0070434510707855225,0.0
False,True,False,False,50,2.0,13.963713645935059,3.0503499507904053,5.403347015380859,2.7634387016296387,1.3817193508148193,-0.01016002893447876,0.0
True,False,False,False,280,11.199999809265137,0.28588202595710754,19.86456871032715,0.8368828892707825,111.00863647460938,9.91148567199707,0.6229754686355591,0.0
True,False,False,False,283,11.319999694824219,0.25427356362342834,20.30730438232422,0.8172667026519775,118.13610076904297,10.436051368713379,0.1703788936138153,0.0
True,False,False,False,284,11.359999656677246,0.2930750846862793,19.725282669067383,0.8371974229812622,101.73735046386719,8.955753326416016,0.6486955881118774,0.0
True,False,False,False,286,11.4399995803833,0.28071990609169006,19.971927642822266,0.8304340839385986,113.8709945678711,9.953758239746094,0.5725347995758057,0.0
True,False,False,False,286,11.4399995803833,0.24087415635585785,19.99440574645996,0.8234862685203552,106.86943054199219,9.341733932495117,0.16034695506095886,0.0
True,False,False,False,287,11.479999542236328,0.26335594058036804,20.32228660583496,0.8277116417884827,118.5589599609375,10.327435493469238,0.5808324813842773,0.0
True,False,False,False,289,11.559999465942383,0.2863602638244629,19.975563049316406,0.8324165940284729,106.24207305908203,9.19049072265625,0.5300607681274414,0.0
True,False,False,False,289,11.559999465942383,0.29515063762664795,20.282485961914062,0.8242000937461853,118.28643035888672,10.232390403747559,0.38295695185661316,0.0
True,False,False,False,290,11.59999942779541,0.2529292404651642,20.26301383972168,0.811941921710968,118.5939712524414,10.223618507385254,0.0313972532749176,0.0
True,False,False,False,290,11.59999942779541,0.25747552514076233,20.21894073486328,0.8264967799186707,118.28704833984375,10.197159767150879,0.5199224948883057,0.0
True,False,False,False,291,11.639999389648438,0.25969550013542175,20.295351028442383,0.831350564956665,113.37557220458984,9.740169525146484,0.6072220802307129,0.0
True,False,False,False,291,11.639999389648438,0.23524601757526398,20.432188034057617,0.8249906897544861,107.02096557617188,9.194241523742676,0.16601648926734924,0.0
True,False,False,False,292,11.679999351501465,0.25175726413726807,20.41192626953125,0.8306705951690674,109.61894989013672,9.385184288024902,0.38700154423713684,0.0
True,False,False,False,292,11.679999351501465,0.2418043613433838,20.169408798217773,0.8167667984962463,110.69451141357422,9.477270126342773,0.02080187201499939,0.0
True,False,False,False,292,11.679999351501465,0.2681465446949005,20.362699508666992,0.820878267288208,122.45306396484375,10.48399543762207,0.4200151860713959,0.0
True,False,False,False,293,11.719999313354492,0.25753143429756165,20.347932815551758,0.8250311017036438,131.32212829589844,11.204960823059082,0.5810489654541016,0.0
True,False,False,False,293,11.719999313354492,0.27167990803718567,20.071195602416992,0.8214240074157715,117.72498321533203,10.044794082641602,0.3862355649471283,0.0
True,False,False,False,293,11.719999313354492,0.23239287734031677,20.29553985595703,0.8259350061416626,114.64806365966797,9.782258987426758,0.513507604598999,0.0
True,False,False,False,293,11.719999313354492,0.2989913523197174,20.47330665588379,0.8214455842971802,116.70231628417969,9.957535743713379,0.026702016592025757,0.0
True,False,False,False,293,11.719999313354492,0.24202443659305573,19.98081398010254,0.8247570395469666,106.48518371582031,9.085766792297363,0.25804296135902405,0.0
True,False,False,False,294,11.75999927520752,0.23851504921913147,20.403369903564453,0.8162288665771484,112.55860900878906,9.571310997009277,0.012690693140029907,0.0
True,False,False,False,294,11.75999927520752,0.2897180914878845,20.448610305786133,0.8132684230804443,117.81739807128906,10.018486976623535,0.014028340578079224,0.0
True,False,False,False,294,11.75999927520752,0.2569516897201538,20.255752563476562,0.8195849657058716,119.11327362060547,10.128680229187012,0.4594021141529083,0.0
True,False,False,False,294,11.75999927520752,0.24857504665851593,20.18924331665039,0.8226004838943481,114.71430969238281,9.754618644714355,0.4424090087413788,0.0
True,False,False,False,294,11.75999927520752,0.23891687393188477,20.293445587158203,0.8167321085929871,113.99348449707031,9.693324089050293,0.015928804874420166,0.0
True,False,False,False,295,11.800000190734863,0.24320651590824127,20.352344512939453,0.828734278678894,103.48371887207031,8.769806861877441,0.31613847613334656,0.0
True,False,False,False,295,11.800000190734863,0.24211017787456512,20.578731536865234,0.8222471475601196,110.71466064453125,9.382597923278809,0.07241621613502502,0.0
True,False,False,False,295,11.800000190734863,0.2754507064819336,20.22298240661621,0.8246294260025024,102.83540344238281,8.714864730834961,0.04771453142166138,0.0
True,False,False,False,295,11.800000190734863,0.2652455270290375,20.001140594482422,0.8282254934310913,122.48765563964844,10.38031005859375,0.648108959197998,0.0
True,False,False,False,296,11.84000015258789,0.24483293294906616,20.434906005859375,0.8186904191970825,125.77662658691406,10.623025894165039,0.3830380141735077,0.0
True,False,False,False,296,11.84000015258789,0.24807263910770416,20.412160873413086,0.8132818341255188,121.9127426147461,10.296684265136719,0.25753602385520935,0.0
True,False,False,False,296,11.84000015258789,0.28084424138069153,20.054044723510742,0.824455201625824,123.98268127441406,10.47150993347168,0.5935109853744507,0.0
True,False,False,False,296,11.84000015258789,0.25563085079193115,20.153268814086914,0.8244320750236511,128.56947326660156,10.858907699584961,0.6228848695755005,0.0
True,False,False,False,297,11.880000114440918,0.25793537497520447,20.415056228637695,0.8265900015830994,121.9450912475586,10.264738082885742,0.5072999000549316,0.0
True,False,False,False,297,11.880000114440918,0.2736646831035614,20.13249397277832,0.8194102644920349,117.25312805175781,9.869791984558105,0.20576295256614685,0.0
True,False,False,False,297,11.880000114440918,0.2955038249492645,20.159221649169922,0.8246796131134033,109.64784240722656,9.229616165161133,0.17486223578453064,0.0
True,False,False,False,297,11.880000114440918,0.2718958854675293,20.1529598236084,0.8275081515312195,109.86798095703125,9.248146057128906,0.15292701125144958,0.0
True,False,False,False,298,11.920000076293945,0.26247337460517883,20.490602493286133,0.8242495656013489,118.84396362304688,9.970130920410156,0.5157780647277832,0.0
True,False,False,False,298,11.920000076293945,0.25603827834129333,20.127273559570312,0.8283510804176331,117.12201690673828,9.825672149658203,0.6428500413894653,0.0
True,False,False,False,299,11.960000038146973,0.24497023224830627,20.281007766723633,0.8225368857383728,106.87646484375,8.936159133911133,0.13235080242156982,0.0
True,False,False,False,299,11.960000038146973,0.2480718344449997,20.372270584106445,0.8096866607666016,121.8022689819336,10.184136390686035,0.01330786943435669,0.0
True,False,False,False,299,11.960000038146973,0.27113988995552063,20.33102035522461,0.8118671774864197,117.86517333984375,9.854948043823242,0.011718332767486572,0.0
True,False,False,False,299,11.960000038146973,0.2709820568561554,20.773723602294922,0.8105496764183044,127.32952117919922,10.646281242370605,0.1067885160446167,0.0
True,False,False,False,299,11.960000038146973,0.2563442885875702,20.61515235900879,0.8052147626876831,130.43247985839844,10.905725479125977,0.07591697573661804,0.0
True,False,False,False,299,11.960000038146973,0.2619136571884155,20.37211036682129,0.830755352973938,103.89012908935547,8.6864652633667,0.44738277792930603,0.0
True,False,False,False,299,11.960000038146973,0.2794801890850067,20.176719665527344,0.8227095603942871,129.0888214111328,10.793379783630371,0.6337908506393433,0.0
True,False,False,False,299,11.960000038146973,0.27027854323387146,20.282814025878906,0.8225781917572021,121.70594024658203,10.176081657409668,0.5218286514282227,0.0
True,False,False,False,299,11.960000038146973,0.2356344759464264,20.51806640625,0.8224278092384338,114.60987854003906,9.582765579223633,0.3183504045009613,0.0
True,False,False,False,300,12.0,0.2852931022644043,20.186555862426758,0.8188945651054382,114.54815673828125,9.545680046081543,0.31534191966056824,0.0
True,False,False,False,300,12.0,0.28202375769615173,20.101436614990234,0.8269941210746765,122.54304504394531,10.211920738220215,0.6329494714736938,0.0
True,False,False,False,300,12.0,0.24538446962833405,20.5992431640625,0.8180772662162781,113.90229797363281,9.49185848236084,0.07035070657730103,0.0
True,False,False,False,300,12.0,0.2613113820552826,20.359058380126953,0.8291191458702087,120.22540283203125,10.018783569335938,0.6094505786895752,0.0
True,False,False,False,300,12.0,0.234495609998703,20.404823303222656,0.8077436685562134,117.31058502197266,9.77588176727295,0.012448400259017944,0.0
True,False,False,False,300,12.0,0.28056976199150085,20.111928939819336,0.8189306855201721,121.53791046142578,10.128159523010254,0.37309780716896057,0.0
True,False,False,False,300,12.0,0.2504104971885681,20.58949851989746,0.8088409304618835,122.24993896484375,10.187495231628418,0.048947274684906006,0.0
True,False,False,False,300,12.0,0.2744726240634918,20.398038864135742,0.8106147050857544,125.76901245117188,10.480751037597656,0.23523953557014465,0.0
True,False,False,False,301,12.039999961853027,0.24482807517051697,20.692359924316406,0.8187362551689148,118.68655395507812,9.857686996459961,0.34346553683280945,0.0
True,False,False,False,301,12.039999961853027,0.27720606327056885,20.470752716064453,0.8249144554138184,114.27458190917969,9.491244316101074,0.458059161901474,0.0
True,False,False,False,301,12.039999961853027,0.24775008857250214,20.597042083740234,0.81695556640625,125.16053771972656,10.395393371582031,0.1901581585407257,0.0
True,False,False,False,301,12.039999961853027,0.27446454763412476,20.271650314331055,0.836575448513031,114.0177230834961,9.469910621643066,0.5364261865615845,0.0
True,False,False,False,301,12.039999961853027,0.25927528738975525,20.354063034057617,0.8224693536758423,129.9010772705078,10.7891263961792,0.6695404052734375,0.0
True,False,False,False,301,12.039999961853027,0.2405402809381485,20.157983779907227,0.8251838684082031,113.95266723632812,9.464507102966309,0.369486540555954,0.0
True,False,False,False,301,12.039999961853027,0.24670648574829102,20.418533325195312,0.8238199949264526,111.29773712158203,9.243998527526855,0.4467986524105072,0.0
True,False,False,False,301,12.039999961853027,0.24493464827537537,19.862255096435547,0.8355845808982849,114.71321868896484,9.52767562866211,0.649948239326477,0.0
True,False,False,False,302,12.079999923706055,0.26677238941192627,20.536666870117188,0.8105734586715698,130.94882202148438,10.840134620666504,0.09123817086219788,0.0
True,False,False,False,302,12.079999923706055,0.2842409610748291,20.337648391723633,0.8144761323928833,112.1593246459961,9.284712791442871,0.011367231607437134,0.0
True,False,False,False,302,12.079999923706055,0.28249144554138184,20.289684295654297,0.8155885934829712,125.28561401367188,10.371325492858887,0.12567955255508423,0.0
True,False,False,False,302,12.079999923706055,0.2569737434387207,20.31266975402832,0.8210746645927429,114.09022521972656,9.444555282592773,0.25902244448661804,0.0
True,False,False,False,302,12.079999923706055,0.24429205060005188,20.55261993408203,0.8213478326797485,118.02041625976562,9.769902229309082,0.11144185066223145,0.0
True,False,False,False,302,12.079999923706055,0.2974051237106323,20.533382415771484,0.8235051035881042,131.52847290039062,10.888118743896484,0.5887112617492676,0.0
True,False,False,False,302,12.079999923706055,0.2844577729701996,20.4472713470459,0.8198829889297485,122.6417236328125,10.152461051940918,0.4895465672016144,0.0
True,False,False,False,302,12.079999923706055,0.2503296732902527,20.2838134765625,0.8188856244087219,130.48997497558594,10.80215072631836,0.611215353012085,0.0
True,False,False,False,303,12.119999885559082,0.26199543476104736,20.364503860473633,0.8122760653495789,115.12637329101562,9.498875617980957,0.05457574129104614,0.0
True,False,False,False,303,12.119999885559082,0.2958107590675354,20.256450653076172,0.8201445937156677,113.89777374267578,9.397505760192871,0.019266217947006226,0.0
True,False,False,False,303,12.119999885559082,0.23344546556472778,20.521089553833008,0.8250135779380798,114.60899353027344,9.45618724822998,0.5469487905502319,0.0
True,False,False,False,303,12.119999885559082,0.2927550673484802,20.514307022094727,0.8110997080802917,126.73889923095703,10.45700454711914,0.08457842469215393,0.0
True,False,False,False,303,12.119999885559082,0.2592330276966095,20.6031494140625,0.8102383017539978,121.87434387207031,10.055639266967773,0.03187921643257141,0.0
True,False,False,False,303,12.119999885559082,0.24337957799434662,20.298736572265625,0.8262268304824829,106.60735321044922,8.79598617553711,0.2530645430088043,0.0
True,False,False,False,303,12.119999885559082,0.29538694024086,20.33003807067871,0.8161950707435608,126.41899108886719,10.430609703063965,0.08337190747261047,0.0
True,False,False,False,303,12.119999885559082,0.25637421011924744,20.475034713745117,0.8205061554908752,111.71046447753906,9.217035293579102,0.010653316974639893,0.0
True,False,False,False,303,12.119999885559082,0.28070804476737976,20.054065704345703,0.822066068649292,134.5231475830078,11.09926986694336,0.5954657793045044,0.0
True,False,False,False,303,12.119999885559082,0.2626226246356964,20.585039138793945,0.822028636932373,122.10228729248047,10.074446678161621,0.34686043858528137,0.0
True,False,False,False,304,12.15999984741211,0.24672888219356537,20.555400848388672,0.8113148212432861,114.36394500732422,9.404930114746094,0.0014799237251281738,0.0
True,False,False,False,304,12.15999984741211,0.25198617577552795,20.64699363708496,0.8171505331993103,117.66844177246094,9.676681518554688,0.07022911310195923,0.0
True,False,False,False,304,12.15999984741211,0.27686887979507446,20.503101348876953,0.8173536062240601,109.94903564453125,9.041861534118652,0.007109850645065308,0.0
True,False,False,False,304,12.15999984741211,0.2756657600402832,20.030563354492188,0.8244661092758179,118.16558837890625,9.717564582824707,0.5532857179641724,0.0
True,False,False,False,304,12.15999984741211,0.27903711795806885,20.722623825073242,0.8111910820007324,131.15359497070312,10.78565788269043,0.2473791539669037,0.0
True,False,False,False,305,12.199999809265137,0.25313758850097656,20.22743797302246,0.8231498003005981,121.30607604980469,9.943120956420898,0.4862833321094513,0.0
True,False,False,False,305,12.199999809265137,0.2928502857685089,20.47145652770996,0.8246564269065857,130.59852600097656,10.704797744750977,0.5607181787490845,0.0
True,False,False,False,305,12.199999809265137,0.2568392753601074,20.270851135253906,0.8229864835739136,121.60887908935547,9.967941284179688,0.2306031882762909,0.0
True,False,False,False,305,12.199999809265137,0.25438451766967773,20.021581649780273,0.8224331736564636,113.62862396240234,9.313821792602539,0.14812815189361572,0.0
True,False,False,False,305,12.199999809265137,0.2573087811470032,20.421228408813477,0.8084588646888733,133.35948181152344,10.931105613708496,0.21256890892982483,0.0
True,False,False,False,305,12.199999809265137,0.27580636739730835,19.996227264404297,0.8261657953262329,127.74756622314453,10.471112251281738,0.6313797235488892,0.0
True,False,False,False,305,12.199999809265137,0.2994438707828522,20.460865020751953,0.8063780665397644,125.3885498046875,10.277750015258789,0.0014505386352539062,0.0
True,False,False,False,305,12.199999809265137,0.24978582561016083,20.47152328491211,0.8261420130729675,122.0025405883789,10.000208854675293,0.583983302116394,0.0
True,False,False,False,305,12.199999809265137,0.29473236203193665,20.53208351135254,0.8228121995925903,113.56332397460938,9.308469772338867,0.14233800768852234,0.0
True,False,False,False,305,12.199999809265137,0.27118074893951416,20.523252487182617,0.8105467557907104,118.54335021972656,9.716668128967285,0.032901883125305176,0.0
True,False,False,False,305,12.199999809265137,0.29600000381469727,20.40203857421875,0.814168393611908,121.86048126220703,9.988564491271973,0.09490567445755005,0.0
True,False,False,False,306,12.239999771118164,0.28368115425109863,20.244186401367188,0.8175119161605835,110.03266906738281,8.98959732055664,0.012068897485733032,0.0
True,False,False,False,306,12.239999771118164,0.2526218891143799,20.34354019165039,0.8153235912322998,143.8818817138672,11.755056381225586,0.5986579656600952,0.0
True,False,False,False,306,12.239999771118164,0.2713508903980255,20.728601455688477,0.8169755935668945,117.69603729248047,9.615689277648926,0.0343935489654541,0.0
True,False,False,False,306,12.239999771118164,0.26499518752098083,20.026674270629883,0.8259150981903076,110.03087615966797,8.989450454711914,0.43452247977256775,0.0
True,False,False,False,306,12.239999771118164,0.2856380343437195,20.34198570251465,0.8209880590438843,121.23815155029297,9.905077934265137,0.40061214566230774,0.0
True,False,False,False,306,12.239999771118164,0.2753381133079529,20.621471405029297,0.8089016675949097,130.7138214111328,10.67923355102539,0.11876189708709717,0.0
True,False,False,False,306,12.239999771118164,0.284944087266922,20.90131378173828,0.8061047196388245,125.26050567626953,10.233701705932617,0.013828635215759277,0.0
True,False,False,False,306,12.239999771118164,0.24576061964035034,20.727033615112305,0.8168192505836487,110.63192749023438,9.038556098937988,0.014231383800506592,0.0
True,False,False,False,306,12.239999771118164,0.2432258576154709,20.751827239990234,0.8119900226593018,120.44110107421875,9.839959144592285,0.04159289598464966,0.0
True,False,False,False,306,12.239999771118164,0.26047730445861816,20.51487159729004,0.8093100786209106,134.3584747314453,10.97700023651123,0.24101468920707703,0.0
True,False,False,False,307,12.279999732971191,0.2731049954891205,20.2260799407959,0.813883364200592,118.05004119873047,9.613195419311523,0.048756927251815796,0.0
True,False,False,False,307,12.279999732971191,0.24631942808628082,20.44281578063965,0.8090687990188599,121.68944549560547,9.909564018249512,0.011835664510726929,0.0
True,False,False,False,307,12.279999732971191,0.2545217275619507,20.5303955078125,0.8217598795890808,113.97512817382812,9.281362533569336,0.024405598640441895,0.0
True,False,False,False,307,12.279999732971191,0.23626874387264252,20.545917510986328,0.8143624067306519,114.25299835205078,9.303990364074707,0.13101181387901306,0.0
True,False,False,False,307,12.279999732971191,0.277279257774353,20.603425979614258,0.8192376494407654,117.79818725585938,9.592686653137207,0.20312485098838806,0.0
True,False,False,False,307,12.279999732971191,0.29083141684532166,20.60816192626953,0.8195935487747192,138.8539276123047,11.307323455810547,0.5907917022705078,0.0
True,False,False,False,307,12.279999732971191,0.24482208490371704,20.271347045898438,0.8275455236434937,110.56339263916016,9.003533363342285,0.28032442927360535,0.0
True,False,False,False,307,12.279999732971191,0.24787470698356628,20.132001876831055,0.8247786164283752,130.53424072265625,10.6298246383667,0.5966428518295288,0.0
True,False,False,False,308,12.319999694824219,0.2505124509334564,20.226831436157227,0.8257898092269897,120.65388488769531,9.7933349609375,0.3266659080982208,0.0
True,False,False,False,308,12.319999694824219,0.2902083396911621,20.517919540405273,0.8263303637504578,121.50298309326172,9.862255096435547,0.41342100501060486,0.0
True,False,False,False,308,12.319999694824219,0.27203357219696045,20.62689208984375,0.8023057579994202,138.44017028808594,11.237027168273926,0.2045033872127533,0.0
True,False,False,False,308,12.319999694824219,0.2805359363555908,19.923845291137695,0.8324710130691528,110.01872253417969,8.93009090423584,0.33878567814826965,0.0
True,False,False,False,308,12.319999694824219,0.25388461351394653,20.586807250976562,0.8183323740959167,104.3115005493164,8.466842651367188,0.07472366094589233,0.0
True,False,False,False,308,12.319999694824219,0.28786593675613403,20.264991760253906,0.8240774273872375,130.23257446289062,10.570826530456543,0.6100431680679321,0.0
True,False,False,False,308,12.319999694824219,0.287422239780426,20.40520477294922,0.8253747224807739,102.09288787841797,8.286760330200195,0.0045059919357299805,0.0
True,False,False,False,308,12.319999694824219,0.2702557146549225,20.399765014648438,0.821757972240448,138.4022979736328,11.233953475952148,0.6287122964859009,0.0
True,False,False,False,309,12.359999656677246,0.2359820306301117,20.6807804107666,0.8121322393417358,117.74263000488281,9.526103019714355,0.077206552028656,0.0
True,False,False,False,309,12.359999656677246,0.25617745518684387,20.21474838256836,0.825086236000061,132.17697143554688,10.693929672241211,0.579384446144104,0.0
True,False,False,False,309,12.359999656677246,0.2604723572731018,20.643924713134766,0.8123966455459595,122.57080078125,9.916731834411621,0.0418643057346344,0.0
True,False,False,False,309,12.359999656677246,0.2981508672237396,20.250877380371094,0.8150253295898438,120.97003936767578,9.787220001220703,0.13653519749641418,0.0
True,False,False,False,309,12.359999656677246,0.2999202311038971,20.48746109008789,0.8269596695899963,131.45606994628906,10.635604858398438,0.6078780889511108,0.0
True,False,False,False,309,12.359999656677246,0.26970142126083374,19.983535766601562,0.8248300552368164,120.93778991699219,9.784610748291016,0.556696891784668,0.0
True,False,False,False,309,12.359999656677246,0.24714015424251556,20.680953979492188,0.8131011724472046,137.25973510742188,11.105156898498535,0.4012865722179413,0.0
True,False,False,False,309,12.359999656677246,0.261983186006546,20.720125198364258,0.8151998519897461,121.61845397949219,9.839680671691895,0.03393071889877319,0.0
True,False,False,False,309,12.359999656677246,0.244977205991745,20.27231788635254,0.8257074356079102,121.61270141601562,9.839215278625488,0.5317286252975464,0.0
True,False,False,False,309,12.359999656677246,0.24851033091545105,20.148035049438477,0.8255971670150757,129.4904327392578,10.47657299041748,0.6028363704681396,0.0
True,False,False,False,309,12.359999656677246,0.27211299538612366,20.687217712402344,0.814821720123291,114.05132293701172,9.227453231811523,0.012175291776657104,0.0
True,False,False,False,310,12.399999618530273,0.26574352383613586,20.810279846191406,0.8076035380363464,121.02936553955078,9.760433197021484,0.007132589817047119,0.0
True,False,False,False,310,12.399999618530273,0.2774333655834198,20.436857223510742,0.8058294057846069,125.9571533203125,10.157835006713867,0.05347377061843872,0.0
True,False,False,False,310,12.399999618530273,0.2718218266963959,20.708614349365234,0.8139561414718628,118.21823120117188,9.53372859954834,0.02191069722175598,0.0
True,False,False,False,310,12.399999618530273,0.2712162137031555,20.908334732055664,0.8065026998519897,129.38482666015625,10.434260368347168,0.06744703650474548,0.0
True,False,False,False,310,12.399999618530273,0.25211700797080994,20.767471313476562,0.8144258856773376,122.88604736328125,9.910165786743164,0.045340657234191895,0.0
True,False,False,False,310,12.399999618530273,0.26675885915756226,20.459674835205078,0.8222156167030334,133.38330078125,10.756717681884766,0.4576130211353302,0.0
True,False,False,False,310,12.399999618530273,0.25103938579559326,20.607608795166016,0.820036768913269,111.9791488647461,9.030576705932617,0.014951199293136597,0.0
True,False,False,False,310,12.399999618530273,0.24841544032096863,20.36427116394043,0.8253263235092163,124.74224853515625,10.059859275817871,0.6596298217773438,0.0
True,False,False,False,310,12.399999618530273,0.2992725968360901,20.315715789794922,0.8294109106063843,107.49671936035156,8.669090270996094,0.457218199968338,0.0
True,False,False,False,310,12.399999618530273,0.26159024238586426,20.452741622924805,0.8120363354682922,119.51646423339844,9.63842487335205,0.03401052951812744,0.0
True,False,False,False,310,12.399999618530273,0.28391605615615845,20.52256202697754,0.8211366534233093,112.96479797363281,9.110064506530762,0.0036298930644989014,0.0
True,False,False,False,310,12.399999618530273,0.24641923606395721,20.201683044433594,0.8173704147338867,121.31633758544922,9.783576011657715,0.1801401674747467,0.0
True,False,False,False,310,12.399999618530273,0.28602731227874756,20.301944732666016,0.8227061033248901,110.35337829589844,8.899466514587402,0.07415863871574402,0.0
True,False,False,False,310,12.399999618530273,0.28649434447288513,20.580904006958008,0.8087753057479858,133.66433715820312,10.779382705688477,0.10741585493087769,0.0
True,False,False,False,310,12.399999618530273,0.29562678933143616,20.52349090576172,0.8190248012542725,121.76547241210938,9.819796562194824,0.4738999307155609,0.0
True,False,False,False,310,12.399999618530273,0.25489163398742676,20.90382194519043,0.8099150061607361,134.573974609375,10.852740287780762,0.11743912100791931,0.0
True,False,False,False,311,12.4399995803833,0.24928738176822662,20.25881576538086,0.8215667009353638,117.8154067993164,9.47069263458252,0.341511994600296,0.0
True,False,False,False,311,12.4399995803833,0.2779688537120819,20.495983123779297,0.8073570728302002,117.45805358886719,9.44196605682373,0.0005331933498382568,0.0
True,False,False,False,311,12.4399995803833,0.2782290279865265,20.298555374145508,0.8116679787635803,117.66912841796875,9.45893383026123,0.00780603289604187,0.0
True,False,False,False,311,12.4399995803833,0.2774495780467987,20.562454223632812,0.8185104727745056,137.60147094726562,11.061211585998535,0.5255180597305298,0.0
True,False,False,False,311,12.4399995803833,0.2637460231781006,20.08980941772461,0.8204210996627808,117.3829116821289,9.435925483703613,0.21652057766914368,0.0
True,False,False,False,311,12.4399995803833,0.27680984139442444,20.497419357299805,0.8053486943244934,126.52482604980469,10.170805931091309,0.05179914832115173,0.0
True,False,False,False,311,12.4399995803833,0.23824383318424225,20.88127899169922,0.7978376150131226,137.49667358398438,11.052787780761719,0.05122622847557068,0.0
True,False,False,False,311,12.4399995803833,0.28625625371932983,20.54229164123535,0.8088605403900146,122.2366714477539,9.826099395751953,0.02865016460418701,0.0
True,False,False,False,311,12.4399995803833,0.2946300208568573,20.981721878051758,0.8054830431938171,135.29525756835938,10.875824928283691,0.09138944745063782,0.0
True,False,False,False,311,12.4399995803833,0.2805115878582001,20.24641990661621,0.8137044310569763,121.60050964355469,9.7749605178833,0.22165247797966003,0.0
True,False,False,False,311,12.4399995803833,0.29405030608177185,20.586219787597656,0.8142262697219849,121.28032684326172,9.749222755432129,0.0426270067691803,0.0
True,False,False,False,311,12.4399995803833,0.24331608414649963,20.590499877929688,0.8141306638717651,125.08699798583984,10.055225372314453,0.04081559181213379,0.0
True,False,False,False,311,12.4399995803833,0.25932151079177856,20.889057159423828,0.8042709231376648,134.13534545898438,10.782584190368652,0.0950276255607605,0.0
True,False,False,False,311,12.4399995803833,0.27077147364616394,20.228679656982422,0.8205307126045227,120.92951965332031,9.721022605895996,0.30884984135627747,0.0
True,False,False,False,312,12.479999542236328,0.24258391559123993,20.26755142211914,0.822394609451294,118.00956726074219,9.45589542388916,0.4137294590473175,0.0
True,False,False,False,312,12.479999542236328,0.2905794084072113,20.721529006958008,0.8173522353172302,120.10958099365234,9.624165534973145,0.05018407106399536,0.0
True,False,False,False,312,12.479999542236328,0.29403868317604065,20.04888343811035,0.8221142888069153,128.70022583007812,10.312518119812012,0.5434654951095581,0.0
True,False,False,False,312,12.479999542236328,0.27063438296318054,20.143342971801758,0.8183011412620544,130.46847534179688,10.454205513000488,0.47334954142570496,0.0
True,False,False,False,312,12.479999542236328,0.29349592328071594,20.56980323791504,0.8120791912078857,137.50379943847656,11.017932891845703,0.494602769613266,0.0
True,False,False,False,312,12.479999542236328,0.2795403301715851,20.755996704101562,0.8146539330482483,126.56392669677734,10.141340255737305,0.15103164315223694,0.0
True,False,False,False,312,12.479999542236328,0.27706682682037354,20.577362060546875,0.8039906620979309,138.05682373046875,11.062246322631836,0.16388580203056335,0.0
True,False,False,False,312,12.479999542236328,0.23722781240940094,20.473472595214844,0.8134652972221375,117.31777954101562,9.400463104248047,0.06175944209098816,0.0
True,False,False,False,312,12.479999542236328,0.2582777440547943,20.654560089111328,0.8186895251274109,122.52665710449219,9.817841529846191,0.27793923020362854,0.0
True,False,False,False,312,12.479999542236328,0.2593092620372772,20.453123092651367,0.8104431629180908,126.70099639892578,10.152323722839355,0.0678144097328186,0.0
True,False,False,False,312,12.479999542236328,0.273851215839386,20.109764099121094,0.8404657244682312,102.49243927001953,8.212535858154297,0.5312738418579102,0.0
True,False,False,False,313,12.519999504089355,0.29575642943382263,20.464141845703125,0.8129045367240906,121.97638702392578,9.742523193359375,0.04831114411354065,0.0
True,False,False,False,313,12.519999504089355,0.2490530014038086,20.416494369506836,0.8136736750602722,117.80427551269531,9.409287452697754,0.007940530776977539,0.0
True,False,False,False,313,12.519999504089355,0.24787767231464386,20.5259952545166,0.809798002243042,125.48860931396484,10.023052215576172,0.05283746123313904,0.0
True,False,False,False,313,12.519999504089355,0.23974907398223877,20.48426055908203,0.82449871301651,122.61121368408203,9.793228149414062,0.5911916494369507,0.0
True,False,False,False,313,12.519999504089355,0.28572845458984375,20.36373519897461,0.8302388191223145,124.3084945678711,9.928793907165527,0.5799117088317871,0.0
True,False,False,False,313,12.519999504089355,0.24310947954654694,20.73383331298828,0.8156436085700989,116.98333740234375,9.343717575073242,0.014877021312713623,0.0
True,False,False,False,313,12.519999504089355,0.2964593768119812,20.804317474365234,0.8141332268714905,121.67025756835938,9.718071937561035,0.05572196841239929,0.0
True,False,False,False,313,12.519999504089355,0.2770313620567322,20.75061798095703,0.816032350063324,117.25437927246094,9.365365982055664,0.023000091314315796,0.0
True,False,False,False,313,12.519999504089355,0.23585918545722961,20.791915893554688,0.8099712133407593,118.11621856689453,9.434203147888184,0.006196469068527222,0.0
True,False,False,False,313,12.519999504089355,0.2541061043739319,20.901744842529297,0.809145987033844,131.58212280273438,10.509754180908203,0.10219630599021912,0.0
True,False,False,False,313,12.519999504089355,0.2801038920879364,20.16182518005371,0.8223456144332886,112.96367645263672,9.022658348083496,0.017733097076416016,0.0
True,False,False,False,313,12.519999504089355,0.29841533303260803,20.444793701171875,0.8112255334854126,125.71183013916016,10.040881156921387,0.042669594287872314,0.0
True,False,False,False,313,12.519999504089355,0.2680831849575043,20.450021743774414,0.8160709738731384,140.43072509765625,11.216511726379395,0.6215676069259644,0.0
True,False,False,False,313,12.519999504089355,0.23276738822460175,20.623964309692383,0.8003084659576416,122.71138763427734,9.801229476928711,0.053683698177337646,0.0
True,False,False,False,314,12.559999465942383,0.2997741997241974,20.5461368560791,0.8212775588035583,113.36202239990234,9.025639533996582,0.004801362752914429,0.0
True,False,False,False,314,12.559999465942383,0.2627120614051819,20.6016902923584,0.8127525448799133,114.59746551513672,9.124002456665039,0.03195136785507202,0.0
True,False,False,False,314,12.559999465942383,0.24299520254135132,20.595108032226562,0.8229203224182129,114.04988861083984,9.080405235290527,0.013643890619277954,0.0
True,False,False,False,314,12.559999465942383,0.23737852275371552,20.749530792236328,0.7997665405273438,121.18110656738281,9.648178100585938,0.007870733737945557,0.0
True,False,False,False,314,12.559999465942383,0.29824167490005493,20.133419036865234,0.8210103511810303,113.48892211914062,9.03574275970459,0.15338048338890076,0.0
True,False,False,False,314,12.559999465942383,0.2757740318775177,20.142465591430664,0.8266908526420593,122.37471008300781,9.743209838867188,0.6331464052200317,0.0
True,False,False,False,314,12.559999465942383,0.25172632932662964,20.591508865356445,0.8138421773910522,122.36518859863281,9.742451667785645,0.044332355260849,0.0
True,False,False,False,314,12.559999465942383,0.284809410572052,20.643823623657227,0.8202494978904724,135.8179473876953,10.813530921936035,0.5654333829879761,0.0
True,False,False,False,315,12.59999942779541,0.286325603723526,20.3824520111084,0.8136450052261353,126.07501220703125,10.005953788757324,0.06803068518638611,0.0
True,False,False,False,315,12.59999942779541,0.2830815017223358,20.663238525390625,0.8113518953323364,122.32636260986328,9.708441734313965,0.04536408185958862,0.0
True,False,False,False,315,12.59999942779541,0.2824863791465759,20.824928283691406,0.8043845891952515,130.54550170898438,10.36075496673584,0.08595654368400574,0.0
True,False,False,False,315,12.59999942779541,0.25604477524757385,20.398340225219727,0.8232998847961426,112.86614227294922,8.95763111114502,0.006913244724273682,0.0
True,False,False,False,315,12.59999942779541,0.25692981481552124,20.40974998474121,0.8268186450004578,120.8995361328125,9.59520149230957,0.486441045999527,0.0
True,False,False,False,315,12.59999942779541,0.26809337735176086,20.268573760986328,0.8119453191757202,114.09502410888672,9.055161476135254,0.03734010457992554,0.0
True,False,False,False,315,12.59999942779541,0.29112565517425537,20.837230682373047,0.8122626543045044,129.2199249267578,10.255550384521484,0.08561864495277405,0.0
True,False,False,False,315,12.59999942779541,0.2506663501262665,20.527902603149414,0.819706916809082,124.87786865234375,9.910942077636719,0.21740445494651794,0.0
True,False,False,False,315,12.59999942779541,0.24548068642616272,20.714122772216797,0.812713623046875,121.88866424560547,9.673704147338867,0.0478455126285553,0.0
True,False,False,False,315,12.59999942779541,0.2988118827342987,20.66813087463379,0.8100249171257019,133.66891479492188,10.608644485473633,0.17767444252967834,0.0
True,False,False,False,316,12.639999389648438,0.2660205364227295,20.390140533447266,0.8219029307365417,128.8333740234375,10.192514419555664,0.48519304394721985,0.0
True,False,False,False,316,12.639999389648438,0.2918030321598053,20.861751556396484,0.8098514080047607,134.4826202392578,10.639448165893555,0.15423724055290222,0.0
True,False,False,False,316,12.639999389648438,0.26725316047668457,20.98680877685547,0.8063443899154663,134.053955078125,10.605534553527832,0.0912882387638092,0.0
True,False,False,False,316,12.639999389648438,0.260793000459671,20.614194869995117,0.8059781193733215,117.62840270996094,9.306044578552246,0.0011662840843200684,0.0
True,False,False,False,316,12.639999389648438,0.27839788794517517,20.643905639648438,0.8056482076644897,141.9381103515625,11.229281425476074,0.2138424813747406,0.0
True,False,False,False,316,12.639999389648438,0.24864503741264343,20.22429084777832,0.8216317892074585,109.94010925292969,8.697793960571289,0.2644432485103607,0.0
True,False,False,False,316,12.639999389648438,0.26047226786613464,20.82102394104004,0.8012770414352417,136.9142608642578,10.831825256347656,0.038533419370651245,0.0
True,False,False,False,316,12.639999389648438,0.2791433036327362,20.49603843688965,0.80891352891922,128.59979248046875,10.17403507232666,0.025127053260803223,0.0
True,False,False,False,317,12.679999351501465,0.2607877552509308,20.420040130615234,0.8287580609321594,121.5843276977539,9.588669776916504,0.4900663197040558,0.0
True,False,False,False,317,12.679999351501465,0.2543286979198456,20.58419418334961,0.8083698749542236,117.3282470703125,9.253016471862793,0.0013991296291351318,0.0
True,False,False,False,317,12.679999351501465,0.2479768544435501,20.56549835205078,0.8208635449409485,113.53782653808594,8.954087257385254,0.26114746928215027,0.0
True,False,False,False,317,12.679999351501465,0.29093068838119507,20.210371017456055,0.8160226345062256,120.66828155517578,9.516426086425781,0.030353695154190063,0.0
True,False,False,False,317,12.679999351501465,0.2524239420890808,20.301036834716797,0.8251422643661499,132.97593688964844,10.487061500549316,0.6487970352172852,0.0
True,False,False,False,317,12.679999351501465,0.2763604521751404,20.849611282348633,0.8092247247695923,133.69741821289062,10.543960571289062,0.10658878087997437,0.0
True,False,False,False,317,12.679999351501465,0.2895674407482147,20.57124137878418,0.8207284212112427,113.82633209228516,8.97684097290039,0.018719494342803955,0.0
True,False,False,False,317,12.679999351501465,0.2628370225429535,20.157058715820312,0.8230513334274292,105.07052612304688,8.286319732666016,0.0007644295692443848,0.0
True,False,False,False,317,12.679999351501465,0.2512466609477997,20.669851303100586,0.8137190937995911,121.24321746826172,9.561768531799316,0.045800477266311646,0.0
True,False,False,False,317,12.679999351501465,0.2717323303222656,20.65147590637207,0.8161844611167908,116.89563751220703,9.218899726867676,0.039146631956100464,0.0
True,False,False,False,318,12.719999313354492,0.234252467751503,20.462236404418945,0.8119254112243652,112.50362396240234,8.844625473022461,0.006319880485534668,0.0
True,False,False,False,318,12.719999313354492,0.2609504759311676,20.32261085510254,0.813033938407898,114.5377426147461,9.00454044342041,0.01335364580154419,0.0
True,False,False,False,318,12.719999313354492,0.28388476371765137,20.207645416259766,0.8191127181053162,124.54832458496094,9.791535377502441,0.33026257157325745,0.0
True,False,False,False,318,12.719999313354492,0.27195385098457336,20.35405158996582,0.8328126072883606,106.95426940917969,8.408354759216309,0.4060848653316498,0.0
True,False,False,False,318,12.719999313354492,0.27039000391960144,20.58452033996582,0.8201096057891846,113.65557098388672,8.935187339782715,0.19009247422218323,0.0
True,False,False,False,318,12.719999313354492,0.2397380769252777,20.08420181274414,0.8270179033279419,117.86109161376953,9.265810012817383,0.581385612487793,0.0
True,False,False,False,318,12.719999313354492,0.27443909645080566,20.641550064086914,0.8053988814353943,128.39480590820312,10.093932151794434,0.010449856519699097,0.0
True,False,False,False,318,12.719999313354492,0.24379074573516846,20.26607322692871,0.8119299411773682,125.706298828125,9.88257122039795,0.23046883940696716,0.0
True,False,False,False,318,12.719999313354492,0.27015286684036255,20.376222610473633,0.8240129947662354,110.18167114257812,8.662081718444824,0.23463794589042664,0.0
True,False,False,False,318,12.719999313354492,0.26330429315567017,20.539533615112305,0.8135164976119995,126.64027404785156,9.9559965133667,0.04211169481277466,0.0
True,False,False,False,318,12.719999313354492,0.2604066729545593,20.720867156982422,0.7990480661392212,134.61544799804688,10.582976341247559,0.09431648254394531,0.0
True,False,False,False,318,12.719999313354492,0.29447439312934875,20.304975509643555,0.8221071362495422,125.84748077392578,9.893670082092285,0.491497665643692,0.0
True,False,False,False,318,12.719999313354492,0.2539265751838684,20.660858154296875,0.8072649836540222,120.83316040039062,9.499463081359863,0.006060183048248291,0.0
True,False,False,False,318,12.719999313354492,0.2732054591178894,20.6021728515625,0.8095239400863647,133.6250457763672,10.505114555358887,0.09397849440574646,0.0
True,False,False,False,319,12.75999927520752,0.2796924412250519,20.264163970947266,0.8153003454208374,125.34693145751953,9.8234281539917,0.0869646966457367,0.0
True,False,False,False,319,12.75999927520752,0.23743900656700134,20.32417106628418,0.8118293881416321,128.72882080078125,10.088465690612793,0.2834424078464508,0.0
True,False,False,False,319,12.75999927520752,0.29152318835258484,20.17796516418457,0.8238599300384521,121.26473236083984,9.503506660461426,0.43711385130882263,0.0
True,False,False,False,319,12.75999927520752,0.27163374423980713,20.605966567993164,0.8091488480567932,121.23799896240234,9.501411437988281,0.012640982866287231,0.0
True,False,False,False,319,12.75999927520752,0.24360525608062744,20.730833053588867,0.8164665102958679,114.42473602294922,8.967455863952637,0.023291945457458496,0.0
True,False,False,False,319,12.75999927520752,0.2784681022167206,20.294689178466797,0.8259685635566711,106.7181167602539,8.363489151000977,0.10117879509925842,0.0
True,False,False,False,319,12.75999927520752,0.2702149450778961,20.30850601196289,0.8249179720878601,127.16273498535156,9.96573257446289,0.622947096824646,0.0
True,False,False,False,319,12.75999927520752,0.2537466585636139,20.737567901611328,0.8078222274780273,119.17932891845703,9.340073585510254,0.036047548055648804,0.0
True,False,False,False,320,12.799999237060547,0.2740222215652466,20.11224365234375,0.8311399817466736,110.22148895263672,8.611054420471191,0.34092268347740173,0.0
True,False,False,False,320,12.799999237060547,0.2588930130004883,20.797504425048828,0.8084338903427124,125.14261627197266,9.77676773071289,0.0051441192626953125,0.0
True,False,False,False,320,12.799999237060547,0.27408888936042786,20.319372177124023,0.8227556347846985,136.103759765625,10.63310718536377,0.6411528587341309,0.0
True,False,False,False,320,12.799999237060547,0.2633071839809418,20.35719871520996,0.8178284168243408,131.43885803222656,10.268661499023438,0.1661204993724823,0.0
True,False,False,False,320,12.799999237060547,0.28273624181747437,20.92003631591797,0.8078840374946594,133.97406005859375,10.466724395751953,0.10718035697937012,0.0
True,False,False,False,320,12.799999237060547,0.2983557879924774,20.487533569335938,0.8039515018463135,130.46299743652344,10.192421913146973,0.005033582448959351,0.0
True,False,False,False,320,12.799999237060547,0.29722487926483154,20.294300079345703,0.8272822499275208,125.6406478881836,9.815675735473633,0.6279537677764893,0.0
True,False,False,False,320,12.799999237060547,0.2725552022457123,20.676198959350586,0.8019505739212036,137.07115173339844,10.708683967590332,0.01413029432296753,0.0
True,False,False,False,320,12.799999237060547,0.2689821720123291,20.53073501586914,0.8164395689964294,117.46823120117188,9.177206039428711,0.028884679079055786,0.0
True,False,False,False,320,12.799999237060547,0.24728646874427795,20.735774993896484,0.8177263736724854,143.78717041015625,11.233373641967773,0.6273279190063477,0.0
True,False,False,False,321,12.84000015258789,0.26464638113975525,20.53414535522461,0.817814826965332,128.3578338623047,9.996715545654297,0.36760684847831726,0.0
True,False,False,False,321,12.84000015258789,0.282950758934021,20.719181060791016,0.8123908638954163,124.89810943603516,9.727267265319824,0.054687827825546265,0.0
True,False,False,False,321,12.84000015258789,0.2946045398712158,20.48438262939453,0.8161571621894836,128.39285278320312,9.999443054199219,0.15476807951927185,0.0
True,False,False,False,321,12.84000015258789,0.2803303897380829,20.905162811279297,0.8090689778327942,134.38926696777344,10.466453552246094,0.1114664077758789,0.0
True,False,False,False,321,12.84000015258789,0.27552148699760437,20.787067413330078,0.8107998371124268,129.69102478027344,10.100546836853027,0.08742251992225647,0.0
True,False,False,False,321,12.84000015258789,0.25141093134880066,20.38939094543457,0.8176952600479126,128.3611297607422,9.996973037719727,0.31296977400779724,0.0
True,False,False,False,321,12.84000015258789,0.28788521885871887,19.99688148498535,0.8243748545646667,132.78277587890625,10.341337203979492,0.6329439878463745,0.0
True,False,False,False,321,12.84000015258789,0.2617553770542145,20.402339935302734,0.8122380971908569,125.26689147949219,9.755988121032715,0.047735244035720825,0.0
True,False,False,False,322,12.880000114440918,0.2662351429462433,20.676156997680664,0.8129789233207703,129.0485382080078,10.019296646118164,0.08336636424064636,0.0
True,False,False,False,322,12.880000114440918,0.29935842752456665,20.75712013244629,0.8071272373199463,128.55152893066406,9.980709075927734,0.011100858449935913,0.0
True,False,False,False,322,12.880000114440918,0.2740613520145416,20.387359619140625,0.8114576935768127,120.69408416748047,9.370658874511719,0.023665785789489746,0.0
True,False,False,False,322,12.880000114440918,0.2968498468399048,21.118576049804688,0.8011201024055481,138.26966857910156,10.735222816467285,0.07594949007034302,0.0
True,False,False,False,322,12.880000114440918,0.2747427821159363,20.123031616210938,0.8243153691291809,117.26276397705078,9.104251861572266,0.4680597484111786,0.0
True,False,False,False,322,12.880000114440918,0.243922621011734,20.77443504333496,0.8111515641212463,126.49235534667969,9.82083511352539,0.06576231122016907,0.0
True,False,False,False,322,12.880000114440918,0.2889963686466217,19.995956420898438,0.8239009380340576,120.88275146484375,9.385306358337402,0.49417170882225037,0.0
True,False,False,False,322,12.880000114440918,0.2785518169403076,20.437379837036133,0.8243377208709717,117.14533996582031,9.095134735107422,0.06409558653831482,0.0
True,False,False,False,323,12.920000076293945,0.2646014094352722,20.512060165405273,0.8130386471748352,132.7604522705078,10.2755765914917,0.23725709319114685,0.0
True,False,False,False,323,12.920000076293945,0.29059943556785583,20.53575897216797,0.819373369216919,125.30553436279297,9.698570251464844,0.2869170010089874,0.0
True,False,False,False,323,12.920000076293945,0.25793278217315674,20.270774841308594,0.8204168677330017,124.36387634277344,9.625686645507812,0.5230591297149658,0.0
True,False,False,False,323,12.920000076293945,0.24716095626354218,20.181427001953125,0.8231595158576965,106.77745819091797,8.264509201049805,0.004640847444534302,0.0
True,False,False,False,323,12.920000076293945,0.25487715005874634,20.659690856933594,0.8082168102264404,125.28402709960938,9.696906089782715,0.07052367925643921,0.0
True,False,False,False,323,12.920000076293945,0.2779098451137543,20.537185668945312,0.8091915249824524,117.45426940917969,9.090888023376465,0.001122206449508667,0.0
True,False,False,False,323,12.920000076293945,0.2788868546485901,20.42302894592285,0.8281946778297424,121.1089859008789,9.373760223388672,0.44976189732551575,0.0
True,False,False,False,323,12.920000076293945,0.26158106327056885,20.413047790527344,0.8135381937026978,117.01935577392578,9.057225227355957,0.006793558597564697,0.0
True,False,False,False,323,12.920000076293945,0.27774494886398315,20.115943908691406,0.8187492489814758,128.6925506591797,9.960723876953125,0.4020184576511383,0.0
True,False,False,False,323,12.920000076293945,0.2641376256942749,20.682727813720703,0.8189454078674316,121.03164672851562,9.36777400970459,0.04942116141319275,0.0
True,False,False,False,323,12.920000076293945,0.2644524872303009,20.561697006225586,0.8091699481010437,137.70936584472656,10.65861988067627,0.3055422604084015,0.0
True,False,False,False,323,12.920000076293945,0.24393488466739655,20.29766273498535,0.8104824423789978,125.03565216064453,9.677681922912598,0.0999956727027893,0.0
True,False,False,False,323,12.920000076293945,0.2713834047317505,20.85487937927246,0.8087868690490723,121.68313598632812,9.41819953918457,0.0112973153591156,0.0
True,False,False,False,323,12.920000076293945,0.29276522994041443,20.192291259765625,0.8148882985115051,110.89922332763672,8.583531379699707,0.019530266523361206,0.0
True,False,False,False,323,12.920000076293945,0.25354987382888794,20.064035415649414,0.8243448734283447,129.1707763671875,9.997737884521484,0.5070220232009888,0.0
True,False,False,False,323,12.920000076293945,0.2993854582309723,20.478750228881836,0.8278164267539978,128.01873779296875,9.908571243286133,0.6581095457077026,0.0
True,False,False,False,323,12.920000076293945,0.2988728880882263,20.412796020507812,0.8070889115333557,132.88706970214844,10.28537654876709,0.019224494695663452,0.0
True,False,False,False,323,12.920000076293945,0.2783394753932953,20.790729522705078,0.814514696598053,125.24201965332031,9.693655014038086,0.05683553218841553,0.0
True,False,False,False,324,12.960000038146973,0.2823927402496338,20.291723251342773,0.8277984261512756,114.08200073242188,8.802623748779297,0.4733976423740387,0.0
True,False,False,False,324,12.960000038146973,0.2603566646575928,20.154741287231445,0.8270543813705444,126.86737060546875,9.789149284362793,0.645917534828186,0.0
True,False,False,False,324,12.960000038146973,0.28070536255836487,20.806928634643555,0.8087338209152222,133.25320434570312,10.281883239746094,0.10168665647506714,0.0
True,False,False,False,324,12.960000038146973,0.2761822044849396,20.19579315185547,0.8162524104118347,128.7428436279297,9.93386173248291,0.2358950674533844,0.0
True,False,False,False,324,12.960000038146973,0.29239514470100403,20.360017776489258,0.8134120106697083,125.37638092041016,9.674103736877441,0.015026003122329712,0.0
True,False,False,False,324,12.960000038146973,0.24687303602695465,20.66079330444336,0.8154787421226501,110.47850036621094,8.524575233459473,0.004190891981124878,0.0
True,False,False,False,324,12.960000038146973,0.24739672243595123,20.616104125976562,0.8059489130973816,132.2738800048828,10.206317901611328,0.00816604495048523,0.0
True,False,False,False,324,12.960000038146973,0.27247655391693115,20.269132614135742,0.8177496194839478,114.99573516845703,8.873127937316895,0.015217036008834839,0.0
True,False,False,False,325,13.0,0.27513188123703003,20.372161865234375,0.8251866698265076,134.18080139160156,10.321599960327148,0.5498876571655273,0.0
True,False,False,False,325,13.0,0.291929692029953,20.51179313659668,0.8046787977218628,141.1749267578125,10.859609603881836,0.15468624234199524,0.0
True,False,False,False,325,13.0,0.2901686728000641,19.861963272094727,0.8314650654792786,123.45783996582031,9.496756553649902,0.6076295375823975,0.0
True,False,False,False,325,13.0,0.2979528605937958,20.19538688659668,0.8172226548194885,117.7325668334961,9.056351661682129,0.30616942048072815,0.0
True,False,False,False,325,13.0,0.2786127030849457,20.584325790405273,0.8140502572059631,129.9681854248047,9.997552871704102,0.0817883312702179,0.0
True,False,False,False,325,13.0,0.26684990525245667,21.025650024414062,0.8019548654556274,143.08323669433594,11.006402969360352,0.12841728329658508,0.0
True,False,False,False,325,13.0,0.2731994688510895,20.3258056640625,0.8255904912948608,109.46267700195312,8.420206069946289,0.09287777543067932,0.0
True,False,False,False,325,13.0,0.2942471504211426,19.97087287902832,0.8251922130584717,111.21148681640625,8.554729461669922,0.3311959207057953,0.0
True,False,False,False,325,13.0,0.28104931116104126,20.509878158569336,0.8152068853378296,128.60638427734375,9.89279842376709,0.10278132557868958,0.0
True,False,False,False,325,13.0,0.2868019640445709,20.590286254882812,0.817913830280304,128.68820190429688,9.899092674255371,0.13458338379859924,0.0
True,False,False,False,325,13.0,0.27079978585243225,20.424890518188477,0.8235317468643188,113.18685150146484,8.706681251525879,0.12666743993759155,0.0
True,False,False,False,325,13.0,0.2896595001220703,20.13361358642578,0.8188547492027283,133.67852783203125,10.282963752746582,0.4473095238208771,0.0
True,False,False,False,325,13.0,0.24000972509384155,20.364484786987305,0.8122439384460449,121.40726470947266,9.339020729064941,0.10070347785949707,0.0
True,False,False,False,325,13.0,0.2627847194671631,20.348485946655273,0.8215783834457397,143.84085083007812,11.064681053161621,0.596710205078125,0.0
True,False,False,False,325,13.0,0.255440890789032,20.962078094482422,0.8070200085639954,141.60609436035156,10.892776489257812,0.1705058515071869,0.0
True,False,False,False,325,13.0,0.24760940670967102,20.622528076171875,0.8003789186477661,137.0989532470703,10.546072959899902,0.10923439264297485,0.0
True,False,False,False,325,13.0,0.2492428869009018,20.33548927307129,0.8268471360206604,112.77276611328125,8.67482852935791,0.14803451299667358,0.0
True,False,False,False,326,13.039999961853027,0.24164046347141266,20.686664581298828,0.8052133917808533,128.8286590576172,9.879498481750488,0.01949894428253174,0.0
True,False,False,False,326,13.039999961853027,0.29521048069000244,20.879383087158203,0.8089509010314941,141.4222412109375,10.845263481140137,0.18186333775520325,0.0
True,False,False,False,326,13.039999961853027,0.24914534389972687,20.739788055419922,0.8087409138679504,115.17183685302734,8.832196235656738,0.01901555061340332,0.0
True,False,False,False,326,13.039999961853027,0.27770036458969116,20.478572845458984,0.8046013116836548,116.82709503173828,8.95913314819336,0.011224716901779175,0.0
True,False,False,False,326,13.039999961853027,0.2514914572238922,20.388132095336914,0.8123028874397278,125.31698608398438,9.610198020935059,0.07072770595550537,0.0
True,False,False,False,326,13.039999961853027,0.29029762744903564,20.42791748046875,0.8245714902877808,124.782958984375,9.569245338439941,0.24471130967140198,0.0
True,False,False,False,326,13.039999961853027,0.2646811306476593,20.32638931274414,0.8204306960105896,141.68218994140625,10.865199089050293,0.586490273475647,0.0
True,False,False,False,326,13.039999961853027,0.26345881819725037,20.802000045776367,0.8018811345100403,128.0214385986328,9.817595481872559,0.012761086225509644,0.0
True,False,False,False,326,13.039999961853027,0.2569034695625305,20.81753158569336,0.8052883148193359,126.40074157714844,9.69330883026123,0.04660123586654663,0.0
True,False,False,False,326,13.039999961853027,0.2838050127029419,20.498388290405273,0.8247715830802917,124.5994873046875,9.55517578125,0.2324548065662384,0.0
True,False,False,False,327,13.079999923706055,0.24929684400558472,20.655628204345703,0.8087241649627686,117.6413803100586,8.993988990783691,0.003170222043991089,0.0
True,False,False,False,327,13.079999923706055,0.2613915205001831,20.526784896850586,0.8060621619224548,132.69960021972656,10.14522933959961,0.08140972256660461,0.0
True,False,False,False,327,13.079999923706055,0.2586279809474945,20.357851028442383,0.8155490756034851,128.1232147216797,9.795352935791016,0.2690211236476898,0.0
True,False,False,False,327,13.079999923706055,0.2625551223754883,20.338542938232422,0.8311138153076172,110.04116821289062,8.412933349609375,0.46112552285194397,0.0
True,False,False,False,327,13.079999923706055,0.25942257046699524,20.61556625366211,0.8214577436447144,128.11021423339844,9.79435920715332,0.2141328752040863,0.0
True,False,False,False,327,13.079999923706055,0.25999823212623596,20.157468795776367,0.8164501190185547,136.54150390625,10.438953399658203,0.3179861009120941,0.0
True,False,False,False,327,13.079999923706055,0.2581789791584015,20.411026000976562,0.8070509433746338,124.40584564208984,9.511150360107422,0.052132219076156616,0.0
True,False,False,False,327,13.079999923706055,0.25902530550956726,20.799333572387695,0.8111584782600403,129.62271118164062,9.909993171691895,0.06697610020637512,0.0
True,False,False,False,327,13.079999923706055,0.25674712657928467,20.292236328125,0.8178714513778687,127.95513153076172,9.782502174377441,0.36047282814979553,0.0
True,False,False,False,328,13.119999885559082,0.25062933564186096,20.0240421295166,0.8244742751121521,116.03903198242188,8.844438552856445,0.11043533682823181,0.0
True,False,False,False,328,13.119999885559082,0.272541880607605,20.653831481933594,0.8164361119270325,121.02147674560547,9.224198341369629,0.0878865122795105,0.0
True,False,False,False,328,13.119999885559082,0.29246675968170166,20.039058685302734,0.8225314617156982,127.38130187988281,9.708940505981445,0.6444917917251587,0.0
True,False,False,False,328,13.119999885559082,0.25732988119125366,20.578269958496094,0.8174653053283691,117.17643737792969,8.931131362915039,0.028624385595321655,0.0
True,False,False,False,328,13.119999885559082,0.25996270775794983,20.59572982788086,0.8146668076515198,116.94093322753906,8.91318130493164,0.024967461824417114,0.0
True,False,False,False,328,13.119999885559082,0.23808538913726807,20.386884689331055,0.8176116347312927,116.72869873046875,8.897004127502441,0.02059328556060791,0.0
True,False,False,False,328,13.119999885559082,0.25845345854759216,20.13311195373535,0.829591691493988,119.73018646240234,9.125776290893555,0.6435693502426147,0.0
True,False,False,False,328,13.119999885559082,0.2671842873096466,20.694307327270508,0.8086925745010376,133.84347534179688,10.201484680175781,0.09130105376243591,0.0
True,False,False,False,328,13.119999885559082,0.27100735902786255,20.3677978515625,0.8157810568809509,136.44720458984375,10.39993953704834,0.3181134760379791,0.0
True,False,False,False,328,13.119999885559082,0.2806468904018402,20.25469207763672,0.8186371326446533,124.78379821777344,9.510960578918457,0.21068128943443298,0.0
True,False,False,False,328,13.119999885559082,0.2549237310886383,20.371183395385742,0.8158829212188721,128.3524169921875,9.782958984375,0.21338465809822083,0.0
True,False,False,False,329,13.15999984741211,0.2770860195159912,20.744598388671875,0.8038038015365601,121.92784881591797,9.265034675598145,0.015074223279953003,0.0
True,False,False,False,329,13.15999984741211,0.2744005620479584,21.018110275268555,0.8035800457000732,137.645263671875,10.459366798400879,0.03582388162612915,0.0
True,False,False,False,329,13.15999984741211,0.2829018533229828,20.006254196166992,0.8289947509765625,128.13748168945312,9.73689079284668,0.5444726943969727,0.0
True,False,False,False,329,13.15999984741211,0.2405150979757309,20.747650146484375,0.8102599382400513,137.35830688476562,10.43756103515625,0.15626004338264465,0.0
True,False,False,False,329,13.15999984741211,0.2818700969219208,20.245704650878906,0.8320364952087402,116.73513793945312,8.870450973510742,0.3069818317890167,0.0
True,False,False,False,329,13.15999984741211,0.2991195023059845,20.06697654724121,0.8203935623168945,136.5209197998047,10.373929977416992,0.4214564263820648,0.0
True,False,False,False,329,13.15999984741211,0.2688913345336914,20.62814712524414,0.8158239126205444,132.1781768798828,10.04393482208252,0.13622170686721802,0.0
True,False,False,False,329,13.15999984741211,0.26502180099487305,19.95224380493164,0.8278973698616028,108.82044219970703,8.269030570983887,0.16567739844322205,0.0
True,False,False,False,329,13.15999984741211,0.2607935070991516,20.179880142211914,0.820868730545044,136.14224243164062,10.345155715942383,0.6404480934143066,0.0
True,False,False,False,329,13.15999984741211,0.2499273270368576,20.502010345458984,0.8115803599357605,126.50347900390625,9.612726211547852,0.05101776123046875,0.0
True,False,False,False,329,13.15999984741211,0.24485555291175842,20.671009063720703,0.8153148293495178,121.78530883789062,9.254202842712402,0.08734443783760071,0.0
True,False,False,False,329,13.15999984741211,0.279634565114975,20.749181747436523,0.8062617182731628,144.8454132080078,11.006490707397461,0.14905714988708496,0.0
True,False,False,False,329,13.15999984741211,0.29007840156555176,20.762807846069336,0.8118417859077454,119.46757507324219,9.078083038330078,0.040994882583618164,0.0
True,False,False,False,329,13.15999984741211,0.27568864822387695,20.595169067382812,0.8159675002098083,124.54243469238281,9.46371078491211,0.0746663510799408,0.0
True,False,False,False,330,13.199999809265137,0.289334774017334,20.476173400878906,0.8161464929580688,129.85888671875,9.837794303894043,0.10843521356582642,0.0
True,False,False,False,330,13.199999809265137,0.2554519474506378,20.632307052612305,0.8168830275535583,121.46871948242188,9.202176094055176,0.0999397337436676,0.0
True,False,False,False,330,13.199999809265137,0.2618691027164459,20.65790367126465,0.7979862093925476,136.72373962402344,10.35785961151123,0.009990274906158447,0.0
True,False,False,False,330,13.199999809265137,0.2841210663318634,20.497976303100586,0.8216426968574524,110.43843078613281,8.366547584533691,0.005758851766586304,0.0
True,False,False,False,330,13.199999809265137,0.24249261617660522,20.262290954589844,0.8218003511428833,124.88882446289062,9.461275100708008,0.5112905502319336,0.0
True,False,False,False,330,13.199999809265137,0.26396438479423523,20.433015823364258,0.8211020827293396,128.0127716064453,9.69793701171875,0.3495226204395294,0.0
True,False,False,False,331,13.239999771118164,0.2944270670413971,20.602622985839844,0.8081544041633606,127.84439849853516,9.655921936035156,0.010069221258163452,0.0
True,False,False,False,331,13.239999771118164,0.2482612580060959,20.443702697753906,0.8188877105712891,120.59034729003906,9.1080322265625,0.145643949508667,0.0
True,False,False,False,331,13.239999771118164,0.26402243971824646,20.0485897064209,0.8216533064842224,139.4368896484375,10.531487464904785,0.6215778589248657,0.0
True,False,False,False,331,13.239999771118164,0.29345160722732544,20.406661987304688,0.8244842886924744,120.31227111816406,9.087029457092285,0.04186713695526123,0.0
True,False,False,False,331,13.239999771118164,0.2527320384979248,20.61965560913086,0.8112008571624756,129.46966552734375,9.77867603302002,0.06659233570098877,0.0
True,False,False,False,331,13.239999771118164,0.29899170994758606,20.732131958007812,0.8106985092163086,140.94801330566406,10.645620346069336,0.15632638335227966,0.0
True,False,False,False,331,13.239999771118164,0.24898496270179749,20.69953155517578,0.8177004456520081,124.72434997558594,9.420268058776855,0.19453606009483337,0.0
True,False,False,False,331,13.239999771118164,0.24149079620838165,20.267763137817383,0.8147782683372498,137.33006286621094,10.372361183166504,0.4205785095691681,0.0
True,False,False,False,331,13.239999771118164,0.2778415381908417,20.33290672302246,0.8119598031044006,125.07804870605469,9.446982383728027,0.06657949090003967,0.0
True,False,False,False,331,13.239999771118164,0.2646774649620056,21.00790023803711,0.7994869351387024,141.2072296142578,10.66519832611084,0.10397320985794067,0.0
True,False,False,False,332,13.279999732971191,0.264847069978714,20.39016342163086,0.8210315108299255,133.3737335205078,10.043203353881836,0.3870743215084076,0.0
True,False,False,False,332,13.279999732971191,0.26086562871932983,20.50633430480957,0.8206676840782166,116.17964172363281,8.748467445373535,0.012337297201156616,0.0
True,False,False,False,332,13.279999732971191,0.26019778847694397,20.161466598510742,0.8214789032936096,128.6123504638672,9.684664726257324,0.3383011519908905,0.0
True,False,False,False,332,13.279999732971191,0.2577905058860779,21.094419479370117,0.8025835752487183,137.7520751953125,10.372897148132324,0.10431486368179321,0.0
True,False,False,False,332,13.279999732971191,0.2512882947921753,20.5516300201416,0.8232035636901855,117.12754821777344,8.819845199584961,0.024529725313186646,0.0
True,False,False,False,332,13.279999732971191,0.27896028757095337,20.41168212890625,0.8165073394775391,121.20964813232422,9.127232551574707,0.044536709785461426,0.0
True,False,False,False,332,13.279999732971191,0.2839735150337219,20.666152954101562,0.8126516938209534,128.62551879882812,9.685656547546387,0.1469496190547943,0.0
True,False,False,False,332,13.279999732971191,0.25279802083969116,20.39266014099121,0.8120530843734741,128.6855926513672,9.690180778503418,0.4271390736103058,0.0
True,False,False,False,333,13.319999694824219,0.28553152084350586,20.209848403930664,0.8168448209762573,120.7435073852539,9.064827919006348,0.07094419002532959,0.0
True,False,False,False,333,13.319999694824219,0.2969222068786621,20.82274055480957,0.7997366786003113,137.00479125976562,10.285645484924316,0.0173933207988739,0.0
True,False,False,False,333,13.319999694824219,0.25980547070503235,20.73798179626465,0.8116803765296936,132.96084594726562,9.982046127319336,0.21941176056861877,0.0
True,False,False,False,333,13.319999694824219,0.28332120180130005,20.355878829956055,0.8144289255142212,125.25865173339844,9.403802871704102,0.1987535059452057,0.0
True,False,False,False,333,13.319999694824219,0.2548728585243225,20.274662017822266,0.8161044716835022,154.53855895996094,11.601994514465332,0.6242150068283081,0.0
True,False,False,False,333,13.319999694824219,0.29596009850502014,20.49639129638672,0.8143354058265686,130.53038024902344,9.799578666687012,0.09488141536712646,0.0
True,False,False,False,333,13.319999694824219,0.26977378129959106,20.839590072631836,0.8100640773773193,128.25924682617188,9.629073143005371,0.03265482187271118,0.0
True,False,False,False,333,13.319999694824219,0.27389606833457947,20.432514190673828,0.8273929357528687,133.4320831298828,10.017423629760742,0.6325974464416504,0.0
True,False,False,False,334,13.359999656677246,0.2656233310699463,20.524755477905273,0.8125868439674377,137.54129028320312,10.29500675201416,0.11697918176651001,0.0
True,False,False,False,334,13.359999656677246,0.24818480014801025,20.42874526977539,0.8166680932044983,154.5196533203125,11.565842628479004,0.6132755279541016,0.0
True,False,False,False,334,13.359999656677246,0.2507527470588684,20.669511795043945,0.8168923258781433,134.8271942138672,10.091856002807617,0.6252529621124268,0.0
True,False,False,False,334,13.359999656677246,0.2813203036785126,20.492340087890625,0.8142936825752258,124.84961700439453,9.34503173828125,0.04357299208641052,0.0
True,False,False,False,334,13.359999656677246,0.29758569598197937,20.662342071533203,0.8138360977172852,127.82666015625,9.567864418029785,0.021931976079940796,0.0
True,False,False,False,334,13.359999656677246,0.2989322543144226,20.530052185058594,0.807284414768219,141.58302307128906,10.597532272338867,0.1852172315120697,0.0
True,False,False,False,335,13.399999618530273,0.2672605812549591,20.456161499023438,0.8082472681999207,127.54781341552734,9.51849365234375,0.007118791341781616,0.0
True,False,False,False,335,13.399999618530273,0.2734338343143463,20.589765548706055,0.8107331991195679,132.87191772460938,9.915815353393555,0.10014718770980835,0.0
True,False,False,False,335,13.399999618530273,0.27292442321777344,19.893287658691406,0.8320499658584595,116.66851806640625,8.706605911254883,0.5835186243057251,0.0
True,False,False,False,335,13.399999618530273,0.26853832602500916,19.9423828125,0.8357223272323608,109.62301635742188,8.180822372436523,0.5563113689422607,0.0
True,False,False,False,335,13.399999618530273,0.25351622700691223,20.860689163208008,0.8119739890098572,137.271240234375,10.244122505187988,0.11350458860397339,0.0
True,False,False,False,335,13.399999618530273,0.2910294830799103,20.44618797302246,0.8258722424507141,127.99331665039062,9.551740646362305,0.35059401392936707,0.0
True,False,False,False,335,13.399999618530273,0.2843008041381836,20.516794204711914,0.818416953086853,121.6267318725586,9.076622009277344,0.26548144221305847,0.0
True,False,False,False,335,13.399999618530273,0.2983464300632477,20.236175537109375,0.8254402875900269,124.42369842529297,9.285350799560547,0.5940099954605103,0.0
True,False,False,False,335,13.399999618530273,0.27074912190437317,20.73771858215332,0.8154283761978149,119.0713882446289,8.885924339294434,0.042653292417526245,0.0
True,False,False,False,336,13.4399995803833,0.28719770908355713,20.319438934326172,0.8240227103233337,109.64456176757812,8.15807819366455,0.008089452981948853,0.0
True,False,False,False,336,13.4399995803833,0.28485408425331116,20.593172073364258,0.8210113048553467,124.87214660644531,9.291082382202148,0.32314208149909973,0.0
True,False,False,False,336,13.4399995803833,0.25224170088768005,20.504863739013672,0.8069308400154114,124.1036148071289,9.23390007019043,0.006848245859146118,0.0
True,False,False,False,336,13.4399995803833,0.25285404920578003,20.373306274414062,0.8176577687263489,132.80186462402344,9.881091117858887,0.2106998860836029,0.0
True,False,False,False,336,13.4399995803833,0.26719528436660767,20.427825927734375,0.8273730278015137,127.80963897705078,9.50964641571045,0.47418031096458435,0.0
True,False,False,False,336,13.4399995803833,0.26721665263175964,20.761287689208984,0.8128893971443176,110.16754150390625,8.196990013122559,0.0021738409996032715,0.0
True,False,False,False,336,13.4399995803833,0.25946465134620667,20.613466262817383,0.8067238926887512,139.54864501953125,10.383084297180176,0.06688228249549866,0.0
True,False,False,False,336,13.4399995803833,0.2861446440219879,20.258989334106445,0.8258290886878967,113.9765396118164,8.48039722442627,0.01591816544532776,0.0
True,False,False,False,336,13.4399995803833,0.2765631675720215,20.377103805541992,0.8076869249343872,137.28781127929688,10.21486759185791,0.18502077460289001,0.0
True,False,False,False,336,13.4399995803833,0.2867717146873474,20.567373275756836,0.8242400884628296,136.51760864257812,10.157560348510742,0.3946470320224762,0.0
True,False,False,False,336,13.4399995803833,0.29046013951301575,20.375080108642578,0.8165940046310425,128.66993713378906,9.57365608215332,0.08175724744796753,0.0
True,False,False,False,336,13.4399995803833,0.292033851146698,20.436647415161133,0.8243873715400696,120.38423919677734,8.957160949707031,0.07216209173202515,0.0
True,False,False,False,337,13.479999542236328,0.2773556709289551,20.238012313842773,0.8161148428916931,147.8400115966797,10.967360496520996,0.5318607091903687,0.0
True,False,False,False,337,13.479999542236328,0.25865638256073,20.24359893798828,0.82600998878479,107.68592071533203,7.988570213317871,0.006270378828048706,0.0
True,False,False,False,337,13.479999542236328,0.2903348505496979,20.500682830810547,0.8244379162788391,130.09739685058594,9.651142120361328,0.6448464393615723,0.0
True,False,False,False,338,13.519999504089355,0.24573832750320435,20.66246795654297,0.8171966671943665,143.87844848632812,10.641897201538086,0.5158176422119141,0.0
True,False,False,False,338,13.519999504089355,0.2778705656528473,20.607221603393555,0.8224895596504211,111.7766342163086,8.267502784729004,0.0801936686038971,0.0
True,False,False,False,338,13.519999504089355,0.29449912905693054,20.45891761779785,0.8198182582855225,123.79673767089844,9.156563758850098,0.1256035566329956,0.0
True,False,False,False,338,13.519999504089355,0.2555207312107086,20.27932357788086,0.8291080594062805,109.27723693847656,8.082635879516602,0.3429332673549652,0.0
True,False,False,False,338,13.519999504089355,0.24899598956108093,20.853395462036133,0.8044923543930054,124.60394287109375,9.216268539428711,0.01723763346672058,0.0
True,False,False,False,338,13.519999504089355,0.2925296723842621,20.300168991088867,0.8292730450630188,121.1211166381836,8.958662986755371,0.2840574085712433,0.0
True,False,False,False,338,13.519999504089355,0.2477339208126068,20.150867462158203,0.8224586844444275,127.17890167236328,9.406723976135254,0.5861469507217407,0.0
True,False,False,False,338,13.519999504089355,0.2507474720478058,20.4478702545166,0.806552529335022,132.50921630859375,9.80097770690918,0.006930559873580933,0.0
True,False,False,False,338,13.519999504089355,0.2509162425994873,20.48387908935547,0.8243722319602966,130.97238159179688,9.68730640411377,0.6025872230529785,0.0
True,False,False,False,338,13.519999504089355,0.29177480936050415,20.34857177734375,0.8155362010002136,128.00482177734375,9.467812538146973,0.06626856327056885,0.0
True,False,False,False,338,13.519999504089355,0.298292875289917,20.227153778076172,0.822315514087677,120.78985595703125,8.934161186218262,0.38165804743766785,0.0
True,False,False,False,338,13.519999504089355,0.29278501868247986,20.901487350463867,0.8046337962150574,140.33078002929688,10.379495620727539,0.041922926902770996,0.0
True,False,False,False,339,13.559999465942383,0.26698487997055054,20.38334846496582,0.816978394985199,127.25971984863281,9.38493537902832,0.04989045858383179,0.0
True,False,False,False,339,13.559999465942383,0.2805773913860321,20.430559158325195,0.8161088228225708,117.1346206665039,8.638246536254883,0.01677727699279785,0.0
True,False,False,False,339,13.559999465942383,0.2916051149368286,20.53955078125,0.823819637298584,122.68055725097656,9.047239303588867,0.040942609310150146,0.0
True,False,False,False,339,13.559999465942383,0.24610592424869537,20.24063491821289,0.8237042427062988,129.77305603027344,9.570284843444824,0.6207455396652222,0.0
True,False,False,False,339,13.559999465942383,0.2946378290653229,20.433279037475586,0.8115605115890503,131.86851501464844,9.724817276000977,0.0833452045917511,0.0
True,False,False,False,339,13.559999465942383,0.29659685492515564,20.3952693939209,0.8273481726646423,128.39443969726562,9.468616485595703,0.5326277017593384,0.0
True,False,False,False,339,13.559999465942383,0.2749705910682678,20.24077606201172,0.8189204931259155,121.01911926269531,8.924714088439941,0.20376154780387878,0.0
True,False,False,False,339,13.559999465942383,0.2901814579963684,21.058597564697266,0.8048480153083801,133.32615661621094,9.83231258392334,0.0624634325504303,0.0
True,False,False,False,339,13.559999465942383,0.29591092467308044,20.44298553466797,0.8107842206954956,144.16949462890625,10.631969451904297,0.41790565848350525,0.0
True,False,False,False,339,13.559999465942383,0.2983960211277008,20.338939666748047,0.8328222036361694,128.65907287597656,9.48813247680664,0.6246461868286133,0.0
True,False,False,False,339,13.559999465942383,0.28791406750679016,21.051542282104492,0.8039925694465637,135.97698974609375,10.027802467346191,0.044057488441467285,0.0
True,False,False,False,340,13.59999942779541,0.2743017077445984,20.416656494140625,0.8177107572555542,136.69158935546875,10.05085277557373,0.35349300503730774,0.0
True,False,False,False,340,13.59999942779541,0.2943395674228668,20.431921005249023,0.8111769556999207,120.56488800048828,8.865065574645996,0.020066171884536743,0.0
True,False,False,False,340,13.59999942779541,0.26848769187927246,20.229333877563477,0.8156127333641052,119.89492797851562,8.815803527832031,0.02723771333694458,0.0
True,False,False,False,340,13.59999942779541,0.2515218257904053,20.25161361694336,0.827353298664093,120.66636657714844,8.872527122497559,0.41753843426704407,0.0
True,False,False,False,340,13.59999942779541,0.25784850120544434,21.002042770385742,0.8069660067558289,128.2530975341797,9.430375099182129,0.015446603298187256,0.0
True,False,False,False,340,13.59999942779541,0.2800005376338959,20.71851921081543,0.8161366581916809,128.36935424804688,9.438923835754395,0.15825095772743225,0.0
True,False,False,False,340,13.59999942779541,0.2575318217277527,20.791135787963867,0.8110674619674683,139.82861328125,10.281516075134277,0.12987598776817322,0.0
True,False,False,False,290,11.59999942779541,0.29073473811149597,20.18297576904297,0.8345956206321716,113.84288787841797,9.814042091369629,0.5554819107055664,0.0
True,False,False,False,341,13.639999389648438,0.28549960255622864,20.535524368286133,0.8123708367347717,120.85711669921875,8.860492706298828,0.042339980602264404,0.0
True,False,False,False,341,13.639999389648438,0.29271164536476135,20.057912826538086,0.8273612856864929,116.25872039794922,8.523366928100586,0.2931038439273834,0.0
True,False,False,False,341,13.639999389648438,0.26073965430259705,20.366437911987305,0.8129259347915649,127.6853256225586,9.36109447479248,0.07673120498657227,0.0
True,False,False,False,341,13.639999389648438,0.2987513244152069,20.72058868408203,0.8131343126296997,124.63099670410156,9.13716983795166,0.0391077995300293,0.0
True,False,False,False,341,13.639999389648438,0.2404056042432785,20.521852493286133,0.806399941444397,135.2080535888672,9.912613868713379,0.09073331952095032,0.0
True,False,False,False,341,13.639999389648438,0.25805896520614624,20.435161590576172,0.8121039867401123,131.43878173828125,9.636274337768555,0.08444064855575562,0.0
True,False,False,False,341,13.639999389648438,0.2927689552307129,20.5898380279541,0.8194460272789001,140.24319458007812,10.281759262084961,0.45254507660865784,0.0
True,False,False,False,341,13.639999389648438,0.2871031165122986,20.480422973632812,0.8037605285644531,147.5130157470703,10.814737319946289,0.10368996858596802,0.0
True,False,False,False,342,13.679999351501465,0.28917673230171204,20.098094940185547,0.8260630965232849,140.4837646484375,10.269281387329102,0.6160902976989746,0.0
True,False,False,False,342,13.679999351501465,0.24933810532093048,20.083293914794922,0.8273347020149231,124.07024383544922,9.069462776184082,0.5512748956680298,0.0
True,False,False,False,342,13.679999351501465,0.2474510222673416,20.707435607910156,0.807765543460846,140.50189208984375,10.270606994628906,0.11371004581451416,0.0
True,False,False,False,342,13.679999351501465,0.29116201400756836,20.51316261291504,0.8159524202346802,128.28448486328125,9.377521514892578,0.1555427610874176,0.0
True,False,False,False,342,13.679999351501465,0.2922873795032501,20.50472068786621,0.817177951335907,128.50831604003906,9.393882751464844,0.16225478053092957,0.0
True,False,False,False,342,13.679999351501465,0.28532952070236206,20.105924606323242,0.8244913816452026,141.5541229248047,10.34752368927002,0.650210976600647,0.0
True,False,False,False,342,13.679999351501465,0.26882204413414,20.611011505126953,0.8198475241661072,127.88115692138672,9.348038673400879,0.250458687543869,0.0
True,False,False,False,342,13.679999351501465,0.29745134711265564,20.343778610229492,0.8311111927032471,125.25183868408203,9.155837059020996,0.63262939453125,0.0
True,False,False,False,343,13.719999313354492,0.2783728241920471,20.23108673095703,0.8332153558731079,123.20075225830078,8.979646682739258,0.3212680518627167,0.0
True,False,False,False,297,11.880000114440918,0.26234522461891174,20.332672119140625,0.8234111666679382,121.7624282836914,10.24936294555664,0.5697448253631592,0.0
True,False,False,False,343,13.719999313354492,0.2937156558036804,20.559953689575195,0.8197004199028015,127.9781494140625,9.32785415649414,0.07763081789016724,0.0
True,False,False,False,343,13.719999313354492,0.27148786187171936,20.473180770874023,0.8204228281974792,131.39561462402344,9.576940536499023,0.32989344000816345,0.0
True,False,False,False,343,13.719999313354492,0.24469660222530365,20.397794723510742,0.8126463294029236,128.08486938476562,9.33563232421875,0.147661954164505,0.0
True,False,False,False,343,13.719999313354492,0.2909092307090759,20.55038070678711,0.8168783187866211,128.00881958007812,9.330089569091797,0.06631079316139221,0.0
True,False,False,False,343,13.719999313354492,0.25341513752937317,20.430177688598633,0.8217164278030396,146.3043975830078,10.663586616516113,0.6449445486068726,0.0
True,False,False,False,343,13.719999313354492,0.26765090227127075,20.603271484375,0.8170002698898315,123.41429901123047,8.995211601257324,0.017491579055786133,0.0
True,False,False,False,344,13.75999927520752,0.2691035568714142,20.49549674987793,0.8096266388893127,157.57012939453125,11.45131778717041,0.6441774368286133,0.0
True,False,False,False,344,13.75999927520752,0.26104307174682617,20.768280029296875,0.8061431646347046,131.66392517089844,9.568599700927734,0.008745312690734863,0.0
True,False,False,False,344,13.75999927520752,0.25611352920532227,20.777423858642578,0.7985856533050537,145.03164672851562,10.540091514587402,0.1192578673362732,0.0
True,False,False,False,344,13.75999927520752,0.26969021558761597,20.47652816772461,0.8275853991508484,113.02383422851562,8.21394157409668,0.008321940898895264,0.0
True,False,False,False,344,13.75999927520752,0.2742235064506531,20.624279022216797,0.8136571049690247,131.4712677001953,9.554598808288574,0.11401152610778809,0.0
True,False,False,False,344,13.75999927520752,0.2530185580253601,20.65260124206543,0.8083569407463074,148.04742431640625,10.759261131286621,0.21858707070350647,0.0
True,False,False,False,344,13.75999927520752,0.2697140872478485,20.71831512451172,0.8088428378105164,137.0095977783203,9.957093238830566,0.12292799353599548,0.0
True,False,False,False,344,13.75999927520752,0.2624574601650238,20.306875228881836,0.8191561698913574,113.25554656982422,8.230781555175781,0.02539926767349243,0.0
True,False,False,False,344,13.75999927520752,0.2896655797958374,20.318904876708984,0.8182923197746277,151.26864624023438,10.993361473083496,0.6047191619873047,0.0
True,False,False,False,345,13.799999237060547,0.2774263024330139,20.41158103942871,0.8191919326782227,124.23968505859375,9.002876281738281,0.06514793634414673,0.0
True,False,False,False,345,13.799999237060547,0.2698826491832733,20.120450973510742,0.836511492729187,112.61363220214844,8.160408973693848,0.5052047967910767,0.0
True,False,False,False,345,13.799999237060547,0.2863803207874298,20.166780471801758,0.8290686011314392,135.5947265625,9.825705528259277,0.6445695161819458,0.0
True,False,False,False,346,13.84000015258789,0.2947083115577698,20.726930618286133,0.8162810206413269,132.21405029296875,9.553038597106934,0.10366034507751465,0.0
True,False,False,False,346,13.84000015258789,0.2675967812538147,20.25907325744629,0.8256275057792664,128.7987060546875,9.306264877319336,0.6332088708877563,0.0
True,False,False,False,346,13.84000015258789,0.29120028018951416,20.71697998046875,0.8176114559173584,128.1857452392578,9.261975288391113,0.050494372844696045,0.0
True,False,False,False,346,13.84000015258789,0.26517969369888306,20.605314254760742,0.8157470226287842,131.17897033691406,9.478249549865723,0.04065960645675659,0.0
True,False,False,False,346,13.84000015258789,0.2826741635799408,20.390708923339844,0.8092442750930786,132.1261444091797,9.546686172485352,0.07454177737236023,0.0
False,True,False,False,46,1.8399999141693115,13.973889350891113,3.113048791885376,5.34030294418335,2.9646739959716797,1.6112359762191772,-0.007599085569381714,0.0
True,False,False,False,347,13.880000114440918,0.27262967824935913,20.43290138244629,0.824517548084259,127.45840454101562,9.182882308959961,0.3888343274593353,0.0
True,False,False,False,347,13.880000114440918,0.2910546660423279,20.29197883605957,0.8147299885749817,136.44189453125,9.830107688903809,0.11557677388191223,0.0
True,False,False,False,347,13.880000114440918,0.27558237314224243,20.43351173400879,0.8108770251274109,127.75818634033203,9.204480171203613,0.03140696883201599,0.0
True,False,False,False,347,13.880000114440918,0.25679680705070496,20.309743881225586,0.8123828172683716,139.40003967285156,10.043230056762695,0.11346358060836792,0.0
True,False,False,False,347,13.880000114440918,0.25281569361686707,20.23677635192871,0.8205351233482361,131.615966796875,9.482418060302734,0.34128835797309875,0.0
True,False,False,False,347,13.880000114440918,0.26219210028648376,20.78962516784668,0.814042329788208,130.94647216796875,9.434184074401855,0.009509116411209106,0.0
True,False,False,False,347,13.880000114440918,0.2541648745536804,20.680850982666016,0.8148804306983948,128.5628204345703,9.262451171875,0.0964021384716034,0.0
True,False,False,False,347,13.880000114440918,0.29598763585090637,20.37404441833496,0.8095307946205139,135.61642456054688,9.770635604858398,0.10709097981452942,0.0
True,False,False,False,347,13.880000114440918,0.2731376588344574,20.421340942382812,0.8247700929641724,135.15626525878906,9.737483024597168,0.505159854888916,0.0
True,False,False,False,348,13.920000076293945,0.28163471817970276,20.191265106201172,0.8240373134613037,136.80056762695312,9.827627182006836,0.6322230100631714,0.0
True,False,False,False,348,13.920000076293945,0.29704880714416504,20.19705581665039,0.816282331943512,130.88316345214844,9.402525901794434,0.1133149266242981,0.0
True,False,False,False,348,13.920000076293945,0.25792548060417175,20.52729606628418,0.8212000727653503,116.74083709716797,8.386554718017578,0.030574768781661987,0.0
True,False,False,False,348,13.920000076293945,0.29861801862716675,20.164501190185547,0.8291552066802979,112.58690643310547,8.088139533996582,0.09250006079673767,0.0
True,False,False,False,348,13.920000076293945,0.2866280674934387,20.418935775756836,0.8104873895645142,140.166015625,10.069397926330566,0.12511301040649414,0.0
True,False,False,False,348,13.920000076293945,0.28763851523399353,20.435394287109375,0.8259688019752502,119.66792297363281,8.596833229064941,0.1601879894733429,0.0
True,False,False,False,348,13.920000076293945,0.28524884581565857,20.3420352935791,0.8190369009971619,151.80101013183594,10.905244827270508,0.6029996871948242,0.0
True,False,False,False,348,13.920000076293945,0.26758599281311035,20.364336013793945,0.8102108240127563,132.25552368164062,9.501114845275879,0.06906181573867798,0.0
True,False,False,False,348,13.920000076293945,0.25473809242248535,20.275094985961914,0.8126271963119507,123.33390045166016,8.860194206237793,0.02611231803894043,0.0
True,False,False,False,348,13.920000076293945,0.27238795161247253,20.20077133178711,0.8220022320747375,120.17887878417969,8.633540153503418,0.23650416731834412,0.0
True,False,False,False,348,13.920000076293945,0.2599233090877533,20.10780143737793,0.8326857089996338,117.31095886230469,8.427511215209961,0.6150999069213867,0.0
True,False,False,False,348,13.920000076293945,0.26249536871910095,20.53065299987793,0.8159965872764587,119.72579956054688,8.600991249084473,0.007753431797027588,0.0
True,False,False,False,348,13.920000076293945,0.284561425447464,20.42348289489746,0.8080701231956482,130.77108764648438,9.394474983215332,0.009643197059631348,0.0
True,False,False,False,348,13.920000076293945,0.28349342942237854,20.772628784179688,0.8156718015670776,137.31546020507812,9.864616394042969,0.26904669404029846,0.0
True,False,False,False,348,13.920000076293945,0.29331791400909424,20.769454956054688,0.8016582727432251,155.60838317871094,11.178763389587402,0.17508932948112488,0.0
True,False,False,False,348,13.920000076293945,0.2640095055103302,20.043994903564453,0.8250788450241089,130.96322631835938,9.40827751159668,0.36953356862068176,0.0
True,False,False,False,349,13.960000038146973,0.29971635341644287,20.905305862426758,0.8083860278129578,144.83175659179688,10.374767303466797,0.15241339802742004,0.0
True,False,False,False,349,13.960000038146973,0.2531166970729828,20.012739181518555,0.8239153027534485,132.5761260986328,9.496856689453125,0.6299151182174683,0.0
True,False,False,False,349,13.960000038146973,0.27112096548080444,20.572908401489258,0.8155577182769775,144.3937530517578,10.343392372131348,0.36427637934684753,0.0
True,False,False,False,349,13.960000038146973,0.25335264205932617,20.639286041259766,0.8179261684417725,124.554443359375,8.92223834991455,0.08152872323989868,0.0
True,False,False,False,349,13.960000038146973,0.2576107382774353,20.32461166381836,0.833746612071991,116.52000427246094,8.346705436706543,0.5970678329467773,0.0
True,False,False,False,349,13.960000038146973,0.2646526098251343,20.33513069152832,0.8267609477043152,133.9322967529297,9.594003677368164,0.6338977813720703,0.0
True,False,False,False,349,13.960000038146973,0.2525540888309479,20.120277404785156,0.8232840299606323,137.82521057128906,9.872865676879883,0.6624420881271362,0.0
True,False,False,False,349,13.960000038146973,0.2567204535007477,20.50922966003418,0.8098134398460388,136.6375732421875,9.787792205810547,0.21143797039985657,0.0
True,False,False,False,349,13.960000038146973,0.24310316145420074,20.888391494750977,0.8015496134757996,138.94320678710938,9.952951431274414,0.03985658288002014,0.0
True,False,False,False,349,13.960000038146973,0.2573881447315216,20.48295021057129,0.8075215816497803,128.11383056640625,9.17720890045166,0.05982178449630737,0.0
True,False,False,False,349,13.960000038146973,0.2791624665260315,21.183855056762695,0.7991406321525574,139.00265502929688,9.957210540771484,0.01947382092475891,0.0
True,False,False,False,350,14.0,0.29714396595954895,20.395597457885742,0.8176233768463135,123.8045883178711,8.843184471130371,0.10534673929214478,0.0
True,False,False,False,350,14.0,0.26137909293174744,20.443466186523438,0.8207747340202332,131.54696655273438,9.396211624145508,0.2805843651294708,0.0
True,False,False,False,350,14.0,0.27012306451797485,20.694185256958008,0.8134450912475586,125.40586853027344,8.957562446594238,0.005424618721008301,0.0
True,False,False,False,350,14.0,0.26582974195480347,20.57114028930664,0.8109551668167114,139.93234252929688,9.99516773223877,0.09999960660934448,0.0
True,False,False,False,351,14.039999961853027,0.24945245683193207,20.930543899536133,0.8072017431259155,136.62542724609375,9.731155395507812,0.04103842377662659,0.0
True,False,False,False,351,14.039999961853027,0.296437531709671,20.59912109375,0.8165830969810486,130.942138671875,9.326363563537598,0.02034810185432434,0.0
True,False,False,False,351,14.039999961853027,0.2556789517402649,20.50665855407715,0.8260504603385925,127.31163787841797,9.067780494689941,0.19769766926765442,0.0
True,False,False,False,351,14.039999961853027,0.28057536482810974,19.98819923400879,0.8288021087646484,129.47750854492188,9.222044944763184,0.6154582500457764,0.0
True,False,False,False,351,14.039999961853027,0.2848682701587677,20.449560165405273,0.8148975968360901,139.3272247314453,9.923591613769531,0.0909629762172699,0.0
True,False,False,False,351,14.039999961853027,0.26250213384628296,20.05413055419922,0.8209320902824402,134.26513671875,9.563043594360352,0.4504990875720978,0.0
True,False,False,False,351,14.039999961853027,0.29317566752433777,20.219100952148438,0.8291370868682861,119.89908599853516,8.539820671081543,0.05614972114562988,0.0
True,False,False,False,351,14.039999961853027,0.28181686997413635,20.38204002380371,0.821270763874054,128.07818603515625,9.1223783493042,0.2906971275806427,0.0
True,False,False,False,352,14.079999923706055,0.27933064103126526,20.68802833557129,0.8154065608978271,135.96820068359375,9.656832695007324,0.0622786283493042,0.0
True,False,False,False,307,12.279999732971191,0.25923585891723633,20.728836059570312,0.8015828132629395,125.96405792236328,10.257659912109375,0.004173725843429565,0.0
True,False,False,False,352,14.079999923706055,0.2659463584423065,20.27973747253418,0.8199459314346313,116.83457946777344,8.297910690307617,0.0647013783454895,0.0
True,False,False,False,352,14.079999923706055,0.2899321913719177,20.692211151123047,0.8105202317237854,123.6366958618164,8.781015396118164,0.03246799111366272,0.0
True,False,False,False,352,14.079999923706055,0.29222795367240906,20.43866729736328,0.8241323828697205,131.79136657714844,9.360182762145996,0.5597953796386719,0.0
False,True,False,False,53,2.119999885559082,13.998247146606445,3.0787250995635986,5.3961968421936035,2.957548141479492,1.39506995677948,-0.0020296573638916016,0.0
True,False,False,False,352,14.079999923706055,0.268439918756485,20.628828048706055,0.802608072757721,147.95724487304688,10.50832748413086,0.16449806094169617,0.0
True,False,False,False,353,14.119999885559082,0.29313671588897705,20.489900588989258,0.8126592636108398,147.51864624023438,10.44749641418457,0.4443072974681854,0.0
True,False,False,False,353,14.119999885559082,0.2740187644958496,20.735185623168945,0.8004924654960632,135.79090881347656,9.61691951751709,0.053391993045806885,0.0
True,False,False,False,353,14.119999885559082,0.28282421827316284,20.146324157714844,0.8204135298728943,112.8285903930664,7.99069356918335,0.006171494722366333,0.0
True,False,False,False,353,14.119999885559082,0.26369959115982056,20.280439376831055,0.8176999688148499,150.87289428710938,10.685049057006836,0.44651445746421814,0.0
True,False,False,False,353,14.119999885559082,0.2778789699077606,20.64935302734375,0.8150513172149658,125.00694274902344,8.853182792663574,0.05521842837333679,0.0
True,False,False,False,353,14.119999885559082,0.2916022539138794,20.287378311157227,0.8220594525337219,136.19076538085938,9.645238876342773,0.3937627375125885,0.0
True,False,False,False,353,14.119999885559082,0.25831469893455505,20.137901306152344,0.823722243309021,130.37413024902344,9.233295440673828,0.20839211344718933,0.0
True,False,False,False,309,12.359999656677246,0.25049981474876404,20.34110450744629,0.8206143379211426,128.30331420898438,10.38052749633789,0.4972696006298065,0.0
True,False,False,False,353,14.119999885559082,0.24815000593662262,20.404390335083008,0.8102903962135315,131.2779083251953,9.29730224609375,0.07599961757659912,0.0
True,False,False,False,301,12.039999961853027,0.29045358300209045,19.99590301513672,0.8313994407653809,102.52435302734375,8.515312194824219,0.19405630230903625,0.0
True,False,False,False,353,14.119999885559082,0.2864912152290344,20.305753707885742,0.8149117827415466,124.14320373535156,8.792011260986328,0.028470516204833984,0.0
True,False,False,False,353,14.119999885559082,0.24683082103729248,20.687484741210938,0.8104427456855774,135.15472412109375,9.571864128112793,0.10783326625823975,0.0
True,False,False,False,354,14.15999984741211,0.2803198993206024,19.871898651123047,0.829313337802887,130.8453369140625,9.240489959716797,0.5834273099899292,0.0
True,False,False,False,354,14.15999984741211,0.2735290825366974,20.192941665649414,0.8169544339179993,130.8665313720703,9.241987228393555,0.5538219213485718,0.0
True,False,False,False,354,14.15999984741211,0.2793516516685486,20.451915740966797,0.8240730166435242,150.06214904785156,10.597609519958496,0.5854150056838989,0.0
True,False,False,False,354,14.15999984741211,0.24509339034557343,20.711156845092773,0.8155590295791626,120.24636840820312,8.491974830627441,0.00020554661750793457,0.0
True,False,False,False,354,14.15999984741211,0.2739114761352539,20.21312141418457,0.8145701885223389,120.50066375732422,8.509934425354004,0.03069305419921875,0.0
True,False,False,False,354,14.15999984741211,0.2626102864742279,21.065549850463867,0.7999988198280334,144.1418914794922,10.179512023925781,0.08270713686943054,0.0
True,False,False,False,354,14.15999984741211,0.2494732290506363,20.850446701049805,0.8027344942092896,143.45396423339844,10.130929946899414,0.10983213782310486,0.0
True,False,False,False,354,14.15999984741211,0.2883228659629822,20.108577728271484,0.8225630521774292,123.55132293701172,8.72537612915039,0.48005178570747375,0.0
True,False,False,False,354,14.15999984741211,0.2877799868583679,20.63540267944336,0.8214104771614075,139.92218017578125,9.881509780883789,0.31326016783714294,0.0
True,False,False,False,354,14.15999984741211,0.24821117520332336,20.443988800048828,0.8211570382118225,124.748046875,8.809890747070312,0.31560835242271423,0.0
True,False,False,False,354,14.15999984741211,0.2725871205329895,20.087993621826172,0.8279258012771606,112.13961791992188,7.919464588165283,0.00237235426902771,0.0
True,False,False,False,354,14.15999984741211,0.2602788507938385,20.74153709411621,0.8008245825767517,156.40557861328125,11.045591354370117,0.15349110960960388,0.0
True,False,False,False,354,14.15999984741211,0.27498704195022583,20.45077896118164,0.8044472932815552,147.38026428222656,10.408210754394531,0.15109196305274963,0.0
True,False,False,False,355,14.199999809265137,0.2881413698196411,20.56593132019043,0.8233382701873779,128.89862060546875,9.077367782592773,0.547816276550293,0.0
True,False,False,False,355,14.199999809265137,0.2514585852622986,20.539213180541992,0.8143560290336609,134.91162109375,9.500818252563477,0.11576250195503235,0.0
True,False,False,False,355,14.199999809265137,0.2555640637874603,20.342866897583008,0.8203449249267578,131.12953186035156,9.234474182128906,0.32185980677604675,0.0
True,False,False,False,355,14.199999809265137,0.27404382824897766,20.167631149291992,0.8188481330871582,119.19892120361328,8.39428997039795,0.004659086465835571,0.0
True,False,False,False,355,14.199999809265137,0.285510390996933,20.703838348388672,0.809241533279419,143.7476043701172,10.12307071685791,0.11568209528923035,0.0
True,False,False,False,355,14.199999809265137,0.27056437730789185,20.88727378845215,0.8064624071121216,135.1560821533203,9.518033981323242,0.10531681776046753,0.0
True,False,False,False,355,14.199999809265137,0.28891196846961975,20.455583572387695,0.8204835653305054,153.60679626464844,10.81737995147705,0.6311224699020386,0.0
True,False,False,False,355,14.199999809265137,0.25783905386924744,20.611648559570312,0.8180553317070007,119.69402313232422,8.429156303405762,0.010214269161224365,0.0
True,False,False,False,355,14.199999809265137,0.2868683934211731,20.16827392578125,0.81770259141922,116.43352508544922,8.199543952941895,0.006519705057144165,0.0
True,False,False,False,355,14.199999809265137,0.29949280619621277,20.5445613861084,0.8211696743965149,117.19351959228516,8.25306510925293,0.20522072911262512,0.0
True,False,False,False,355,14.199999809265137,0.28122010827064514,20.541095733642578,0.8032654523849487,148.62672424316406,10.466670989990234,0.14174026250839233,0.0
True,False,False,False,355,14.199999809265137,0.2939610481262207,20.58529281616211,0.8123892545700073,136.25709533691406,9.59557056427002,0.061182260513305664,0.0
True,False,False,False,356,14.239999771118164,0.24808107316493988,20.293100357055664,0.8206896185874939,113.197509765625,7.949263572692871,0.002939760684967041,0.0
True,False,False,False,356,14.239999771118164,0.2662677466869354,20.330848693847656,0.8101897835731506,134.9940185546875,9.479917526245117,0.08508089184761047,0.0
True,False,False,False,356,14.239999771118164,0.26079514622688293,20.50598907470703,0.8242567181587219,153.18919372558594,10.757668495178223,0.6119791269302368,0.0
True,False,False,False,356,14.239999771118164,0.29910293221473694,20.835664749145508,0.8134278655052185,124.65791320800781,8.754067420959473,0.05178377032279968,0.0
True,False,False,False,356,14.239999771118164,0.264730840921402,20.733919143676758,0.8120914101600647,143.7130126953125,10.092206001281738,0.228206068277359,0.0
True,False,False,False,356,14.239999771118164,0.25671735405921936,20.81990623474121,0.8137852549552917,136.7227020263672,9.601313591003418,0.11508029699325562,0.0
True,False,False,False,356,14.239999771118164,0.2691778242588043,20.124271392822266,0.820350170135498,131.08277893066406,9.205251693725586,0.2387656271457672,0.0
True,False,False,False,356,14.239999771118164,0.2756308317184448,20.82485580444336,0.8060225248336792,144.25233459472656,10.130080223083496,0.08931756019592285,0.0
True,False,False,False,356,14.239999771118164,0.2765178978443146,20.1414852142334,0.8220606446266174,152.02734375,10.676077842712402,0.5950392484664917,0.0
True,False,False,False,356,14.239999771118164,0.2620752155780792,19.947616577148438,0.8391620516777039,122.46505737304688,8.600074768066406,0.6436116695404053,0.0
True,False,False,False,357,14.279999732971191,0.26792603731155396,20.15989112854004,0.8316712975502014,115.78697967529297,8.108331680297852,0.24530163407325745,0.0
True,False,False,False,357,14.279999732971191,0.26535242795944214,20.43992042541504,0.8161613941192627,128.04823303222656,8.966962814331055,0.08327201008796692,0.0
True,False,False,False,357,14.279999732971191,0.2862728238105774,20.801982879638672,0.8067666888237,138.49301147460938,9.698390007019043,0.11816233396530151,0.0
True,False,False,False,357,14.279999732971191,0.2836986184120178,20.453784942626953,0.808311402797699,147.4983367919922,10.329015731811523,0.11720028519630432,0.0
True,False,False,False,357,14.279999732971191,0.28614184260368347,19.961105346679688,0.8330519199371338,129.58045959472656,9.074261665344238,0.676526665687561,0.0
True,False,False,False,357,14.279999732971191,0.2603086233139038,20.320819854736328,0.8251482248306274,133.37086486816406,9.339696884155273,0.6803317070007324,0.0
True,False,False,False,357,14.279999732971191,0.2830197215080261,20.12613868713379,0.8184383511543274,123.90528106689453,8.676840782165527,0.13936612010002136,0.0
True,False,False,False,357,14.279999732971191,0.27735236287117004,20.161846160888672,0.8284806609153748,127.34160614013672,8.917479515075684,0.309311181306839,0.0
True,False,False,False,299,11.960000038146973,0.24812237918376923,20.208919525146484,0.8215879797935486,137.2738800048828,11.47774887084961,0.57262122631073,0.0
True,False,False,False,357,14.279999732971191,0.25864502787590027,21.00397491455078,0.8037254810333252,152.25682067871094,10.662242889404297,0.16623350977897644,0.0
True,False,False,False,357,14.279999732971191,0.25465282797813416,20.375707626342773,0.8251264095306396,131.8808135986328,9.2353515625,0.5696631669998169,0.0
True,False,False,False,358,14.319999694824219,0.2647547125816345,20.38841438293457,0.8191114068031311,121.3144302368164,8.471678733825684,0.039972662925720215,0.0
True,False,False,False,358,14.319999694824219,0.27217116951942444,20.819162368774414,0.8011004328727722,131.37498474121094,9.174230575561523,0.007088899612426758,0.0
True,False,False,False,358,14.319999694824219,0.2694779634475708,20.46513557434082,0.8243236541748047,143.03302001953125,9.9883394241333,0.4158113896846771,0.0
True,False,False,False,315,12.59999942779541,0.26561886072158813,20.408288955688477,0.8090649247169495,120.4505386352539,9.55956745147705,0.000877082347869873,0.0
True,False,False,False,358,14.319999694824219,0.27731651067733765,20.16847801208496,0.8209635019302368,116.03749084472656,8.103177070617676,0.004205971956253052,0.0
True,False,False,False,358,14.319999694824219,0.25844117999076843,20.0075626373291,0.8284045457839966,118.76942443847656,8.293954849243164,0.6437864303588867,0.0
True,False,False,False,311,12.4399995803833,0.24422167241573334,20.82431411743164,0.8094682097434998,127.03657531738281,10.211943626403809,0.07793596386909485,0.0
True,False,False,False,358,14.319999694824219,0.29937461018562317,20.500051498413086,0.8164987564086914,151.15505981445312,10.555521011352539,0.4060477316379547,0.0
True,False,False,False,358,14.319999694824219,0.27139467000961304,20.336076736450195,0.8150602579116821,128.18667602539062,8.951583862304688,0.22920528054237366,0.0
True,False,False,False,358,14.319999694824219,0.2916615605354309,20.711732864379883,0.8139240145683289,127.84530639648438,8.92774486541748,0.0689190924167633,0.0
True,False,False,False,303,12.119999885559082,0.24810129404067993,20.46847915649414,0.8167706727981567,140.3177490234375,11.577372550964355,0.6458487510681152,0.0
True,False,False,False,359,14.359999656677246,0.28992193937301636,20.397319793701172,0.8203487396240234,127.82438659667969,8.901419639587402,0.16837754845619202,0.0
True,False,False,False,359,14.359999656677246,0.28475311398506165,20.726091384887695,0.8178669810295105,136.11544799804688,9.478792190551758,0.09394228458404541,0.0
True,False,False,False,359,14.359999656677246,0.25219297409057617,20.3416748046875,0.80937659740448,139.15838623046875,9.690695762634277,0.22197535634040833,0.0
True,False,False,False,359,14.359999656677246,0.2518317699432373,20.798328399658203,0.8114780187606812,135.87973022460938,9.462376594543457,0.10685333609580994,0.0
True,False,False,False,359,14.359999656677246,0.2552495300769806,20.246294021606445,0.8282719850540161,123.8399887084961,8.623954772949219,0.4714462459087372,0.0
True,False,False,False,359,14.359999656677246,0.28680193424224854,20.448068618774414,0.8174001574516296,129.267822265625,9.001937866210938,0.08218938112258911,0.0
True,False,False,False,359,14.359999656677246,0.2895970642566681,20.73440170288086,0.8111875653266907,120.88361358642578,8.418079376220703,0.006509304046630859,0.0
True,False,False,False,313,12.519999504089355,0.24663615226745605,20.6561336517334,0.8024733066558838,121.30207061767578,9.688664436340332,0.0015001893043518066,0.0
True,False,False,False,359,14.359999656677246,0.29451191425323486,20.11786460876465,0.8295385837554932,146.0330810546875,10.169434547424316,0.6231518983840942,0.0
False,True,False,False,52,2.0799999237060547,13.968794822692871,3.095439910888672,5.348369598388672,2.885272264480591,1.3871501684188843,-0.0019204318523406982,0.0
True,False,False,False,359,14.359999656677246,0.2680865526199341,20.410572052001953,0.8102839589118958,139.5338592529297,9.716842651367188,0.33939656615257263,0.0
True,False,False,False,359,14.359999656677246,0.28583240509033203,20.383411407470703,0.8238846063613892,131.5406036376953,9.160209655761719,0.4071216285228729,0.0
True,False,False,False,359,14.359999656677246,0.2905060946941376,20.17027473449707,0.8251556158065796,141.93894958496094,9.88432788848877,0.4824725091457367,0.0
False,True,False,False,58,2.319999933242798,13.991010665893555,3.154364824295044,5.271090030670166,2.753582000732422,1.1868888139724731,-0.015446215867996216,0.0
True,False,False,False,310,12.399999618530273,0.24653202295303345,20.634735107421875,0.8086728453636169,118.119384765625,9.5257568359375,0.002635955810546875,0.0
True,False,False,False,359,14.359999656677246,0.27628976106643677,20.677343368530273,0.814182460308075,139.0679473876953,9.68439769744873,0.13981100916862488,0.0
True,False,False,False,360,14.399999618530273,0.2840416729450226,20.857929229736328,0.803837239742279,136.101806640625,9.45151424407959,0.013052433729171753,0.0
True,False,False,False,313,12.519999504089355,0.2526799440383911,20.419466018676758,0.8173860311508179,129.5648651123047,10.348631858825684,0.47805091738700867,0.0
True,False,False,False,360,14.399999618530273,0.2606399953365326,20.330020904541016,0.8145427703857422,127.67839050292969,8.866555213928223,0.10880938172340393,0.0
False,True,False,False,50,2.0,13.977201461791992,3.2906150817871094,5.092258930206299,2.9269556999206543,1.4634778499603271,-0.0012606680393218994,0.0
True,False,False,False,360,14.399999618530273,0.28561148047447205,20.402812957763672,0.8239455223083496,134.62632751464844,9.349050521850586,0.2551329433917999,0.0
True,False,False,False,360,14.399999618530273,0.2621636986732483,20.74221420288086,0.8078411817550659,127.45301818847656,8.85090446472168,0.011375606060028076,0.0
True,False,False,False,360,14.399999618530273,0.29076969623565674,20.579757690429688,0.8212481141090393,146.46543884277344,10.171211242675781,0.54737389087677,0.0
True,False,False,False,360,14.399999618530273,0.2516354024410248,20.60559844970703,0.8085641264915466,154.8963165283203,10.756689071655273,0.33821430802345276,0.0
True,False,False,False,360,14.399999618530273,0.28260698914527893,20.348247528076172,0.8220638036727905,124.64908599853516,8.656187057495117,0.048529237508773804,0.0
True,False,False,False,360,14.399999618530273,0.2803415358066559,20.36978530883789,0.8241280317306519,136.58143615722656,9.484822273254395,0.6447515487670898,0.0
True,False,False,False,360,14.399999618530273,0.2991650402545929,20.45828628540039,0.8166313767433167,138.26034545898438,9.601412773132324,0.19176456332206726,0.0
True,False,False,False,361,14.4399995803833,0.29721274971961975,20.394268035888672,0.8192524909973145,131.1886749267578,9.085088729858398,0.08159497380256653,0.0
True,False,False,False,361,14.4399995803833,0.29783913493156433,20.26940155029297,0.8148251175880432,124.3396987915039,8.610782623291016,0.04421219229698181,0.0
False,True,False,False,53,2.119999885559082,13.942874908447266,3.1844589710235596,5.20721435546875,2.7377560138702393,1.2913944721221924,-0.0010762512683868408,0.0
True,False,False,False,361,14.4399995803833,0.298255980014801,20.247217178344727,0.8133057355880737,128.24102783203125,8.88095760345459,0.06406128406524658,0.0
True,False,False,False,361,14.4399995803833,0.27862346172332764,20.179895401000977,0.8167330622673035,127.221923828125,8.810382843017578,0.1023876965045929,0.0
True,False,False,False,314,12.559999465942383,0.2534969747066498,20.820526123046875,0.8089736104011536,130.29473876953125,10.373785018920898,0.08536279201507568,0.0
True,False,False,False,361,14.4399995803833,0.2621358036994934,20.52668571472168,0.8141160011291504,139.76022338867188,9.678686141967773,0.12444368004798889,0.0
True,False,False,False,361,14.4399995803833,0.29697495698928833,20.416885375976562,0.8189609050750732,134.4698944091797,9.3123197555542,0.19456329941749573,0.0
True,False,False,False,361,14.4399995803833,0.25846371054649353,20.536409378051758,0.8115061521530151,134.89456176757812,9.341729164123535,0.13282561302185059,0.0
True,False,False,False,361,14.4399995803833,0.2883128821849823,20.48700523376465,0.8231768012046814,119.22893524169922,8.256852149963379,0.2059876024723053,0.0
True,False,False,False,361,14.4399995803833,0.2686917185783386,20.536972045898438,0.8183133006095886,156.4842071533203,10.836856842041016,0.6025104522705078,0.0
False,True,False,False,49,1.959999918937683,13.949509620666504,2.989677906036377,5.508029460906982,3.0460846424102783,1.5541248321533203,-0.005423426628112793,0.0
True,False,False,False,362,14.479999542236328,0.24942302703857422,20.46086311340332,0.8131089806556702,134.3330841064453,9.27714729309082,0.09921655058860779,0.0
True,False,False,False,362,14.479999542236328,0.2707998752593994,20.189966201782227,0.8225437998771667,131.12417602539062,9.055537223815918,0.23046645522117615,0.0
True,False,False,False,362,14.479999542236328,0.2738560438156128,20.62482261657715,0.8153795599937439,134.3826141357422,9.280567169189453,0.13065582513809204,0.0
True,False,False,False,362,14.479999542236328,0.2585013210773468,20.65116310119629,0.8100652098655701,130.89414978027344,9.039651870727539,0.010419368743896484,0.0
True,False,False,False,362,14.479999542236328,0.24517658352851868,20.775808334350586,0.7950958609580994,151.5001983642578,10.46272087097168,0.003651529550552368,0.0
True,False,False,False,362,14.479999542236328,0.2672620713710785,19.982759475708008,0.8288361430168152,130.5213623046875,9.013906478881836,0.5802600383758545,0.0
True,False,False,False,363,14.519999504089355,0.2492361068725586,20.160327911376953,0.8234202265739441,123.918701171875,8.534345626831055,0.5136575698852539,0.0
True,False,False,False,363,14.519999504089355,0.28923869132995605,20.117097854614258,0.8301880955696106,126.55287170410156,8.715763092041016,0.3470679819583893,0.0
True,False,False,False,363,14.519999504089355,0.26259762048721313,19.910860061645508,0.829730749130249,131.31634521484375,9.04382610321045,0.6202925443649292,0.0
True,False,False,False,363,14.519999504089355,0.26919037103652954,20.663713455200195,0.8199172616004944,124.82311248779297,8.596632957458496,0.22709378600120544,0.0
True,False,False,False,363,14.519999504089355,0.2922677993774414,20.960893630981445,0.8083228468894958,132.60572814941406,9.1326265335083,0.09784016013145447,0.0
True,False,False,False,363,14.519999504089355,0.26564618945121765,20.63755226135254,0.8206617832183838,131.8954315185547,9.083707809448242,0.08291846513748169,0.0
True,False,False,False,363,14.519999504089355,0.2911144495010376,20.713592529296875,0.8054778575897217,134.16256713867188,9.239846229553223,0.006050467491149902,0.0
True,False,False,False,363,14.519999504089355,0.29080769419670105,20.513500213623047,0.8118407130241394,163.19241333007812,11.239147186279297,0.6506924629211426,0.0
True,False,False,False,363,14.519999504089355,0.2458096146583557,20.658723831176758,0.8125050067901611,131.1007843017578,9.028980255126953,0.045453816652297974,0.0
True,False,False,False,363,14.519999504089355,0.2930755317211151,20.660640716552734,0.8191742897033691,131.16485595703125,9.033392906188965,0.09162640571594238,0.0
True,False,False,False,363,14.519999504089355,0.2916339933872223,20.557865142822266,0.8236076831817627,123.72713470458984,8.52115249633789,0.13773754239082336,0.0
True,False,False,False,363,14.519999504089355,0.2742661237716675,20.363292694091797,0.832179069519043,112.37570190429688,7.739373683929443,0.06931376457214355,0.0
True,False,False,False,363,14.519999504089355,0.2751726806163788,20.23599624633789,0.8333842754364014,127.13615417480469,8.75593376159668,0.5378990173339844,0.0
True,False,False,False,364,14.559999465942383,0.26913076639175415,20.76766014099121,0.8054261207580566,140.04351806640625,9.61837387084961,0.03072422742843628,0.0
True,False,False,False,364,14.559999465942383,0.29104283452033997,20.325538635253906,0.830054521560669,130.40383911132812,8.956308364868164,0.5384446382522583,0.0
True,False,False,False,364,14.559999465942383,0.2695862352848053,20.594205856323242,0.82179194688797,130.92141723632812,8.99185562133789,0.322811096906662,0.0
True,False,False,False,364,14.559999465942383,0.29769831895828247,20.456066131591797,0.8204647898674011,135.2989044189453,9.29250717163086,0.48233577609062195,0.0
True,False,False,False,365,14.59999942779541,0.2798595428466797,20.521066665649414,0.8188071250915527,137.7724151611328,9.436467170715332,0.6928637027740479,0.0
True,False,False,False,365,14.59999942779541,0.282804936170578,20.342472076416016,0.8129333257675171,130.61575317382812,8.946285247802734,0.03084537386894226,0.0
True,False,False,False,365,14.59999942779541,0.2971568703651428,20.57808494567871,0.811234712600708,139.28953552246094,9.540379524230957,0.01296931505203247,0.0
True,False,False,False,308,12.319999694824219,0.2720348834991455,20.528608322143555,0.810416579246521,126.61445617675781,10.27714729309082,0.08408299088478088,0.0
True,False,False,False,365,14.59999942779541,0.26318541169166565,20.268274307250977,0.8160462975502014,113.68508911132812,7.78665018081665,0.0069693028926849365,0.0
True,False,False,False,366,14.639999389648438,0.24379193782806396,20.405593872070312,0.813996434211731,120.4273681640625,8.225913047790527,0.018574565649032593,0.0
True,False,False,False,366,14.639999389648438,0.24425968527793884,20.86890983581543,0.8077179789543152,130.6901092529297,8.926919937133789,0.00496324896812439,0.0
True,False,False,False,366,14.639999389648438,0.2568894624710083,20.278291702270508,0.8258083462715149,137.66177368164062,9.40312671661377,0.5312385559082031,0.0
True,False,False,False,366,14.639999389648438,0.27547067403793335,20.582704544067383,0.8193528056144714,134.9268035888672,9.216312408447266,0.2722010314464569,0.0
True,False,False,False,366,14.639999389648438,0.2625020146369934,20.399566650390625,0.8255162239074707,119.26220703125,8.146326065063477,0.02770256996154785,0.0
True,False,False,False,366,14.639999389648438,0.2998529076576233,20.614540100097656,0.810910701751709,129.2227325439453,8.826689720153809,0.08384299278259277,0.0
True,False,False,False,366,14.639999389648438,0.2828180491924286,19.938737869262695,0.8258808851242065,119.822265625,8.184581756591797,0.4306662380695343,0.0
True,False,False,False,366,14.639999389648438,0.29917803406715393,20.239665985107422,0.8240751028060913,123.51554870605469,8.436854362487793,0.13202214241027832,0.0
True,False,False,False,366,14.639999389648438,0.29388898611068726,20.940229415893555,0.8064354062080383,143.6886444091797,9.814798355102539,0.06611081957817078,0.0
False,True,False,False,53,2.119999885559082,13.942242622375488,3.1489155292510986,5.292595863342285,2.6894376277923584,1.268602728843689,-0.0003247559070587158,0.0
True,False,False,False,366,14.639999389648438,0.2645919919013977,20.27291488647461,0.8222693204879761,138.27525329589844,9.44503116607666,0.5522582530975342,0.0
True,False,False,False,366,14.639999389648438,0.25692474842071533,21.04874038696289,0.8027549386024475,155.3038330078125,10.608185768127441,0.20251122117042542,0.0
False,True,False,False,60,2.3999998569488525,13.968195915222168,3.391209840774536,4.974541187286377,2.8532328605651855,1.1888470649719238,-0.0030107200145721436,0.0
True,False,False,False,366,14.639999389648438,0.27307167649269104,20.65750503540039,0.8020842671394348,150.0740203857422,10.250958442687988,0.06083419919013977,0.0
True,False,False,False,366,14.639999389648438,0.24710768461227417,20.35539436340332,0.8089193105697632,130.43470764160156,8.909475326538086,0.03949463367462158,0.0
True,False,False,False,366,14.639999389648438,0.2730598747730255,20.51898193359375,0.8199374675750732,126.89942169189453,8.667993545532227,0.05541989207267761,0.0
True,False,False,False,367,14.679999351501465,0.2863447070121765,20.516664505004883,0.8116010427474976,133.8473663330078,9.117668151855469,0.00987359881401062,0.0
True,False,False,False,367,14.679999351501465,0.29523614048957825,20.72201919555664,0.813737690448761,138.16970825195312,9.412105560302734,0.02739858627319336,0.0
True,False,False,False,367,14.679999351501465,0.28035178780555725,20.822551727294922,0.8138434290885925,154.5376739501953,10.527090072631836,0.4366144835948944,0.0
True,False,False,False,367,14.679999351501465,0.2720054090023041,20.4986629486084,0.8107225894927979,147.07675170898438,10.018853187561035,0.1786092221736908,0.0
True,False,False,False,367,14.679999351501465,0.26046979427337646,20.50907325744629,0.8116800785064697,138.96707153320312,9.466422080993652,0.12140071392059326,0.0
True,False,False,False,367,14.679999351501465,0.2933655083179474,20.471839904785156,0.8174455761909485,122.87669372558594,8.370347023010254,0.03803792595863342,0.0
False,True,False,False,49,1.959999918937683,13.988344192504883,3.112298011779785,5.32789945602417,2.896286964416504,1.477697491645813,-0.0022076070308685303,0.0
True,False,False,False,367,14.679999351501465,0.25263261795043945,21.021921157836914,0.805850625038147,155.20053100585938,10.572243690490723,0.2211083471775055,0.0
True,False,False,False,368,14.719999313354492,0.2787516117095947,20.439756393432617,0.8099851012229919,137.56146240234375,9.345208168029785,0.01566481590270996,0.0
True,False,False,False,368,14.719999313354492,0.29720473289489746,20.35787582397461,0.8101192116737366,154.1902313232422,10.47488021850586,0.4045073688030243,0.0
False,True,False,False,50,2.0,13.971942901611328,3.147062063217163,5.30631685256958,2.751551866531372,1.375775933265686,-0.0010506808757781982,0.0
True,False,False,False,368,14.719999313354492,0.264706552028656,20.50634765625,0.8105978965759277,142.53500366210938,9.683084487915039,0.1299242377281189,0.0
True,False,False,False,368,14.719999313354492,0.2602475583553314,20.34007453918457,0.8190391063690186,130.30072021484375,8.851951599121094,0.08283385634422302,0.0
True,False,False,False,368,14.719999313354492,0.27039697766304016,20.575590133666992,0.8043314814567566,147.26124572753906,10.00416088104248,0.13253352046012878,0.0
True,False,False,False,368,14.719999313354492,0.26131197810173035,20.296579360961914,0.8220106363296509,147.72470092773438,10.035645484924316,0.5850427150726318,0.0
True,False,False,False,368,14.719999313354492,0.2612808644771576,20.1962833404541,0.8189844489097595,141.7246856689453,9.628036499023438,0.5877180099487305,0.0
True,False,False,False,369,14.75999927520752,0.2581385672092438,20.42401695251465,0.8272383809089661,154.01315307617188,10.43449592590332,0.6356409788131714,0.0
True,False,False,False,314,12.559999465942383,0.24773000180721283,20.57622718811035,0.8149585723876953,122.34930419921875,9.74118709564209,0.047853559255599976,0.0
True,False,False,False,369,14.75999927520752,0.2964699864387512,20.28267478942871,0.8177211880683899,138.27606201171875,9.368297576904297,0.36729732155799866,0.0
True,False,False,False,369,14.75999927520752,0.2807711064815521,20.79513931274414,0.8026867508888245,141.5960693359375,9.593230247497559,0.049240678548812866,0.0
True,False,False,False,369,14.75999927520752,0.2813309133052826,20.11437225341797,0.8330821990966797,135.81060791015625,9.201261520385742,0.6491903066635132,0.0
True,False,False,False,369,14.75999927520752,0.280802458524704,20.554107666015625,0.8235958814620972,123.87218475341797,8.392424583435059,0.03297311067581177,0.0
True,False,False,False,369,14.75999927520752,0.2862400710582733,20.685239791870117,0.8158106207847595,135.090576171875,9.152478218078613,0.09548068046569824,0.0
True,False,False,False,369,14.75999927520752,0.2522459030151367,20.515548706054688,0.8262624144554138,115.8963851928711,7.8520588874816895,0.023789972066879272,0.0
True,False,False,False,370,14.799999237060547,0.29465746879577637,20.16440773010254,0.830011785030365,133.95089721679688,9.050736427307129,0.44946548342704773,0.0
True,False,False,False,370,14.799999237060547,0.2846563458442688,20.427080154418945,0.8136586546897888,150.49557495117188,10.168620109558105,0.3069189488887787,0.0
True,False,False,False,370,14.799999237060547,0.2831595838069916,20.66716766357422,0.8158511519432068,134.44241333007812,9.08394718170166,0.08129733800888062,0.0
True,False,False,False,370,14.799999237060547,0.25089481472969055,20.589685440063477,0.8114162683486938,126.92578887939453,8.576066970825195,0.011740416288375854,0.0
True,False,False,False,370,14.799999237060547,0.27874094247817993,19.961753845214844,0.8268714547157288,127.12690734863281,8.589655876159668,0.3692125380039215,0.0
True,False,False,False,370,14.799999237060547,0.28536170721054077,20.436208724975586,0.8215066194534302,129.68060302734375,8.762203216552734,0.011184394359588623,0.0
True,False,False,False,370,14.799999237060547,0.25415247678756714,20.305164337158203,0.8269267082214355,126.69279479980469,8.560324668884277,0.3453654944896698,0.0
True,False,False,False,370,14.799999237060547,0.2779722213745117,20.5983829498291,0.814738929271698,147.17233276367188,9.944077491760254,0.1747598946094513,0.0
True,False,False,False,312,12.479999542236328,0.2725912034511566,20.575014114379883,0.8214070200920105,139.90269470214844,11.210152626037598,0.6544603109359741,0.0
True,False,False,False,370,14.799999237060547,0.29982468485832214,20.416839599609375,0.8064000010490417,146.83108520507812,9.921019554138184,0.2850280702114105,0.0
True,False,False,False,370,14.799999237060547,0.26458844542503357,20.566198348999023,0.8205569982528687,127.61498260498047,8.622633934020996,0.1853577196598053,0.0
True,False,False,False,371,14.839999198913574,0.2826988995075226,20.766117095947266,0.8146677613258362,154.25369262695312,10.394454002380371,0.405659943819046,0.0
True,False,False,False,371,14.839999198913574,0.24917101860046387,20.434850692749023,0.8290704488754272,119.0535888671875,8.022479057312012,0.192439466714859,0.0
True,False,False,False,371,14.839999198913574,0.28542518615722656,20.796266555786133,0.8144306540489197,146.70799255371094,9.88598346710205,0.17413362860679626,0.0
True,False,False,False,371,14.839999198913574,0.2916533052921295,20.478364944458008,0.8241391181945801,139.43690490722656,9.396018028259277,0.6160796880722046,0.0
True,False,False,False,371,14.839999198913574,0.258029580116272,20.466020584106445,0.8207182884216309,134.6193389892578,9.07138442993164,0.27594026923179626,0.0
False,True,False,False,53,2.119999885559082,13.972587585449219,3.2880327701568604,5.090561389923096,2.912804365158081,1.3739644289016724,-0.00031638145446777344,0.0
True,False,False,False,372,14.880000114440918,0.24505363404750824,20.51516342163086,0.8048929572105408,143.29327392578125,9.629923820495605,0.14502021670341492,0.0
True,False,False,False,372,14.880000114440918,0.25804102420806885,20.6826114654541,0.816788375377655,128.50192260742188,8.635881423950195,0.07476598024368286,0.0
True,False,False,False,372,14.880000114440918,0.2642434537410736,20.300199508666992,0.8172346949577332,134.87985229492188,9.064506530761719,0.25725314021110535,0.0
True,False,False,False,372,14.880000114440918,0.24755731225013733,20.59552001953125,0.8157544136047363,126.2106704711914,8.481900215148926,0.06018182635307312,0.0
False,True,False,False,51,2.0399999618530273,13.997769355773926,3.0625696182250977,5.3982439041137695,2.978671073913574,1.4601329565048218,-0.006257057189941406,0.0
True,False,False,False,372,14.880000114440918,0.28628942370414734,20.956642150878906,0.8081614375114441,138.13340759277344,9.283159255981445,0.011028468608856201,0.0
True,False,False,False,373,14.920000076293945,0.26673367619514465,20.772857666015625,0.8127982020378113,136.1126251220703,9.122830390930176,0.11203417181968689,0.0
True,False,False,False,373,14.920000076293945,0.26511791348457336,20.151460647583008,0.8191992044448853,134.28709411621094,9.000475883483887,0.21741673350334167,0.0
True,False,False,False,373,14.920000076293945,0.2989754378795624,20.30778694152832,0.8345490097999573,127.24360656738281,8.52839183807373,0.5449795722961426,0.0
True,False,False,False,373,14.920000076293945,0.29614362120628357,20.50266456604004,0.8144129514694214,138.65371704101562,9.293144226074219,0.015080094337463379,0.0
True,False,False,False,321,12.84000015258789,0.2800196707248688,20.672061920166016,0.8174203634262085,129.9893035888672,10.123777389526367,0.19096210598945618,0.0
True,False,False,False,373,14.920000076293945,0.25685179233551025,20.8939208984375,0.7981685400009155,138.4055633544922,9.276512145996094,0.009764522314071655,0.0
True,False,False,False,373,14.920000076293945,0.2981790006160736,20.46920394897461,0.8113747835159302,145.84864807128906,9.775378227233887,0.07726624608039856,0.0
True,False,False,False,373,14.920000076293945,0.27625519037246704,20.406230926513672,0.8208126425743103,125.87052154541016,8.436362266540527,0.013241022825241089,0.0
True,False,False,False,373,14.920000076293945,0.261911004781723,20.611181259155273,0.8151739835739136,122.78331756591797,8.22944450378418,0.0034405291080474854,0.0
True,False,False,False,374,14.960000038146973,0.29738035798072815,20.14308738708496,0.8228893876075745,150.70265197753906,10.07370662689209,0.6280351877212524,0.0
True,False,False,False,374,14.960000038146973,0.2573072910308838,20.409093856811523,0.8167585730552673,158.1444549560547,10.57115364074707,0.6046649217605591,0.0
True,False,False,False,374,14.960000038146973,0.2622266411781311,20.576826095581055,0.8038674592971802,137.8766632080078,9.216354370117188,0.0035255849361419678,0.0
True,False,False,False,374,14.960000038146973,0.2900846600532532,20.686649322509766,0.8134470582008362,146.56964111328125,9.797435760498047,0.13512033224105835,0.0
True,False,False,False,374,14.960000038146973,0.2609083354473114,20.48683738708496,0.824169397354126,131.54736328125,8.793272972106934,0.30646970868110657,0.0
True,False,False,False,374,14.960000038146973,0.2605336904525757,19.989643096923828,0.8410889506340027,112.98248291015625,7.552305221557617,0.5402249097824097,0.0
True,False,False,False,374,14.960000038146973,0.27232837677001953,20.220211029052734,0.8211551308631897,123.50279998779297,8.255535125732422,0.06772539019584656,0.0
True,False,False,False,321,12.84000015258789,0.2727053463459015,20.3493595123291,0.8143966794013977,130.14344787597656,10.135782241821289,0.09424498677253723,0.0
True,False,False,False,327,13.079999923706055,0.2875850796699524,20.59224510192871,0.8142244815826416,133.03567504882812,10.170923233032227,0.11659759283065796,0.0
True,False,False,False,374,14.960000038146973,0.2554810345172882,20.719919204711914,0.8142635822296143,138.99673461914062,9.29122543334961,0.10981187224388123,0.0
True,False,False,False,375,15.0,0.27683353424072266,20.632123947143555,0.8182863593101501,147.83851623535156,9.855900764465332,0.18712809681892395,0.0
True,False,False,False,375,15.0,0.2572784423828125,20.26666831970215,0.8153417110443115,148.30325317382812,9.886883735656738,0.6695747375488281,0.0
True,False,False,False,376,15.039999961853027,0.28617414832115173,20.437400817871094,0.8135485649108887,137.71609497070312,9.156655311584473,0.3718184530735016,0.0
True,False,False,False,322,12.880000114440918,0.25549203157424927,20.73224639892578,0.8033138513565063,120.89990997314453,9.386638641357422,0.013997584581375122,0.0
True,False,False,False,376,15.039999961853027,0.2824183404445648,20.122495651245117,0.8256072998046875,120.77732849121094,8.030407905578613,0.3168266713619232,0.0
True,False,False,False,376,15.039999961853027,0.28379377722740173,20.782440185546875,0.8142614960670471,133.9601287841797,8.906923294067383,0.07750889658927917,0.0
True,False,False,False,376,15.039999961853027,0.26265987753868103,20.482812881469727,0.8271481990814209,137.841064453125,9.16496467590332,0.5135877132415771,0.0
True,False,False,False,376,15.039999961853027,0.26396864652633667,20.409530639648438,0.8108079433441162,142.34405517578125,9.464365005493164,0.033079832792282104,0.0
True,False,False,False,376,15.039999961853027,0.25861015915870667,20.737648010253906,0.8065388202667236,150.9699249267578,10.037894248962402,0.14493811130523682,0.0
True,False,False,False,376,15.039999961853027,0.2604111135005951,20.217844009399414,0.8228714466094971,153.02854919433594,10.17477035522461,0.6317846775054932,0.0
True,False,False,False,376,15.039999961853027,0.2659665644168854,20.539064407348633,0.8189574480056763,123.46290588378906,8.208970069885254,0.02368912100791931,0.0
True,False,False,False,376,15.039999961853027,0.2728719115257263,20.1480712890625,0.8219196200370789,147.2284393310547,9.789125442504883,0.6699084043502808,0.0
True,False,False,False,322,12.880000114440918,0.2856287956237793,20.74285125732422,0.8156721591949463,137.80682373046875,10.699287414550781,0.32216736674308777,0.0
True,False,False,False,376,15.039999961853027,0.24873587489128113,20.3640079498291,0.8207813501358032,138.65994262695312,9.21941089630127,0.31716927886009216,0.0
True,False,False,False,377,15.079999923706055,0.2789469361305237,20.451692581176758,0.8232232928276062,134.63880920410156,8.928302764892578,0.09185227751731873,0.0
False,True,False,False,57,2.2799999713897705,14.004711151123047,3.3995847702026367,4.973038673400879,2.839061975479126,1.245202660560608,-0.005036294460296631,0.0
True,False,False,False,377,15.079999923706055,0.25713345408439636,20.133451461791992,0.820155143737793,128.50027465820312,8.521238327026367,0.21181872487068176,0.0
True,False,False,False,377,15.079999923706055,0.2895732522010803,20.545751571655273,0.8097174167633057,157.78504943847656,10.463199615478516,0.2654162347316742,0.0
True,False,False,False,377,15.079999923706055,0.24901798367500305,20.84383773803711,0.8081396818161011,131.6310577392578,8.728850364685059,0.06647717952728271,0.0
True,False,False,False,377,15.079999923706055,0.2914208769798279,20.425809860229492,0.8214415311813354,134.25546264648438,8.90288257598877,0.11145293712615967,0.0
True,False,False,False,377,15.079999923706055,0.2645673453807831,20.231876373291016,0.8259270787239075,133.9346160888672,8.881606101989746,0.3061458170413971,0.0
False,True,False,False,50,2.0,13.957036018371582,3.1233198642730713,5.292994022369385,2.766740083694458,1.383370041847229,-0.0015379488468170166,0.0
True,False,False,False,378,15.119999885559082,0.2936742305755615,20.496295928955078,0.811249852180481,126.5079574584961,8.366928100585938,0.012300372123718262,0.0
True,False,False,False,378,15.119999885559082,0.24798698723316193,20.545536041259766,0.8239986300468445,138.10850524902344,9.134160041809082,0.5344152450561523,0.0
True,False,False,False,378,15.119999885559082,0.2902490496635437,20.420719146728516,0.8213117122650146,137.15968322753906,9.071407318115234,0.08032304048538208,0.0
False,True,False,False,55,2.200000047683716,14.013296127319336,3.382956027984619,4.999827861785889,2.8254175186157227,1.2842806577682495,-0.0012094974517822266,0.0
True,False,False,False,321,12.84000015258789,0.2989215850830078,20.43792152404785,0.8057369589805603,128.4463348388672,10.003608703613281,0.013552933931350708,0.0
True,False,False,False,378,15.119999885559082,0.27549099922180176,20.523786544799805,0.8089302778244019,135.2188262939453,8.94304370880127,0.04597213864326477,0.0
True,False,False,False,320,12.799999237060547,0.26468563079833984,20.265575408935547,0.831688642501831,117.55276489257812,9.183810234069824,0.4720277488231659,0.0
True,False,False,False,378,15.119999885559082,0.2859368920326233,20.288297653198242,0.8241626024246216,130.36895751953125,8.622285842895508,0.4359690248966217,0.0
True,False,False,False,379,15.15999984741211,0.28642982244491577,20.579833984375,0.822160005569458,134.00489807128906,8.839373588562012,0.16792842745780945,0.0
False,True,False,False,50,2.0,14.006414413452148,2.9597790241241455,5.5723724365234375,2.710723876953125,1.3553619384765625,-0.013844609260559082,0.0
True,False,False,False,379,15.15999984741211,0.24398311972618103,20.74970817565918,0.8150200843811035,127.58622741699219,8.41597843170166,0.06041538715362549,0.0
False,True,False,False,64,2.559999942779541,13.956589698791504,3.3803107738494873,5.009352207183838,3.2483582496643066,1.2688900232315063,-0.0027415454387664795,0.0
True,False,False,False,379,15.15999984741211,0.27185359597206116,20.572040557861328,0.814552903175354,143.12564086914062,9.44100570678711,0.13950854539871216,0.0
True,False,False,False,379,15.15999984741211,0.28389033675193787,20.683788299560547,0.813386082649231,130.58636474609375,8.613876342773438,0.08350920677185059,0.0
True,False,False,False,379,15.15999984741211,0.2967057526111603,19.97522735595703,0.8331010341644287,138.651611328125,9.14588451385498,0.6326261758804321,0.0
True,False,False,False,379,15.15999984741211,0.27792593836784363,20.53714370727539,0.8107208609580994,142.1255340576172,9.375035285949707,0.15195301175117493,0.0
True,False,False,False,379,15.15999984741211,0.2592872977256775,20.3968563079834,0.8117479085922241,146.39259338378906,9.656503677368164,0.3067644536495209,0.0
True,False,False,False,330,13.199999809265137,0.26867249608039856,20.632709503173828,0.8185667395591736,143.85720825195312,10.898273468017578,0.6092349290847778,0.0
True,False,False,False,379,15.15999984741211,0.2675849497318268,20.352279663085938,0.8223506808280945,156.51356506347656,10.324113845825195,0.5865058898925781,0.0
True,False,False,False,379,15.15999984741211,0.2984674572944641,20.302396774291992,0.8138729333877563,138.52684020996094,9.137654304504395,0.12063565850257874,0.0
True,False,False,False,379,15.15999984741211,0.2800121009349823,20.244422912597656,0.8223885297775269,134.02996826171875,8.84102725982666,0.3115289509296417,0.0
True,False,False,False,379,15.15999984741211,0.25830021500587463,20.291271209716797,0.8123428225517273,154.3086700439453,10.178671836853027,0.2897603213787079,0.0
True,False,False,False,379,15.15999984741211,0.2698465883731842,20.65113067626953,0.8203839659690857,134.9287872314453,8.90031623840332,0.23811879754066467,0.0
True,False,False,False,379,15.15999984741211,0.27049291133880615,20.376689910888672,0.8156563639640808,131.50982666015625,8.674790382385254,0.07978299260139465,0.0
True,False,False,False,380,15.199999809265137,0.2713913321495056,20.325960159301758,0.8155238628387451,149.49545288085938,9.835227012634277,0.19661661982536316,0.0
True,False,False,False,380,15.199999809265137,0.28360942006111145,20.030210494995117,0.8217700719833374,123.32408905029297,8.11342716217041,0.02170252799987793,0.0
True,False,False,False,380,15.199999809265137,0.2671460211277008,20.25077247619629,0.8217073678970337,130.70037841796875,8.598709106445312,0.2450108826160431,0.0
True,False,False,False,380,15.199999809265137,0.2824307382106781,20.743127822875977,0.8154796361923218,136.3955078125,8.973388671875,0.11280128359794617,0.0
True,False,False,False,380,15.199999809265137,0.28762897849082947,20.625083923339844,0.8218280076980591,151.1383056640625,9.943309783935547,0.5242812633514404,0.0
True,False,False,False,380,15.199999809265137,0.2998577058315277,19.873884201049805,0.8304753303527832,140.1338348388672,9.219331741333008,0.6524184942245483,0.0
True,False,False,False,381,15.239999771118164,0.25244420766830444,20.66018295288086,0.8101392388343811,134.1966094970703,8.805551528930664,0.027899116277694702,0.0
True,False,False,False,381,15.239999771118164,0.27469971776008606,20.342546463012695,0.8232991695404053,130.9142608642578,8.590174674987793,0.2476501762866974,0.0
True,False,False,False,381,15.239999771118164,0.2613694667816162,20.319087982177734,0.8114789724349976,141.95794677734375,9.314826011657715,0.12072330713272095,0.0
True,False,False,False,381,15.239999771118164,0.2673838436603546,20.389497756958008,0.8221614360809326,153.9609832763672,10.102426528930664,0.6635065078735352,0.0
True,False,False,False,381,15.239999771118164,0.28806766867637634,20.340747833251953,0.8172986507415771,150.61155700683594,9.882648468017578,0.41957762837409973,0.0
True,False,False,False,381,15.239999771118164,0.262814998626709,20.05506706237793,0.8238016366958618,137.67469787597656,9.033773422241211,0.5097643136978149,0.0
True,False,False,False,381,15.239999771118164,0.2585992217063904,20.084430694580078,0.8247296810150146,134.93423461914062,8.853952407836914,0.6564263105392456,0.0
False,True,False,False,54,2.1599998474121094,13.935545921325684,3.4820706844329834,4.865391254425049,3.002650022506714,1.3901158571243286,-0.0034707188606262207,0.0
True,False,False,False,382,15.279999732971191,0.2860095500946045,19.93994903564453,0.8262252807617188,139.93911743164062,9.158319473266602,0.6690951585769653,0.0
False,True,False,False,56,2.240000009536743,13.992334365844727,3.405461072921753,4.977990627288818,2.6744585037231445,1.1939547061920166,-0.0012740492820739746,0.0
True,False,False,False,382,15.279999732971191,0.24810242652893066,20.631519317626953,0.81258225440979,158.2671661376953,10.35779857635498,0.44310030341148376,0.0
True,False,False,False,382,15.279999732971191,0.2832416892051697,20.63396453857422,0.8087552785873413,133.68844604492188,8.74924373626709,0.0002181529998779297,0.0
True,False,False,False,382,15.279999732971191,0.29513877630233765,20.32398223876953,0.8104230165481567,137.944580078125,9.027787208557129,0.06497710943222046,0.0
True,False,False,False,382,15.279999732971191,0.2715001404285431,20.6658935546875,0.8109506368637085,146.93235778808594,9.615992546081543,0.11265119910240173,0.0
False,True,False,False,50,2.0,13.941585540771484,3.153042793273926,5.270218849182129,2.9272401332855225,1.4636200666427612,-0.004135578870773315,0.0
True,False,False,False,382,15.279999732971191,0.2713879942893982,20.75225257873535,0.8084031343460083,153.67506408691406,10.057269096374512,0.15666911005973816,0.0
True,False,False,False,382,15.279999732971191,0.29819855093955994,20.028318405151367,0.8234062790870667,137.66439819335938,9.00944995880127,0.3320738971233368,0.0
True,False,False,False,383,15.319999694824219,0.2569231390953064,20.61512565612793,0.8164018392562866,150.0518035888672,9.794504165649414,0.4235703647136688,0.0
True,False,False,False,383,15.319999694824219,0.2786693871021271,20.2783145904541,0.8151582479476929,133.9951629638672,8.746420860290527,0.08817785978317261,0.0
True,False,False,False,383,15.319999694824219,0.252028226852417,20.420185089111328,0.8107436895370483,146.4571075439453,9.559864044189453,0.16067782044410706,0.0
True,False,False,False,383,15.319999694824219,0.29695549607276917,20.379871368408203,0.8162913918495178,137.0198974609375,8.94385814666748,0.06800919771194458,0.0
True,False,False,False,383,15.319999694824219,0.29139167070388794,20.843042373657227,0.8113887310028076,154.29278564453125,10.071331024169922,0.3244245946407318,0.0
True,False,False,False,383,15.319999694824219,0.28151988983154297,20.58835792541504,0.8118080496788025,137.53668212890625,8.977590560913086,0.015152722597122192,0.0
True,False,False,False,384,15.359999656677246,0.2897769808769226,20.67729377746582,0.8185718059539795,138.57566833496094,9.02185344696045,0.1951490342617035,0.0
True,False,False,False,337,13.479999542236328,0.2870755195617676,20.726308822631836,0.8141077756881714,136.1867218017578,10.102872848510742,0.10773125290870667,0.0
True,False,False,False,384,15.359999656677246,0.28915342688560486,20.28129005432129,0.8193569183349609,131.33811950683594,8.5506591796875,0.06872433423995972,0.0
False,True,False,False,59,2.359999895095825,13.967663764953613,3.276761770248413,5.1029767990112305,2.8133530616760254,1.19209885597229,-0.002422124147415161,0.0
True,False,False,False,336,13.4399995803833,0.29525595903396606,20.27910804748535,0.8179441094398499,128.1010284423828,9.531327247619629,0.22576871514320374,0.0
True,False,False,False,384,15.359999656677246,0.25479620695114136,20.306608200073242,0.8211989998817444,126.76190948486328,8.252728462219238,0.054758548736572266,0.0
True,False,False,False,384,15.359999656677246,0.26491832733154297,20.84821128845215,0.8117058277130127,151.77085876464844,9.880915641784668,0.18988695740699768,0.0
True,False,False,False,384,15.359999656677246,0.28340864181518555,20.301795959472656,0.8185909986495972,146.39968872070312,9.531229972839355,0.2572568953037262,0.0
True,False,False,False,384,15.359999656677246,0.278263658285141,20.792495727539062,0.8030803203582764,131.61215209960938,8.568499565124512,0.011609017848968506,0.0
True,False,False,False,384,15.359999656677246,0.29195550084114075,20.7861270904541,0.8129687309265137,130.82508850097656,8.517258644104004,0.0009461939334869385,0.0
True,False,False,False,385,15.399999618530273,0.27803730964660645,20.24859046936035,0.8138080835342407,138.094482421875,8.967174530029297,0.4628647267818451,0.0
False,True,False,False,49,1.959999918937683,13.992071151733398,3.408169984817505,4.965333938598633,3.035961866378784,1.5489602088928223,-0.004919111728668213,0.0
True,False,False,False,385,15.399999618530273,0.25858837366104126,20.594209671020508,0.8160251379013062,138.78228759765625,9.011837005615234,0.12650799751281738,0.0
True,False,False,False,385,15.399999618530273,0.2667045593261719,20.261943817138672,0.8264145255088806,150.74813842773438,9.788840293884277,0.5528075695037842,0.0
True,False,False,False,385,15.399999618530273,0.29043248295783997,20.721952438354492,0.8175687193870544,141.43894958496094,9.184347152709961,0.1482895314693451,0.0
True,False,False,False,385,15.399999618530273,0.2702364921569824,20.53568458557129,0.8045658469200134,158.00692749023438,10.2601900100708,0.16334685683250427,0.0
True,False,False,False,385,15.399999618530273,0.2862286865711212,20.733407974243164,0.8122639656066895,158.23007202148438,10.274680137634277,0.3496686518192291,0.0
True,False,False,False,386,15.4399995803833,0.2557857930660248,20.464019775390625,0.8063761591911316,145.47494506835938,9.421952247619629,0.01127520203590393,0.0
True,False,False,False,386,15.4399995803833,0.2746424674987793,20.518587112426758,0.8213605880737305,130.80215454101562,8.47164249420166,0.12824150919914246,0.0
True,False,False,False,386,15.4399995803833,0.24563030898571014,20.822647094726562,0.8003461360931396,138.86245727539062,8.993682861328125,0.04509064555168152,0.0
True,False,False,False,386,15.4399995803833,0.2565877437591553,20.286699295043945,0.8153403997421265,141.22108459472656,9.146443367004395,0.47459813952445984,0.0
True,False,False,False,387,15.479999542236328,0.24318915605545044,20.47983741760254,0.8203466534614563,131.2986297607422,8.481823921203613,0.5444520711898804,0.0
True,False,False,False,387,15.479999542236328,0.2963586151599884,20.492868423461914,0.8080824613571167,142.4212646484375,9.200340270996094,0.13041555881500244,0.0
True,False,False,False,387,15.479999542236328,0.26223859190940857,20.30851173400879,0.8196473121643066,145.88597106933594,9.424159049987793,0.44622763991355896,0.0
True,False,False,False,387,15.479999542236328,0.2782432436943054,20.07494354248047,0.8249702453613281,163.8736572265625,10.586153984069824,0.6231178045272827,0.0
True,False,False,False,387,15.479999542236328,0.27303898334503174,20.775501251220703,0.8102898001670837,154.10414123535156,9.955048561096191,0.2506500780582428,0.0
True,False,False,False,387,15.479999542236328,0.2742660343647003,20.722412109375,0.8046334981918335,137.6069793701172,8.8893404006958,0.012481391429901123,0.0
True,False,False,False,387,15.479999542236328,0.2587832808494568,20.355615615844727,0.8207719922065735,142.51380920410156,9.206318855285645,0.3897353708744049,0.0
True,False,False,False,328,13.119999885559082,0.29032841324806213,20.213815689086914,0.8168855309486389,127.42674255371094,9.712404251098633,0.06661683320999146,0.0
True,False,False,False,344,13.75999927520752,0.2996789813041687,20.295679092407227,0.8132510185241699,151.1889190673828,10.987566947937012,0.4745507538318634,0.0
True,False,False,False,339,13.559999465942383,0.26678481698036194,20.58240509033203,0.8091980218887329,140.72705078125,10.378101348876953,0.1374286711215973,0.0
True,False,False,False,387,15.479999542236328,0.2932470440864563,20.68692970275879,0.7975471019744873,154.79226684570312,9.999500274658203,0.010931581258773804,0.0
True,False,False,False,388,15.519999504089355,0.2511107623577118,20.918886184692383,0.8070717453956604,134.58468627929688,8.671693801879883,0.020009368658065796,0.0
True,False,False,False,388,15.519999504089355,0.26810288429260254,20.37470054626465,0.8121412992477417,150.481201171875,9.695954322814941,0.34666499495506287,0.0
True,False,False,False,388,15.519999504089355,0.2915511131286621,20.472780227661133,0.8151617646217346,145.11924743652344,9.350467681884766,0.13667955994606018,0.0
True,False,False,False,388,15.519999504089355,0.2743610441684723,20.453981399536133,0.8287837505340576,137.36105346679688,8.850584030151367,0.5525773763656616,0.0
False,True,False,False,59,2.359999895095825,13.962520599365234,3.1139957904815674,5.337240695953369,2.8815360069274902,1.2209899425506592,-0.0005814135074615479,0.0
False,True,False,False,45,1.7999999523162842,13.992877006530762,3.018294095993042,5.470737457275391,2.823986053466797,1.5688811540603638,-0.01633790135383606,0.0
True,False,False,False,388,15.519999504089355,0.2600104510784149,20.590177536010742,0.8238667249679565,158.27784729003906,10.198315620422363,0.6661826372146606,0.0
False,True,False,False,52,2.0799999237060547,13.990598678588867,3.2790348529815674,5.118423938751221,2.750614643096924,1.3224109411239624,-0.012809574604034424,0.0
True,False,False,False,388,15.519999504089355,0.2856138348579407,20.754985809326172,0.8100183010101318,130.74520874023438,8.424304962158203,0.029208838939666748,0.0
True,False,False,False,389,15.559999465942383,0.2816728353500366,20.969545364379883,0.8074485063552856,154.21099853515625,9.910733222961426,0.12936261296272278,0.0
True,False,False,False,389,15.559999465942383,0.29054221510887146,20.782121658325195,0.8090663552284241,147.184326171875,9.459147453308105,0.16009142994880676,0.0
True,False,False,False,389,15.559999465942383,0.2892003357410431,20.313451766967773,0.8223140239715576,146.1575469970703,9.393158912658691,0.5059536695480347,0.0
True,False,False,False,389,15.559999465942383,0.2661336362361908,20.407663345336914,0.812479555606842,141.0785675048828,9.066746711730957,0.10617953538894653,0.0
True,False,False,False,389,15.559999465942383,0.29812976717948914,20.39864730834961,0.8209519386291504,150.7965087890625,9.691292762756348,0.5981321334838867,0.0
True,False,False,False,389,15.559999465942383,0.29388338327407837,20.60990333557129,0.8189777731895447,139.5529022216797,8.968695640563965,0.11431354284286499,0.0
True,False,False,False,335,13.399999618530273,0.2903449237346649,20.82469940185547,0.8129324316978455,127.91754150390625,9.546085357666016,0.02116987109184265,0.0
True,False,False,False,389,15.559999465942383,0.26293477416038513,20.5471248626709,0.8157354593276978,138.3004608154297,8.888204574584961,0.11202019453048706,0.0
True,False,False,False,389,15.559999465942383,0.27863186597824097,20.793642044067383,0.8148232698440552,134.80569458007812,8.663605690002441,0.07660821080207825,0.0
True,False,False,False,389,15.559999465942383,0.2647179961204529,20.788127899169922,0.8128106594085693,140.95457458496094,9.058777809143066,0.11114895343780518,0.0
True,False,False,False,389,15.559999465942383,0.2869262993335724,20.282217025756836,0.8157492876052856,130.34646606445312,8.377022743225098,0.08161824941635132,0.0
True,False,False,False,390,15.59999942779541,0.2699595093727112,20.530372619628906,0.8252434730529785,121.25965881347656,7.773055553436279,0.2627381384372711,0.0
True,False,False,False,390,15.59999942779541,0.2948148548603058,20.420669555664062,0.8122493624687195,146.25344848632812,9.375221252441406,0.3457596004009247,0.0
True,False,False,False,390,15.59999942779541,0.26787376403808594,20.519001007080078,0.810443103313446,158.00588989257812,10.128582954406738,0.22276267409324646,0.0
True,False,False,False,390,15.59999942779541,0.2583414912223816,20.606887817382812,0.8110098242759705,137.56443786621094,8.818233489990234,0.0746866762638092,0.0
False,True,False,False,62,2.4800000190734863,13.978635787963867,3.2431907653808594,5.152795791625977,2.837165355682373,1.144018292427063,-0.004107683897018433,0.0
True,False,False,False,390,15.59999942779541,0.26313841342926025,20.394330978393555,0.8071010112762451,160.97659301757812,10.319012641906738,0.23227956891059875,0.0
True,False,False,False,391,15.639999389648438,0.2548666000366211,20.758909225463867,0.8138289451599121,138.56817626953125,8.859858512878418,0.10633641481399536,0.0
True,False,False,False,391,15.639999389648438,0.26024460792541504,20.457002639770508,0.8265029191970825,123.1762466430664,7.8757195472717285,0.2862115800380707,0.0
True,False,False,False,391,15.639999389648438,0.2571481764316559,20.238746643066406,0.8165022730827332,122.88117980957031,7.856853008270264,0.024226903915405273,0.0
True,False,False,False,391,15.639999389648438,0.29011666774749756,20.134986877441406,0.8176090121269226,127.10157012939453,8.126699447631836,0.2096521556377411,0.0
True,False,False,False,391,15.639999389648438,0.2550893723964691,20.175840377807617,0.8226727247238159,144.0628204345703,9.211177825927734,0.6435365676879883,0.0
True,False,False,False,391,15.639999389648438,0.2946726381778717,20.608200073242188,0.8075963258743286,134.8575897216797,8.622608184814453,0.08870589733123779,0.0
True,False,False,False,391,15.639999389648438,0.28359416127204895,20.342897415161133,0.8265674710273743,130.30743408203125,8.331677436828613,0.4968530237674713,0.0
True,False,False,False,342,13.679999351501465,0.2446533590555191,20.6578426361084,0.8093525767326355,137.88278198242188,10.079151153564453,0.11043897271156311,0.0
True,False,False,False,392,15.679999351501465,0.25865647196769714,20.339561462402344,0.8199414610862732,130.2062225341797,8.30396842956543,0.06273061037063599,0.0
True,False,False,False,392,15.679999351501465,0.2693115472793579,20.617475509643555,0.8217586278915405,150.1566619873047,9.57631778717041,0.4949764907360077,0.0
True,False,False,False,392,15.679999351501465,0.25671133399009705,20.628177642822266,0.8212994933128357,149.0372772216797,9.504928588867188,0.43526986241340637,0.0
True,False,False,False,392,15.679999351501465,0.2942519187927246,20.006696701049805,0.8281764388084412,147.2916259765625,9.393598556518555,0.6722928285598755,0.0
True,False,False,False,392,15.679999351501465,0.2652232050895691,20.301708221435547,0.8141688704490662,141.4898223876953,9.02358627319336,0.27027419209480286,0.0
True,False,False,False,392,15.679999351501465,0.2886010706424713,20.637176513671875,0.8044546842575073,146.77847290039062,9.360872268676758,0.10090136528015137,0.0
False,True,False,False,54,2.1599998474121094,13.955999374389648,3.288667917251587,5.095780372619629,2.9590330123901367,1.3699227571487427,-0.0027548670768737793,0.0
True,False,False,False,392,15.679999351501465,0.2688203752040863,20.49742317199707,0.8162619471549988,145.88821411132812,9.304095268249512,0.1635543406009674,0.0
True,False,False,False,393,15.719999313354492,0.26159942150115967,20.351823806762695,0.8243011236190796,133.79298400878906,8.511004447937012,0.34263142943382263,0.0
True,False,False,False,393,15.719999313354492,0.2668476998806,20.547510147094727,0.8162891864776611,153.82591247558594,9.785364151000977,0.19302424788475037,0.0
True,False,False,False,393,15.719999313354492,0.2822447419166565,20.463716506958008,0.8086638450622559,149.0033721923828,9.478586196899414,0.07099264860153198,0.0
True,False,False,False,393,15.719999313354492,0.2708372473716736,20.69500160217285,0.8172928690910339,137.474853515625,8.745220184326172,0.09389206767082214,0.0
True,False,False,False,393,15.719999313354492,0.28296226263046265,20.41619300842285,0.8130028247833252,137.243896484375,8.730527877807617,0.0780632495880127,0.0
True,False,False,False,340,13.59999942779541,0.25877711176872253,20.2394962310791,0.8148185014724731,135.90736389160156,9.993188858032227,0.17050102353096008,0.0
True,False,False,False,393,15.719999313354492,0.28377458453178406,20.48253631591797,0.8076859712600708,146.13682556152344,9.296236038208008,0.11807268857955933,0.0
True,False,False,False,393,15.719999313354492,0.2870999574661255,20.573652267456055,0.8066169619560242,142.56494140625,9.06901741027832,0.16558828949928284,0.0
True,False,False,False,393,15.719999313354492,0.2922976613044739,20.151390075683594,0.8269112706184387,141.1842498779297,8.981186866760254,0.6679595708847046,0.0
True,False,False,False,394,15.75999927520752,0.2850853204727173,20.526065826416016,0.8109319806098938,140.73855590820312,8.9301118850708,0.0044439733028411865,0.0
False,True,False,False,63,2.5199999809265137,14.013908386230469,3.26882266998291,5.1377363204956055,2.969348430633545,1.17831289768219,-0.00075569748878479,0.0
True,False,False,False,394,15.75999927520752,0.2676379978656769,20.8952693939209,0.8080269694328308,157.6271209716797,10.001721382141113,0.17754313349723816,0.0
True,False,False,False,394,15.75999927520752,0.28135058283805847,20.402000427246094,0.8138249516487122,153.31451416015625,9.728078842163086,0.2259627878665924,0.0
True,False,False,False,394,15.75999927520752,0.2981395423412323,20.44624900817871,0.8110224604606628,161.079345703125,10.220770835876465,0.3243614137172699,0.0
False,True,False,False,51,2.0399999618530273,13.984448432922363,3.455280303955078,4.903804779052734,3.0068559646606445,1.4739490747451782,-0.0052118003368377686,0.0
True,False,False,False,395,15.799999237060547,0.2808346152305603,20.632658004760742,0.8210440278053284,129.99452209472656,8.22750186920166,0.08689039945602417,0.0
True,False,False,False,395,15.799999237060547,0.2707453668117523,20.482372283935547,0.8235939741134644,130.6147003173828,8.266753196716309,0.1642727553844452,0.0
True,False,False,False,395,15.799999237060547,0.25450918078422546,20.136598587036133,0.820391833782196,130.82073974609375,8.279793739318848,0.4745001494884491,0.0
True,False,False,False,395,15.799999237060547,0.2578788995742798,20.63689613342285,0.8118391036987305,131.14129638671875,8.300082206726074,0.13388225436210632,0.0
True,False,False,False,395,15.799999237060547,0.2588925063610077,20.6411075592041,0.8189506530761719,134.01473999023438,8.481945991516113,0.09147772192955017,0.0
True,False,False,False,396,15.839999198913574,0.2583748996257782,20.35350227355957,0.8143046498298645,132.9664764404297,8.394349098205566,0.04346513748168945,0.0
True,False,False,False,396,15.839999198913574,0.28183048963546753,20.962894439697266,0.8085016012191772,150.44534301757812,9.497812271118164,0.11743083596229553,0.0
True,False,False,False,396,15.839999198913574,0.29012200236320496,20.66916847229004,0.8177082538604736,161.47238159179688,10.193964004516602,0.38613662123680115,0.0
True,False,False,False,396,15.839999198913574,0.26790088415145874,20.620058059692383,0.8221778869628906,149.62652587890625,9.44611930847168,0.5376163721084595,0.0
True,False,False,False,396,15.839999198913574,0.29981815814971924,20.288516998291016,0.8150579929351807,140.97540283203125,8.899962425231934,0.11319977045059204,0.0
True,False,False,False,396,15.839999198913574,0.2563669979572296,20.442594528198242,0.8228222727775574,137.6933135986328,8.692760467529297,0.5597618818283081,0.0
True,False,False,False,396,15.839999198913574,0.28236865997314453,20.44524383544922,0.808173418045044,144.75775146484375,9.138747215270996,0.06666874885559082,0.0
True,False,False,False,396,15.839999198913574,0.2962493300437927,20.36866569519043,0.8218338489532471,165.47434997558594,10.446613311767578,0.617332935333252,0.0
False,True,False,False,52,2.0799999237060547,13.947662353515625,3.114753484725952,5.312648296356201,2.8241395950317383,1.3577594757080078,-0.0004843473434448242,0.0
False,True,False,False,49,1.959999918937683,13.964861869812012,3.0680196285247803,5.374055862426758,2.8085336685180664,1.4329253435134888,-0.0010947883129119873,0.0
True,False,False,False,397,15.880000114440918,0.27659404277801514,20.460365295410156,0.8172138333320618,134.26309204101562,8.454854965209961,0.06584835052490234,0.0
True,False,False,False,397,15.880000114440918,0.2853213846683502,20.70441246032715,0.8000677227973938,153.8999481201172,9.691431999206543,0.008241623640060425,0.0
True,False,False,False,397,15.880000114440918,0.2799672484397888,20.7166690826416,0.8175750374794006,137.52854919433594,8.66048812866211,0.08714842796325684,0.0
