goal_reached,collision,out_of_bounds,time_out,episode_steps,duration_s,final_distance_to_goal_m,path_length_m,trajectory_efficiency,command_variation_mps,command_variation_rate_mps2,min_clearance_m,mean_residual_mps
True,False,False,False,441,17.639999389648438,0.27241846919059753,19.2305965423584,0.8684078454971313,132.5560760498047,7.514516830444336,0.33659669756889343,0.10849837958812714
True,False,False,False,441,17.639999389648438,0.27241846919059753,19.2305965423584,0.8684078454971313,132.5560760498047,7.514516830444336,0.33659669756889343,0.10849837958812714
True,False,False,False,441,17.639999389648438,0.27241846919059753,19.2305965423584,0.8684078454971313,132.5560760498047,7.514516830444336,0.33659669756889343,0.10849837958812714
True,False,False,False,441,17.639999389648438,0.27241846919059753,19.2305965423584,0.8684078454971313,132.5560760498047,7.514516830444336,0.33659669756889343,0.10849837958812714
True,False,False,False,441,17.639999389648438,0.27241846919059753,19.2305965423584,0.8684078454971313,132.5560760498047,7.514516830444336,0.33659669756889343,0.10849837958812714
True,False,False,False,441,17.639999389648438,0.27241846919059753,19.2305965423584,0.8684078454971313,132.5560760498047,7.514516830444336,0.33659669756889343,0.10849837958812714
True,False,False,False,441,17.639999389648438,0.27380305528640747,19.230836868286133,0.8683969974517822,132.5556182861328,7.514491081237793,0.33867189288139343,0.10847952961921692
True,False,False,False,441,17.639999389648438,0.27380305528640747,19.230836868286133,0.8683969974517822,132.5556182861328,7.514491081237793,0.33867189288139343,0.10847952961921692
True,False,False,False,441,17.639999389648438,0.27380305528640747,19.230836868286133,0.8683969974517822,132.5556182861328,7.514491081237793,0.33867189288139343,0.10847952961921692
True,False,False,False,441,17.639999389648438,0.27380305528640747,19.230836868286133,0.8683969974517822,132.5556182861328,7.514491081237793,0.33867189288139343,0.10847952961921692
True,False,False,False,441,17.639999389648438,0.27380305528640747,19.230836868286133,0.8683969974517822,132.5556182861328,7.514491081237793,0.33867189288139343,0.10847952961921692
True,False,False,False,441,17.639999389648438,0.27298691868782043,19.231361389160156,0.8683733344078064,132.55612182617188,7.514519691467285,0.33851930499076843,0.10850819200277328
True,False,False,False,441,17.639999389648438,0.27298691868782043,19.231361389160156,0.8683733344078064,132.55612182617188,7.514519691467285,0.33851930499076843,0.10850819200277328
True,False,False,False,441,17.639999389648438,0.27301713824272156,19.231300354003906,0.8683760166168213,132.55613708496094,7.514520645141602,0.33848878741264343,0.1085074320435524
True,False,False,False,441,17.639999389648438,0.27301713824272156,19.231300354003906,0.8683760166168213,132.55613708496094,7.514520645141602,0.33848878741264343,0.1085074320435524
True,False,False,False,441,17.639999389648438,0.2730548083782196,19.23129653930664,0.8683762550354004,132.55612182617188,7.514519691467285,0.33848878741264343,0.10850784182548523
True,False,False,False,441,17.639999389648438,0.2730548083782196,19.23129653930664,0.8683762550354004,132.55612182617188,7.514519691467285,0.33848878741264343,0.10850784182548523
True,False,False,False,441,17.639999389648438,0.27301713824272156,19.231300354003906,0.8683760166168213,132.55613708496094,7.514520645141602,0.33848878741264343,0.1085074320435524
True,False,False,False,441,17.639999389648438,0.27301713824272156,19.231300354003906,0.8683760166168213,132.55613708496094,7.514520645141602,0.33848878741264343,0.1085074320435524
True,False,False,False,441,17.639999389648438,0.27298691868782043,19.231361389160156,0.8683733344078064,132.55612182617188,7.514519691467285,0.33851930499076843,0.10850819200277328
True,False,False,False,441,17.639999389648438,0.27298691868782043,19.231361389160156,0.8683733344078064,132.55612182617188,7.514519691467285,0.33851930499076843,0.10850819200277328
True,False,False,False,441,17.639999389648438,0.27380305528640747,19.230836868286133,0.8683969974517822,132.5556182861328,7.514491081237793,0.33867189288139343,0.10847952961921692
True,False,False,False,441,17.639999389648438,0.27380305528640747,19.230836868286133,0.8683969974517822,132.5556182861328,7.514491081237793,0.33867189288139343,0.10847952961921692
True,False,False,False,441,17.639999389648438,0.27380305528640747,19.230836868286133,0.8683969974517822,132.5556182861328,7.514491081237793,0.33867189288139343,0.10847952961921692
True,False,False,False,441,17.639999389648438,0.27380305528640747,19.230836868286133,0.8683969974517822,132.5556182861328,7.514491081237793,0.33867189288139343,0.10847952961921692
True,False,False,False,441,17.639999389648438,0.27380305528640747,19.230836868286133,0.8683969974517822,132.5556182861328,7.514491081237793,0.33867189288139343,0.10847952961921692
True,False,False,False,441,17.639999389648438,0.27241846919059753,19.2305965423584,0.8684078454971313,132.5560760498047,7.514516830444336,0.33659669756889343,0.10849837958812714
True,False,False,False,441,17.639999389648438,0.27241846919059753,19.2305965423584,0.8684078454971313,132.5560760498047,7.514516830444336,0.33659669756889343,0.10849837958812714
True,False,False,False,441,17.639999389648438,0.27241846919059753,19.2305965423584,0.8684078454971313,132.5560760498047,7.514516830444336,0.33659669756889343,0.10849837958812714
True,False,False,False,441,17.639999389648438,0.27241846919059753,19.2305965423584,0.8684078454971313,132.5560760498047,7.514516830444336,0.33659669756889343,0.10849837958812714
True,False,False,False,441,17.639999389648438,0.27241846919059753,19.2305965423584,0.8684078454971313,132.5560760498047,7.514516830444336,0.33659669756889343,0.10849837958812714
True,False,False,False,441,17.639999389648438,0.27241846919059753,19.2305965423584,0.8684078454971313,132.5560760498047,7.514516830444336,0.33659669756889343,0.10849837958812714
True,False,False,False,441,17.639999389648438,0.27241846919059753,19.2305965423584,0.8684078454971313,132.5560760498047,7.514516830444336,0.33659669756889343,0.10849837958812714
True,False,False,False,441,17.639999389648438,0.27241846919059753,19.2305965423584,0.8684078454971313,132.5560760498047,7.514516830444336,0.33659669756889343,0.10849837958812714
True,False,False,False,441,17.639999389648438,0.27241846919059753,19.2305965423584,0.8684078454971313,132.5560760498047,7.514516830444336,0.33659669756889343,0.10849837958812714
True,False,False,False,441,17.639999389648438,0.27241846919059753,19.2305965423584,0.8684078454971313,132.5560760498047,7.514516830444336,0.33659669756889343,0.10849837958812714
True,False,False,False,441,17.639999389648438,0.27241846919059753,19.2305965423584,0.8684078454971313,132.5560760498047,7.514516830444336,0.33659669756889343,0.10849837958812714
True,False,False,False,441,17.639999389648438,0.27241846919059753,19.2305965423584,0.8684078454971313,132.5560760498047,7.514516830444336,0.33659669756889343,0.10849837958812714
True,False,False,False,441,17.639999389648438,0.27380305528640747,19.230836868286133,0.8683969974517822,132.5556182861328,7.514491081237793,0.33867189288139343,0.10847952961921692
True,False,False,False,441,17.639999389648438,0.27380305528640747,19.230836868286133,0.8683969974517822,132.5556182861328,7.514491081237793,0.33867189288139343,0.10847952961921692
True,False,False,False,441,17.639999389648438,0.27380305528640747,19.230836868286133,0.8683969974517822,132.5556182861328,7.514491081237793,0.33867189288139343,0.10847952961921692
True,False,False,False,441,17.639999389648438,0.27380305528640747,19.230836868286133,0.8683969974517822,132.5556182861328,7.514491081237793,0.33867189288139343,0.10847952961921692
True,False,False,False,441,17.639999389648438,0.27380305528640747,19.230836868286133,0.8683969974517822,132.5556182861328,7.514491081237793,0.33867189288139343,0.10847952961921692
True,False,False,False,441,17.639999389648438,0.27298691868782043,19.231361389160156,0.8683733344078064,132.55612182617188,7.514519691467285,0.33851930499076843,0.10850819200277328
True,False,False,False,441,17.639999389648438,0.27298691868782043,19.231361389160156,0.8683733344078064,132.55612182617188,7.514519691467285,0.33851930499076843,0.10850819200277328
True,False,False,False,441,17.639999389648438,0.27301713824272156,19.231300354003906,0.8683760166168213,132.55613708496094,7.514520645141602,0.33848878741264343,0.1085074320435524
True,False,False,False,441,17.639999389648438,0.27301713824272156,19.231300354003906,0.8683760166168213,132.55613708496094,7.514520645141602,0.33848878741264343,0.1085074320435524
True,False,False,False,441,17.639999389648438,0.2730548083782196,19.23129653930664,0.8683762550354004,132.55612182617188,7.514519691467285,0.33848878741264343,0.10850784182548523
True,False,False,False,441,17.639999389648438,0.2730548083782196,19.23129653930664,0.8683762550354004,132.55612182617188,7.514519691467285,0.33848878741264343,0.10850784182548523
True,False,False,False,441,17.639999389648438,0.27301713824272156,19.231300354003906,0.8683760166168213,132.55613708496094,7.514520645141602,0.33848878741264343,0.1085074320435524
True,False,False,False,441,17.639999389648438,0.27301713824272156,19.231300354003906,0.8683760166168213,132.55613708496094,7.514520645141602,0.33848878741264343,0.1085074320435524
True,False,False,False,441,17.639999389648438,0.27298691868782043,19.231361389160156,0.8683733344078064,132.55612182617188,7.514519691467285,0.33851930499076843,0.10850819200277328
True,False,False,False,441,17.639999389648438,0.27298691868782043,19.231361389160156,0.8683733344078064,132.55612182617188,7.514519691467285,0.33851930499076843,0.10850819200277328
True,False,False,False,441,17.639999389648438,0.27380305528640747,19.230836868286133,0.8683969974517822,132.5556182861328,7.514491081237793,0.33867189288139343,0.10847952961921692
True,False,False,False,441,17.639999389648438,0.27380305528640747,19.230836868286133,0.8683969974517822,132.5556182861328,7.514491081237793,0.33867189288139343,0.10847952961921692
True,False,False,False,441,17.639999389648438,0.27380305528640747,19.230836868286133,0.8683969974517822,132.5556182861328,7.514491081237793,0.33867189288139343,0.10847952961921692
True,False,False,False,441,17.639999389648438,0.27380305528640747,19.230836868286133,0.8683969974517822,132.5556182861328,7.514491081237793,0.33867189288139343,0.10847952961921692
True,False,False,False,441,17.639999389648438,0.27380305528640747,19.230836868286133,0.8683969974517822,132.5556182861328,7.514491081237793,0.33867189288139343,0.10847952961921692
True,False,False,False,441,17.639999389648438,0.27241846919059753,19.2305965423584,0.8684078454971313,132.5560760498047,7.514516830444336,0.33659669756889343,0.10849837958812714
True,False,False,False,441,17.639999389648438,0.27241846919059753,19.2305965423584,0.8684078454971313,132.5560760498047,7.514516830444336,0.33659669756889343,0.10849837958812714
True,False,False,False,441,17.639999389648438,0.27241846919059753,19.2305965423584,0.8684078454971313,132.5560760498047,7.514516830444336,0.33659669756889343,0.10849837958812714
True,False,False,False,441,17.639999389648438,0.27241846919059753,19.2305965423584,0.8684078454971313,132.5560760498047,7.514516830444336,0.33659669756889343,0.10849837958812714
True,False,False,False,441,17.639999389648438,0.27241846919059753,19.2305965423584,0.8684078454971313,132.5560760498047,7.514516830444336,0.33659669756889343,0.10849837958812714
True,False,False,False,441,17.639999389648438,0.27241846919059753,19.2305965423584,0.8684078454971313,132.5560760498047,7.514516830444336,0.33659669756889343,0.10849837958812714
True,False,False,False,441,17.639999389648438,0.27241846919059753,19.2305965423584,0.8684078454971313,132.5560760498047,7.514516830444336,0.33659669756889343,0.10849837958812714
True,False,False,False,441,17.639999389648438,0.27241846919059753,19.2305965423584,0.8684078454971313,132.5560760498047,7.514516830444336,0.33659669756889343,0.10849837958812714
True,False,False,False,441,17.639999389648438,0.27241846919059753,19.2305965423584,0.8684078454971313,132.5560760498047,7.514516830444336,0.33659669756889343,0.10849837958812714
True,False,False,False,441,17.639999389648438,0.27241846919059753,19.2305965423584,0.8684078454971313,132.5560760498047,7.514516830444336,0.33659669756889343,0.10849837958812714
True,False,False,False,441,17.639999389648438,0.27241846919059753,19.2305965423584,0.8684078454971313,132.5560760498047,7.514516830444336,0.33659669756889343,0.10849837958812714
True,False,False,False,441,17.639999389648438,0.27241846919059753,19.2305965423584,0.8684078454971313,132.5560760498047,7.514516830444336,0.33659669756889343,0.10849837958812714
True,False,False,False,441,17.639999389648438,0.27380305528640747,19.230836868286133,0.8683969974517822,132.5556182861328,7.514491081237793,0.33867189288139343,0.10847952961921692
True,False,False,False,441,17.639999389648438,0.27380305528640747,19.230836868286133,0.8683969974517822,132.5556182861328,7.514491081237793,0.33867189288139343,0.10847952961921692
True,False,False,False,441,17.639999389648438,0.27380305528640747,19.230836868286133,0.8683969974517822,132.5556182861328,7.514491081237793,0.33867189288139343,0.10847952961921692
True,False,False,False,441,17.639999389648438,0.27380305528640747,19.230836868286133,0.8683969974517822,132.5556182861328,7.514491081237793,0.33867189288139343,0.10847952961921692
True,False,False,False,441,17.639999389648438,0.27380305528640747,19.230836868286133,0.8683969974517822,132.5556182861328,7.514491081237793,0.33867189288139343,0.10847952961921692
True,False,False,False,441,17.639999389648438,0.27298691868782043,19.231361389160156,0.8683733344078064,132.55612182617188,7.514519691467285,0.33851930499076843,0.10850819200277328
True,False,False,False,441,17.639999389648438,0.27298691868782043,19.231361389160156,0.8683733344078064,132.55612182617188,7.514519691467285,0.33851930499076843,0.10850819200277328
True,False,False,False,441,17.639999389648438,0.27301713824272156,19.231300354003906,0.8683760166168213,132.55613708496094,7.514520645141602,0.33848878741264343,0.1085074320435524
True,False,False,False,441,17.639999389648438,0.27301713824272156,19.231300354003906,0.8683760166168213,132.55613708496094,7.514520645141602,0.33848878741264343,0.1085074320435524
True,False,False,False,441,17.639999389648438,0.2730548083782196,19.23129653930664,0.8683762550354004,132.55612182617188,7.514519691467285,0.33848878741264343,0.10850784182548523
True,False,False,False,441,17.639999389648438,0.2730548083782196,19.23129653930664,0.8683762550354004,132.55612182617188,7.514519691467285,0.33848878741264343,0.10850784182548523
True,False,False,False,441,17.639999389648438,0.27301713824272156,19.231300354003906,0.8683760166168213,132.55613708496094,7.514520645141602,0.33848878741264343,0.1085074320435524
True,False,False,False,441,17.639999389648438,0.27301713824272156,19.231300354003906,0.8683760166168213,132.55613708496094,7.514520645141602,0.33848878741264343,0.1085074320435524
True,False,False,False,441,17.639999389648438,0.27298691868782043,19.231361389160156,0.8683733344078064,132.55612182617188,7.514519691467285,0.33851930499076843,0.10850819200277328
True,False,False,False,441,17.639999389648438,0.27298691868782043,19.231361389160156,0.8683733344078064,132.55612182617188,7.514519691467285,0.33851930499076843,0.10850819200277328
True,False,False,False,441,17.639999389648438,0.27380305528640747,19.230836868286133,0.8683969974517822,132.5556182861328,7.514491081237793,0.33867189288139343,0.10847952961921692
True,False,False,False,441,17.639999389648438,0.27380305528640747,19.230836868286133,0.8683969974517822,132.5556182861328,7.514491081237793,0.33867189288139343,0.10847952961921692
True,False,False,False,441,17.639999389648438,0.27380305528640747,19.230836868286133,0.8683969974517822,132.5556182861328,7.514491081237793,0.33867189288139343,0.10847952961921692
True,False,False,False,441,17.639999389648438,0.27380305528640747,19.230836868286133,0.8683969974517822,132.5556182861328,7.514491081237793,0.33867189288139343,0.10847952961921692
True,False,False,False,441,17.639999389648438,0.27380305528640747,19.230836868286133,0.8683969974517822,132.5556182861328,7.514491081237793,0.33867189288139343,0.10847952961921692
True,False,False,False,441,17.639999389648438,0.27241846919059753,19.2305965423584,0.8684078454971313,132.5560760498047,7.514516830444336,0.33659669756889343,0.10849837958812714
True,False,False,False,441,17.639999389648438,0.27241846919059753,19.2305965423584,0.8684078454971313,132.5560760498047,7.514516830444336,0.33659669756889343,0.10849837958812714
True,False,False,False,441,17.639999389648438,0.27241846919059753,19.2305965423584,0.8684078454971313,132.5560760498047,7.514516830444336,0.33659669756889343,0.10849837958812714
True,False,False,False,441,17.639999389648438,0.27241846919059753,19.2305965423584,0.8684078454971313,132.5560760498047,7.514516830444336,0.33659669756889343,0.10849837958812714
True,False,False,False,441,17.639999389648438,0.27241846919059753,19.2305965423584,0.8684078454971313,132.5560760498047,7.514516830444336,0.33659669756889343,0.10849837958812714
True,False,False,False,441,17.639999389648438,0.27241846919059753,19.2305965423584,0.8684078454971313,132.5560760498047,7.514516830444336,0.33659669756889343,0.10849837958812714
True,False,False,False,441,17.639999389648438,0.27241846919059753,19.2305965423584,0.8684078454971313,132.5560760498047,7.514516830444336,0.33659669756889343,0.10849837958812714
True,False,False,False,441,17.639999389648438,0.27241846919059753,19.2305965423584,0.8684078454971313,132.5560760498047,7.514516830444336,0.33659669756889343,0.10849837958812714
True,False,False,False,441,17.639999389648438,0.27241846919059753,19.2305965423584,0.8684078454971313,132.5560760498047,7.514516830444336,0.33659669756889343,0.10849837958812714
True,False,False,False,441,17.639999389648438,0.27241846919059753,19.2305965423584,0.8684078454971313,132.5560760498047,7.514516830444336,0.33659669756889343,0.10849837958812714
True,False,False,False,441,17.639999389648438,0.27241846919059753,19.2305965423584,0.8684078454971313,132.5560760498047,7.514516830444336,0.33659669756889343,0.10849837958812714
True,False,False,False,441,17.639999389648438,0.27241846919059753,19.2305965423584,0.8684078454971313,132.5560760498047,7.514516830444336,0.33659669756889343,0.10849837958812714
True,False,False,False,441,17.639999389648438,0.27380305528640747,19.230836868286133,0.8683969974517822,132.5556182861328,7.514491081237793,0.33867189288139343,0.10847952961921692
True,False,False,False,441,17.639999389648438,0.27380305528640747,19.230836868286133,0.8683969974517822,132.5556182861328,7.514491081237793,0.33867189288139343,0.10847952961921692
True,False,False,False,441,17.639999389648438,0.27380305528640747,19.230836868286133,0.8683969974517822,132.5556182861328,7.514491081237793,0.33867189288139343,0.10847952961921692
True,False,False,False,441,17.639999389648438,0.27380305528640747,19.230836868286133,0.8683969974517822,132.5556182861328,7.514491081237793,0.33867189288139343,0.10847952961921692
True,False,False,False,441,17.639999389648438,0.27380305528640747,19.230836868286133,0.8683969974517822,132.5556182861328,7.514491081237793,0.33867189288139343,0.10847952961921692
True,False,False,False,441,17.639999389648438,0.27298691868782043,19.231361389160156,0.8683733344078064,132.55612182617188,7.514519691467285,0.33851930499076843,0.10850819200277328
True,False,False,False,441,17.639999389648438,0.27298691868782043,19.231361389160156,0.8683733344078064,132.55612182617188,7.514519691467285,0.33851930499076843,0.10850819200277328
True,False,False,False,441,17.639999389648438,0.27301713824272156,19.231300354003906,0.8683760166168213,132.55613708496094,7.514520645141602,0.33848878741264343,0.1085074320435524
True,False,False,False,441,17.639999389648438,0.27301713824272156,19.231300354003906,0.8683760166168213,132.55613708496094,7.514520645141602,0.33848878741264343,0.1085074320435524
True,False,False,False,441,17.639999389648438,0.2730548083782196,19.23129653930664,0.8683762550354004,132.55612182617188,7.514519691467285,0.33848878741264343,0.10850784182548523
True,False,False,False,441,17.639999389648438,0.2730548083782196,19.23129653930664,0.8683762550354004,132.55612182617188,7.514519691467285,0.33848878741264343,0.10850784182548523
True,False,False,False,441,17.639999389648438,0.27301713824272156,19.231300354003906,0.8683760166168213,132.55613708496094,7.514520645141602,0.33848878741264343,0.1085074320435524
True,False,False,False,441,17.639999389648438,0.27301713824272156,19.231300354003906,0.8683760166168213,132.55613708496094,7.514520645141602,0.33848878741264343,0.1085074320435524
True,False,False,False,441,17.639999389648438,0.27298691868782043,19.231361389160156,0.8683733344078064,132.55612182617188,7.514519691467285,0.33851930499076843,0.10850819200277328
True,False,False,False,441,17.639999389648438,0.27298691868782043,19.231361389160156,0.8683733344078064,132.55612182617188,7.514519691467285,0.33851930499076843,0.10850819200277328
True,False,False,False,441,17.639999389648438,0.27380305528640747,19.230836868286133,0.8683969974517822,132.5556182861328,7.514491081237793,0.33867189288139343,0.10847952961921692
True,False,False,False,441,17.639999389648438,0.27380305528640747,19.230836868286133,0.8683969974517822,132.5556182861328,7.514491081237793,0.33867189288139343,0.10847952961921692
True,False,False,False,441,17.639999389648438,0.27380305528640747,19.230836868286133,0.8683969974517822,132.5556182861328,7.514491081237793,0.33867189288139343,0.10847952961921692
True,False,False,False,441,17.639999389648438,0.27380305528640747,19.230836868286133,0.8683969974517822,132.5556182861328,7.514491081237793,0.33867189288139343,0.10847952961921692
True,False,False,False,441,17.639999389648438,0.27380305528640747,19.230836868286133,0.8683969974517822,132.5556182861328,7.514491081237793,0.33867189288139343,0.10847952961921692
True,False,False,False,441,17.639999389648438,0.27241846919059753,19.2305965423584,0.8684078454971313,132.5560760498047,7.514516830444336,0.33659669756889343,0.10849837958812714
True,False,False,False,441,17.639999389648438,0.27241846919059753,19.2305965423584,0.8684078454971313,132.5560760498047,7.514516830444336,0.33659669756889343,0.10849837958812714
True,False,False,False,441,17.639999389648438,0.27241846919059753,19.2305965423584,0.8684078454971313,132.5560760498047,7.514516830444336,0.33659669756889343,0.10849837958812714
True,False,False,False,441,17.639999389648438,0.27241846919059753,19.2305965423584,0.8684078454971313,132.5560760498047,7.514516830444336,0.33659669756889343,0.10849837958812714
True,False,False,False,441,17.639999389648438,0.27241846919059753,19.2305965423584,0.8684078454971313,132.5560760498047,7.514516830444336,0.33659669756889343,0.10849837958812714
True,False,False,False,441,17.639999389648438,0.27241846919059753,19.2305965423584,0.8684078454971313,132.5560760498047,7.514516830444336,0.33659669756889343,0.10849837958812714
True,False,False,False,441,17.639999389648438,0.27241846919059753,19.2305965423584,0.8684078454971313,132.5560760498047,7.514516830444336,0.33659669756889343,0.10849837958812714
True,False,False,False,441,17.639999389648438,0.27241846919059753,19.2305965423584,0.8684078454971313,132.5560760498047,7.514516830444336,0.33659669756889343,0.10849837958812714
True,False,False,False,441,17.639999389648438,0.27241846919059753,19.2305965423584,0.8684078454971313,132.5560760498047,7.514516830444336,0.33659669756889343,0.10849837958812714
True,False,False,False,441,17.639999389648438,0.27241846919059753,19.2305965423584,0.8684078454971313,132.5560760498047,7.514516830444336,0.33659669756889343,0.10849837958812714
True,False,False,False,441,17.639999389648438,0.27241846919059753,19.2305965423584,0.8684078454971313,132.5560760498047,7.514516830444336,0.33659669756889343,0.10849837958812714
True,False,False,False,441,17.639999389648438,0.27241846919059753,19.2305965423584,0.8684078454971313,132.5560760498047,7.514516830444336,0.33659669756889343,0.10849837958812714
True,False,False,False,441,17.639999389648438,0.27380305528640747,19.230836868286133,0.8683969974517822,132.5556182861328,7.514491081237793,0.33867189288139343,0.10847952961921692
True,False,False,False,441,17.639999389648438,0.27380305528640747,19.230836868286133,0.8683969974517822,132.5556182861328,7.514491081237793,0.33867189288139343,0.10847952961921692
True,False,False,False,441,17.639999389648438,0.27380305528640747,19.230836868286133,0.8683969974517822,132.5556182861328,7.514491081237793,0.33867189288139343,0.10847952961921692
True,False,False,False,441,17.639999389648438,0.27380305528640747,19.230836868286133,0.8683969974517822,132.5556182861328,7.514491081237793,0.33867189288139343,0.10847952961921692
True,False,False,False,441,17.639999389648438,0.27380305528640747,19.230836868286133,0.8683969974517822,132.5556182861328,7.514491081237793,0.33867189288139343,0.10847952961921692
True,False,False,False,441,17.639999389648438,0.27298691868782043,19.231361389160156,0.8683733344078064,132.55612182617188,7.514519691467285,0.33851930499076843,0.10850819200277328
True,False,False,False,441,17.639999389648438,0.27298691868782043,19.231361389160156,0.8683733344078064,132.55612182617188,7.514519691467285,0.33851930499076843,0.10850819200277328
True,False,False,False,441,17.639999389648438,0.27301713824272156,19.231300354003906,0.8683760166168213,132.55613708496094,7.514520645141602,0.33848878741264343,0.1085074320435524
True,False,False,False,441,17.639999389648438,0.27301713824272156,19.231300354003906,0.8683760166168213,132.55613708496094,7.514520645141602,0.33848878741264343,0.1085074320435524
True,False,False,False,441,17.639999389648438,0.2730548083782196,19.23129653930664,0.8683762550354004,132.55612182617188,7.514519691467285,0.33848878741264343,0.10850784182548523
True,False,False,False,441,17.639999389648438,0.2730548083782196,19.23129653930664,0.8683762550354004,132.55612182617188,7.514519691467285,0.33848878741264343,0.10850784182548523
True,False,False,False,441,17.639999389648438,0.27301713824272156,19.231300354003906,0.8683760166168213,132.55613708496094,7.514520645141602,0.33848878741264343,0.1085074320435524
True,False,False,False,441,17.639999389648438,0.27301713824272156,19.231300354003906,0.8683760166168213,132.55613708496094,7.514520645141602,0.33848878741264343,0.1085074320435524
True,False,False,False,441,17.639999389648438,0.27298691868782043,19.231361389160156,0.8683733344078064,132.55612182617188,7.514519691467285,0.33851930499076843,0.10850819200277328
True,False,False,False,441,17.639999389648438,0.27298691868782043,19.231361389160156,0.8683733344078064,132.55612182617188,7.514519691467285,0.33851930499076843,0.10850819200277328
True,False,False,False,441,17.639999389648438,0.27380305528640747,19.230836868286133,0.8683969974517822,132.5556182861328,7.514491081237793,0.33867189288139343,0.10847952961921692
True,False,False,False,441,17.639999389648438,0.27380305528640747,19.230836868286133,0.8683969974517822,132.5556182861328,7.514491081237793,0.33867189288139343,0.10847952961921692
True,False,False,False,441,17.639999389648438,0.27380305528640747,19.230836868286133,0.8683969974517822,132.5556182861328,7.514491081237793,0.33867189288139343,0.10847952961921692
True,False,False,False,441,17.639999389648438,0.27380305528640747,19.230836868286133,0.8683969974517822,132.5556182861328,7.514491081237793,0.33867189288139343,0.10847952961921692
True,False,False,False,441,17.639999389648438,0.27380305528640747,19.230836868286133,0.8683969974517822,132.5556182861328,7.514491081237793,0.33867189288139343,0.10847952961921692
True,False,False,False,441,17.639999389648438,0.27241846919059753,19.2305965423584,0.8684078454971313,132.5560760498047,7.514516830444336,0.33659669756889343,0.10849837958812714
True,False,False,False,441,17.639999389648438,0.27241846919059753,19.2305965423584,0.8684078454971313,132.5560760498047,7.514516830444336,0.33659669756889343,0.10849837958812714
True,False,False,False,441,17.639999389648438,0.27241846919059753,19.2305965423584,0.8684078454971313,132.5560760498047,7.514516830444336,0.33659669756889343,0.10849837958812714
True,False,False,False,441,17.639999389648438,0.27241846919059753,19.2305965423584,0.8684078454971313,132.5560760498047,7.514516830444336,0.33659669756889343,0.10849837958812714
True,False,False,False,441,17.639999389648438,0.27241846919059753,19.2305965423584,0.8684078454971313,132.5560760498047,7.514516830444336,0.33659669756889343,0.10849837958812714
True,False,False,False,441,17.639999389648438,0.27241846919059753,19.2305965423584,0.8684078454971313,132.5560760498047,7.514516830444336,0.33659669756889343,0.10849837958812714
True,False,False,False,441,17.639999389648438,0.2721608281135559,19.23092269897461,0.868393063545227,132.55572509765625,7.51449728012085,0.33659669756889343,0.10847178101539612
True,False,False,False,441,17.639999389648438,0.2721608281135559,19.23092269897461,0.868393063545227,132.55572509765625,7.51449728012085,0.33659669756889343,0.10847178101539612
True,False,False,False,441,17.639999389648438,0.2721608281135559,19.23092269897461,0.868393063545227,132.55572509765625,7.51449728012085,0.33659669756889343,0.10847178101539612
True,False,False,False,441,17.639999389648438,0.2721608281135559,19.23092269897461,0.868393063545227,132.55572509765625,7.51449728012085,0.33659669756889343,0.10847178101539612
True,False,False,False,441,17.639999389648438,0.2721608281135559,19.23092269897461,0.868393063545227,132.55572509765625,7.51449728012085,0.33659669756889343,0.10847178101539612
True,False,False,False,441,17.639999389648438,0.2721608281135559,19.23092269897461,0.868393063545227,132.55572509765625,7.51449728012085,0.33659669756889343,0.10847178101539612
True,False,False,False,441,17.639999389648438,0.2721608281135559,19.23092269897461,0.868393063545227,132.55572509765625,7.51449728012085,0.33659669756889343,0.10847178101539612
True,False,False,False,441,17.639999389648438,0.2721608281135559,19.23092269897461,0.868393063545227,132.55572509765625,7.51449728012085,0.33659669756889343,0.10847178101539612
True,False,False,False,441,17.639999389648438,0.2721608281135559,19.23092269897461,0.868393063545227,132.55572509765625,7.51449728012085,0.33659669756889343,0.10847178101539612
True,False,False,False,441,17.639999389648438,0.2721608281135559,19.23092269897461,0.868393063545227,132.55572509765625,7.51449728012085,0.33659669756889343,0.10847178101539612
True,False,False,False,441,17.639999389648438,0.2721608281135559,19.23092269897461,0.868393063545227,132.55572509765625,7.51449728012085,0.33659669756889343,0.10847178101539612
True,False,False,False,441,17.639999389648438,0.2721608281135559,19.23092269897461,0.868393063545227,132.55572509765625,7.51449728012085,0.33659669756889343,0.10847178101539612
True,False,False,False,441,17.639999389648438,0.2721608281135559,19.23092269897461,0.868393063545227,132.55572509765625,7.51449728012085,0.33659669756889343,0.10847178101539612
True,False,False,False,441,17.639999389648438,0.2721608281135559,19.23092269897461,0.868393063545227,132.55572509765625,7.51449728012085,0.33659669756889343,0.10847178101539612
True,False,False,False,441,17.639999389648438,0.2721608281135559,19.23092269897461,0.868393063545227,132.55572509765625,7.51449728012085,0.33659669756889343,0.10847178101539612
True,False,False,False,441,17.639999389648438,0.2721608281135559,19.23092269897461,0.868393063545227,132.55572509765625,7.51449728012085,0.33659669756889343,0.10847178101539612
True,False,False,False,441,17.639999389648438,0.2721608281135559,19.23092269897461,0.868393063545227,132.55572509765625,7.51449728012085,0.33659669756889343,0.10847178101539612
True,False,False,False,441,17.639999389648438,0.2721608281135559,19.23092269897461,0.868393063545227,132.55572509765625,7.51449728012085,0.33659669756889343,0.10847178101539612
True,False,False,False,441,17.639999389648438,0.2721608281135559,19.23092269897461,0.868393063545227,132.55572509765625,7.51449728012085,0.33659669756889343,0.10847178101539612
True,False,False,False,441,17.639999389648438,0.2721608281135559,19.23092269897461,0.868393063545227,132.55572509765625,7.51449728012085,0.33659669756889343,0.10847178101539612
True,False,False,False,441,17.639999389648438,0.2721608281135559,19.23092269897461,0.868393063545227,132.55572509765625,7.51449728012085,0.33659669756889343,0.10847178101539612
True,False,False,False,441,17.639999389648438,0.2721608281135559,19.23092269897461,0.868393063545227,132.55572509765625,7.51449728012085,0.33659669756889343,0.10847178101539612
True,False,False,False,441,17.639999389648438,0.2721608281135559,19.23092269897461,0.868393063545227,132.55572509765625,7.51449728012085,0.33659669756889343,0.10847178101539612
True,False,False,False,441,17.639999389648438,0.2721608281135559,19.23092269897461,0.868393063545227,132.55572509765625,7.51449728012085,0.33659669756889343,0.10847178101539612
True,False,False,False,441,17.639999389648438,0.27218231558799744,19.230972290039062,0.8683908581733704,132.5557098388672,7.514496326446533,0.33659669756889343,0.10847153514623642
True,False,False,False,441,17.639999389648438,0.27218231558799744,19.230972290039062,0.8683908581733704,132.5557098388672,7.514496326446533,0.33659669756889343,0.10847153514623642
True,False,False,False,441,17.639999389648438,0.27218231558799744,19.230972290039062,0.8683908581733704,132.5557098388672,7.514496326446533,0.33659669756889343,0.10847153514623642
True,False,False,False,441,17.639999389648438,0.27218231558799744,19.230972290039062,0.8683908581733704,132.5557098388672,7.514496326446533,0.33659669756889343,0.10847153514623642
True,False,False,False,441,17.639999389648438,0.27218231558799744,19.230972290039062,0.8683908581733704,132.5557098388672,7.514496326446533,0.33659669756889343,0.10847153514623642
True,False,False,False,441,17.639999389648438,0.27218231558799744,19.230972290039062,0.8683908581733704,132.5557098388672,7.514496326446533,0.33659669756889343,0.10847153514623642
True,False,False,False,441,17.639999389648438,0.27218231558799744,19.230972290039062,0.8683908581733704,132.5557098388672,7.514496326446533,0.33659669756889343,0.10847153514623642
True,False,False,False,441,17.639999389648438,0.27218231558799744,19.230972290039062,0.8683908581733704,132.5557098388672,7.514496326446533,0.33659669756889343,0.10847153514623642
True,False,False,False,441,17.639999389648438,0.27218231558799744,19.230972290039062,0.8683908581733704,132.5557098388672,7.514496326446533,0.33659669756889343,0.10847153514623642
True,False,False,False,441,17.639999389648438,0.27218231558799744,19.230972290039062,0.8683908581733704,132.5557098388672,7.514496326446533,0.33659669756889343,0.10847153514623642
True,False,False,False,441,17.639999389648438,0.27218231558799744,19.230972290039062,0.8683908581733704,132.5557098388672,7.514496326446533,0.33659669756889343,0.10847153514623642
True,False,False,False,441,17.639999389648438,0.27218231558799744,19.230972290039062,0.8683908581733704,132.5557098388672,7.514496326446533,0.33659669756889343,0.10847153514623642
True,False,False,False,441,17.639999389648438,0.2760079503059387,19.22959327697754,0.8684531450271606,133.32015991210938,7.55783224105835,0.33659669756889343,0.10847514867782593
True,False,False,False,441,17.639999389648438,0.2760079503059387,19.22959327697754,0.8684531450271606,133.32015991210938,7.55783224105835,0.33659669756889343,0.10847514867782593
True,False,False,False,441,17.639999389648438,0.2760079503059387,19.22959327697754,0.8684531450271606,133.32015991210938,7.55783224105835,0.33659669756889343,0.10847514867782593
True,False,False,False,441,17.639999389648438,0.2760079503059387,19.22959327697754,0.8684531450271606,133.32015991210938,7.55783224105835,0.33659669756889343,0.10847514867782593
True,False,False,False,441,17.639999389648438,0.2760079503059387,19.22959327697754,0.8684531450271606,133.32015991210938,7.55783224105835,0.33659669756889343,0.10847514867782593
True,False,False,False,441,17.639999389648438,0.2760079503059387,19.22959327697754,0.8684531450271606,133.32015991210938,7.55783224105835,0.33659669756889343,0.10847514867782593
True,False,False,False,441,17.639999389648438,0.2760079503059387,19.22959327697754,0.8684531450271606,133.32015991210938,7.55783224105835,0.33659669756889343,0.10847514867782593
True,False,False,False,441,17.639999389648438,0.2760079503059387,19.22959327697754,0.8684531450271606,133.32015991210938,7.55783224105835,0.33659669756889343,0.10847514867782593
True,False,False,False,441,17.639999389648438,0.2760079503059387,19.22959327697754,0.8684531450271606,133.32015991210938,7.55783224105835,0.33659669756889343,0.10847514867782593
True,False,False,False,441,17.639999389648438,0.2760079503059387,19.22959327697754,0.8684531450271606,133.32015991210938,7.55783224105835,0.33659669756889343,0.10847514867782593
True,False,False,False,441,17.639999389648438,0.2760079503059387,19.22959327697754,0.8684531450271606,133.32015991210938,7.55783224105835,0.33659669756889343,0.10847514867782593
True,False,False,False,441,17.639999389648438,0.2760079503059387,19.22959327697754,0.8684531450271606,133.32015991210938,7.55783224105835,0.33659669756889343,0.10847514867782593
True,False,False,False,441,17.639999389648438,0.2720874845981598,19.231040954589844,0.868387758731842,132.5556640625,7.514493465423584,0.33659669756889343,0.10847163945436478
True,False,False,False,441,17.639999389648438,0.2720874845981598,19.231040954589844,0.868387758731842,132.5556640625,7.514493465423584,0.33659669756889343,0.10847163945436478
True,False,False,False,441,17.639999389648438,0.2720874845981598,19.231040954589844,0.868387758731842,132.5556640625,7.514493465423584,0.33659669756889343,0.10847163945436478
True,False,False,False,441,17.639999389648438,0.2720874845981598,19.231040954589844,0.868387758731842,132.5556640625,7.514493465423584,0.33659669756889343,0.10847163945436478
True,False,False,False,441,17.639999389648438,0.2720874845981598,19.231040954589844,0.868387758731842,132.5556640625,7.514493465423584,0.33659669756889343,0.10847163945436478
True,False,False,False,441,17.639999389648438,0.2720874845981598,19.231040954589844,0.868387758731842,132.5556640625,7.514493465423584,0.33659669756889343,0.10847163945436478
True,False,False,False,441,17.639999389648438,0.2720874845981598,19.231040954589844,0.868387758731842,132.5556640625,7.514493465423584,0.33659669756889343,0.10847163945436478
True,False,False,False,441,17.639999389648438,0.2720874845981598,19.231040954589844,0.868387758731842,132.5556640625,7.514493465423584,0.33659669756889343,0.10847163945436478
True,False,False,False,441,17.639999389648438,0.2720874845981598,19.231040954589844,0.868387758731842,132.5556640625,7.514493465423584,0.33659669756889343,0.10847163945436478
True,False,False,False,441,17.639999389648438,0.2720874845981598,19.231040954589844,0.868387758731842,132.5556640625,7.514493465423584,0.33659669756889343,0.10847163945436478
True,False,False,False,441,17.639999389648438,0.2720874845981598,19.231040954589844,0.868387758731842,132.5556640625,7.514493465423584,0.33659669756889343,0.10847163945436478
True,False,False,False,441,17.639999389648438,0.2720874845981598,19.231040954589844,0.868387758731842,132.5556640625,7.514493465423584,0.33659669756889343,0.10847163945436478
True,False,False,False,441,17.639999389648438,0.2721000015735626,19.231029510498047,0.868388295173645,132.5556640625,7.514493465423584,0.33659669756889343,0.10847178846597672
True,False,False,False,441,17.639999389648438,0.2721000015735626,19.231029510498047,0.868388295173645,132.5556640625,7.514493465423584,0.33659669756889343,0.10847178846597672
True,False,False,False,441,17.639999389648438,0.2721000015735626,19.231029510498047,0.868388295173645,132.5556640625,7.514493465423584,0.33659669756889343,0.10847178846597672
True,False,False,False,441,17.639999389648438,0.2721000015735626,19.231029510498047,0.868388295173645,132.5556640625,7.514493465423584,0.33659669756889343,0.10847178846597672
True,False,False,False,441,17.639999389648438,0.2721000015735626,19.231029510498047,0.868388295173645,132.5556640625,7.514493465423584,0.33659669756889343,0.10847178846597672
True,False,False,False,441,17.639999389648438,0.2721000015735626,19.231029510498047,0.868388295173645,132.5556640625,7.514493465423584,0.33659669756889343,0.10847178846597672
True,False,False,False,441,17.639999389648438,0.2721000015735626,19.231029510498047,0.868388295173645,132.5556640625,7.514493465423584,0.33659669756889343,0.10847178846597672
True,False,False,False,441,17.639999389648438,0.2721000015735626,19.231029510498047,0.868388295173645,132.5556640625,7.514493465423584,0.33659669756889343,0.10847178846597672
True,False,False,False,441,17.639999389648438,0.2721000015735626,19.231029510498047,0.868388295173645,132.5556640625,7.514493465423584,0.33659669756889343,0.10847178846597672
True,False,False,False,441,17.639999389648438,0.2721000015735626,19.231029510498047,0.868388295173645,132.5556640625,7.514493465423584,0.33659669756889343,0.10847178846597672
True,False,False,False,441,17.639999389648438,0.2721000015735626,19.231029510498047,0.868388295173645,132.5556640625,7.514493465423584,0.33659669756889343,0.10847178846597672
True,False,False,False,441,17.639999389648438,0.2721000015735626,19.231029510498047,0.868388295173645,132.5556640625,7.514493465423584,0.33659669756889343,0.10847178846597672
True,False,False,False,441,17.639999389648438,0.2721322178840637,19.231021881103516,0.8683885931968689,132.55567932128906,7.5144944190979,0.33659669756889343,0.10847140848636627
True,False,False,False,441,17.639999389648438,0.2721322178840637,19.231021881103516,0.8683885931968689,132.55567932128906,7.5144944190979,0.33659669756889343,0.10847140848636627
True,False,False,False,441,17.639999389648438,0.2721322178840637,19.231021881103516,0.8683885931968689,132.55567932128906,7.5144944190979,0.33659669756889343,0.10847140848636627
True,False,False,False,441,17.639999389648438,0.2721322178840637,19.231021881103516,0.8683885931968689,132.55567932128906,7.5144944190979,0.33659669756889343,0.10847140848636627
True,False,False,False,441,17.639999389648438,0.2721322178840637,19.231021881103516,0.8683885931968689,132.55567932128906,7.5144944190979,0.33659669756889343,0.10847140848636627
True,False,False,False,441,17.639999389648438,0.2721322178840637,19.231021881103516,0.8683885931968689,132.55567932128906,7.5144944190979,0.33659669756889343,0.10847140848636627
True,False,False,False,441,17.639999389648438,0.2721322178840637,19.231021881103516,0.8683885931968689,132.55567932128906,7.5144944190979,0.33659669756889343,0.10847140848636627
True,False,False,False,441,17.639999389648438,0.2721322178840637,19.231021881103516,0.8683885931968689,132.55567932128906,7.5144944190979,0.33659669756889343,0.10847140848636627
True,False,False,False,441,17.639999389648438,0.2721322178840637,19.231021881103516,0.8683885931968689,132.55567932128906,7.5144944190979,0.33659669756889343,0.10847140848636627
True,False,False,False,441,17.639999389648438,0.2721322178840637,19.231021881103516,0.8683885931968689,132.55567932128906,7.5144944190979,0.33659669756889343,0.10847140848636627
True,False,False,False,441,17.639999389648438,0.2721322178840637,19.231021881103516,0.8683885931968689,132.55567932128906,7.5144944190979,0.33659669756889343,0.10847140848636627
True,False,False,False,441,17.639999389648438,0.2721322178840637,19.231021881103516,0.8683885931968689,132.55567932128906,7.5144944190979,0.33659669756889343,0.10847140848636627
True,False,False,False,441,17.639999389648438,0.27207496762275696,19.231081008911133,0.868385910987854,132.55567932128906,7.5144944190979,0.33659669756889343,0.10847150534391403
True,False,False,False,441,17.639999389648438,0.27207496762275696,19.231081008911133,0.868385910987854,132.55567932128906,7.5144944190979,0.33659669756889343,0.10847150534391403
True,False,False,False,441,17.639999389648438,0.27207496762275696,19.231081008911133,0.868385910987854,132.55567932128906,7.5144944190979,0.33659669756889343,0.10847150534391403
True,False,False,False,441,17.639999389648438,0.27207496762275696,19.231081008911133,0.868385910987854,132.55567932128906,7.5144944190979,0.33659669756889343,0.10847150534391403
True,False,False,False,441,17.639999389648438,0.27207496762275696,19.231081008911133,0.868385910987854,132.55567932128906,7.5144944190979,0.33659669756889343,0.10847150534391403
True,False,False,False,441,17.639999389648438,0.27207496762275696,19.231081008911133,0.868385910987854,132.55567932128906,7.5144944190979,0.33659669756889343,0.10847150534391403
True,False,False,False,441,17.639999389648438,0.27207496762275696,19.231081008911133,0.868385910987854,132.55567932128906,7.5144944190979,0.33659669756889343,0.10847150534391403
True,False,False,False,441,17.639999389648438,0.27207496762275696,19.231081008911133,0.868385910987854,132.55567932128906,7.5144944190979,0.33659669756889343,0.10847150534391403
True,False,False,False,441,17.639999389648438,0.27207496762275696,19.231081008911133,0.868385910987854,132.55567932128906,7.5144944190979,0.33659669756889343,0.10847150534391403
True,False,False,False,441,17.639999389648438,0.27207496762275696,19.231081008911133,0.868385910987854,132.55567932128906,7.5144944190979,0.33659669756889343,0.10847150534391403
True,False,False,False,441,17.639999389648438,0.27207496762275696,19.231081008911133,0.868385910987854,132.55567932128906,7.5144944190979,0.33659669756889343,0.10847150534391403
True,False,False,False,441,17.639999389648438,0.27207496762275696,19.231081008911133,0.868385910987854,132.55567932128906,7.5144944190979,0.33659669756889343,0.10847150534391403
True,False,False,False,441,17.639999389648438,0.2721608281135559,19.23092269897461,0.868393063545227,132.55572509765625,7.51449728012085,0.33659669756889343,0.10847178101539612
True,False,False,False,441,17.639999389648438,0.2721608281135559,19.23092269897461,0.868393063545227,132.55572509765625,7.51449728012085,0.33659669756889343,0.10847178101539612
True,False,False,False,441,17.639999389648438,0.2721608281135559,19.23092269897461,0.868393063545227,132.55572509765625,7.51449728012085,0.33659669756889343,0.10847178101539612
True,False,False,False,441,17.639999389648438,0.2721608281135559,19.23092269897461,0.868393063545227,132.55572509765625,7.51449728012085,0.33659669756889343,0.10847178101539612
True,False,False,False,441,17.639999389648438,0.2721608281135559,19.23092269897461,0.868393063545227,132.55572509765625,7.51449728012085,0.33659669756889343,0.10847178101539612
True,False,False,False,441,17.639999389648438,0.2721608281135559,19.23092269897461,0.868393063545227,132.55572509765625,7.51449728012085,0.33659669756889343,0.10847178101539612
True,False,False,False,441,17.639999389648438,0.2721608281135559,19.23092269897461,0.868393063545227,132.55572509765625,7.51449728012085,0.33659669756889343,0.10847178101539612
True,False,False,False,441,17.639999389648438,0.2721608281135559,19.23092269897461,0.868393063545227,132.55572509765625,7.51449728012085,0.33659669756889343,0.10847178101539612
True,False,False,False,441,17.639999389648438,0.2721608281135559,19.23092269897461,0.868393063545227,132.55572509765625,7.51449728012085,0.33659669756889343,0.10847178101539612
True,False,False,False,441,17.639999389648438,0.2721608281135559,19.23092269897461,0.868393063545227,132.55572509765625,7.51449728012085,0.33659669756889343,0.10847178101539612
True,False,False,False,441,17.639999389648438,0.2721608281135559,19.23092269897461,0.868393063545227,132.55572509765625,7.51449728012085,0.33659669756889343,0.10847178101539612
True,False,False,False,441,17.639999389648438,0.2721608281135559,19.23092269897461,0.868393063545227,132.55572509765625,7.51449728012085,0.33659669756889343,0.10847178101539612
True,False,False,False,441,17.639999389648438,0.2721608281135559,19.23092269897461,0.868393063545227,132.55572509765625,7.51449728012085,0.33659669756889343,0.10847178101539612
True,False,False,False,441,17.639999389648438,0.2721608281135559,19.23092269897461,0.868393063545227,132.55572509765625,7.51449728012085,0.33659669756889343,0.10847178101539612
True,False,False,False,441,17.639999389648438,0.2721608281135559,19.23092269897461,0.868393063545227,132.55572509765625,7.51449728012085,0.33659669756889343,0.10847178101539612
True,False,False,False,441,17.639999389648438,0.2721608281135559,19.23092269897461,0.868393063545227,132.55572509765625,7.51449728012085,0.33659669756889343,0.10847178101539612
True,False,False,False,441,17.639999389648438,0.2721608281135559,19.23092269897461,0.868393063545227,132.55572509765625,7.51449728012085,0.33659669756889343,0.10847178101539612
True,False,False,False,441,17.639999389648438,0.2721608281135559,19.23092269897461,0.868393063545227,132.55572509765625,7.51449728012085,0.33659669756889343,0.10847178101539612
True,False,False,False,441,17.639999389648438,0.2721608281135559,19.23092269897461,0.868393063545227,132.55572509765625,7.51449728012085,0.33659669756889343,0.10847178101539612
True,False,False,False,441,17.639999389648438,0.2721608281135559,19.23092269897461,0.868393063545227,132.55572509765625,7.51449728012085,0.33659669756889343,0.10847178101539612
True,False,False,False,441,17.639999389648438,0.2721608281135559,19.23092269897461,0.868393063545227,132.55572509765625,7.51449728012085,0.33659669756889343,0.10847178101539612
True,False,False,False,441,17.639999389648438,0.2721608281135559,19.23092269897461,0.868393063545227,132.55572509765625,7.51449728012085,0.33659669756889343,0.10847178101539612
True,False,False,False,441,17.639999389648438,0.2721608281135559,19.23092269897461,0.868393063545227,132.55572509765625,7.51449728012085,0.33659669756889343,0.10847178101539612
True,False,False,False,441,17.639999389648438,0.2721608281135559,19.23092269897461,0.868393063545227,132.55572509765625,7.51449728012085,0.33659669756889343,0.10847178101539612
True,False,False,False,441,17.639999389648438,0.27241846919059753,19.2305965423584,0.8684078454971313,132.5560760498047,7.514516830444336,0.33659669756889343,0.10849837958812714
True,False,False,False,441,17.639999389648438,0.27241846919059753,19.2305965423584,0.8684078454971313,132.5560760498047,7.514516830444336,0.33659669756889343,0.10849837958812714
True,False,False,False,441,17.639999389648438,0.27241846919059753,19.2305965423584,0.8684078454971313,132.5560760498047,7.514516830444336,0.33659669756889343,0.10849837958812714
True,False,False,False,441,17.639999389648438,0.27241846919059753,19.2305965423584,0.8684078454971313,132.5560760498047,7.514516830444336,0.33659669756889343,0.10849837958812714
True,False,False,False,441,17.639999389648438,0.27241846919059753,19.2305965423584,0.8684078454971313,132.5560760498047,7.514516830444336,0.33659669756889343,0.10849837958812714
True,False,False,False,441,17.639999389648438,0.27241846919059753,19.2305965423584,0.8684078454971313,132.5560760498047,7.514516830444336,0.33659669756889343,0.10849837958812714
True,False,False,False,441,17.639999389648438,0.27380305528640747,19.230836868286133,0.8683969974517822,132.5556182861328,7.514491081237793,0.33867189288139343,0.10847952961921692
True,False,False,False,441,17.639999389648438,0.27380305528640747,19.230836868286133,0.8683969974517822,132.5556182861328,7.514491081237793,0.33867189288139343,0.10847952961921692
True,False,False,False,441,17.639999389648438,0.27380305528640747,19.230836868286133,0.8683969974517822,132.5556182861328,7.514491081237793,0.33867189288139343,0.10847952961921692
True,False,False,False,441,17.639999389648438,0.27380305528640747,19.230836868286133,0.8683969974517822,132.5556182861328,7.514491081237793,0.33867189288139343,0.10847952961921692
True,False,False,False,441,17.639999389648438,0.27380305528640747,19.230836868286133,0.8683969974517822,132.5556182861328,7.514491081237793,0.33867189288139343,0.10847952961921692
True,False,False,False,441,17.639999389648438,0.27298691868782043,19.231361389160156,0.8683733344078064,132.55612182617188,7.514519691467285,0.33851930499076843,0.10850819200277328
True,False,False,False,441,17.639999389648438,0.27298691868782043,19.231361389160156,0.8683733344078064,132.55612182617188,7.514519691467285,0.33851930499076843,0.10850819200277328
True,False,False,False,441,17.639999389648438,0.27301713824272156,19.231300354003906,0.8683760166168213,132.55613708496094,7.514520645141602,0.33848878741264343,0.1085074320435524
True,False,False,False,441,17.639999389648438,0.27301713824272156,19.231300354003906,0.8683760166168213,132.55613708496094,7.514520645141602,0.33848878741264343,0.1085074320435524
True,False,False,False,441,17.639999389648438,0.2730548083782196,19.23129653930664,0.8683762550354004,132.55612182617188,7.514519691467285,0.33848878741264343,0.10850784182548523
True,False,False,False,441,17.639999389648438,0.2730548083782196,19.23129653930664,0.8683762550354004,132.55612182617188,7.514519691467285,0.33848878741264343,0.10850784182548523
True,False,False,False,441,17.639999389648438,0.27301713824272156,19.231300354003906,0.8683760166168213,132.55613708496094,7.514520645141602,0.33848878741264343,0.1085074320435524
True,False,False,False,441,17.639999389648438,0.27301713824272156,19.231300354003906,0.8683760166168213,132.55613708496094,7.514520645141602,0.33848878741264343,0.1085074320435524
True,False,False,False,441,17.639999389648438,0.27298691868782043,19.231361389160156,0.8683733344078064,132.55612182617188,7.514519691467285,0.33851930499076843,0.10850819200277328
True,False,False,False,441,17.639999389648438,0.27298691868782043,19.231361389160156,0.8683733344078064,132.55612182617188,7.514519691467285,0.33851930499076843,0.10850819200277328
True,False,False,False,441,17.639999389648438,0.27380305528640747,19.230836868286133,0.8683969974517822,132.5556182861328,7.514491081237793,0.33867189288139343,0.10847952961921692
True,False,False,False,441,17.639999389648438,0.27380305528640747,19.230836868286133,0.8683969974517822,132.5556182861328,7.514491081237793,0.33867189288139343,0.10847952961921692
True,False,False,False,441,17.639999389648438,0.27380305528640747,19.230836868286133,0.8683969974517822,132.5556182861328,7.514491081237793,0.33867189288139343,0.10847952961921692
True,False,False,False,441,17.639999389648438,0.27380305528640747,19.230836868286133,0.8683969974517822,132.5556182861328,7.514491081237793,0.33867189288139343,0.10847952961921692
True,False,False,False,441,17.639999389648438,0.27380305528640747,19.230836868286133,0.8683969974517822,132.5556182861328,7.514491081237793,0.33867189288139343,0.10847952961921692
True,False,False,False,441,17.639999389648438,0.27241846919059753,19.2305965423584,0.8684078454971313,132.5560760498047,7.514516830444336,0.33659669756889343,0.10849837958812714
True,False,False,False,441,17.639999389648438,0.27241846919059753,19.2305965423584,0.8684078454971313,132.5560760498047,7.514516830444336,0.33659669756889343,0.10849837958812714
True,False,False,False,441,17.639999389648438,0.27241846919059753,19.2305965423584,0.8684078454971313,132.5560760498047,7.514516830444336,0.33659669756889343,0.10849837958812714
True,False,False,False,441,17.639999389648438,0.27241846919059753,19.2305965423584,0.8684078454971313,132.5560760498047,7.514516830444336,0.33659669756889343,0.10849837958812714
True,False,False,False,441,17.639999389648438,0.27241846919059753,19.2305965423584,0.8684078454971313,132.5560760498047,7.514516830444336,0.33659669756889343,0.10849837958812714
True,False,False,False,441,17.639999389648438,0.27241846919059753,19.2305965423584,0.8684078454971313,132.5560760498047,7.514516830444336,0.33659669756889343,0.10849837958812714
True,False,False,False,441,17.639999389648438,0.27241846919059753,19.2305965423584,0.8684078454971313,132.5560760498047,7.514516830444336,0.33659669756889343,0.10849837958812714
True,False,False,False,441,17.639999389648438,0.27241846919059753,19.2305965423584,0.8684078454971313,132.5560760498047,7.514516830444336,0.33659669756889343,0.10849837958812714
True,False,False,False,441,17.639999389648438,0.27241846919059753,19.2305965423584,0.8684078454971313,132.5560760498047,7.514516830444336,0.33659669756889343,0.10849837958812714
True,False,False,False,441,17.639999389648438,0.27241846919059753,19.2305965423584,0.8684078454971313,132.5560760498047,7.514516830444336,0.33659669756889343,0.10849837958812714
True,False,False,False,441,17.639999389648438,0.27241846919059753,19.2305965423584,0.8684078454971313,132.5560760498047,7.514516830444336,0.33659669756889343,0.10849837958812714
True,False,False,False,441,17.639999389648438,0.27241846919059753,19.2305965423584,0.8684078454971313,132.5560760498047,7.514516830444336,0.33659669756889343,0.10849837958812714
True,False,False,False,441,17.639999389648438,0.27380305528640747,19.230836868286133,0.8683969974517822,132.5556182861328,7.514491081237793,0.33867189288139343,0.10847952961921692
True,False,False,False,441,17.639999389648438,0.27380305528640747,19.230836868286133,0.8683969974517822,132.5556182861328,7.514491081237793,0.33867189288139343,0.10847952961921692
True,False,False,False,441,17.639999389648438,0.27380305528640747,19.230836868286133,0.8683969974517822,132.5556182861328,7.514491081237793,0.33867189288139343,0.10847952961921692
True,False,False,False,441,17.639999389648438,0.27380305528640747,19.230836868286133,0.8683969974517822,132.5556182861328,7.514491081237793,0.33867189288139343,0.10847952961921692
True,False,False,False,441,17.639999389648438,0.27380305528640747,19.230836868286133,0.8683969974517822,132.5556182861328,7.514491081237793,0.33867189288139343,0.10847952961921692
True,False,False,False,441,17.639999389648438,0.27298691868782043,19.231361389160156,0.8683733344078064,132.55612182617188,7.514519691467285,0.33851930499076843,0.10850819200277328
True,False,False,False,441,17.639999389648438,0.27298691868782043,19.231361389160156,0.8683733344078064,132.55612182617188,7.514519691467285,0.33851930499076843,0.10850819200277328
True,False,False,False,441,17.639999389648438,0.27301713824272156,19.231300354003906,0.8683760166168213,132.55613708496094,7.514520645141602,0.33848878741264343,0.1085074320435524
True,False,False,False,441,17.639999389648438,0.27301713824272156,19.231300354003906,0.8683760166168213,132.55613708496094,7.514520645141602,0.33848878741264343,0.1085074320435524
True,False,False,False,441,17.639999389648438,0.2730548083782196,19.23129653930664,0.8683762550354004,132.55612182617188,7.514519691467285,0.33848878741264343,0.10850784182548523
True,False,False,False,441,17.639999389648438,0.2730548083782196,19.23129653930664,0.8683762550354004,132.55612182617188,7.514519691467285,0.33848878741264343,0.10850784182548523
True,False,False,False,441,17.639999389648438,0.27301713824272156,19.231300354003906,0.8683760166168213,132.55613708496094,7.514520645141602,0.33848878741264343,0.1085074320435524
True,False,False,False,441,17.639999389648438,0.27301713824272156,19.231300354003906,0.8683760166168213,132.55613708496094,7.514520645141602,0.33848878741264343,0.1085074320435524
True,False,False,False,441,17.639999389648438,0.27298691868782043,19.231361389160156,0.8683733344078064,132.55612182617188,7.514519691467285,0.33851930499076843,0.10850819200277328
True,False,False,False,441,17.639999389648438,0.27298691868782043,19.231361389160156,0.8683733344078064,132.55612182617188,7.514519691467285,0.33851930499076843,0.10850819200277328
True,False,False,False,441,17.639999389648438,0.27380305528640747,19.230836868286133,0.8683969974517822,132.5556182861328,7.514491081237793,0.33867189288139343,0.10847952961921692
True,False,False,False,441,17.639999389648438,0.27380305528640747,19.230836868286133,0.8683969974517822,132.5556182861328,7.514491081237793,0.33867189288139343,0.10847952961921692
True,False,False,False,441,17.639999389648438,0.27380305528640747,19.230836868286133,0.8683969974517822,132.5556182861328,7.514491081237793,0.33867189288139343,0.10847952961921692
True,False,False,False,441,17.639999389648438,0.27380305528640747,19.230836868286133,0.8683969974517822,132.5556182861328,7.514491081237793,0.33867189288139343,0.10847952961921692
True,False,False,False,441,17.639999389648438,0.27380305528640747,19.230836868286133,0.8683969974517822,132.5556182861328,7.514491081237793,0.33867189288139343,0.10847952961921692
True,False,False,False,441,17.639999389648438,0.27241846919059753,19.2305965423584,0.8684078454971313,132.5560760498047,7.514516830444336,0.33659669756889343,0.10849837958812714
True,False,False,False,441,17.639999389648438,0.27241846919059753,19.2305965423584,0.8684078454971313,132.5560760498047,7.514516830444336,0.33659669756889343,0.10849837958812714
True,False,False,False,441,17.639999389648438,0.27241846919059753,19.2305965423584,0.8684078454971313,132.5560760498047,7.514516830444336,0.33659669756889343,0.10849837958812714
True,False,False,False,441,17.639999389648438,0.27241846919059753,19.2305965423584,0.8684078454971313,132.5560760498047,7.514516830444336,0.33659669756889343,0.10849837958812714
True,False,False,False,441,17.639999389648438,0.27241846919059753,19.2305965423584,0.8684078454971313,132.5560760498047,7.514516830444336,0.33659669756889343,0.10849837958812714
True,False,False,False,441,17.639999389648438,0.27241846919059753,19.2305965423584,0.8684078454971313,132.5560760498047,7.514516830444336,0.33659669756889343,0.10849837958812714
True,False,False,False,441,17.639999389648438,0.27241846919059753,19.2305965423584,0.8684078454971313,132.5560760498047,7.514516830444336,0.33659669756889343,0.10849837958812714
True,False,False,False,441,17.639999389648438,0.27241846919059753,19.2305965423584,0.8684078454971313,132.5560760498047,7.514516830444336,0.33659669756889343,0.10849837958812714
True,False,False,False,441,17.639999389648438,0.27241846919059753,19.2305965423584,0.8684078454971313,132.5560760498047,7.514516830444336,0.33659669756889343,0.10849837958812714
True,False,False,False,441,17.639999389648438,0.27241846919059753,19.2305965423584,0.8684078454971313,132.5560760498047,7.514516830444336,0.33659669756889343,0.10849837958812714
True,False,False,False,441,17.639999389648438,0.27241846919059753,19.2305965423584,0.8684078454971313,132.5560760498047,7.514516830444336,0.33659669756889343,0.10849837958812714
True,False,False,False,441,17.639999389648438,0.27241846919059753,19.2305965423584,0.8684078454971313,132.5560760498047,7.514516830444336,0.33659669756889343,0.10849837958812714
True,False,False,False,441,17.639999389648438,0.27380305528640747,19.230836868286133,0.8683969974517822,132.5556182861328,7.514491081237793,0.33867189288139343,0.10847952961921692
True,False,False,False,441,17.639999389648438,0.27380305528640747,19.230836868286133,0.8683969974517822,132.5556182861328,7.514491081237793,0.33867189288139343,0.10847952961921692
True,False,False,False,441,17.639999389648438,0.27380305528640747,19.230836868286133,0.8683969974517822,132.5556182861328,7.514491081237793,0.33867189288139343,0.10847952961921692
True,False,False,False,441,17.639999389648438,0.27380305528640747,19.230836868286133,0.8683969974517822,132.5556182861328,7.514491081237793,0.33867189288139343,0.10847952961921692
True,False,False,False,441,17.639999389648438,0.27380305528640747,19.230836868286133,0.8683969974517822,132.5556182861328,7.514491081237793,0.33867189288139343,0.10847952961921692
True,False,False,False,441,17.639999389648438,0.27298691868782043,19.231361389160156,0.8683733344078064,132.55612182617188,7.514519691467285,0.33851930499076843,0.10850819200277328
True,False,False,False,441,17.639999389648438,0.27298691868782043,19.231361389160156,0.8683733344078064,132.55612182617188,7.514519691467285,0.33851930499076843,0.10850819200277328
True,False,False,False,441,17.639999389648438,0.27301713824272156,19.231300354003906,0.8683760166168213,132.55613708496094,7.514520645141602,0.33848878741264343,0.1085074320435524
True,False,False,False,441,17.639999389648438,0.27301713824272156,19.231300354003906,0.8683760166168213,132.55613708496094,7.514520645141602,0.33848878741264343,0.1085074320435524
True,False,False,False,441,17.639999389648438,0.2730548083782196,19.23129653930664,0.8683762550354004,132.55612182617188,7.514519691467285,0.33848878741264343,0.10850784182548523
True,False,False,False,441,17.639999389648438,0.2730548083782196,19.23129653930664,0.8683762550354004,132.55612182617188,7.514519691467285,0.33848878741264343,0.10850784182548523
True,False,False,False,441,17.639999389648438,0.27301713824272156,19.231300354003906,0.8683760166168213,132.55613708496094,7.514520645141602,0.33848878741264343,0.1085074320435524
True,False,False,False,441,17.639999389648438,0.27301713824272156,19.231300354003906,0.8683760166168213,132.55613708496094,7.514520645141602,0.33848878741264343,0.1085074320435524
True,False,False,False,441,17.639999389648438,0.27298691868782043,19.231361389160156,0.8683733344078064,132.55612182617188,7.514519691467285,0.33851930499076843,0.10850819200277328
True,False,False,False,441,17.639999389648438,0.27298691868782043,19.231361389160156,0.8683733344078064,132.55612182617188,7.514519691467285,0.33851930499076843,0.10850819200277328
True,False,False,False,441,17.639999389648438,0.27380305528640747,19.230836868286133,0.8683969974517822,132.5556182861328,7.514491081237793,0.33867189288139343,0.10847952961921692
True,False,False,False,441,17.639999389648438,0.27380305528640747,19.230836868286133,0.8683969974517822,132.5556182861328,7.514491081237793,0.33867189288139343,0.10847952961921692
True,False,False,False,441,17.639999389648438,0.27380305528640747,19.230836868286133,0.8683969974517822,132.5556182861328,7.514491081237793,0.33867189288139343,0.10847952961921692
True,False,False,False,441,17.639999389648438,0.27380305528640747,19.230836868286133,0.8683969974517822,132.5556182861328,7.514491081237793,0.33867189288139343,0.10847952961921692
True,False,False,False,441,17.639999389648438,0.27380305528640747,19.230836868286133,0.8683969974517822,132.5556182861328,7.514491081237793,0.33867189288139343,0.10847952961921692
True,False,False,False,441,17.639999389648438,0.27241846919059753,19.2305965423584,0.8684078454971313,132.5560760498047,7.514516830444336,0.33659669756889343,0.10849837958812714
True,False,False,False,441,17.639999389648438,0.27241846919059753,19.2305965423584,0.8684078454971313,132.5560760498047,7.514516830444336,0.33659669756889343,0.10849837958812714
True,False,False,False,441,17.639999389648438,0.27241846919059753,19.2305965423584,0.8684078454971313,132.5560760498047,7.514516830444336,0.33659669756889343,0.10849837958812714
True,False,False,False,441,17.639999389648438,0.27241846919059753,19.2305965423584,0.8684078454971313,132.5560760498047,7.514516830444336,0.33659669756889343,0.10849837958812714
True,False,False,False,441,17.639999389648438,0.27241846919059753,19.2305965423584,0.8684078454971313,132.5560760498047,7.514516830444336,0.33659669756889343,0.10849837958812714
True,False,False,False,441,17.639999389648438,0.27241846919059753,19.2305965423584,0.8684078454971313,132.5560760498047,7.514516830444336,0.33659669756889343,0.10849837958812714
True,False,False,False,441,17.639999389648438,0.27241846919059753,19.2305965423584,0.8684078454971313,132.5560760498047,7.514516830444336,0.33659669756889343,0.10849837958812714
True,False,False,False,441,17.639999389648438,0.27241846919059753,19.2305965423584,0.8684078454971313,132.5560760498047,7.514516830444336,0.33659669756889343,0.10849837958812714
True,False,False,False,441,17.639999389648438,0.27241846919059753,19.2305965423584,0.8684078454971313,132.5560760498047,7.514516830444336,0.33659669756889343,0.10849837958812714
True,False,False,False,441,17.639999389648438,0.27241846919059753,19.2305965423584,0.8684078454971313,132.5560760498047,7.514516830444336,0.33659669756889343,0.10849837958812714
True,False,False,False,441,17.639999389648438,0.27241846919059753,19.2305965423584,0.8684078454971313,132.5560760498047,7.514516830444336,0.33659669756889343,0.10849837958812714
True,False,False,False,441,17.639999389648438,0.27241846919059753,19.2305965423584,0.8684078454971313,132.5560760498047,7.514516830444336,0.33659669756889343,0.10849837958812714
True,False,False,False,441,17.639999389648438,0.27380305528640747,19.230836868286133,0.8683969974517822,132.5556182861328,7.514491081237793,0.33867189288139343,0.10847952961921692
True,False,False,False,441,17.639999389648438,0.27380305528640747,19.230836868286133,0.8683969974517822,132.5556182861328,7.514491081237793,0.33867189288139343,0.10847952961921692
True,False,False,False,441,17.639999389648438,0.27380305528640747,19.230836868286133,0.8683969974517822,132.5556182861328,7.514491081237793,0.33867189288139343,0.10847952961921692
True,False,False,False,441,17.639999389648438,0.27380305528640747,19.230836868286133,0.8683969974517822,132.5556182861328,7.514491081237793,0.33867189288139343,0.10847952961921692
True,False,False,False,441,17.639999389648438,0.27380305528640747,19.230836868286133,0.8683969974517822,132.5556182861328,7.514491081237793,0.33867189288139343,0.10847952961921692
True,False,False,False,441,17.639999389648438,0.27298691868782043,19.231361389160156,0.8683733344078064,132.55612182617188,7.514519691467285,0.33851930499076843,0.10850819200277328
True,False,False,False,441,17.639999389648438,0.27298691868782043,19.231361389160156,0.8683733344078064,132.55612182617188,7.514519691467285,0.33851930499076843,0.10850819200277328
True,False,False,False,441,17.639999389648438,0.27301713824272156,19.231300354003906,0.8683760166168213,132.55613708496094,7.514520645141602,0.33848878741264343,0.1085074320435524
True,False,False,False,441,17.639999389648438,0.27301713824272156,19.231300354003906,0.8683760166168213,132.55613708496094,7.514520645141602,0.33848878741264343,0.1085074320435524
True,False,False,False,441,17.639999389648438,0.2730548083782196,19.23129653930664,0.8683762550354004,132.55612182617188,7.514519691467285,0.33848878741264343,0.10850784182548523
True,False,False,False,441,17.639999389648438,0.2730548083782196,19.23129653930664,0.8683762550354004,132.55612182617188,7.514519691467285,0.33848878741264343,0.10850784182548523
True,False,False,False,441,17.639999389648438,0.27301713824272156,19.231300354003906,0.8683760166168213,132.55613708496094,7.514520645141602,0.33848878741264343,0.1085074320435524
True,False,False,False,441,17.639999389648438,0.27301713824272156,19.231300354003906,0.8683760166168213,132.55613708496094,7.514520645141602,0.33848878741264343,0.1085074320435524
True,False,False,False,441,17.639999389648438,0.27298691868782043,19.231361389160156,0.8683733344078064,132.55612182617188,7.514519691467285,0.33851930499076843,0.10850819200277328
True,False,False,False,441,17.639999389648438,0.27298691868782043,19.231361389160156,0.8683733344078064,132.55612182617188,7.514519691467285,0.33851930499076843,0.10850819200277328
True,False,False,False,441,17.639999389648438,0.27380305528640747,19.230836868286133,0.8683969974517822,132.5556182861328,7.514491081237793,0.33867189288139343,0.10847952961921692
True,False,False,False,441,17.639999389648438,0.27380305528640747,19.230836868286133,0.8683969974517822,132.5556182861328,7.514491081237793,0.33867189288139343,0.10847952961921692
True,False,False,False,441,17.639999389648438,0.27380305528640747,19.230836868286133,0.8683969974517822,132.5556182861328,7.514491081237793,0.33867189288139343,0.10847952961921692
True,False,False,False,441,17.639999389648438,0.27380305528640747,19.230836868286133,0.8683969974517822,132.5556182861328,7.514491081237793,0.33867189288139343,0.10847952961921692
True,False,False,False,441,17.639999389648438,0.27380305528640747,19.230836868286133,0.8683969974517822,132.5556182861328,7.514491081237793,0.33867189288139343,0.10847952961921692
True,False,False,False,441,17.639999389648438,0.27241846919059753,19.2305965423584,0.8684078454971313,132.5560760498047,7.514516830444336,0.33659669756889343,0.10849837958812714
True,False,False,False,441,17.639999389648438,0.27241846919059753,19.2305965423584,0.8684078454971313,132.5560760498047,7.514516830444336,0.33659669756889343,0.10849837958812714
True,False,False,False,441,17.639999389648438,0.27241846919059753,19.2305965423584,0.8684078454971313,132.5560760498047,7.514516830444336,0.33659669756889343,0.10849837958812714
True,False,False,False,441,17.639999389648438,0.27241846919059753,19.2305965423584,0.8684078454971313,132.5560760498047,7.514516830444336,0.33659669756889343,0.10849837958812714
True,False,False,False,441,17.639999389648438,0.27241846919059753,19.2305965423584,0.8684078454971313,132.5560760498047,7.514516830444336,0.33659669756889343,0.10849837958812714
True,False,False,False,441,17.639999389648438,0.27241846919059753,19.2305965423584,0.8684078454971313,132.5560760498047,7.514516830444336,0.33659669756889343,0.10849837958812714
True,False,False,False,441,17.639999389648438,0.27241846919059753,19.2305965423584,0.8684078454971313,132.5560760498047,7.514516830444336,0.33659669756889343,0.10849837958812714
True,False,False,False,441,17.639999389648438,0.27241846919059753,19.2305965423584,0.8684078454971313,132.5560760498047,7.514516830444336,0.33659669756889343,0.10849837958812714
True,False,False,False,441,17.639999389648438,0.27241846919059753,19.2305965423584,0.8684078454971313,132.5560760498047,7.514516830444336,0.33659669756889343,0.10849837958812714
True,False,False,False,441,17.639999389648438,0.27241846919059753,19.2305965423584,0.8684078454971313,132.5560760498047,7.514516830444336,0.33659669756889343,0.10849837958812714
True,False,False,False,441,17.639999389648438,0.27241846919059753,19.2305965423584,0.8684078454971313,132.5560760498047,7.514516830444336,0.33659669756889343,0.10849837958812714
True,False,False,False,441,17.639999389648438,0.27241846919059753,19.2305965423584,0.8684078454971313,132.5560760498047,7.514516830444336,0.33659669756889343,0.10849837958812714
True,False,False,False,441,17.639999389648438,0.27380305528640747,19.230836868286133,0.8683969974517822,132.5556182861328,7.514491081237793,0.33867189288139343,0.10847952961921692
True,False,False,False,441,17.639999389648438,0.27380305528640747,19.230836868286133,0.8683969974517822,132.5556182861328,7.514491081237793,0.33867189288139343,0.10847952961921692
True,False,False,False,441,17.639999389648438,0.27380305528640747,19.230836868286133,0.8683969974517822,132.5556182861328,7.514491081237793,0.33867189288139343,0.10847952961921692
True,False,False,False,441,17.639999389648438,0.27380305528640747,19.230836868286133,0.8683969974517822,132.5556182861328,7.514491081237793,0.33867189288139343,0.10847952961921692
True,False,False,False,441,17.639999389648438,0.27380305528640747,19.230836868286133,0.8683969974517822,132.5556182861328,7.514491081237793,0.33867189288139343,0.10847952961921692
True,False,False,False,441,17.639999389648438,0.27298691868782043,19.231361389160156,0.8683733344078064,132.55612182617188,7.514519691467285,0.33851930499076843,0.10850819200277328
True,False,False,False,441,17.639999389648438,0.27298691868782043,19.231361389160156,0.8683733344078064,132.55612182617188,7.514519691467285,0.33851930499076843,0.10850819200277328
True,False,False,False,441,17.639999389648438,0.27301713824272156,19.231300354003906,0.8683760166168213,132.55613708496094,7.514520645141602,0.33848878741264343,0.1085074320435524
True,False,False,False,441,17.639999389648438,0.27301713824272156,19.231300354003906,0.8683760166168213,132.55613708496094,7.514520645141602,0.33848878741264343,0.1085074320435524
True,False,False,False,441,17.639999389648438,0.2730548083782196,19.23129653930664,0.8683762550354004,132.55612182617188,7.514519691467285,0.33848878741264343,0.10850784182548523
True,False,False,False,441,17.639999389648438,0.2730548083782196,19.23129653930664,0.8683762550354004,132.55612182617188,7.514519691467285,0.33848878741264343,0.10850784182548523
True,False,False,False,441,17.639999389648438,0.27301713824272156,19.231300354003906,0.8683760166168213,132.55613708496094,7.514520645141602,0.33848878741264343,0.1085074320435524
True,False,False,False,441,17.639999389648438,0.27301713824272156,19.231300354003906,0.8683760166168213,132.55613708496094,7.514520645141602,0.33848878741264343,0.1085074320435524
True,False,False,False,441,17.639999389648438,0.27298691868782043,19.231361389160156,0.8683733344078064,132.55612182617188,7.514519691467285,0.33851930499076843,0.10850819200277328
True,False,False,False,441,17.639999389648438,0.27298691868782043,19.231361389160156,0.8683733344078064,132.55612182617188,7.514519691467285,0.33851930499076843,0.10850819200277328
True,False,False,False,441,17.639999389648438,0.27380305528640747,19.230836868286133,0.8683969974517822,132.5556182861328,7.514491081237793,0.33867189288139343,0.10847952961921692
True,False,False,False,441,17.639999389648438,0.27380305528640747,19.230836868286133,0.8683969974517822,132.5556182861328,7.514491081237793,0.33867189288139343,0.10847952961921692
True,False,False,False,441,17.639999389648438,0.27380305528640747,19.230836868286133,0.8683969974517822,132.5556182861328,7.514491081237793,0.33867189288139343,0.10847952961921692
True,False,False,False,441,17.639999389648438,0.27380305528640747,19.230836868286133,0.8683969974517822,132.5556182861328,7.514491081237793,0.33867189288139343,0.10847952961921692
True,False,False,False,441,17.639999389648438,0.27380305528640747,19.230836868286133,0.8683969974517822,132.5556182861328,7.514491081237793,0.33867189288139343,0.10847952961921692
True,False,False,False,441,17.639999389648438,0.27241846919059753,19.2305965423584,0.8684078454971313,132.5560760498047,7.514516830444336,0.33659669756889343,0.10849837958812714
True,False,False,False,441,17.639999389648438,0.27241846919059753,19.2305965423584,0.8684078454971313,132.5560760498047,7.514516830444336,0.33659669756889343,0.10849837958812714
True,False,False,False,441,17.639999389648438,0.27241846919059753,19.2305965423584,0.8684078454971313,132.5560760498047,7.514516830444336,0.33659669756889343,0.10849837958812714
True,False,False,False,441,17.639999389648438,0.27241846919059753,19.2305965423584,0.8684078454971313,132.5560760498047,7.514516830444336,0.33659669756889343,0.10849837958812714
True,False,False,False,441,17.639999389648438,0.27241846919059753,19.2305965423584,0.8684078454971313,132.5560760498047,7.514516830444336,0.33659669756889343,0.10849837958812714
True,False,False,False,441,17.639999389648438,0.27241846919059753,19.2305965423584,0.8684078454971313,132.5560760498047,7.514516830444336,0.33659669756889343,0.10849837958812714
True,False,False,False,442,17.68000030517578,0.27958473563194275,19.271556854248047,0.8665621280670166,136.6330108642578,7.728111267089844,0.33647462725639343,0.10875945538282394
True,False,False,False,442,17.68000030517578,0.27958473563194275,19.271556854248047,0.8665621280670166,136.6330108642578,7.728111267089844,0.33647462725639343,0.10875945538282394
True,False,False,False,442,17.68000030517578,0.27958473563194275,19.271556854248047,0.8665621280670166,136.6330108642578,7.728111267089844,0.33647462725639343,0.10875945538282394
True,False,False,False,442,17.68000030517578,0.27958473563194275,19.271556854248047,0.8665621280670166,136.6330108642578,7.728111267089844,0.33647462725639343,0.10875945538282394
True,False,False,False,442,17.68000030517578,0.27958473563194275,19.271556854248047,0.8665621280670166,136.6330108642578,7.728111267089844,0.33647462725639343,0.10875945538282394
True,False,False,False,442,17.68000030517578,0.27958473563194275,19.271556854248047,0.8665621280670166,136.6330108642578,7.728111267089844,0.33647462725639343,0.10875945538282394
True,False,False,False,442,17.68000030517578,0.2784532606601715,19.2724666595459,0.8665211796760559,136.64169311523438,7.728602409362793,0.33867189288139343,0.10882797092199326
True,False,False,False,442,17.68000030517578,0.2784532606601715,19.2724666595459,0.8665211796760559,136.64169311523438,7.728602409362793,0.33867189288139343,0.10882797092199326
True,False,False,False,442,17.68000030517578,0.2784532606601715,19.2724666595459,0.8665211796760559,136.64169311523438,7.728602409362793,0.33867189288139343,0.10882797092199326
True,False,False,False,442,17.68000030517578,0.2784532606601715,19.2724666595459,0.8665211796760559,136.64169311523438,7.728602409362793,0.33867189288139343,0.10882797092199326
True,False,False,False,442,17.68000030517578,0.2784532606601715,19.2724666595459,0.8665211796760559,136.64169311523438,7.728602409362793,0.33867189288139343,0.10882797092199326
True,False,False,False,442,17.68000030517578,0.27864938974380493,19.272090911865234,0.8665381073951721,136.64183044433594,7.728610038757324,0.33851930499076843,0.10882241278886795
True,False,False,False,442,17.68000030517578,0.27864938974380493,19.272090911865234,0.8665381073951721,136.64183044433594,7.728610038757324,0.33851930499076843,0.10882241278886795
True,False,False,False,442,17.68000030517578,0.2786133885383606,19.272058486938477,0.8665395379066467,136.64183044433594,7.728610038757324,0.33848878741264343,0.10882226377725601
True,False,False,False,442,17.68000030517578,0.2786133885383606,19.272058486938477,0.8665395379066467,136.64183044433594,7.728610038757324,0.33848878741264343,0.10882226377725601
True,False,False,False,442,17.68000030517578,0.27865052223205566,19.27204704284668,0.8665400147438049,136.64173889160156,7.728604793548584,0.3384849727153778,0.10882282257080078
True,False,False,False,442,17.68000030517578,0.27865052223205566,19.27204704284668,0.8665400147438049,136.64173889160156,7.728604793548584,0.3384849727153778,0.10882282257080078
True,False,False,False,442,17.68000030517578,0.2786133885383606,19.272058486938477,0.8665395379066467,136.64183044433594,7.728610038757324,0.33848878741264343,0.10882226377725601
True,False,False,False,442,17.68000030517578,0.2786133885383606,19.272058486938477,0.8665395379066467,136.64183044433594,7.728610038757324,0.33848878741264343,0.10882226377725601
True,False,False,False,442,17.68000030517578,0.27864938974380493,19.272090911865234,0.8665381073951721,136.64183044433594,7.728610038757324,0.33851930499076843,0.10882241278886795
True,False,False,False,442,17.68000030517578,0.27864938974380493,19.272090911865234,0.8665381073951721,136.64183044433594,7.728610038757324,0.33851930499076843,0.10882241278886795
True,False,False,False,442,17.68000030517578,0.2784532606601715,19.2724666595459,0.8665211796760559,136.64169311523438,7.728602409362793,0.33867189288139343,0.10882797092199326
True,False,False,False,442,17.68000030517578,0.2784532606601715,19.2724666595459,0.8665211796760559,136.64169311523438,7.728602409362793,0.33867189288139343,0.10882797092199326
True,False,False,False,442,17.68000030517578,0.2784532606601715,19.2724666595459,0.8665211796760559,136.64169311523438,7.728602409362793,0.33867189288139343,0.10882797092199326
True,False,False,False,442,17.68000030517578,0.2784532606601715,19.2724666595459,0.8665211796760559,136.64169311523438,7.728602409362793,0.33867189288139343,0.10882797092199326
True,False,False,False,442,17.68000030517578,0.2784532606601715,19.2724666595459,0.8665211796760559,136.64169311523438,7.728602409362793,0.33867189288139343,0.10882797092199326
True,False,False,False,442,17.68000030517578,0.27958473563194275,19.271556854248047,0.8665621280670166,136.6330108642578,7.728111267089844,0.33647462725639343,0.10875945538282394
True,False,False,False,442,17.68000030517578,0.27958473563194275,19.271556854248047,0.8665621280670166,136.6330108642578,7.728111267089844,0.33647462725639343,0.10875945538282394
True,False,False,False,442,17.68000030517578,0.27958473563194275,19.271556854248047,0.8665621280670166,136.6330108642578,7.728111267089844,0.33647462725639343,0.10875945538282394
True,False,False,False,442,17.68000030517578,0.27958473563194275,19.271556854248047,0.8665621280670166,136.6330108642578,7.728111267089844,0.33647462725639343,0.10875945538282394
True,False,False,False,442,17.68000030517578,0.27958473563194275,19.271556854248047,0.8665621280670166,136.6330108642578,7.728111267089844,0.33647462725639343,0.10875945538282394
True,False,False,False,442,17.68000030517578,0.27958473563194275,19.271556854248047,0.8665621280670166,136.6330108642578,7.728111267089844,0.33647462725639343,0.10875945538282394
True,False,False,False,442,17.68000030517578,0.27958473563194275,19.271556854248047,0.8665621280670166,136.6330108642578,7.728111267089844,0.33647462725639343,0.10875945538282394
True,False,False,False,442,17.68000030517578,0.27958473563194275,19.271556854248047,0.8665621280670166,136.6330108642578,7.728111267089844,0.33647462725639343,0.10875945538282394
True,False,False,False,442,17.68000030517578,0.27958473563194275,19.271556854248047,0.8665621280670166,136.6330108642578,7.728111267089844,0.33647462725639343,0.10875945538282394
True,False,False,False,442,17.68000030517578,0.27958473563194275,19.271556854248047,0.8665621280670166,136.6330108642578,7.728111267089844,0.33647462725639343,0.10875945538282394
True,False,False,False,442,17.68000030517578,0.27958473563194275,19.271556854248047,0.8665621280670166,136.6330108642578,7.728111267089844,0.33647462725639343,0.10875945538282394
True,False,False,False,442,17.68000030517578,0.27958473563194275,19.271556854248047,0.8665621280670166,136.6330108642578,7.728111267089844,0.33647462725639343,0.10875945538282394
True,False,False,False,442,17.68000030517578,0.2784532606601715,19.2724666595459,0.8665211796760559,136.64169311523438,7.728602409362793,0.33867189288139343,0.10882797092199326
True,False,False,False,442,17.68000030517578,0.2784532606601715,19.2724666595459,0.8665211796760559,136.64169311523438,7.728602409362793,0.33867189288139343,0.10882797092199326
True,False,False,False,442,17.68000030517578,0.2784532606601715,19.2724666595459,0.8665211796760559,136.64169311523438,7.728602409362793,0.33867189288139343,0.10882797092199326
True,False,False,False,442,17.68000030517578,0.2784532606601715,19.2724666595459,0.8665211796760559,136.64169311523438,7.728602409362793,0.33867189288139343,0.10882797092199326
True,False,False,False,442,17.68000030517578,0.2784532606601715,19.2724666595459,0.8665211796760559,136.64169311523438,7.728602409362793,0.33867189288139343,0.10882797092199326
True,False,False,False,442,17.68000030517578,0.27864938974380493,19.272090911865234,0.8665381073951721,136.64183044433594,7.728610038757324,0.33851930499076843,0.10882241278886795
True,False,False,False,442,17.68000030517578,0.27864938974380493,19.272090911865234,0.8665381073951721,136.64183044433594,7.728610038757324,0.33851930499076843,0.10882241278886795
True,False,False,False,442,17.68000030517578,0.2786133885383606,19.272058486938477,0.8665395379066467,136.64183044433594,7.728610038757324,0.33848878741264343,0.10882226377725601
True,False,False,False,442,17.68000030517578,0.2786133885383606,19.272058486938477,0.8665395379066467,136.64183044433594,7.728610038757324,0.33848878741264343,0.10882226377725601
True,False,False,False,442,17.68000030517578,0.27865052223205566,19.27204704284668,0.8665400147438049,136.64173889160156,7.728604793548584,0.3384849727153778,0.10882282257080078
True,False,False,False,442,17.68000030517578,0.27865052223205566,19.27204704284668,0.8665400147438049,136.64173889160156,7.728604793548584,0.3384849727153778,0.10882282257080078
True,False,False,False,442,17.68000030517578,0.2786133885383606,19.272058486938477,0.8665395379066467,136.64183044433594,7.728610038757324,0.33848878741264343,0.10882226377725601
True,False,False,False,442,17.68000030517578,0.2786133885383606,19.272058486938477,0.8665395379066467,136.64183044433594,7.728610038757324,0.33848878741264343,0.10882226377725601
True,False,False,False,442,17.68000030517578,0.27864938974380493,19.272090911865234,0.8665381073951721,136.64183044433594,7.728610038757324,0.33851930499076843,0.10882241278886795
True,False,False,False,442,17.68000030517578,0.27864938974380493,19.272090911865234,0.8665381073951721,136.64183044433594,7.728610038757324,0.33851930499076843,0.10882241278886795
True,False,False,False,442,17.68000030517578,0.2784532606601715,19.2724666595459,0.8665211796760559,136.64169311523438,7.728602409362793,0.33867189288139343,0.10882797092199326
True,False,False,False,442,17.68000030517578,0.2784532606601715,19.2724666595459,0.8665211796760559,136.64169311523438,7.728602409362793,0.33867189288139343,0.10882797092199326
True,False,False,False,442,17.68000030517578,0.2784532606601715,19.2724666595459,0.8665211796760559,136.64169311523438,7.728602409362793,0.33867189288139343,0.10882797092199326
True,False,False,False,442,17.68000030517578,0.2784532606601715,19.2724666595459,0.8665211796760559,136.64169311523438,7.728602409362793,0.33867189288139343,0.10882797092199326
True,False,False,False,442,17.68000030517578,0.2784532606601715,19.2724666595459,0.8665211796760559,136.64169311523438,7.728602409362793,0.33867189288139343,0.10882797092199326
True,False,False,False,442,17.68000030517578,0.27958473563194275,19.271556854248047,0.8665621280670166,136.6330108642578,7.728111267089844,0.33647462725639343,0.10875945538282394
True,False,False,False,442,17.68000030517578,0.27958473563194275,19.271556854248047,0.8665621280670166,136.6330108642578,7.728111267089844,0.33647462725639343,0.10875945538282394
True,False,False,False,442,17.68000030517578,0.27958473563194275,19.271556854248047,0.8665621280670166,136.6330108642578,7.728111267089844,0.33647462725639343,0.10875945538282394
True,False,False,False,442,17.68000030517578,0.27958473563194275,19.271556854248047,0.8665621280670166,136.6330108642578,7.728111267089844,0.33647462725639343,0.10875945538282394
True,False,False,False,442,17.68000030517578,0.27958473563194275,19.271556854248047,0.8665621280670166,136.6330108642578,7.728111267089844,0.33647462725639343,0.10875945538282394
True,False,False,False,442,17.68000030517578,0.27958473563194275,19.271556854248047,0.8665621280670166,136.6330108642578,7.728111267089844,0.33647462725639343,0.10875945538282394
True,False,False,False,442,17.68000030517578,0.27958473563194275,19.271556854248047,0.8665621280670166,136.6330108642578,7.728111267089844,0.33647462725639343,0.10875945538282394
True,False,False,False,442,17.68000030517578,0.27958473563194275,19.271556854248047,0.8665621280670166,136.6330108642578,7.728111267089844,0.33647462725639343,0.10875945538282394
True,False,False,False,442,17.68000030517578,0.27958473563194275,19.271556854248047,0.8665621280670166,136.6330108642578,7.728111267089844,0.33647462725639343,0.10875945538282394
True,False,False,False,442,17.68000030517578,0.27958473563194275,19.271556854248047,0.8665621280670166,136.6330108642578,7.728111267089844,0.33647462725639343,0.10875945538282394
True,False,False,False,442,17.68000030517578,0.27958473563194275,19.271556854248047,0.8665621280670166,136.6330108642578,7.728111267089844,0.33647462725639343,0.10875945538282394
True,False,False,False,442,17.68000030517578,0.27958473563194275,19.271556854248047,0.8665621280670166,136.6330108642578,7.728111267089844,0.33647462725639343,0.10875945538282394
True,False,False,False,442,17.68000030517578,0.2784532606601715,19.2724666595459,0.8665211796760559,136.64169311523438,7.728602409362793,0.33867189288139343,0.10882797092199326
True,False,False,False,442,17.68000030517578,0.2784532606601715,19.2724666595459,0.8665211796760559,136.64169311523438,7.728602409362793,0.33867189288139343,0.10882797092199326
True,False,False,False,442,17.68000030517578,0.2784532606601715,19.2724666595459,0.8665211796760559,136.64169311523438,7.728602409362793,0.33867189288139343,0.10882797092199326
True,False,False,False,442,17.68000030517578,0.2784532606601715,19.2724666595459,0.8665211796760559,136.64169311523438,7.728602409362793,0.33867189288139343,0.10882797092199326
True,False,False,False,442,17.68000030517578,0.2784532606601715,19.2724666595459,0.8665211796760559,136.64169311523438,7.728602409362793,0.33867189288139343,0.10882797092199326
True,False,False,False,442,17.68000030517578,0.27864938974380493,19.272090911865234,0.8665381073951721,136.64183044433594,7.728610038757324,0.33851930499076843,0.10882241278886795
True,False,False,False,442,17.68000030517578,0.27864938974380493,19.272090911865234,0.8665381073951721,136.64183044433594,7.728610038757324,0.33851930499076843,0.10882241278886795
True,False,False,False,442,17.68000030517578,0.2786133885383606,19.272058486938477,0.8665395379066467,136.64183044433594,7.728610038757324,0.33848878741264343,0.10882226377725601
True,False,False,False,442,17.68000030517578,0.2786133885383606,19.272058486938477,0.8665395379066467,136.64183044433594,7.728610038757324,0.33848878741264343,0.10882226377725601
True,False,False,False,442,17.68000030517578,0.27865052223205566,19.27204704284668,0.8665400147438049,136.64173889160156,7.728604793548584,0.3384849727153778,0.10882282257080078
True,False,False,False,442,17.68000030517578,0.27865052223205566,19.27204704284668,0.8665400147438049,136.64173889160156,7.728604793548584,0.3384849727153778,0.10882282257080078
True,False,False,False,442,17.68000030517578,0.2786133885383606,19.272058486938477,0.8665395379066467,136.64183044433594,7.728610038757324,0.33848878741264343,0.10882226377725601
True,False,False,False,442,17.68000030517578,0.2786133885383606,19.272058486938477,0.8665395379066467,136.64183044433594,7.728610038757324,0.33848878741264343,0.10882226377725601
True,False,False,False,442,17.68000030517578,0.27864938974380493,19.272090911865234,0.8665381073951721,136.64183044433594,7.728610038757324,0.33851930499076843,0.10882241278886795
True,False,False,False,442,17.68000030517578,0.27864938974380493,19.272090911865234,0.8665381073951721,136.64183044433594,7.728610038757324,0.33851930499076843,0.10882241278886795
True,False,False,False,442,17.68000030517578,0.2784532606601715,19.2724666595459,0.8665211796760559,136.64169311523438,7.728602409362793,0.33867189288139343,0.10882797092199326
True,False,False,False,442,17.68000030517578,0.2784532606601715,19.2724666595459,0.8665211796760559,136.64169311523438,7.728602409362793,0.33867189288139343,0.10882797092199326
True,False,False,False,442,17.68000030517578,0.2784532606601715,19.2724666595459,0.8665211796760559,136.64169311523438,7.728602409362793,0.33867189288139343,0.10882797092199326
True,False,False,False,442,17.68000030517578,0.2784532606601715,19.2724666595459,0.8665211796760559,136.64169311523438,7.728602409362793,0.33867189288139343,0.10882797092199326
True,False,False,False,442,17.68000030517578,0.2784532606601715,19.2724666595459,0.8665211796760559,136.64169311523438,7.728602409362793,0.33867189288139343,0.10882797092199326
True,False,False,False,442,17.68000030517578,0.27958473563194275,19.271556854248047,0.8665621280670166,136.6330108642578,7.728111267089844,0.33647462725639343,0.10875945538282394
True,False,False,False,442,17.68000030517578,0.27958473563194275,19.271556854248047,0.8665621280670166,136.6330108642578,7.728111267089844,0.33647462725639343,0.10875945538282394
True,False,False,False,442,17.68000030517578,0.27958473563194275,19.271556854248047,0.8665621280670166,136.6330108642578,7.728111267089844,0.33647462725639343,0.10875945538282394
True,False,False,False,442,17.68000030517578,0.27958473563194275,19.271556854248047,0.8665621280670166,136.6330108642578,7.728111267089844,0.33647462725639343,0.10875945538282394
True,False,False,False,442,17.68000030517578,0.27958473563194275,19.271556854248047,0.8665621280670166,136.6330108642578,7.728111267089844,0.33647462725639343,0.10875945538282394
True,False,False,False,442,17.68000030517578,0.27958473563194275,19.271556854248047,0.8665621280670166,136.6330108642578,7.728111267089844,0.33647462725639343,0.10875945538282394
True,False,False,False,442,17.68000030517578,0.27958473563194275,19.271556854248047,0.8665621280670166,136.6330108642578,7.728111267089844,0.33647462725639343,0.10875945538282394
True,False,False,False,442,17.68000030517578,0.27958473563194275,19.271556854248047,0.8665621280670166,136.6330108642578,7.728111267089844,0.33647462725639343,0.10875945538282394
True,False,False,False,442,17.68000030517578,0.27958473563194275,19.271556854248047,0.8665621280670166,136.6330108642578,7.728111267089844,0.33647462725639343,0.10875945538282394
True,False,False,False,442,17.68000030517578,0.27958473563194275,19.271556854248047,0.8665621280670166,136.6330108642578,7.728111267089844,0.33647462725639343,0.10875945538282394
True,False,False,False,442,17.68000030517578,0.27958473563194275,19.271556854248047,0.8665621280670166,136.6330108642578,7.728111267089844,0.33647462725639343,0.10875945538282394
True,False,False,False,442,17.68000030517578,0.27958473563194275,19.271556854248047,0.8665621280670166,136.6330108642578,7.728111267089844,0.33647462725639343,0.10875945538282394
True,False,False,False,442,17.68000030517578,0.2784532606601715,19.2724666595459,0.8665211796760559,136.64169311523438,7.728602409362793,0.33867189288139343,0.10882797092199326
True,False,False,False,442,17.68000030517578,0.2784532606601715,19.2724666595459,0.8665211796760559,136.64169311523438,7.728602409362793,0.33867189288139343,0.10882797092199326
True,False,False,False,442,17.68000030517578,0.2784532606601715,19.2724666595459,0.8665211796760559,136.64169311523438,7.728602409362793,0.33867189288139343,0.10882797092199326
True,False,False,False,442,17.68000030517578,0.2784532606601715,19.2724666595459,0.8665211796760559,136.64169311523438,7.728602409362793,0.33867189288139343,0.10882797092199326
True,False,False,False,442,17.68000030517578,0.2784532606601715,19.2724666595459,0.8665211796760559,136.64169311523438,7.728602409362793,0.33867189288139343,0.10882797092199326
True,False,False,False,442,17.68000030517578,0.27864938974380493,19.272090911865234,0.8665381073951721,136.64183044433594,7.728610038757324,0.33851930499076843,0.10882241278886795
True,False,False,False,442,17.68000030517578,0.27864938974380493,19.272090911865234,0.8665381073951721,136.64183044433594,7.728610038757324,0.33851930499076843,0.10882241278886795
True,False,False,False,442,17.68000030517578,0.2786133885383606,19.272058486938477,0.8665395379066467,136.64183044433594,7.728610038757324,0.33848878741264343,0.10882226377725601
True,False,False,False,442,17.68000030517578,0.2786133885383606,19.272058486938477,0.8665395379066467,136.64183044433594,7.728610038757324,0.33848878741264343,0.10882226377725601
True,False,False,False,442,17.68000030517578,0.27865052223205566,19.27204704284668,0.8665400147438049,136.64173889160156,7.728604793548584,0.3384849727153778,0.10882282257080078
True,False,False,False,442,17.68000030517578,0.27865052223205566,19.27204704284668,0.8665400147438049,136.64173889160156,7.728604793548584,0.3384849727153778,0.10882282257080078
True,False,False,False,442,17.68000030517578,0.2786133885383606,19.272058486938477,0.8665395379066467,136.64183044433594,7.728610038757324,0.33848878741264343,0.10882226377725601
True,False,False,False,442,17.68000030517578,0.2786133885383606,19.272058486938477,0.8665395379066467,136.64183044433594,7.728610038757324,0.33848878741264343,0.10882226377725601
True,False,False,False,442,17.68000030517578,0.27864938974380493,19.272090911865234,0.8665381073951721,136.64183044433594,7.728610038757324,0.33851930499076843,0.10882241278886795
True,False,False,False,442,17.68000030517578,0.27864938974380493,19.272090911865234,0.8665381073951721,136.64183044433594,7.728610038757324,0.33851930499076843,0.10882241278886795
True,False,False,False,442,17.68000030517578,0.2784532606601715,19.2724666595459,0.8665211796760559,136.64169311523438,7.728602409362793,0.33867189288139343,0.10882797092199326
True,False,False,False,442,17.68000030517578,0.2784532606601715,19.2724666595459,0.8665211796760559,136.64169311523438,7.728602409362793,0.33867189288139343,0.10882797092199326
True,False,False,False,442,17.68000030517578,0.2784532606601715,19.2724666595459,0.8665211796760559,136.64169311523438,7.728602409362793,0.33867189288139343,0.10882797092199326
True,False,False,False,442,17.68000030517578,0.2784532606601715,19.2724666595459,0.8665211796760559,136.64169311523438,7.728602409362793,0.33867189288139343,0.10882797092199326
True,False,False,False,442,17.68000030517578,0.2784532606601715,19.2724666595459,0.8665211796760559,136.64169311523438,7.728602409362793,0.33867189288139343,0.10882797092199326
True,False,False,False,442,17.68000030517578,0.27958473563194275,19.271556854248047,0.8665621280670166,136.6330108642578,7.728111267089844,0.33647462725639343,0.10875945538282394
True,False,False,False,442,17.68000030517578,0.27958473563194275,19.271556854248047,0.8665621280670166,136.6330108642578,7.728111267089844,0.33647462725639343,0.10875945538282394
True,False,False,False,442,17.68000030517578,0.27958473563194275,19.271556854248047,0.8665621280670166,136.6330108642578,7.728111267089844,0.33647462725639343,0.10875945538282394
True,False,False,False,442,17.68000030517578,0.27958473563194275,19.271556854248047,0.8665621280670166,136.6330108642578,7.728111267089844,0.33647462725639343,0.10875945538282394
True,False,False,False,442,17.68000030517578,0.27958473563194275,19.271556854248047,0.8665621280670166,136.6330108642578,7.728111267089844,0.33647462725639343,0.10875945538282394
True,False,False,False,442,17.68000030517578,0.27958473563194275,19.271556854248047,0.8665621280670166,136.6330108642578,7.728111267089844,0.33647462725639343,0.10875945538282394
True,False,False,False,442,17.68000030517578,0.27958473563194275,19.271556854248047,0.8665621280670166,136.6330108642578,7.728111267089844,0.33647462725639343,0.10875945538282394
True,False,False,False,442,17.68000030517578,0.27958473563194275,19.271556854248047,0.8665621280670166,136.6330108642578,7.728111267089844,0.33647462725639343,0.10875945538282394
True,False,False,False,442,17.68000030517578,0.27958473563194275,19.271556854248047,0.8665621280670166,136.6330108642578,7.728111267089844,0.33647462725639343,0.10875945538282394
True,False,False,False,442,17.68000030517578,0.27958473563194275,19.271556854248047,0.8665621280670166,136.6330108642578,7.728111267089844,0.33647462725639343,0.10875945538282394
True,False,False,False,442,17.68000030517578,0.27958473563194275,19.271556854248047,0.8665621280670166,136.6330108642578,7.728111267089844,0.33647462725639343,0.10875945538282394
True,False,False,False,442,17.68000030517578,0.27958473563194275,19.271556854248047,0.8665621280670166,136.6330108642578,7.728111267089844,0.33647462725639343,0.10875945538282394
True,False,False,False,442,17.68000030517578,0.2784532606601715,19.2724666595459,0.8665211796760559,136.64169311523438,7.728602409362793,0.33867189288139343,0.10882797092199326
True,False,False,False,442,17.68000030517578,0.2784532606601715,19.2724666595459,0.8665211796760559,136.64169311523438,7.728602409362793,0.33867189288139343,0.10882797092199326
True,False,False,False,442,17.68000030517578,0.2784532606601715,19.2724666595459,0.8665211796760559,136.64169311523438,7.728602409362793,0.33867189288139343,0.10882797092199326
True,False,False,False,442,17.68000030517578,0.2784532606601715,19.2724666595459,0.8665211796760559,136.64169311523438,7.728602409362793,0.33867189288139343,0.10882797092199326
True,False,False,False,442,17.68000030517578,0.2784532606601715,19.2724666595459,0.8665211796760559,136.64169311523438,7.728602409362793,0.33867189288139343,0.10882797092199326
True,False,False,False,442,17.68000030517578,0.27864938974380493,19.272090911865234,0.8665381073951721,136.64183044433594,7.728610038757324,0.33851930499076843,0.10882241278886795
True,False,False,False,442,17.68000030517578,0.27864938974380493,19.272090911865234,0.8665381073951721,136.64183044433594,7.728610038757324,0.33851930499076843,0.10882241278886795
True,False,False,False,442,17.68000030517578,0.2786133885383606,19.272058486938477,0.8665395379066467,136.64183044433594,7.728610038757324,0.33848878741264343,0.10882226377725601
True,False,False,False,442,17.68000030517578,0.2786133885383606,19.272058486938477,0.8665395379066467,136.64183044433594,7.728610038757324,0.33848878741264343,0.10882226377725601
True,False,False,False,442,17.68000030517578,0.27865052223205566,19.27204704284668,0.8665400147438049,136.64173889160156,7.728604793548584,0.3384849727153778,0.10882282257080078
True,False,False,False,442,17.68000030517578,0.27865052223205566,19.27204704284668,0.8665400147438049,136.64173889160156,7.728604793548584,0.3384849727153778,0.10882282257080078
True,False,False,False,442,17.68000030517578,0.2786133885383606,19.272058486938477,0.8665395379066467,136.64183044433594,7.728610038757324,0.33848878741264343,0.10882226377725601
True,False,False,False,442,17.68000030517578,0.2786133885383606,19.272058486938477,0.8665395379066467,136.64183044433594,7.728610038757324,0.33848878741264343,0.10882226377725601
True,False,False,False,442,17.68000030517578,0.27864938974380493,19.272090911865234,0.8665381073951721,136.64183044433594,7.728610038757324,0.33851930499076843,0.10882241278886795
True,False,False,False,442,17.68000030517578,0.27864938974380493,19.272090911865234,0.8665381073951721,136.64183044433594,7.728610038757324,0.33851930499076843,0.10882241278886795
True,False,False,False,442,17.68000030517578,0.2784532606601715,19.2724666595459,0.8665211796760559,136.64169311523438,7.728602409362793,0.33867189288139343,0.10882797092199326
True,False,False,False,442,17.68000030517578,0.2784532606601715,19.2724666595459,0.8665211796760559,136.64169311523438,7.728602409362793,0.33867189288139343,0.10882797092199326
True,False,False,False,442,17.68000030517578,0.2784532606601715,19.2724666595459,0.8665211796760559,136.64169311523438,7.728602409362793,0.33867189288139343,0.10882797092199326
True,False,False,False,442,17.68000030517578,0.2784532606601715,19.2724666595459,0.8665211796760559,136.64169311523438,7.728602409362793,0.33867189288139343,0.10882797092199326
True,False,False,False,442,17.68000030517578,0.2784532606601715,19.2724666595459,0.8665211796760559,136.64169311523438,7.728602409362793,0.33867189288139343,0.10882797092199326
True,False,False,False,442,17.68000030517578,0.27958473563194275,19.271556854248047,0.8665621280670166,136.6330108642578,7.728111267089844,0.33647462725639343,0.10875945538282394
True,False,False,False,442,17.68000030517578,0.27958473563194275,19.271556854248047,0.8665621280670166,136.6330108642578,7.728111267089844,0.33647462725639343,0.10875945538282394
True,False,False,False,442,17.68000030517578,0.27958473563194275,19.271556854248047,0.8665621280670166,136.6330108642578,7.728111267089844,0.33647462725639343,0.10875945538282394
True,False,False,False,442,17.68000030517578,0.27958473563194275,19.271556854248047,0.8665621280670166,136.6330108642578,7.728111267089844,0.33647462725639343,0.10875945538282394
True,False,False,False,442,17.68000030517578,0.27958473563194275,19.271556854248047,0.8665621280670166,136.6330108642578,7.728111267089844,0.33647462725639343,0.10875945538282394
True,False,False,False,442,17.68000030517578,0.27958473563194275,19.271556854248047,0.8665621280670166,136.6330108642578,7.728111267089844,0.33647462725639343,0.10875945538282394
True,False,False,False,442,17.68000030517578,0.28033268451690674,19.269214630126953,0.8666674494743347,136.64157104492188,7.728595733642578,0.33659669756889343,0.10880202054977417
True,False,False,False,442,17.68000030517578,0.28033268451690674,19.269214630126953,0.8666674494743347,136.64157104492188,7.728595733642578,0.33659669756889343,0.10880202054977417
True,False,False,False,442,17.68000030517578,0.28033268451690674,19.269214630126953,0.8666674494743347,136.64157104492188,7.728595733642578,0.33659669756889343,0.10880202054977417
True,False,False,False,442,17.68000030517578,0.28033268451690674,19.269214630126953,0.8666674494743347,136.64157104492188,7.728595733642578,0.33659669756889343,0.10880202054977417
True,False,False,False,442,17.68000030517578,0.28033268451690674,19.269214630126953,0.8666674494743347,136.64157104492188,7.728595733642578,0.33659669756889343,0.10880202054977417
True,False,False,False,442,17.68000030517578,0.28033268451690674,19.269214630126953,0.8666674494743347,136.64157104492188,7.728595733642578,0.33659669756889343,0.10880202054977417
True,False,False,False,442,17.68000030517578,0.2807949185371399,19.270334243774414,0.8666170239448547,136.64146423339844,7.7285895347595215,0.33867189288139343,0.10881686210632324
True,False,False,False,442,17.68000030517578,0.2807949185371399,19.270334243774414,0.8666170239448547,136.64146423339844,7.7285895347595215,0.33867189288139343,0.10881686210632324
True,False,False,False,442,17.68000030517578,0.2807949185371399,19.270334243774414,0.8666170239448547,136.64146423339844,7.7285895347595215,0.33867189288139343,0.10881686210632324
True,False,False,False,442,17.68000030517578,0.2807949185371399,19.270334243774414,0.8666170239448547,136.64146423339844,7.7285895347595215,0.33867189288139343,0.10881686210632324
True,False,False,False,442,17.68000030517578,0.2807949185371399,19.270334243774414,0.8666170239448547,136.64146423339844,7.7285895347595215,0.33867189288139343,0.10881686210632324
True,False,False,False,442,17.68000030517578,0.2806686460971832,19.27031707763672,0.8666178584098816,136.64149475097656,7.728590965270996,0.33851930499076843,0.10881458967924118
True,False,False,False,442,17.68000030517578,0.2806686460971832,19.27031707763672,0.8666178584098816,136.64149475097656,7.728590965270996,0.33851930499076843,0.10881458967924118
True,False,False,False,442,17.68000030517578,0.280587762594223,19.27029800415039,0.8666187524795532,136.64151000976562,7.7285919189453125,0.33848878741264343,0.10881377011537552
True,False,False,False,442,17.68000030517578,0.280587762594223,19.27029800415039,0.8666187524795532,136.64151000976562,7.7285919189453125,0.33848878741264343,0.10881377011537552
True,False,False,False,442,17.68000030517578,0.28061920404434204,19.270299911499023,0.8666186332702637,136.64149475097656,7.728590965270996,0.33848878741264343,0.10881426185369492
True,False,False,False,442,17.68000030517578,0.28061920404434204,19.270299911499023,0.8666186332702637,136.64149475097656,7.728590965270996,0.33848878741264343,0.10881426185369492
True,False,False,False,442,17.68000030517578,0.280587762594223,19.27029800415039,0.8666187524795532,136.64151000976562,7.7285919189453125,0.33848878741264343,0.10881377011537552
True,False,False,False,442,17.68000030517578,0.280587762594223,19.27029800415039,0.8666187524795532,136.64151000976562,7.7285919189453125,0.33848878741264343,0.10881377011537552
True,False,False,False,442,17.68000030517578,0.2806686460971832,19.27031707763672,0.8666178584098816,136.64149475097656,7.728590965270996,0.33851930499076843,0.10881458967924118
True,False,False,False,442,17.68000030517578,0.2806686460971832,19.27031707763672,0.8666178584098816,136.64149475097656,7.728590965270996,0.33851930499076843,0.10881458967924118
True,False,False,False,442,17.68000030517578,0.2807949185371399,19.270334243774414,0.8666170239448547,136.64146423339844,7.7285895347595215,0.33867189288139343,0.10881686210632324
True,False,False,False,442,17.68000030517578,0.2807949185371399,19.270334243774414,0.8666170239448547,136.64146423339844,7.7285895347595215,0.33867189288139343,0.10881686210632324
True,False,False,False,442,17.68000030517578,0.2807949185371399,19.270334243774414,0.8666170239448547,136.64146423339844,7.7285895347595215,0.33867189288139343,0.10881686210632324
True,False,False,False,442,17.68000030517578,0.2807949185371399,19.270334243774414,0.8666170239448547,136.64146423339844,7.7285895347595215,0.33867189288139343,0.10881686210632324
True,False,False,False,442,17.68000030517578,0.2807949185371399,19.270334243774414,0.8666170239448547,136.64146423339844,7.7285895347595215,0.33867189288139343,0.10881686210632324
True,False,False,False,442,17.68000030517578,0.28033268451690674,19.269214630126953,0.8666674494743347,136.64157104492188,7.728595733642578,0.33659669756889343,0.10880202054977417
True,False,False,False,442,17.68000030517578,0.28033268451690674,19.269214630126953,0.8666674494743347,136.64157104492188,7.728595733642578,0.33659669756889343,0.10880202054977417
True,False,False,False,442,17.68000030517578,0.28033268451690674,19.269214630126953,0.8666674494743347,136.64157104492188,7.728595733642578,0.33659669756889343,0.10880202054977417
True,False,False,False,442,17.68000030517578,0.28033268451690674,19.269214630126953,0.8666674494743347,136.64157104492188,7.728595733642578,0.33659669756889343,0.10880202054977417
True,False,False,False,442,17.68000030517578,0.28033268451690674,19.269214630126953,0.8666674494743347,136.64157104492188,7.728595733642578,0.33659669756889343,0.10880202054977417
True,False,False,False,442,17.68000030517578,0.28033268451690674,19.269214630126953,0.8666674494743347,136.64157104492188,7.728595733642578,0.33659669756889343,0.10880202054977417
True,False,False,False,442,17.68000030517578,0.2810280919075012,19.270137786865234,0.8666259050369263,136.6414337158203,7.728587627410889,0.33867189288139343,0.10881676524877548
True,False,False,False,442,17.68000030517578,0.2810280919075012,19.270137786865234,0.8666259050369263,136.6414337158203,7.728587627410889,0.33867189288139343,0.10881676524877548
True,False,False,False,442,17.68000030517578,0.2810280919075012,19.270137786865234,0.8666259050369263,136.6414337158203,7.728587627410889,0.33867189288139343,0.10881676524877548
True,False,False,False,442,17.68000030517578,0.2810280919075012,19.270137786865234,0.8666259050369263,136.6414337158203,7.728587627410889,0.33867189288139343,0.10881676524877548
True,False,False,False,442,17.68000030517578,0.2810280919075012,19.270137786865234,0.8666259050369263,136.6414337158203,7.728587627410889,0.33867189288139343,0.10881676524877548
True,False,False,False,442,17.68000030517578,0.2809310853481293,19.27008628845215,0.8666282296180725,136.6414794921875,7.728590488433838,0.33851930499076843,0.1088143065571785
True,False,False,False,442,17.68000030517578,0.2809310853481293,19.27008628845215,0.8666282296180725,136.6414794921875,7.728590488433838,0.33851930499076843,0.1088143065571785
True,False,False,False,442,17.68000030517578,0.28089290857315063,19.270038604736328,0.8666303753852844,136.64144897460938,7.728588581085205,0.33848878741264343,0.10881342738866806
True,False,False,False,442,17.68000030517578,0.28089290857315063,19.270038604736328,0.8666303753852844,136.64144897460938,7.728588581085205,0.33848878741264343,0.10881342738866806
True,False,False,False,442,17.68000030517578,0.28092095255851746,19.270038604736328,0.8666303753852844,136.64146423339844,7.7285895347595215,0.33848878741264343,0.10881389677524567
True,False,False,False,442,17.68000030517578,0.28092095255851746,19.270038604736328,0.8666303753852844,136.64146423339844,7.7285895347595215,0.33848878741264343,0.10881389677524567
True,False,False,False,442,17.68000030517578,0.28089290857315063,19.270038604736328,0.8666303753852844,136.64144897460938,7.728588581085205,0.33848878741264343,0.10881342738866806
True,False,False,False,442,17.68000030517578,0.28089290857315063,19.270038604736328,0.8666303753852844,136.64144897460938,7.728588581085205,0.33848878741264343,0.10881342738866806
True,False,False,False,442,17.68000030517578,0.2809310853481293,19.27008628845215,0.8666282296180725,136.6414794921875,7.728590488433838,0.33851930499076843,0.1088143065571785
True,False,False,False,442,17.68000030517578,0.2809310853481293,19.27008628845215,0.8666282296180725,136.6414794921875,7.728590488433838,0.33851930499076843,0.1088143065571785
True,False,False,False,442,17.68000030517578,0.2810280919075012,19.270137786865234,0.8666259050369263,136.6414337158203,7.728587627410889,0.33867189288139343,0.10881676524877548
True,False,False,False,442,17.68000030517578,0.2810280919075012,19.270137786865234,0.8666259050369263,136.6414337158203,7.728587627410889,0.33867189288139343,0.10881676524877548
True,False,False,False,442,17.68000030517578,0.2810280919075012,19.270137786865234,0.8666259050369263,136.6414337158203,7.728587627410889,0.33867189288139343,0.10881676524877548
True,False,False,False,442,17.68000030517578,0.2810280919075012,19.270137786865234,0.8666259050369263,136.6414337158203,7.728587627410889,0.33867189288139343,0.10881676524877548
True,False,False,False,442,17.68000030517578,0.2810280919075012,19.270137786865234,0.8666259050369263,136.6414337158203,7.728587627410889,0.33867189288139343,0.10881676524877548
True,False,False,False,442,17.68000030517578,0.2810280919075012,19.270137786865234,0.8666259050369263,136.6414337158203,7.728587627410889,0.33867189288139343,0.10881676524877548
True,False,False,False,442,17.68000030517578,0.2810280919075012,19.270137786865234,0.8666259050369263,136.6414337158203,7.728587627410889,0.33867189288139343,0.10881676524877548
True,False,False,False,442,17.68000030517578,0.2810280919075012,19.270137786865234,0.8666259050369263,136.6414337158203,7.728587627410889,0.33867189288139343,0.10881676524877548
True,False,False,False,442,17.68000030517578,0.2810280919075012,19.270137786865234,0.8666259050369263,136.6414337158203,7.728587627410889,0.33867189288139343,0.10881676524877548
True,False,False,False,442,17.68000030517578,0.2810280919075012,19.270137786865234,0.8666259050369263,136.6414337158203,7.728587627410889,0.33867189288139343,0.10881676524877548
True,False,False,False,442,17.68000030517578,0.2809310853481293,19.27008628845215,0.8666282296180725,136.6414794921875,7.728590488433838,0.33851930499076843,0.1088143065571785
True,False,False,False,442,17.68000030517578,0.2809310853481293,19.27008628845215,0.8666282296180725,136.6414794921875,7.728590488433838,0.33851930499076843,0.1088143065571785
True,False,False,False,442,17.68000030517578,0.28089290857315063,19.270038604736328,0.8666303753852844,136.64144897460938,7.728588581085205,0.33848878741264343,0.10881342738866806
True,False,False,False,442,17.68000030517578,0.28089290857315063,19.270038604736328,0.8666303753852844,136.64144897460938,7.728588581085205,0.33848878741264343,0.10881342738866806
True,False,False,False,442,17.68000030517578,0.28092095255851746,19.270038604736328,0.8666303753852844,136.64146423339844,7.7285895347595215,0.33848878741264343,0.10881389677524567
True,False,False,False,442,17.68000030517578,0.28092095255851746,19.270038604736328,0.8666303753852844,136.64146423339844,7.7285895347595215,0.33848878741264343,0.10881389677524567
True,False,False,False,442,17.68000030517578,0.28089290857315063,19.270038604736328,0.8666303753852844,136.64144897460938,7.728588581085205,0.33848878741264343,0.10881342738866806
True,False,False,False,442,17.68000030517578,0.28089290857315063,19.270038604736328,0.8666303753852844,136.64144897460938,7.728588581085205,0.33848878741264343,0.10881342738866806
True,False,False,False,442,17.68000030517578,0.2809310853481293,19.27008628845215,0.8666282296180725,136.6414794921875,7.728590488433838,0.33851930499076843,0.1088143065571785
True,False,False,False,442,17.68000030517578,0.2809310853481293,19.27008628845215,0.8666282296180725,136.6414794921875,7.728590488433838,0.33851930499076843,0.1088143065571785
True,False,False,False,442,17.68000030517578,0.2810280919075012,19.270137786865234,0.8666259050369263,136.6414337158203,7.728587627410889,0.33867189288139343,0.10881676524877548
True,False,False,False,442,17.68000030517578,0.2810280919075012,19.270137786865234,0.8666259050369263,136.6414337158203,7.728587627410889,0.33867189288139343,0.10881676524877548
True,False,False,False,442,17.68000030517578,0.2810280919075012,19.270137786865234,0.8666259050369263,136.6414337158203,7.728587627410889,0.33867189288139343,0.10881676524877548
True,False,False,False,442,17.68000030517578,0.2810280919075012,19.270137786865234,0.8666259050369263,136.6414337158203,7.728587627410889,0.33867189288139343,0.10881676524877548
True,False,False,False,442,17.68000030517578,0.2810280919075012,19.270137786865234,0.8666259050369263,136.6414337158203,7.728587627410889,0.33867189288139343,0.10881676524877548
True,False,False,False,442,17.68000030517578,0.28106456995010376,19.2701416015625,0.8666257858276367,136.64141845703125,7.728586673736572,0.33867189288139343,0.10881640017032623
True,False,False,False,442,17.68000030517578,0.28106456995010376,19.2701416015625,0.8666257858276367,136.64141845703125,7.728586673736572,0.33867189288139343,0.10881640017032623
True,False,False,False,442,17.68000030517578,0.28106456995010376,19.2701416015625,0.8666257858276367,136.64141845703125,7.728586673736572,0.33867189288139343,0.10881640017032623
True,False,False,False,442,17.68000030517578,0.28106456995010376,19.2701416015625,0.8666257858276367,136.64141845703125,7.728586673736572,0.33867189288139343,0.10881640017032623
True,False,False,False,442,17.68000030517578,0.28106456995010376,19.2701416015625,0.8666257858276367,136.64141845703125,7.728586673736572,0.33867189288139343,0.10881640017032623
True,False,False,False,442,17.68000030517578,0.28093838691711426,19.27012062072754,0.8666266798973083,136.64144897460938,7.728588581085205,0.33851930499076843,0.10881409794092178
True,False,False,False,442,17.68000030517578,0.28093838691711426,19.27012062072754,0.8666266798973083,136.64144897460938,7.728588581085205,0.33851930499076843,0.10881409794092178
True,False,False,False,442,17.68000030517578,0.2808665633201599,19.270103454589844,0.8666274547576904,136.6414337158203,7.728587627410889,0.33848878741264343,0.1088133454322815
True,False,False,False,442,17.68000030517578,0.2808665633201599,19.270103454589844,0.8666274547576904,136.6414337158203,7.728587627410889,0.33848878741264343,0.1088133454322815
True,False,False,False,442,17.68000030517578,0.2808990776538849,19.270105361938477,0.8666273951530457,136.64144897460938,7.728588581085205,0.33848878741264343,0.10881384462118149
True,False,False,False,442,17.68000030517578,0.2808990776538849,19.270105361938477,0.8666273951530457,136.64144897460938,7.728588581085205,0.33848878741264343,0.10881384462118149
True,False,False,False,442,17.68000030517578,0.2808665633201599,19.270103454589844,0.8666274547576904,136.6414337158203,7.728587627410889,0.33848878741264343,0.1088133454322815
True,False,False,False,442,17.68000030517578,0.2808665633201599,19.270103454589844,0.8666274547576904,136.6414337158203,7.728587627410889,0.33848878741264343,0.1088133454322815
True,False,False,False,442,17.68000030517578,0.28093838691711426,19.27012062072754,0.8666266798973083,136.64144897460938,7.728588581085205,0.33851930499076843,0.10881409794092178
True,False,False,False,442,17.68000030517578,0.28093838691711426,19.27012062072754,0.8666266798973083,136.64144897460938,7.728588581085205,0.33851930499076843,0.10881409794092178
True,False,False,False,442,17.68000030517578,0.28106456995010376,19.2701416015625,0.8666257858276367,136.64141845703125,7.728586673736572,0.33867189288139343,0.10881640017032623
True,False,False,False,442,17.68000030517578,0.28106456995010376,19.2701416015625,0.8666257858276367,136.64141845703125,7.728586673736572,0.33867189288139343,0.10881640017032623
True,False,False,False,442,17.68000030517578,0.28106456995010376,19.2701416015625,0.8666257858276367,136.64141845703125,7.728586673736572,0.33867189288139343,0.10881640017032623
True,False,False,False,442,17.68000030517578,0.28106456995010376,19.2701416015625,0.8666257858276367,136.64141845703125,7.728586673736572,0.33867189288139343,0.10881640017032623
True,False,False,False,442,17.68000030517578,0.28106456995010376,19.2701416015625,0.8666257858276367,136.64141845703125,7.728586673736572,0.33867189288139343,0.10881640017032623
True,False,False,False,442,17.68000030517578,0.2811082601547241,19.270048141479492,0.866629958152771,136.64141845703125,7.728586673736572,0.33867189288139343,0.10881662368774414
True,False,False,False,442,17.68000030517578,0.2811082601547241,19.270048141479492,0.866629958152771,136.64141845703125,7.728586673736572,0.33867189288139343,0.10881662368774414
True,False,False,False,442,17.68000030517578,0.2811082601547241,19.270048141479492,0.866629958152771,136.64141845703125,7.728586673736572,0.33867189288139343,0.10881662368774414
True,False,False,False,442,17.68000030517578,0.2811082601547241,19.270048141479492,0.866629958152771,136.64141845703125,7.728586673736572,0.33867189288139343,0.10881662368774414
True,False,False,False,442,17.68000030517578,0.2811082601547241,19.270048141479492,0.866629958152771,136.64141845703125,7.728586673736572,0.33867189288139343,0.10881662368774414
True,False,False,False,442,17.68000030517578,0.280996710062027,19.270008087158203,0.8666317462921143,136.64144897460938,7.728588581085205,0.33851930499076843,0.1088143140077591
True,False,False,False,442,17.68000030517578,0.280996710062027,19.270008087158203,0.8666317462921143,136.64144897460938,7.728588581085205,0.33851930499076843,0.1088143140077591
True,False,False,False,442,17.68000030517578,0.2809394896030426,19.269973754882812,0.8666332960128784,136.6414337158203,7.728587627410889,0.33848878741264343,0.10881350189447403
True,False,False,False,442,17.68000030517578,0.2809394896030426,19.269973754882812,0.8666332960128784,136.6414337158203,7.728587627410889,0.33848878741264343,0.10881350189447403
True,False,False,False,442,17.68000030517578,0.2809574007987976,19.269994735717773,0.866632342338562,136.6414337158203,7.728587627410889,0.33848878741264343,0.1088140457868576
True,False,False,False,442,17.68000030517578,0.2809574007987976,19.269994735717773,0.866632342338562,136.6414337158203,7.728587627410889,0.33848878741264343,0.1088140457868576
True,False,False,False,442,17.68000030517578,0.2809394896030426,19.269973754882812,0.8666332960128784,136.6414337158203,7.728587627410889,0.33848878741264343,0.10881350189447403
True,False,False,False,442,17.68000030517578,0.2809394896030426,19.269973754882812,0.8666332960128784,136.6414337158203,7.728587627410889,0.33848878741264343,0.10881350189447403
True,False,False,False,442,17.68000030517578,0.280996710062027,19.270008087158203,0.8666317462921143,136.64144897460938,7.728588581085205,0.33851930499076843,0.1088143140077591
True,False,False,False,442,17.68000030517578,0.280996710062027,19.270008087158203,0.8666317462921143,136.64144897460938,7.728588581085205,0.33851930499076843,0.1088143140077591
True,False,False,False,442,17.68000030517578,0.2811082601547241,19.270048141479492,0.866629958152771,136.64141845703125,7.728586673736572,0.33867189288139343,0.10881662368774414
True,False,False,False,442,17.68000030517578,0.2811082601547241,19.270048141479492,0.866629958152771,136.64141845703125,7.728586673736572,0.33867189288139343,0.10881662368774414
True,False,False,False,442,17.68000030517578,0.2811082601547241,19.270048141479492,0.866629958152771,136.64141845703125,7.728586673736572,0.33867189288139343,0.10881662368774414
True,False,False,False,442,17.68000030517578,0.2811082601547241,19.270048141479492,0.866629958152771,136.64141845703125,7.728586673736572,0.33867189288139343,0.10881662368774414
True,False,False,False,442,17.68000030517578,0.2811082601547241,19.270048141479492,0.866629958152771,136.64141845703125,7.728586673736572,0.33867189288139343,0.10881662368774414
True,False,False,False,442,17.68000030517578,0.28110647201538086,19.270061492919922,0.8666293621063232,136.64141845703125,7.728586673736572,0.33867189288139343,0.10881655663251877
True,False,False,False,442,17.68000030517578,0.28110647201538086,19.270061492919922,0.8666293621063232,136.64141845703125,7.728586673736572,0.33867189288139343,0.10881655663251877
True,False,False,False,442,17.68000030517578,0.28110647201538086,19.270061492919922,0.8666293621063232,136.64141845703125,7.728586673736572,0.33867189288139343,0.10881655663251877
True,False,False,False,442,17.68000030517578,0.28110647201538086,19.270061492919922,0.8666293621063232,136.64141845703125,7.728586673736572,0.33867189288139343,0.10881655663251877
True,False,False,False,442,17.68000030517578,0.28110647201538086,19.270061492919922,0.8666293621063232,136.64141845703125,7.728586673736572,0.33867189288139343,0.10881655663251877
True,False,False,False,442,17.68000030517578,0.2810313403606415,19.269990921020508,0.8666325211524963,136.64144897460938,7.728588581085205,0.33851930499076843,0.10881415754556656
True,False,False,False,442,17.68000030517578,0.2810313403606415,19.269990921020508,0.8666325211524963,136.64144897460938,7.728588581085205,0.33851930499076843,0.10881415754556656
True,False,False,False,442,17.68000030517578,0.28099220991134644,19.26994514465332,0.8666346073150635,136.6414337158203,7.728587627410889,0.33848878741264343,0.10881338268518448
True,False,False,False,442,17.68000030517578,0.28099220991134644,19.26994514465332,0.8666346073150635,136.6414337158203,7.728587627410889,0.33848878741264343,0.10881338268518448
True,False,False,False,442,17.68000030517578,0.28100594878196716,19.269968032836914,0.8666335344314575,136.6414337158203,7.728587627410889,0.33848878741264343,0.10881385952234268
True,False,False,False,442,17.68000030517578,0.28100594878196716,19.269968032836914,0.8666335344314575,136.6414337158203,7.728587627410889,0.33848878741264343,0.10881385952234268
True,False,False,False,442,17.68000030517578,0.28099220991134644,19.26994514465332,0.8666346073150635,136.6414337158203,7.728587627410889,0.33848878741264343,0.10881338268518448
True,False,False,False,442,17.68000030517578,0.28099220991134644,19.26994514465332,0.8666346073150635,136.6414337158203,7.728587627410889,0.33848878741264343,0.10881338268518448
True,False,False,False,442,17.68000030517578,0.2810313403606415,19.269990921020508,0.8666325211524963,136.64144897460938,7.728588581085205,0.33851930499076843,0.10881415754556656
True,False,False,False,442,17.68000030517578,0.2810313403606415,19.269990921020508,0.8666325211524963,136.64144897460938,7.728588581085205,0.33851930499076843,0.10881415754556656
True,False,False,False,442,17.68000030517578,0.28110647201538086,19.270061492919922,0.8666293621063232,136.64141845703125,7.728586673736572,0.33867189288139343,0.10881655663251877
True,False,False,False,442,17.68000030517578,0.28110647201538086,19.270061492919922,0.8666293621063232,136.64141845703125,7.728586673736572,0.33867189288139343,0.10881655663251877
True,False,False,False,442,17.68000030517578,0.28110647201538086,19.270061492919922,0.8666293621063232,136.64141845703125,7.728586673736572,0.33867189288139343,0.10881655663251877
True,False,False,False,442,17.68000030517578,0.28110647201538086,19.270061492919922,0.8666293621063232,136.64141845703125,7.728586673736572,0.33867189288139343,0.10881655663251877
True,False,False,False,442,17.68000030517578,0.28110647201538086,19.270061492919922,0.8666293621063232,136.64141845703125,7.728586673736572,0.33867189288139343,0.10881655663251877
True,False,False,False,442,17.68000030517578,0.2810518145561218,19.27009391784668,0.8666278719902039,136.6414337158203,7.728587627410889,0.33867189288139343,0.10881680250167847
True,False,False,False,442,17.68000030517578,0.2810518145561218,19.27009391784668,0.8666278719902039,136.6414337158203,7.728587627410889,0.33867189288139343,0.10881680250167847
True,False,False,False,442,17.68000030517578,0.2810518145561218,19.27009391784668,0.8666278719902039,136.6414337158203,7.728587627410889,0.33867189288139343,0.10881680250167847
True,False,False,False,442,17.68000030517578,0.2810518145561218,19.27009391784668,0.8666278719902039,136.6414337158203,7.728587627410889,0.33867189288139343,0.10881680250167847
True,False,False,False,442,17.68000030517578,0.2810518145561218,19.27009391784668,0.8666278719902039,136.6414337158203,7.728587627410889,0.33867189288139343,0.10881680250167847
True,False,False,False,442,17.68000030517578,0.28098395466804504,19.2700252532959,0.8666309714317322,136.64146423339844,7.7285895347595215,0.33851930499076843,0.10881442576646805
True,False,False,False,442,17.68000030517578,0.28098395466804504,19.2700252532959,0.8666309714317322,136.64146423339844,7.7285895347595215,0.33851930499076843,0.10881442576646805
True,False,False,False,442,17.68000030517578,0.2809385061264038,19.269983291625977,0.866632878780365,136.6414337158203,7.728587627410889,0.33848878741264343,0.10881362855434418
True,False,False,False,442,17.68000030517578,0.2809385061264038,19.269983291625977,0.866632878780365,136.6414337158203,7.728587627410889,0.33848878741264343,0.10881362855434418
True,False,False,False,442,17.68000030517578,0.2809489965438843,19.270004272460938,0.8666319251060486,136.64144897460938,7.728588581085205,0.33848878741264343,0.10881412029266357
True,False,False,False,442,17.68000030517578,0.2809489965438843,19.270004272460938,0.8666319251060486,136.64144897460938,7.728588581085205,0.33848878741264343,0.10881412029266357
True,False,False,False,442,17.68000030517578,0.2809385061264038,19.269983291625977,0.866632878780365,136.6414337158203,7.728587627410889,0.33848878741264343,0.10881362855434418
True,False,False,False,442,17.68000030517578,0.2809385061264038,19.269983291625977,0.866632878780365,136.6414337158203,7.728587627410889,0.33848878741264343,0.10881362855434418
True,False,False,False,442,17.68000030517578,0.28098395466804504,19.2700252532959,0.8666309714317322,136.64146423339844,7.7285895347595215,0.33851930499076843,0.10881442576646805
True,False,False,False,442,17.68000030517578,0.28098395466804504,19.2700252532959,0.8666309714317322,136.64146423339844,7.7285895347595215,0.33851930499076843,0.10881442576646805
True,False,False,False,442,17.68000030517578,0.2810518145561218,19.27009391784668,0.8666278719902039,136.6414337158203,7.728587627410889,0.33867189288139343,0.10881680250167847
True,False,False,False,442,17.68000030517578,0.2810518145561218,19.27009391784668,0.8666278719902039,136.6414337158203,7.728587627410889,0.33867189288139343,0.10881680250167847
True,False,False,False,442,17.68000030517578,0.2810518145561218,19.27009391784668,0.8666278719902039,136.6414337158203,7.728587627410889,0.33867189288139343,0.10881680250167847
True,False,False,False,442,17.68000030517578,0.2810518145561218,19.27009391784668,0.8666278719902039,136.6414337158203,7.728587627410889,0.33867189288139343,0.10881680250167847
True,False,False,False,442,17.68000030517578,0.2810518145561218,19.27009391784668,0.8666278719902039,136.6414337158203,7.728587627410889,0.33867189288139343,0.10881680250167847
True,False,False,False,442,17.68000030517578,0.28117385506629944,19.270002365112305,0.8666319847106934,136.6414031982422,7.728586196899414,0.33867189288139343,0.1088162213563919
True,False,False,False,442,17.68000030517578,0.28117385506629944,19.270002365112305,0.8666319847106934,136.6414031982422,7.728586196899414,0.33867189288139343,0.1088162213563919
True,False,False,False,442,17.68000030517578,0.28117385506629944,19.270002365112305,0.8666319847106934,136.6414031982422,7.728586196899414,0.33867189288139343,0.1088162213563919
True,False,False,False,442,17.68000030517578,0.28117385506629944,19.270002365112305,0.8666319847106934,136.6414031982422,7.728586196899414,0.33867189288139343,0.1088162213563919
True,False,False,False,442,17.68000030517578,0.28117385506629944,19.270002365112305,0.8666319847106934,136.6414031982422,7.728586196899414,0.33867189288139343,0.1088162213563919
True,False,False,False,442,17.68000030517578,0.2811077833175659,19.26991844177246,0.866635799407959,136.64141845703125,7.728586673736572,0.33851930499076843,0.10881388932466507
True,False,False,False,442,17.68000030517578,0.2811077833175659,19.26991844177246,0.866635799407959,136.64141845703125,7.728586673736572,0.33851930499076843,0.10881388932466507
True,False,False,False,442,17.68000030517578,0.2810359597206116,19.2699031829834,0.8666364550590515,136.6414337158203,7.728587627410889,0.33848878741264343,0.10881318151950836
True,False,False,False,442,17.68000030517578,0.2810359597206116,19.2699031829834,0.8666364550590515,136.6414337158203,7.728587627410889,0.33848878741264343,0.10881318151950836
True,False,False,False,442,17.68000030517578,0.28106287121772766,19.269912719726562,0.8666360378265381,136.6414337158203,7.728587627410889,0.33848878741264343,0.10881362110376358
True,False,False,False,442,17.68000030517578,0.28106287121772766,19.269912719726562,0.8666360378265381,136.6414337158203,7.728587627410889,0.33848878741264343,0.10881362110376358
True,False,False,False,442,17.68000030517578,0.2810359597206116,19.2699031829834,0.8666364550590515,136.6414337158203,7.728587627410889,0.33848878741264343,0.10881318151950836
True,False,False,False,442,17.68000030517578,0.2810359597206116,19.2699031829834,0.8666364550590515,136.6414337158203,7.728587627410889,0.33848878741264343,0.10881318151950836
True,False,False,False,442,17.68000030517578,0.2811077833175659,19.26991844177246,0.866635799407959,136.64141845703125,7.728586673736572,0.33851930499076843,0.10881388932466507
True,False,False,False,442,17.68000030517578,0.2811077833175659,19.26991844177246,0.866635799407959,136.64141845703125,7.728586673736572,0.33851930499076843,0.10881388932466507
True,False,False,False,442,17.68000030517578,0.28117385506629944,19.270002365112305,0.8666319847106934,136.6414031982422,7.728586196899414,0.33867189288139343,0.1088162213563919
True,False,False,False,442,17.68000030517578,0.28117385506629944,19.270002365112305,0.8666319847106934,136.6414031982422,7.728586196899414,0.33867189288139343,0.1088162213563919
True,False,False,False,442,17.68000030517578,0.28117385506629944,19.270002365112305,0.8666319847106934,136.6414031982422,7.728586196899414,0.33867189288139343,0.1088162213563919
True,False,False,False,442,17.68000030517578,0.28117385506629944,19.270002365112305,0.8666319847106934,136.6414031982422,7.728586196899414,0.33867189288139343,0.1088162213563919
True,False,False,False,442,17.68000030517578,0.28117385506629944,19.270002365112305,0.8666319847106934,136.6414031982422,7.728586196899414,0.33867189288139343,0.1088162213563919
True,False,False,False,442,17.68000030517578,0.2811009883880615,19.270082473754883,0.8666283488273621,136.6414337158203,7.728587627410889,0.33867189288139343,0.10881668329238892
True,False,False,False,442,17.68000030517578,0.2811009883880615,19.270082473754883,0.8666283488273621,136.6414337158203,7.728587627410889,0.33867189288139343,0.10881668329238892
True,False,False,False,442,17.68000030517578,0.2811009883880615,19.270082473754883,0.8666283488273621,136.6414337158203,7.728587627410889,0.33867189288139343,0.10881668329238892
True,False,False,False,442,17.68000030517578,0.2811009883880615,19.270082473754883,0.8666283488273621,136.6414337158203,7.728587627410889,0.33867189288139343,0.10881668329238892
True,False,False,False,442,17.68000030517578,0.2811009883880615,19.270082473754883,0.8666283488273621,136.6414337158203,7.728587627410889,0.33867189288139343,0.10881668329238892
True,False,False,False,442,17.68000030517578,0.280989408493042,19.27004623413086,0.8666300773620605,136.64146423339844,7.7285895347595215,0.33851930499076843,0.10881435126066208
True,False,False,False,442,17.68000030517578,0.280989408493042,19.27004623413086,0.8666300773620605,136.64146423339844,7.7285895347595215,0.33851930499076843,0.10881435126066208
True,False,False,False,442,17.68000030517578,0.28097033500671387,19.269975662231445,0.8666332364082336,136.6414337158203,7.728587627410889,0.33848878741264343,0.10881345719099045
True,False,False,False,442,17.68000030517578,0.28097033500671387,19.269975662231445,0.8666332364082336,136.6414337158203,7.728587627410889,0.33848878741264343,0.10881345719099045
True,False,False,False,442,17.68000030517578,0.2809804081916809,19.270002365112305,0.8666319847106934,136.6414337158203,7.728587627410889,0.33848878741264343,0.10881391167640686
True,False,False,False,442,17.68000030517578,0.2809804081916809,19.270002365112305,0.8666319847106934,136.6414337158203,7.728587627410889,0.33848878741264343,0.10881391167640686
True,False,False,False,442,17.68000030517578,0.28097033500671387,19.269975662231445,0.8666332364082336,136.6414337158203,7.728587627410889,0.33848878741264343,0.10881345719099045
True,False,False,False,442,17.68000030517578,0.28097033500671387,19.269975662231445,0.8666332364082336,136.6414337158203,7.728587627410889,0.33848878741264343,0.10881345719099045
True,False,False,False,442,17.68000030517578,0.280989408493042,19.27004623413086,0.8666300773620605,136.64146423339844,7.7285895347595215,0.33851930499076843,0.10881435126066208
True,False,False,False,442,17.68000030517578,0.280989408493042,19.27004623413086,0.8666300773620605,136.64146423339844,7.7285895347595215,0.33851930499076843,0.10881435126066208
True,False,False,False,442,17.68000030517578,0.2811009883880615,19.270082473754883,0.8666283488273621,136.6414337158203,7.728587627410889,0.33867189288139343,0.10881668329238892
True,False,False,False,442,17.68000030517578,0.2811009883880615,19.270082473754883,0.8666283488273621,136.6414337158203,7.728587627410889,0.33867189288139343,0.10881668329238892
True,False,False,False,442,17.68000030517578,0.2811009883880615,19.270082473754883,0.8666283488273621,136.6414337158203,7.728587627410889,0.33867189288139343,0.10881668329238892
True,False,False,False,442,17.68000030517578,0.2811009883880615,19.270082473754883,0.8666283488273621,136.6414337158203,7.728587627410889,0.33867189288139343,0.10881668329238892
True,False,False,False,442,17.68000030517578,0.2811009883880615,19.270082473754883,0.8666283488273621,136.6414337158203,7.728587627410889,0.33867189288139343,0.10881668329238892
True,False,False,False,442,17.68000030517578,0.2810280919075012,19.270137786865234,0.8666259050369263,136.6414337158203,7.728587627410889,0.33867189288139343,0.10881676524877548
True,False,False,False,442,17.68000030517578,0.2810280919075012,19.270137786865234,0.8666259050369263,136.6414337158203,7.728587627410889,0.33867189288139343,0.10881676524877548
True,False,False,False,442,17.68000030517578,0.2810280919075012,19.270137786865234,0.8666259050369263,136.6414337158203,7.728587627410889,0.33867189288139343,0.10881676524877548
True,False,False,False,442,17.68000030517578,0.2810280919075012,19.270137786865234,0.8666259050369263,136.6414337158203,7.728587627410889,0.33867189288139343,0.10881676524877548
True,False,False,False,442,17.68000030517578,0.2810280919075012,19.270137786865234,0.8666259050369263,136.6414337158203,7.728587627410889,0.33867189288139343,0.10881676524877548
True,False,False,False,442,17.68000030517578,0.2809310853481293,19.27008628845215,0.8666282296180725,136.6414794921875,7.728590488433838,0.33851930499076843,0.1088143065571785
True,False,False,False,442,17.68000030517578,0.2809310853481293,19.27008628845215,0.8666282296180725,136.6414794921875,7.728590488433838,0.33851930499076843,0.1088143065571785
True,False,False,False,442,17.68000030517578,0.28089290857315063,19.270038604736328,0.8666303753852844,136.64144897460938,7.728588581085205,0.33848878741264343,0.10881342738866806
True,False,False,False,442,17.68000030517578,0.28089290857315063,19.270038604736328,0.8666303753852844,136.64144897460938,7.728588581085205,0.33848878741264343,0.10881342738866806
True,False,False,False,442,17.68000030517578,0.28092095255851746,19.270038604736328,0.8666303753852844,136.64146423339844,7.7285895347595215,0.33848878741264343,0.10881389677524567
True,False,False,False,442,17.68000030517578,0.28092095255851746,19.270038604736328,0.8666303753852844,136.64146423339844,7.7285895347595215,0.33848878741264343,0.10881389677524567
True,False,False,False,442,17.68000030517578,0.28089290857315063,19.270038604736328,0.8666303753852844,136.64144897460938,7.728588581085205,0.33848878741264343,0.10881342738866806
True,False,False,False,442,17.68000030517578,0.28089290857315063,19.270038604736328,0.8666303753852844,136.64144897460938,7.728588581085205,0.33848878741264343,0.10881342738866806
True,False,False,False,442,17.68000030517578,0.2809310853481293,19.27008628845215,0.8666282296180725,136.6414794921875,7.728590488433838,0.33851930499076843,0.1088143065571785
True,False,False,False,442,17.68000030517578,0.2809310853481293,19.27008628845215,0.8666282296180725,136.6414794921875,7.728590488433838,0.33851930499076843,0.1088143065571785
True,False,False,False,442,17.68000030517578,0.2810280919075012,19.270137786865234,0.8666259050369263,136.6414337158203,7.728587627410889,0.33867189288139343,0.10881676524877548
True,False,False,False,442,17.68000030517578,0.2810280919075012,19.270137786865234,0.8666259050369263,136.6414337158203,7.728587627410889,0.33867189288139343,0.10881676524877548
True,False,False,False,442,17.68000030517578,0.2810280919075012,19.270137786865234,0.8666259050369263,136.6414337158203,7.728587627410889,0.33867189288139343,0.10881676524877548
True,False,False,False,442,17.68000030517578,0.2810280919075012,19.270137786865234,0.8666259050369263,136.6414337158203,7.728587627410889,0.33867189288139343,0.10881676524877548
True,False,False,False,442,17.68000030517578,0.2810280919075012,19.270137786865234,0.8666259050369263,136.6414337158203,7.728587627410889,0.33867189288139343,0.10881676524877548
True,False,False,False,442,17.68000030517578,0.2810280919075012,19.270137786865234,0.8666259050369263,136.6414337158203,7.728587627410889,0.33867189288139343,0.10881676524877548
True,False,False,False,442,17.68000030517578,0.2810280919075012,19.270137786865234,0.8666259050369263,136.6414337158203,7.728587627410889,0.33867189288139343,0.10881676524877548
True,False,False,False,442,17.68000030517578,0.2810280919075012,19.270137786865234,0.8666259050369263,136.6414337158203,7.728587627410889,0.33867189288139343,0.10881676524877548
True,False,False,False,442,17.68000030517578,0.2810280919075012,19.270137786865234,0.8666259050369263,136.6414337158203,7.728587627410889,0.33867189288139343,0.10881676524877548
True,False,False,False,442,17.68000030517578,0.2810280919075012,19.270137786865234,0.8666259050369263,136.6414337158203,7.728587627410889,0.33867189288139343,0.10881676524877548
True,False,False,False,442,17.68000030517578,0.2809310853481293,19.27008628845215,0.8666282296180725,136.6414794921875,7.728590488433838,0.33851930499076843,0.1088143065571785
True,False,False,False,442,17.68000030517578,0.2809310853481293,19.27008628845215,0.8666282296180725,136.6414794921875,7.728590488433838,0.33851930499076843,0.1088143065571785
True,False,False,False,442,17.68000030517578,0.28089290857315063,19.270038604736328,0.8666303753852844,136.64144897460938,7.728588581085205,0.33848878741264343,0.10881342738866806
True,False,False,False,442,17.68000030517578,0.28089290857315063,19.270038604736328,0.8666303753852844,136.64144897460938,7.728588581085205,0.33848878741264343,0.10881342738866806
True,False,False,False,442,17.68000030517578,0.28092095255851746,19.270038604736328,0.8666303753852844,136.64146423339844,7.7285895347595215,0.33848878741264343,0.10881389677524567
True,False,False,False,442,17.68000030517578,0.28092095255851746,19.270038604736328,0.8666303753852844,136.64146423339844,7.7285895347595215,0.33848878741264343,0.10881389677524567
True,False,False,False,442,17.68000030517578,0.28089290857315063,19.270038604736328,0.8666303753852844,136.64144897460938,7.728588581085205,0.33848878741264343,0.10881342738866806
True,False,False,False,442,17.68000030517578,0.28089290857315063,19.270038604736328,0.8666303753852844,136.64144897460938,7.728588581085205,0.33848878741264343,0.10881342738866806
True,False,False,False,442,17.68000030517578,0.2809310853481293,19.27008628845215,0.8666282296180725,136.6414794921875,7.728590488433838,0.33851930499076843,0.1088143065571785
True,False,False,False,442,17.68000030517578,0.2809310853481293,19.27008628845215,0.8666282296180725,136.6414794921875,7.728590488433838,0.33851930499076843,0.1088143065571785
True,False,False,False,442,17.68000030517578,0.2810280919075012,19.270137786865234,0.8666259050369263,136.6414337158203,7.728587627410889,0.33867189288139343,0.10881676524877548
True,False,False,False,442,17.68000030517578,0.2810280919075012,19.270137786865234,0.8666259050369263,136.6414337158203,7.728587627410889,0.33867189288139343,0.10881676524877548
True,False,False,False,442,17.68000030517578,0.2810280919075012,19.270137786865234,0.8666259050369263,136.6414337158203,7.728587627410889,0.33867189288139343,0.10881676524877548
True,False,False,False,442,17.68000030517578,0.2810280919075012,19.270137786865234,0.8666259050369263,136.6414337158203,7.728587627410889,0.33867189288139343,0.10881676524877548
True,False,False,False,442,17.68000030517578,0.2810280919075012,19.270137786865234,0.8666259050369263,136.6414337158203,7.728587627410889,0.33867189288139343,0.10881676524877548
True,False,False,False,442,17.68000030517578,0.279409259557724,19.271730422973633,0.8665542602539062,136.6330108642578,7.728111267089844,0.33647462725639343,0.10875944793224335
True,False,False,False,442,17.68000030517578,0.279409259557724,19.271730422973633,0.8665542602539062,136.6330108642578,7.728111267089844,0.33647462725639343,0.10875944793224335
True,False,False,False,442,17.68000030517578,0.279409259557724,19.271730422973633,0.8665542602539062,136.6330108642578,7.728111267089844,0.33647462725639343,0.10875944793224335
True,False,False,False,442,17.68000030517578,0.279409259557724,19.271730422973633,0.8665542602539062,136.6330108642578,7.728111267089844,0.33647462725639343,0.10875944793224335
True,False,False,False,442,17.68000030517578,0.279409259557724,19.271730422973633,0.8665542602539062,136.6330108642578,7.728111267089844,0.33647462725639343,0.10875944793224335
True,False,False,False,442,17.68000030517578,0.279409259557724,19.271730422973633,0.8665542602539062,136.6330108642578,7.728111267089844,0.33647462725639343,0.10875944793224335
True,False,False,False,442,17.68000030517578,0.2784532606601715,19.272485733032227,0.8665202856063843,136.64169311523438,7.728602409362793,0.33867189288139343,0.10882796347141266
True,False,False,False,442,17.68000030517578,0.2784532606601715,19.272485733032227,0.8665202856063843,136.64169311523438,7.728602409362793,0.33867189288139343,0.10882796347141266
True,False,False,False,442,17.68000030517578,0.2784532606601715,19.272485733032227,0.8665202856063843,136.64169311523438,7.728602409362793,0.33867189288139343,0.10882796347141266
True,False,False,False,442,17.68000030517578,0.2784532606601715,19.272485733032227,0.8665202856063843,136.64169311523438,7.728602409362793,0.33867189288139343,0.10882796347141266
True,False,False,False,442,17.68000030517578,0.2784532606601715,19.272485733032227,0.8665202856063843,136.64169311523438,7.728602409362793,0.33867189288139343,0.10882796347141266
True,False,False,False,442,17.68000030517578,0.27847445011138916,19.272279739379883,0.8665295839309692,136.64183044433594,7.728610038757324,0.33851930499076843,0.10882241278886795
True,False,False,False,442,17.68000030517578,0.27847445011138916,19.272279739379883,0.8665295839309692,136.64183044433594,7.728610038757324,0.33851930499076843,0.10882241278886795
True,False,False,False,442,17.68000030517578,0.27843841910362244,19.272247314453125,0.8665310740470886,136.64183044433594,7.728610038757324,0.33848878741264343,0.10882225632667542
True,False,False,False,442,17.68000030517578,0.27843841910362244,19.272247314453125,0.8665310740470886,136.64183044433594,7.728610038757324,0.33848878741264343,0.10882225632667542
True,False,False,False,442,17.68000030517578,0.2784755527973175,19.272233963012695,0.8665316104888916,136.64173889160156,7.728604793548584,0.3384849727153778,0.10882283002138138
True,False,False,False,442,17.68000030517578,0.2784755527973175,19.272233963012695,0.8665316104888916,136.64173889160156,7.728604793548584,0.3384849727153778,0.10882283002138138
True,False,False,False,442,17.68000030517578,0.27843841910362244,19.272247314453125,0.8665310740470886,136.64183044433594,7.728610038757324,0.33848878741264343,0.10882225632667542
True,False,False,False,442,17.68000030517578,0.27843841910362244,19.272247314453125,0.8665310740470886,136.64183044433594,7.728610038757324,0.33848878741264343,0.10882225632667542
True,False,False,False,442,17.68000030517578,0.27847445011138916,19.272279739379883,0.8665295839309692,136.64183044433594,7.728610038757324,0.33851930499076843,0.10882241278886795
True,False,False,False,442,17.68000030517578,0.27847445011138916,19.272279739379883,0.8665295839309692,136.64183044433594,7.728610038757324,0.33851930499076843,0.10882241278886795
True,False,False,False,442,17.68000030517578,0.2784532606601715,19.272485733032227,0.8665202856063843,136.64169311523438,7.728602409362793,0.33867189288139343,0.10882796347141266
True,False,False,False,442,17.68000030517578,0.2784532606601715,19.272485733032227,0.8665202856063843,136.64169311523438,7.728602409362793,0.33867189288139343,0.10882796347141266
True,False,False,False,442,17.68000030517578,0.2784532606601715,19.272485733032227,0.8665202856063843,136.64169311523438,7.728602409362793,0.33867189288139343,0.10882796347141266
True,False,False,False,442,17.68000030517578,0.2784532606601715,19.272485733032227,0.8665202856063843,136.64169311523438,7.728602409362793,0.33867189288139343,0.10882796347141266
True,False,False,False,442,17.68000030517578,0.2784532606601715,19.272485733032227,0.8665202856063843,136.64169311523438,7.728602409362793,0.33867189288139343,0.10882796347141266
True,False,False,False,442,17.68000030517578,0.279409259557724,19.271730422973633,0.8665542602539062,136.6330108642578,7.728111267089844,0.33647462725639343,0.10875944793224335
True,False,False,False,442,17.68000030517578,0.279409259557724,19.271730422973633,0.8665542602539062,136.6330108642578,7.728111267089844,0.33647462725639343,0.10875944793224335
True,False,False,False,442,17.68000030517578,0.279409259557724,19.271730422973633,0.8665542602539062,136.6330108642578,7.728111267089844,0.33647462725639343,0.10875944793224335
True,False,False,False,442,17.68000030517578,0.279409259557724,19.271730422973633,0.8665542602539062,136.6330108642578,7.728111267089844,0.33647462725639343,0.10875944793224335
True,False,False,False,442,17.68000030517578,0.279409259557724,19.271730422973633,0.8665542602539062,136.6330108642578,7.728111267089844,0.33647462725639343,0.10875944793224335
True,False,False,False,442,17.68000030517578,0.279409259557724,19.271730422973633,0.8665542602539062,136.6330108642578,7.728111267089844,0.33647462725639343,0.10875944793224335
True,False,False,False,442,17.68000030517578,0.27958473563194275,19.271556854248047,0.8665621280670166,136.6330108642578,7.728111267089844,0.33647462725639343,0.10875945538282394
True,False,False,False,442,17.68000030517578,0.27958473563194275,19.271556854248047,0.8665621280670166,136.6330108642578,7.728111267089844,0.33647462725639343,0.10875945538282394
True,False,False,False,442,17.68000030517578,0.27958473563194275,19.271556854248047,0.8665621280670166,136.6330108642578,7.728111267089844,0.33647462725639343,0.10875945538282394
True,False,False,False,442,17.68000030517578,0.27958473563194275,19.271556854248047,0.8665621280670166,136.6330108642578,7.728111267089844,0.33647462725639343,0.10875945538282394
True,False,False,False,442,17.68000030517578,0.27958473563194275,19.271556854248047,0.8665621280670166,136.6330108642578,7.728111267089844,0.33647462725639343,0.10875945538282394
True,False,False,False,442,17.68000030517578,0.27958473563194275,19.271556854248047,0.8665621280670166,136.6330108642578,7.728111267089844,0.33647462725639343,0.10875945538282394
True,False,False,False,442,17.68000030517578,0.2784532606601715,19.2724666595459,0.8665211796760559,136.64169311523438,7.728602409362793,0.33867189288139343,0.10882797092199326
True,False,False,False,442,17.68000030517578,0.2784532606601715,19.2724666595459,0.8665211796760559,136.64169311523438,7.728602409362793,0.33867189288139343,0.10882797092199326
True,False,False,False,442,17.68000030517578,0.2784532606601715,19.2724666595459,0.8665211796760559,136.64169311523438,7.728602409362793,0.33867189288139343,0.10882797092199326
True,False,False,False,442,17.68000030517578,0.2784532606601715,19.2724666595459,0.8665211796760559,136.64169311523438,7.728602409362793,0.33867189288139343,0.10882797092199326
True,False,False,False,442,17.68000030517578,0.2784532606601715,19.2724666595459,0.8665211796760559,136.64169311523438,7.728602409362793,0.33867189288139343,0.10882797092199326
True,False,False,False,442,17.68000030517578,0.27864938974380493,19.272090911865234,0.8665381073951721,136.64183044433594,7.728610038757324,0.33851930499076843,0.10882241278886795
True,False,False,False,442,17.68000030517578,0.27864938974380493,19.272090911865234,0.8665381073951721,136.64183044433594,7.728610038757324,0.33851930499076843,0.10882241278886795
True,False,False,False,442,17.68000030517578,0.2786133885383606,19.272058486938477,0.8665395379066467,136.64183044433594,7.728610038757324,0.33848878741264343,0.10882226377725601
True,False,False,False,442,17.68000030517578,0.2786133885383606,19.272058486938477,0.8665395379066467,136.64183044433594,7.728610038757324,0.33848878741264343,0.10882226377725601
True,False,False,False,442,17.68000030517578,0.27865052223205566,19.27204704284668,0.8665400147438049,136.64173889160156,7.728604793548584,0.3384849727153778,0.10882282257080078
True,False,False,False,442,17.68000030517578,0.27865052223205566,19.27204704284668,0.8665400147438049,136.64173889160156,7.728604793548584,0.3384849727153778,0.10882282257080078
True,False,False,False,442,17.68000030517578,0.2786133885383606,19.272058486938477,0.8665395379066467,136.64183044433594,7.728610038757324,0.33848878741264343,0.10882226377725601
True,False,False,False,442,17.68000030517578,0.2786133885383606,19.272058486938477,0.8665395379066467,136.64183044433594,7.728610038757324,0.33848878741264343,0.10882226377725601
True,False,False,False,442,17.68000030517578,0.27864938974380493,19.272090911865234,0.8665381073951721,136.64183044433594,7.728610038757324,0.33851930499076843,0.10882241278886795
True,False,False,False,442,17.68000030517578,0.27864938974380493,19.272090911865234,0.8665381073951721,136.64183044433594,7.728610038757324,0.33851930499076843,0.10882241278886795
True,False,False,False,442,17.68000030517578,0.2784532606601715,19.2724666595459,0.8665211796760559,136.64169311523438,7.728602409362793,0.33867189288139343,0.10882797092199326
True,False,False,False,442,17.68000030517578,0.2784532606601715,19.2724666595459,0.8665211796760559,136.64169311523438,7.728602409362793,0.33867189288139343,0.10882797092199326
True,False,False,False,442,17.68000030517578,0.2784532606601715,19.2724666595459,0.8665211796760559,136.64169311523438,7.728602409362793,0.33867189288139343,0.10882797092199326
True,False,False,False,442,17.68000030517578,0.2784532606601715,19.2724666595459,0.8665211796760559,136.64169311523438,7.728602409362793,0.33867189288139343,0.10882797092199326
True,False,False,False,442,17.68000030517578,0.2784532606601715,19.2724666595459,0.8665211796760559,136.64169311523438,7.728602409362793,0.33867189288139343,0.10882797092199326
True,False,False,False,442,17.68000030517578,0.27958473563194275,19.271556854248047,0.8665621280670166,136.6330108642578,7.728111267089844,0.33647462725639343,0.10875945538282394
True,False,False,False,442,17.68000030517578,0.27958473563194275,19.271556854248047,0.8665621280670166,136.6330108642578,7.728111267089844,0.33647462725639343,0.10875945538282394
True,False,False,False,442,17.68000030517578,0.27958473563194275,19.271556854248047,0.8665621280670166,136.6330108642578,7.728111267089844,0.33647462725639343,0.10875945538282394
True,False,False,False,442,17.68000030517578,0.27958473563194275,19.271556854248047,0.8665621280670166,136.6330108642578,7.728111267089844,0.33647462725639343,0.10875945538282394
True,False,False,False,442,17.68000030517578,0.27958473563194275,19.271556854248047,0.8665621280670166,136.6330108642578,7.728111267089844,0.33647462725639343,0.10875945538282394
True,False,False,False,442,17.68000030517578,0.27958473563194275,19.271556854248047,0.8665621280670166,136.6330108642578,7.728111267089844,0.33647462725639343,0.10875945538282394
True,False,False,False,442,17.68000030517578,0.27958473563194275,19.271556854248047,0.8665621280670166,136.6330108642578,7.728111267089844,0.33647462725639343,0.10875945538282394
True,False,False,False,442,17.68000030517578,0.27958473563194275,19.271556854248047,0.8665621280670166,136.6330108642578,7.728111267089844,0.33647462725639343,0.10875945538282394
True,False,False,False,442,17.68000030517578,0.27958473563194275,19.271556854248047,0.8665621280670166,136.6330108642578,7.728111267089844,0.33647462725639343,0.10875945538282394
True,False,False,False,442,17.68000030517578,0.27958473563194275,19.271556854248047,0.8665621280670166,136.6330108642578,7.728111267089844,0.33647462725639343,0.10875945538282394
True,False,False,False,442,17.68000030517578,0.27958473563194275,19.271556854248047,0.8665621280670166,136.6330108642578,7.728111267089844,0.33647462725639343,0.10875945538282394
True,False,False,False,442,17.68000030517578,0.27958473563194275,19.271556854248047,0.8665621280670166,136.6330108642578,7.728111267089844,0.33647462725639343,0.10875945538282394
True,False,False,False,442,17.68000030517578,0.2784532606601715,19.2724666595459,0.8665211796760559,136.64169311523438,7.728602409362793,0.33867189288139343,0.10882797092199326
True,False,False,False,442,17.68000030517578,0.2784532606601715,19.2724666595459,0.8665211796760559,136.64169311523438,7.728602409362793,0.33867189288139343,0.10882797092199326
True,False,False,False,442,17.68000030517578,0.2784532606601715,19.2724666595459,0.8665211796760559,136.64169311523438,7.728602409362793,0.33867189288139343,0.10882797092199326
True,False,False,False,442,17.68000030517578,0.2784532606601715,19.2724666595459,0.8665211796760559,136.64169311523438,7.728602409362793,0.33867189288139343,0.10882797092199326
True,False,False,False,442,17.68000030517578,0.2784532606601715,19.2724666595459,0.8665211796760559,136.64169311523438,7.728602409362793,0.33867189288139343,0.10882797092199326
True,False,False,False,442,17.68000030517578,0.27864938974380493,19.272090911865234,0.8665381073951721,136.64183044433594,7.728610038757324,0.33851930499076843,0.10882241278886795
True,False,False,False,442,17.68000030517578,0.27864938974380493,19.272090911865234,0.8665381073951721,136.64183044433594,7.728610038757324,0.33851930499076843,0.10882241278886795
True,False,False,False,442,17.68000030517578,0.2786133885383606,19.272058486938477,0.8665395379066467,136.64183044433594,7.728610038757324,0.33848878741264343,0.10882226377725601
True,False,False,False,442,17.68000030517578,0.2786133885383606,19.272058486938477,0.8665395379066467,136.64183044433594,7.728610038757324,0.33848878741264343,0.10882226377725601
True,False,False,False,442,17.68000030517578,0.27865052223205566,19.27204704284668,0.8665400147438049,136.64173889160156,7.728604793548584,0.3384849727153778,0.10882282257080078
True,False,False,False,442,17.68000030517578,0.27865052223205566,19.27204704284668,0.8665400147438049,136.64173889160156,7.728604793548584,0.3384849727153778,0.10882282257080078
True,False,False,False,442,17.68000030517578,0.2786133885383606,19.272058486938477,0.8665395379066467,136.64183044433594,7.728610038757324,0.33848878741264343,0.10882226377725601
True,False,False,False,442,17.68000030517578,0.2786133885383606,19.272058486938477,0.8665395379066467,136.64183044433594,7.728610038757324,0.33848878741264343,0.10882226377725601
True,False,False,False,442,17.68000030517578,0.27864938974380493,19.272090911865234,0.8665381073951721,136.64183044433594,7.728610038757324,0.33851930499076843,0.10882241278886795
True,False,False,False,442,17.68000030517578,0.27864938974380493,19.272090911865234,0.8665381073951721,136.64183044433594,7.728610038757324,0.33851930499076843,0.10882241278886795
True,False,False,False,442,17.68000030517578,0.2784532606601715,19.2724666595459,0.8665211796760559,136.64169311523438,7.728602409362793,0.33867189288139343,0.10882797092199326
True,False,False,False,442,17.68000030517578,0.2784532606601715,19.2724666595459,0.8665211796760559,136.64169311523438,7.728602409362793,0.33867189288139343,0.10882797092199326
True,False,False,False,442,17.68000030517578,0.2784532606601715,19.2724666595459,0.8665211796760559,136.64169311523438,7.728602409362793,0.33867189288139343,0.10882797092199326
True,False,False,False,442,17.68000030517578,0.2784532606601715,19.2724666595459,0.8665211796760559,136.64169311523438,7.728602409362793,0.33867189288139343,0.10882797092199326
True,False,False,False,442,17.68000030517578,0.2784532606601715,19.2724666595459,0.8665211796760559,136.64169311523438,7.728602409362793,0.33867189288139343,0.10882797092199326
True,False,False,False,442,17.68000030517578,0.27958473563194275,19.271556854248047,0.8665621280670166,136.6330108642578,7.728111267089844,0.33647462725639343,0.10875945538282394
True,False,False,False,442,17.68000030517578,0.27958473563194275,19.271556854248047,0.8665621280670166,136.6330108642578,7.728111267089844,0.33647462725639343,0.10875945538282394
True,False,False,False,442,17.68000030517578,0.27958473563194275,19.271556854248047,0.8665621280670166,136.6330108642578,7.728111267089844,0.33647462725639343,0.10875945538282394
True,False,False,False,442,17.68000030517578,0.27958473563194275,19.271556854248047,0.8665621280670166,136.6330108642578,7.728111267089844,0.33647462725639343,0.10875945538282394
True,False,False,False,442,17.68000030517578,0.27958473563194275,19.271556854248047,0.8665621280670166,136.6330108642578,7.728111267089844,0.33647462725639343,0.10875945538282394
True,False,False,False,442,17.68000030517578,0.27958473563194275,19.271556854248047,0.8665621280670166,136.6330108642578,7.728111267089844,0.33647462725639343,0.10875945538282394
True,False,False,False,442,17.68000030517578,0.27958473563194275,19.271556854248047,0.8665621280670166,136.6330108642578,7.728111267089844,0.33647462725639343,0.10875945538282394
True,False,False,False,442,17.68000030517578,0.27958473563194275,19.271556854248047,0.8665621280670166,136.6330108642578,7.728111267089844,0.33647462725639343,0.10875945538282394
True,False,False,False,442,17.68000030517578,0.27958473563194275,19.271556854248047,0.8665621280670166,136.6330108642578,7.728111267089844,0.33647462725639343,0.10875945538282394
True,False,False,False,442,17.68000030517578,0.27958473563194275,19.271556854248047,0.8665621280670166,136.6330108642578,7.728111267089844,0.33647462725639343,0.10875945538282394
True,False,False,False,442,17.68000030517578,0.27958473563194275,19.271556854248047,0.8665621280670166,136.6330108642578,7.728111267089844,0.33647462725639343,0.10875945538282394
True,False,False,False,442,17.68000030517578,0.27958473563194275,19.271556854248047,0.8665621280670166,136.6330108642578,7.728111267089844,0.33647462725639343,0.10875945538282394
True,False,False,False,442,17.68000030517578,0.2784532606601715,19.2724666595459,0.8665211796760559,136.64169311523438,7.728602409362793,0.33867189288139343,0.10882797092199326
True,False,False,False,442,17.68000030517578,0.2784532606601715,19.2724666595459,0.8665211796760559,136.64169311523438,7.728602409362793,0.33867189288139343,0.10882797092199326
True,False,False,False,442,17.68000030517578,0.2784532606601715,19.2724666595459,0.8665211796760559,136.64169311523438,7.728602409362793,0.33867189288139343,0.10882797092199326
True,False,False,False,442,17.68000030517578,0.2784532606601715,19.2724666595459,0.8665211796760559,136.64169311523438,7.728602409362793,0.33867189288139343,0.10882797092199326
True,False,False,False,442,17.68000030517578,0.2784532606601715,19.2724666595459,0.8665211796760559,136.64169311523438,7.728602409362793,0.33867189288139343,0.10882797092199326
True,False,False,False,442,17.68000030517578,0.27864938974380493,19.272090911865234,0.8665381073951721,136.64183044433594,7.728610038757324,0.33851930499076843,0.10882241278886795
True,False,False,False,442,17.68000030517578,0.27864938974380493,19.272090911865234,0.8665381073951721,136.64183044433594,7.728610038757324,0.33851930499076843,0.10882241278886795
True,False,False,False,442,17.68000030517578,0.2786133885383606,19.272058486938477,0.8665395379066467,136.64183044433594,7.728610038757324,0.33848878741264343,0.10882226377725601
True,False,False,False,442,17.68000030517578,0.2786133885383606,19.272058486938477,0.8665395379066467,136.64183044433594,7.728610038757324,0.33848878741264343,0.10882226377725601
True,False,False,False,442,17.68000030517578,0.27865052223205566,19.27204704284668,0.8665400147438049,136.64173889160156,7.728604793548584,0.3384849727153778,0.10882282257080078
True,False,False,False,442,17.68000030517578,0.27865052223205566,19.27204704284668,0.8665400147438049,136.64173889160156,7.728604793548584,0.3384849727153778,0.10882282257080078
True,False,False,False,442,17.68000030517578,0.2786133885383606,19.272058486938477,0.8665395379066467,136.64183044433594,7.728610038757324,0.33848878741264343,0.10882226377725601
True,False,False,False,442,17.68000030517578,0.2786133885383606,19.272058486938477,0.8665395379066467,136.64183044433594,7.728610038757324,0.33848878741264343,0.10882226377725601
True,False,False,False,442,17.68000030517578,0.27864938974380493,19.272090911865234,0.8665381073951721,136.64183044433594,7.728610038757324,0.33851930499076843,0.10882241278886795
True,False,False,False,442,17.68000030517578,0.27864938974380493,19.272090911865234,0.8665381073951721,136.64183044433594,7.728610038757324,0.33851930499076843,0.10882241278886795
True,False,False,False,442,17.68000030517578,0.2784532606601715,19.2724666595459,0.8665211796760559,136.64169311523438,7.728602409362793,0.33867189288139343,0.10882797092199326
True,False,False,False,442,17.68000030517578,0.2784532606601715,19.2724666595459,0.8665211796760559,136.64169311523438,7.728602409362793,0.33867189288139343,0.10882797092199326
True,False,False,False,442,17.68000030517578,0.2784532606601715,19.2724666595459,0.8665211796760559,136.64169311523438,7.728602409362793,0.33867189288139343,0.10882797092199326
True,False,False,False,442,17.68000030517578,0.2784532606601715,19.2724666595459,0.8665211796760559,136.64169311523438,7.728602409362793,0.33867189288139343,0.10882797092199326
True,False,False,False,442,17.68000030517578,0.2784532606601715,19.2724666595459,0.8665211796760559,136.64169311523438,7.728602409362793,0.33867189288139343,0.10882797092199326
True,False,False,False,442,17.68000030517578,0.27958473563194275,19.271556854248047,0.8665621280670166,136.6330108642578,7.728111267089844,0.33647462725639343,0.10875945538282394
True,False,False,False,442,17.68000030517578,0.27958473563194275,19.271556854248047,0.8665621280670166,136.6330108642578,7.728111267089844,0.33647462725639343,0.10875945538282394
True,False,False,False,442,17.68000030517578,0.27958473563194275,19.271556854248047,0.8665621280670166,136.6330108642578,7.728111267089844,0.33647462725639343,0.10875945538282394
True,False,False,False,442,17.68000030517578,0.27958473563194275,19.271556854248047,0.8665621280670166,136.6330108642578,7.728111267089844,0.33647462725639343,0.10875945538282394
True,False,False,False,442,17.68000030517578,0.27958473563194275,19.271556854248047,0.8665621280670166,136.6330108642578,7.728111267089844,0.33647462725639343,0.10875945538282394
True,False,False,False,442,17.68000030517578,0.27958473563194275,19.271556854248047,0.8665621280670166,136.6330108642578,7.728111267089844,0.33647462725639343,0.10875945538282394
True,False,False,False,442,17.68000030517578,0.27958473563194275,19.271556854248047,0.8665621280670166,136.6330108642578,7.728111267089844,0.33647462725639343,0.10875945538282394
True,False,False,False,442,17.68000030517578,0.27958473563194275,19.271556854248047,0.8665621280670166,136.6330108642578,7.728111267089844,0.33647462725639343,0.10875945538282394
True,False,False,False,442,17.68000030517578,0.27958473563194275,19.271556854248047,0.8665621280670166,136.6330108642578,7.728111267089844,0.33647462725639343,0.10875945538282394
True,False,False,False,442,17.68000030517578,0.27958473563194275,19.271556854248047,0.8665621280670166,136.6330108642578,7.728111267089844,0.33647462725639343,0.10875945538282394
True,False,False,False,442,17.68000030517578,0.27958473563194275,19.271556854248047,0.8665621280670166,136.6330108642578,7.728111267089844,0.33647462725639343,0.10875945538282394
True,False,False,False,442,17.68000030517578,0.27958473563194275,19.271556854248047,0.8665621280670166,136.6330108642578,7.728111267089844,0.33647462725639343,0.10875945538282394
True,False,False,False,442,17.68000030517578,0.2784532606601715,19.2724666595459,0.8665211796760559,136.64169311523438,7.728602409362793,0.33867189288139343,0.10882797092199326
True,False,False,False,442,17.68000030517578,0.2784532606601715,19.2724666595459,0.8665211796760559,136.64169311523438,7.728602409362793,0.33867189288139343,0.10882797092199326
True,False,False,False,442,17.68000030517578,0.2784532606601715,19.2724666595459,0.8665211796760559,136.64169311523438,7.728602409362793,0.33867189288139343,0.10882797092199326
True,False,False,False,442,17.68000030517578,0.2784532606601715,19.2724666595459,0.8665211796760559,136.64169311523438,7.728602409362793,0.33867189288139343,0.10882797092199326
True,False,False,False,442,17.68000030517578,0.2784532606601715,19.2724666595459,0.8665211796760559,136.64169311523438,7.728602409362793,0.33867189288139343,0.10882797092199326
True,False,False,False,442,17.68000030517578,0.27864938974380493,19.272090911865234,0.8665381073951721,136.64183044433594,7.728610038757324,0.33851930499076843,0.10882241278886795
True,False,False,False,442,17.68000030517578,0.27864938974380493,19.272090911865234,0.8665381073951721,136.64183044433594,7.728610038757324,0.33851930499076843,0.10882241278886795
True,False,False,False,442,17.68000030517578,0.2786133885383606,19.272058486938477,0.8665395379066467,136.64183044433594,7.728610038757324,0.33848878741264343,0.10882226377725601
True,False,False,False,442,17.68000030517578,0.2786133885383606,19.272058486938477,0.8665395379066467,136.64183044433594,7.728610038757324,0.33848878741264343,0.10882226377725601
True,False,False,False,442,17.68000030517578,0.27865052223205566,19.27204704284668,0.8665400147438049,136.64173889160156,7.728604793548584,0.3384849727153778,0.10882282257080078
True,False,False,False,442,17.68000030517578,0.27865052223205566,19.27204704284668,0.8665400147438049,136.64173889160156,7.728604793548584,0.3384849727153778,0.10882282257080078
True,False,False,False,442,17.68000030517578,0.2786133885383606,19.272058486938477,0.8665395379066467,136.64183044433594,7.728610038757324,0.33848878741264343,0.10882226377725601
True,False,False,False,442,17.68000030517578,0.2786133885383606,19.272058486938477,0.8665395379066467,136.64183044433594,7.728610038757324,0.33848878741264343,0.10882226377725601
True,False,False,False,442,17.68000030517578,0.27864938974380493,19.272090911865234,0.8665381073951721,136.64183044433594,7.728610038757324,0.33851930499076843,0.10882241278886795
True,False,False,False,442,17.68000030517578,0.27864938974380493,19.272090911865234,0.8665381073951721,136.64183044433594,7.728610038757324,0.33851930499076843,0.10882241278886795
True,False,False,False,442,17.68000030517578,0.2784532606601715,19.2724666595459,0.8665211796760559,136.64169311523438,7.728602409362793,0.33867189288139343,0.10882797092199326
True,False,False,False,442,17.68000030517578,0.2784532606601715,19.2724666595459,0.8665211796760559,136.64169311523438,7.728602409362793,0.33867189288139343,0.10882797092199326
True,False,False,False,442,17.68000030517578,0.2784532606601715,19.2724666595459,0.8665211796760559,136.64169311523438,7.728602409362793,0.33867189288139343,0.10882797092199326
True,False,False,False,442,17.68000030517578,0.2784532606601715,19.2724666595459,0.8665211796760559,136.64169311523438,7.728602409362793,0.33867189288139343,0.10882797092199326
True,False,False,False,442,17.68000030517578,0.2784532606601715,19.2724666595459,0.8665211796760559,136.64169311523438,7.728602409362793,0.33867189288139343,0.10882797092199326
True,False,False,False,442,17.68000030517578,0.27958473563194275,19.271556854248047,0.8665621280670166,136.6330108642578,7.728111267089844,0.33647462725639343,0.10875945538282394
True,False,False,False,442,17.68000030517578,0.27958473563194275,19.271556854248047,0.8665621280670166,136.6330108642578,7.728111267089844,0.33647462725639343,0.10875945538282394
True,False,False,False,442,17.68000030517578,0.27958473563194275,19.271556854248047,0.8665621280670166,136.6330108642578,7.728111267089844,0.33647462725639343,0.10875945538282394
True,False,False,False,442,17.68000030517578,0.27958473563194275,19.271556854248047,0.8665621280670166,136.6330108642578,7.728111267089844,0.33647462725639343,0.10875945538282394
True,False,False,False,442,17.68000030517578,0.27958473563194275,19.271556854248047,0.8665621280670166,136.6330108642578,7.728111267089844,0.33647462725639343,0.10875945538282394
True,False,False,False,442,17.68000030517578,0.27958473563194275,19.271556854248047,0.8665621280670166,136.6330108642578,7.728111267089844,0.33647462725639343,0.10875945538282394
True,False,False,False,442,17.68000030517578,0.27958473563194275,19.271556854248047,0.8665621280670166,136.6330108642578,7.728111267089844,0.33647462725639343,0.10875945538282394
True,False,False,False,442,17.68000030517578,0.27958473563194275,19.271556854248047,0.8665621280670166,136.6330108642578,7.728111267089844,0.33647462725639343,0.10875945538282394
True,False,False,False,442,17.68000030517578,0.27958473563194275,19.271556854248047,0.8665621280670166,136.6330108642578,7.728111267089844,0.33647462725639343,0.10875945538282394
True,False,False,False,442,17.68000030517578,0.27958473563194275,19.271556854248047,0.8665621280670166,136.6330108642578,7.728111267089844,0.33647462725639343,0.10875945538282394
True,False,False,False,442,17.68000030517578,0.27958473563194275,19.271556854248047,0.8665621280670166,136.6330108642578,7.728111267089844,0.33647462725639343,0.10875945538282394
True,False,False,False,442,17.68000030517578,0.27958473563194275,19.271556854248047,0.8665621280670166,136.6330108642578,7.728111267089844,0.33647462725639343,0.10875945538282394
True,False,False,False,442,17.68000030517578,0.2784532606601715,19.2724666595459,0.8665211796760559,136.64169311523438,7.728602409362793,0.33867189288139343,0.10882797092199326
True,False,False,False,442,17.68000030517578,0.2784532606601715,19.2724666595459,0.8665211796760559,136.64169311523438,7.728602409362793,0.33867189288139343,0.10882797092199326
True,False,False,False,442,17.68000030517578,0.2784532606601715,19.2724666595459,0.8665211796760559,136.64169311523438,7.728602409362793,0.33867189288139343,0.10882797092199326
True,False,False,False,442,17.68000030517578,0.2784532606601715,19.2724666595459,0.8665211796760559,136.64169311523438,7.728602409362793,0.33867189288139343,0.10882797092199326
True,False,False,False,442,17.68000030517578,0.2784532606601715,19.2724666595459,0.8665211796760559,136.64169311523438,7.728602409362793,0.33867189288139343,0.10882797092199326
True,False,False,False,442,17.68000030517578,0.27864938974380493,19.272090911865234,0.8665381073951721,136.64183044433594,7.728610038757324,0.33851930499076843,0.10882241278886795
True,False,False,False,442,17.68000030517578,0.27864938974380493,19.272090911865234,0.8665381073951721,136.64183044433594,7.728610038757324,0.33851930499076843,0.10882241278886795
True,False,False,False,442,17.68000030517578,0.2786133885383606,19.272058486938477,0.8665395379066467,136.64183044433594,7.728610038757324,0.33848878741264343,0.10882226377725601
True,False,False,False,442,17.68000030517578,0.2786133885383606,19.272058486938477,0.8665395379066467,136.64183044433594,7.728610038757324,0.33848878741264343,0.10882226377725601
True,False,False,False,442,17.68000030517578,0.27865052223205566,19.27204704284668,0.8665400147438049,136.64173889160156,7.728604793548584,0.3384849727153778,0.10882282257080078
True,False,False,False,442,17.68000030517578,0.27865052223205566,19.27204704284668,0.8665400147438049,136.64173889160156,7.728604793548584,0.3384849727153778,0.10882282257080078
True,False,False,False,442,17.68000030517578,0.2786133885383606,19.272058486938477,0.8665395379066467,136.64183044433594,7.728610038757324,0.33848878741264343,0.10882226377725601
True,False,False,False,442,17.68000030517578,0.2786133885383606,19.272058486938477,0.8665395379066467,136.64183044433594,7.728610038757324,0.33848878741264343,0.10882226377725601
True,False,False,False,442,17.68000030517578,0.27864938974380493,19.272090911865234,0.8665381073951721,136.64183044433594,7.728610038757324,0.33851930499076843,0.10882241278886795
True,False,False,False,442,17.68000030517578,0.27864938974380493,19.272090911865234,0.8665381073951721,136.64183044433594,7.728610038757324,0.33851930499076843,0.10882241278886795
True,False,False,False,442,17.68000030517578,0.2784532606601715,19.2724666595459,0.8665211796760559,136.64169311523438,7.728602409362793,0.33867189288139343,0.10882797092199326
True,False,False,False,442,17.68000030517578,0.2784532606601715,19.2724666595459,0.8665211796760559,136.64169311523438,7.728602409362793,0.33867189288139343,0.10882797092199326
True,False,False,False,442,17.68000030517578,0.2784532606601715,19.2724666595459,0.8665211796760559,136.64169311523438,7.728602409362793,0.33867189288139343,0.10882797092199326
True,False,False,False,442,17.68000030517578,0.2784532606601715,19.2724666595459,0.8665211796760559,136.64169311523438,7.728602409362793,0.33867189288139343,0.10882797092199326
True,False,False,False,442,17.68000030517578,0.2784532606601715,19.2724666595459,0.8665211796760559,136.64169311523438,7.728602409362793,0.33867189288139343,0.10882797092199326
True,False,False,False,442,17.68000030517578,0.27958473563194275,19.271556854248047,0.8665621280670166,136.6330108642578,7.728111267089844,0.33647462725639343,0.10875945538282394
True,False,False,False,442,17.68000030517578,0.27958473563194275,19.271556854248047,0.8665621280670166,136.6330108642578,7.728111267089844,0.33647462725639343,0.10875945538282394
True,False,False,False,442,17.68000030517578,0.27958473563194275,19.271556854248047,0.8665621280670166,136.6330108642578,7.728111267089844,0.33647462725639343,0.10875945538282394
True,False,False,False,442,17.68000030517578,0.27958473563194275,19.271556854248047,0.8665621280670166,136.6330108642578,7.728111267089844,0.33647462725639343,0.10875945538282394
True,False,False,False,442,17.68000030517578,0.27958473563194275,19.271556854248047,0.8665621280670166,136.6330108642578,7.728111267089844,0.33647462725639343,0.10875945538282394
True,False,False,False,442,17.68000030517578,0.27958473563194275,19.271556854248047,0.8665621280670166,136.6330108642578,7.728111267089844,0.33647462725639343,0.10875945538282394
