goal_reached,collision,out_of_bounds,time_out,episode_steps,duration_s,final_distance_to_goal_m,path_length_m,trajectory_efficiency,command_variation_mps,command_variation_rate_mps2,min_clearance_m,mean_residual_mps
True,False,False,False,342,13.679999351501465,0.25219303369522095,20.523189544677734,0.8137137293815613,128.94972229003906,9.426149368286133,0.07529845833778381,0.0
True,False,False,False,342,13.679999351501465,0.25219303369522095,20.523189544677734,0.8137137293815613,128.94972229003906,9.426149368286133,0.07529845833778381,0.0
True,False,False,False,342,13.679999351501465,0.25219303369522095,20.523189544677734,0.8137137293815613,128.94972229003906,9.426149368286133,0.07529845833778381,0.0
True,False,False,False,342,13.679999351501465,0.25219303369522095,20.523189544677734,0.8137137293815613,128.94972229003906,9.426149368286133,0.07529845833778381,0.0
True,False,False,False,342,13.679999351501465,0.25219303369522095,20.523189544677734,0.8137137293815613,128.94972229003906,9.426149368286133,0.07529845833778381,0.0
True,False,False,False,342,13.679999351501465,0.25219303369522095,20.523189544677734,0.8137137293815613,128.94972229003906,9.426149368286133,0.07529845833778381,0.0
True,False,False,False,342,13.679999351501465,0.2530921399593353,20.520856857299805,0.8138062357902527,128.90638732910156,9.422982215881348,0.07551968097686768,0.0
True,False,False,False,342,13.679999351501465,0.2530921399593353,20.520856857299805,0.8138062357902527,128.90638732910156,9.422982215881348,0.07551968097686768,0.0
True,False,False,False,342,13.679999351501465,0.2530921399593353,20.520856857299805,0.8138062357902527,128.90638732910156,9.422982215881348,0.07551968097686768,0.0
True,False,False,False,342,13.679999351501465,0.2530921399593353,20.520856857299805,0.8138062357902527,128.90638732910156,9.422982215881348,0.07551968097686768,0.0
True,False,False,False,342,13.679999351501465,0.2530921399593353,20.520856857299805,0.8138062357902527,128.90638732910156,9.422982215881348,0.07551968097686768,0.0
True,False,False,False,342,13.679999351501465,0.2528527081012726,20.52079200744629,0.813808798789978,128.9064178466797,9.42298412322998,0.07546436786651611,0.0
True,False,False,False,342,13.679999351501465,0.2528527081012726,20.52079200744629,0.813808798789978,128.9064178466797,9.42298412322998,0.07546436786651611,0.0
True,False,False,False,342,13.679999351501465,0.25286003947257996,20.52083396911621,0.8138071298599243,128.9069061279297,9.423020362854004,0.07539522647857666,0.0
True,False,False,False,342,13.679999351501465,0.25286734104156494,20.52079200744629,0.813808798789978,128.90750122070312,9.423063278198242,0.07539522647857666,0.0
True,False,False,False,342,13.679999351501465,0.25279051065444946,20.521024703979492,0.8137995600700378,128.9084930419922,9.423135757446289,0.07543325424194336,0.0
True,False,False,False,342,13.679999351501465,0.25279051065444946,20.521024703979492,0.8137995600700378,128.9084930419922,9.423135757446289,0.07543325424194336,0.0
True,False,False,False,342,13.679999351501465,0.25286734104156494,20.52079200744629,0.813808798789978,128.90750122070312,9.423063278198242,0.07539522647857666,0.0
True,False,False,False,342,13.679999351501465,0.25286734104156494,20.52079200744629,0.813808798789978,128.90750122070312,9.423063278198242,0.07539522647857666,0.0
True,False,False,False,342,13.679999351501465,0.2528527081012726,20.52079200744629,0.813808798789978,128.9064178466797,9.42298412322998,0.07546436786651611,0.0
True,False,False,False,342,13.679999351501465,0.2528527081012726,20.52079200744629,0.813808798789978,128.9064178466797,9.42298412322998,0.07546436786651611,0.0
True,False,False,False,342,13.679999351501465,0.2530921399593353,20.520856857299805,0.8138062357902527,128.90638732910156,9.422982215881348,0.07551968097686768,0.0
True,False,False,False,342,13.679999351501465,0.2530921399593353,20.520856857299805,0.8138062357902527,128.90638732910156,9.422982215881348,0.07551968097686768,0.0
True,False,False,False,342,13.679999351501465,0.2530921399593353,20.520856857299805,0.8138062357902527,128.90638732910156,9.422982215881348,0.07551968097686768,0.0
True,False,False,False,342,13.679999351501465,0.2530921399593353,20.520856857299805,0.8138062357902527,128.90638732910156,9.422982215881348,0.07551968097686768,0.0
True,False,False,False,342,13.679999351501465,0.2530921399593353,20.520856857299805,0.8138062357902527,128.90638732910156,9.422982215881348,0.07551968097686768,0.0
True,False,False,False,342,13.679999351501465,0.25219303369522095,20.523189544677734,0.8137137293815613,128.94972229003906,9.426149368286133,0.07529845833778381,0.0
True,False,False,False,342,13.679999351501465,0.25219303369522095,20.523189544677734,0.8137137293815613,128.94972229003906,9.426149368286133,0.07529845833778381,0.0
True,False,False,False,342,13.679999351501465,0.25219303369522095,20.523189544677734,0.8137137293815613,128.94972229003906,9.426149368286133,0.07529845833778381,0.0
True,False,False,False,342,13.679999351501465,0.25219303369522095,20.523189544677734,0.8137137293815613,128.94972229003906,9.426149368286133,0.07529845833778381,0.0
True,False,False,False,342,13.679999351501465,0.25219303369522095,20.523189544677734,0.8137137293815613,128.94972229003906,9.426149368286133,0.07529845833778381,0.0
True,False,False,False,342,13.679999351501465,0.25219303369522095,20.523189544677734,0.8137137293815613,128.94972229003906,9.426149368286133,0.07529845833778381,0.0
True,False,False,False,342,13.679999351501465,0.25219303369522095,20.523189544677734,0.8137137293815613,128.94972229003906,9.426149368286133,0.07529845833778381,0.0
True,False,False,False,342,13.679999351501465,0.25219303369522095,20.523189544677734,0.8137137293815613,128.94972229003906,9.426149368286133,0.07529845833778381,0.0
True,False,False,False,342,13.679999351501465,0.25219303369522095,20.523189544677734,0.8137137293815613,128.94972229003906,9.426149368286133,0.07529845833778381,0.0
True,False,False,False,342,13.679999351501465,0.25219303369522095,20.523189544677734,0.8137137293815613,128.94972229003906,9.426149368286133,0.07529845833778381,0.0
True,False,False,False,342,13.679999351501465,0.25219303369522095,20.523189544677734,0.8137137293815613,128.94972229003906,9.426149368286133,0.07529845833778381,0.0
True,False,False,False,342,13.679999351501465,0.25219303369522095,20.523189544677734,0.8137137293815613,128.94972229003906,9.426149368286133,0.07529845833778381,0.0
True,False,False,False,342,13.679999351501465,0.2530921399593353,20.520856857299805,0.8138062357902527,128.90638732910156,9.422982215881348,0.07551968097686768,0.0
True,False,False,False,342,13.679999351501465,0.2530921399593353,20.520856857299805,0.8138062357902527,128.90638732910156,9.422982215881348,0.07551968097686768,0.0
True,False,False,False,342,13.679999351501465,0.2530921399593353,20.520856857299805,0.8138062357902527,128.90638732910156,9.422982215881348,0.07551968097686768,0.0
True,False,False,False,342,13.679999351501465,0.2530921399593353,20.520856857299805,0.8138062357902527,128.90638732910156,9.422982215881348,0.07551968097686768,0.0
True,False,False,False,342,13.679999351501465,0.2530921399593353,20.520856857299805,0.8138062357902527,128.90638732910156,9.422982215881348,0.07551968097686768,0.0
True,False,False,False,342,13.679999351501465,0.2528527081012726,20.52079200744629,0.813808798789978,128.9064178466797,9.42298412322998,0.07546436786651611,0.0
True,False,False,False,342,13.679999351501465,0.2528527081012726,20.52079200744629,0.813808798789978,128.9064178466797,9.42298412322998,0.07546436786651611,0.0
True,False,False,False,342,13.679999351501465,0.25286003947257996,20.52083396911621,0.8138071298599243,128.9069061279297,9.423020362854004,0.07539522647857666,0.0
True,False,False,False,342,13.679999351501465,0.25286734104156494,20.52079200744629,0.813808798789978,128.90750122070312,9.423063278198242,0.07539522647857666,0.0
True,False,False,False,342,13.679999351501465,0.25279051065444946,20.521024703979492,0.8137995600700378,128.9084930419922,9.423135757446289,0.07543325424194336,0.0
True,False,False,False,342,13.679999351501465,0.25279051065444946,20.521024703979492,0.8137995600700378,128.9084930419922,9.423135757446289,0.07543325424194336,0.0
True,False,False,False,342,13.679999351501465,0.25286734104156494,20.52079200744629,0.813808798789978,128.90750122070312,9.423063278198242,0.07539522647857666,0.0
True,False,False,False,342,13.679999351501465,0.25286734104156494,20.52079200744629,0.813808798789978,128.90750122070312,9.423063278198242,0.07539522647857666,0.0
True,False,False,False,342,13.679999351501465,0.2528527081012726,20.52079200744629,0.813808798789978,128.9064178466797,9.42298412322998,0.07546436786651611,0.0
True,False,False,False,342,13.679999351501465,0.2528527081012726,20.52079200744629,0.813808798789978,128.9064178466797,9.42298412322998,0.07546436786651611,0.0
True,False,False,False,342,13.679999351501465,0.2530921399593353,20.520856857299805,0.8138062357902527,128.90638732910156,9.422982215881348,0.07551968097686768,0.0
True,False,False,False,342,13.679999351501465,0.2530921399593353,20.520856857299805,0.8138062357902527,128.90638732910156,9.422982215881348,0.07551968097686768,0.0
True,False,False,False,342,13.679999351501465,0.2530921399593353,20.520856857299805,0.8138062357902527,128.90638732910156,9.422982215881348,0.07551968097686768,0.0
True,False,False,False,342,13.679999351501465,0.2530921399593353,20.520856857299805,0.8138062357902527,128.90638732910156,9.422982215881348,0.07551968097686768,0.0
True,False,False,False,342,13.679999351501465,0.2530921399593353,20.520856857299805,0.8138062357902527,128.90638732910156,9.422982215881348,0.07551968097686768,0.0
True,False,False,False,342,13.679999351501465,0.25219303369522095,20.523189544677734,0.8137137293815613,128.94972229003906,9.426149368286133,0.07529845833778381,0.0
True,False,False,False,342,13.679999351501465,0.25219303369522095,20.523189544677734,0.8137137293815613,128.94972229003906,9.426149368286133,0.07529845833778381,0.0
True,False,False,False,342,13.679999351501465,0.25219303369522095,20.523189544677734,0.8137137293815613,128.94972229003906,9.426149368286133,0.07529845833778381,0.0
True,False,False,False,342,13.679999351501465,0.25219303369522095,20.523189544677734,0.8137137293815613,128.94972229003906,9.426149368286133,0.07529845833778381,0.0
True,False,False,False,342,13.679999351501465,0.25219303369522095,20.523189544677734,0.8137137293815613,128.94972229003906,9.426149368286133,0.07529845833778381,0.0
True,False,False,False,342,13.679999351501465,0.25219303369522095,20.523189544677734,0.8137137293815613,128.94972229003906,9.426149368286133,0.07529845833778381,0.0
True,False,False,False,342,13.679999351501465,0.25219303369522095,20.523189544677734,0.8137137293815613,128.94972229003906,9.426149368286133,0.07529845833778381,0.0
True,False,False,False,342,13.679999351501465,0.25219303369522095,20.523189544677734,0.8137137293815613,128.94972229003906,9.426149368286133,0.07529845833778381,0.0
True,False,False,False,342,13.679999351501465,0.25219303369522095,20.523189544677734,0.8137137293815613,128.94972229003906,9.426149368286133,0.07529845833778381,0.0
True,False,False,False,342,13.679999351501465,0.25219303369522095,20.523189544677734,0.8137137293815613,128.94972229003906,9.426149368286133,0.07529845833778381,0.0
True,False,False,False,342,13.679999351501465,0.25219303369522095,20.523189544677734,0.8137137293815613,128.94972229003906,9.426149368286133,0.07529845833778381,0.0
True,False,False,False,342,13.679999351501465,0.25219303369522095,20.523189544677734,0.8137137293815613,128.94972229003906,9.426149368286133,0.07529845833778381,0.0
True,False,False,False,342,13.679999351501465,0.2530921399593353,20.520856857299805,0.8138062357902527,128.90638732910156,9.422982215881348,0.07551968097686768,0.0
True,False,False,False,342,13.679999351501465,0.2530921399593353,20.520856857299805,0.8138062357902527,128.90638732910156,9.422982215881348,0.07551968097686768,0.0
True,False,False,False,342,13.679999351501465,0.2530921399593353,20.520856857299805,0.8138062357902527,128.90638732910156,9.422982215881348,0.07551968097686768,0.0
True,False,False,False,342,13.679999351501465,0.2530921399593353,20.520856857299805,0.8138062357902527,128.90638732910156,9.422982215881348,0.07551968097686768,0.0
True,False,False,False,342,13.679999351501465,0.2530921399593353,20.520856857299805,0.8138062357902527,128.90638732910156,9.422982215881348,0.07551968097686768,0.0
True,False,False,False,342,13.679999351501465,0.2528527081012726,20.52079200744629,0.813808798789978,128.9064178466797,9.42298412322998,0.07546436786651611,0.0
True,False,False,False,342,13.679999351501465,0.2528527081012726,20.52079200744629,0.813808798789978,128.9064178466797,9.42298412322998,0.07546436786651611,0.0
True,False,False,False,342,13.679999351501465,0.25286003947257996,20.52083396911621,0.8138071298599243,128.9069061279297,9.423020362854004,0.07539522647857666,0.0
True,False,False,False,342,13.679999351501465,0.25286734104156494,20.52079200744629,0.813808798789978,128.90750122070312,9.423063278198242,0.07539522647857666,0.0
True,False,False,False,342,13.679999351501465,0.25279051065444946,20.521024703979492,0.8137995600700378,128.9084930419922,9.423135757446289,0.07543325424194336,0.0
True,False,False,False,342,13.679999351501465,0.25279051065444946,20.521024703979492,0.8137995600700378,128.9084930419922,9.423135757446289,0.07543325424194336,0.0
True,False,False,False,342,13.679999351501465,0.25286734104156494,20.52079200744629,0.813808798789978,128.90750122070312,9.423063278198242,0.07539522647857666,0.0
True,False,False,False,342,13.679999351501465,0.25286734104156494,20.52079200744629,0.813808798789978,128.90750122070312,9.423063278198242,0.07539522647857666,0.0
True,False,False,False,342,13.679999351501465,0.2528527081012726,20.52079200744629,0.813808798789978,128.9064178466797,9.42298412322998,0.07546436786651611,0.0
True,False,False,False,342,13.679999351501465,0.2528527081012726,20.52079200744629,0.813808798789978,128.9064178466797,9.42298412322998,0.07546436786651611,0.0
True,False,False,False,342,13.679999351501465,0.2530921399593353,20.520856857299805,0.8138062357902527,128.90638732910156,9.422982215881348,0.07551968097686768,0.0
True,False,False,False,342,13.679999351501465,0.2530921399593353,20.520856857299805,0.8138062357902527,128.90638732910156,9.422982215881348,0.07551968097686768,0.0
True,False,False,False,342,13.679999351501465,0.2530921399593353,20.520856857299805,0.8138062357902527,128.90638732910156,9.422982215881348,0.07551968097686768,0.0
True,False,False,False,342,13.679999351501465,0.2530921399593353,20.520856857299805,0.8138062357902527,128.90638732910156,9.422982215881348,0.07551968097686768,0.0
True,False,False,False,342,13.679999351501465,0.2530921399593353,20.520856857299805,0.8138062357902527,128.90638732910156,9.422982215881348,0.07551968097686768,0.0
True,False,False,False,342,13.679999351501465,0.25219303369522095,20.523189544677734,0.8137137293815613,128.94972229003906,9.426149368286133,0.07529845833778381,0.0
True,False,False,False,342,13.679999351501465,0.25219303369522095,20.523189544677734,0.8137137293815613,128.94972229003906,9.426149368286133,0.07529845833778381,0.0
True,False,False,False,342,13.679999351501465,0.25219303369522095,20.523189544677734,0.8137137293815613,128.94972229003906,9.426149368286133,0.07529845833778381,0.0
True,False,False,False,342,13.679999351501465,0.25219303369522095,20.523189544677734,0.8137137293815613,128.94972229003906,9.426149368286133,0.07529845833778381,0.0
True,False,False,False,342,13.679999351501465,0.25219303369522095,20.523189544677734,0.8137137293815613,128.94972229003906,9.426149368286133,0.07529845833778381,0.0
True,False,False,False,342,13.679999351501465,0.25219303369522095,20.523189544677734,0.8137137293815613,128.94972229003906,9.426149368286133,0.07529845833778381,0.0
True,False,False,False,342,13.679999351501465,0.25219303369522095,20.523189544677734,0.8137137293815613,128.94972229003906,9.426149368286133,0.07529845833778381,0.0
True,False,False,False,342,13.679999351501465,0.25219303369522095,20.523189544677734,0.8137137293815613,128.94972229003906,9.426149368286133,0.07529845833778381,0.0
True,False,False,False,342,13.679999351501465,0.25219303369522095,20.523189544677734,0.8137137293815613,128.94972229003906,9.426149368286133,0.07529845833778381,0.0
True,False,False,False,342,13.679999351501465,0.25219303369522095,20.523189544677734,0.8137137293815613,128.94972229003906,9.426149368286133,0.07529845833778381,0.0
True,False,False,False,342,13.679999351501465,0.25219303369522095,20.523189544677734,0.8137137293815613,128.94972229003906,9.426149368286133,0.07529845833778381,0.0
True,False,False,False,342,13.679999351501465,0.25219303369522095,20.523189544677734,0.8137137293815613,128.94972229003906,9.426149368286133,0.07529845833778381,0.0
True,False,False,False,342,13.679999351501465,0.2530921399593353,20.520856857299805,0.8138062357902527,128.90638732910156,9.422982215881348,0.07551968097686768,0.0
True,False,False,False,342,13.679999351501465,0.2530921399593353,20.520856857299805,0.8138062357902527,128.90638732910156,9.422982215881348,0.07551968097686768,0.0
True,False,False,False,342,13.679999351501465,0.2530921399593353,20.520856857299805,0.8138062357902527,128.90638732910156,9.422982215881348,0.07551968097686768,0.0
True,False,False,False,342,13.679999351501465,0.2530921399593353,20.520856857299805,0.8138062357902527,128.90638732910156,9.422982215881348,0.07551968097686768,0.0
True,False,False,False,342,13.679999351501465,0.2530921399593353,20.520856857299805,0.8138062357902527,128.90638732910156,9.422982215881348,0.07551968097686768,0.0
True,False,False,False,342,13.679999351501465,0.2528527081012726,20.52079200744629,0.813808798789978,128.9064178466797,9.42298412322998,0.07546436786651611,0.0
True,False,False,False,342,13.679999351501465,0.2528527081012726,20.52079200744629,0.813808798789978,128.9064178466797,9.42298412322998,0.07546436786651611,0.0
True,False,False,False,342,13.679999351501465,0.25286003947257996,20.52083396911621,0.8138071298599243,128.9069061279297,9.423020362854004,0.07539522647857666,0.0
True,False,False,False,342,13.679999351501465,0.25286734104156494,20.52079200744629,0.813808798789978,128.90750122070312,9.423063278198242,0.07539522647857666,0.0
True,False,False,False,342,13.679999351501465,0.25279051065444946,20.521024703979492,0.8137995600700378,128.9084930419922,9.423135757446289,0.07543325424194336,0.0
True,False,False,False,342,13.679999351501465,0.25279051065444946,20.521024703979492,0.8137995600700378,128.9084930419922,9.423135757446289,0.07543325424194336,0.0
True,False,False,False,342,13.679999351501465,0.25286734104156494,20.52079200744629,0.813808798789978,128.90750122070312,9.423063278198242,0.07539522647857666,0.0
True,False,False,False,342,13.679999351501465,0.25286734104156494,20.52079200744629,0.813808798789978,128.90750122070312,9.423063278198242,0.07539522647857666,0.0
True,False,False,False,342,13.679999351501465,0.2528527081012726,20.52079200744629,0.813808798789978,128.9064178466797,9.42298412322998,0.07546436786651611,0.0
True,False,False,False,342,13.679999351501465,0.2528527081012726,20.52079200744629,0.813808798789978,128.9064178466797,9.42298412322998,0.07546436786651611,0.0
True,False,False,False,342,13.679999351501465,0.2530921399593353,20.520856857299805,0.8138062357902527,128.90638732910156,9.422982215881348,0.07551968097686768,0.0
True,False,False,False,342,13.679999351501465,0.2530921399593353,20.520856857299805,0.8138062357902527,128.90638732910156,9.422982215881348,0.07551968097686768,0.0
True,False,False,False,342,13.679999351501465,0.2530921399593353,20.520856857299805,0.8138062357902527,128.90638732910156,9.422982215881348,0.07551968097686768,0.0
True,False,False,False,342,13.679999351501465,0.2530921399593353,20.520856857299805,0.8138062357902527,128.90638732910156,9.422982215881348,0.07551968097686768,0.0
True,False,False,False,342,13.679999351501465,0.2530921399593353,20.520856857299805,0.8138062357902527,128.90638732910156,9.422982215881348,0.07551968097686768,0.0
True,False,False,False,342,13.679999351501465,0.25219303369522095,20.523189544677734,0.8137137293815613,128.94972229003906,9.426149368286133,0.07529845833778381,0.0
True,False,False,False,342,13.679999351501465,0.25219303369522095,20.523189544677734,0.8137137293815613,128.94972229003906,9.426149368286133,0.07529845833778381,0.0
True,False,False,False,342,13.679999351501465,0.25219303369522095,20.523189544677734,0.8137137293815613,128.94972229003906,9.426149368286133,0.07529845833778381,0.0
True,False,False,False,342,13.679999351501465,0.25219303369522095,20.523189544677734,0.8137137293815613,128.94972229003906,9.426149368286133,0.07529845833778381,0.0
True,False,False,False,342,13.679999351501465,0.25219303369522095,20.523189544677734,0.8137137293815613,128.94972229003906,9.426149368286133,0.07529845833778381,0.0
True,False,False,False,342,13.679999351501465,0.25219303369522095,20.523189544677734,0.8137137293815613,128.94972229003906,9.426149368286133,0.07529845833778381,0.0
True,False,False,False,342,13.679999351501465,0.25219303369522095,20.523189544677734,0.8137137293815613,128.94972229003906,9.426149368286133,0.07529845833778381,0.0
True,False,False,False,342,13.679999351501465,0.25219303369522095,20.523189544677734,0.8137137293815613,128.94972229003906,9.426149368286133,0.07529845833778381,0.0
True,False,False,False,342,13.679999351501465,0.25219303369522095,20.523189544677734,0.8137137293815613,128.94972229003906,9.426149368286133,0.07529845833778381,0.0
True,False,False,False,342,13.679999351501465,0.25219303369522095,20.523189544677734,0.8137137293815613,128.94972229003906,9.426149368286133,0.07529845833778381,0.0
True,False,False,False,342,13.679999351501465,0.25219303369522095,20.523189544677734,0.8137137293815613,128.94972229003906,9.426149368286133,0.07529845833778381,0.0
True,False,False,False,342,13.679999351501465,0.25219303369522095,20.523189544677734,0.8137137293815613,128.94972229003906,9.426149368286133,0.07529845833778381,0.0
True,False,False,False,342,13.679999351501465,0.2530921399593353,20.520856857299805,0.8138062357902527,128.90638732910156,9.422982215881348,0.07551968097686768,0.0
True,False,False,False,342,13.679999351501465,0.2530921399593353,20.520856857299805,0.8138062357902527,128.90638732910156,9.422982215881348,0.07551968097686768,0.0
True,False,False,False,342,13.679999351501465,0.2530921399593353,20.520856857299805,0.8138062357902527,128.90638732910156,9.422982215881348,0.07551968097686768,0.0
True,False,False,False,342,13.679999351501465,0.2530921399593353,20.520856857299805,0.8138062357902527,128.90638732910156,9.422982215881348,0.07551968097686768,0.0
True,False,False,False,342,13.679999351501465,0.2530921399593353,20.520856857299805,0.8138062357902527,128.90638732910156,9.422982215881348,0.07551968097686768,0.0
True,False,False,False,342,13.679999351501465,0.2528527081012726,20.52079200744629,0.813808798789978,128.9064178466797,9.42298412322998,0.07546436786651611,0.0
True,False,False,False,342,13.679999351501465,0.2528527081012726,20.52079200744629,0.813808798789978,128.9064178466797,9.42298412322998,0.07546436786651611,0.0
True,False,False,False,342,13.679999351501465,0.25286003947257996,20.52083396911621,0.8138071298599243,128.9069061279297,9.423020362854004,0.07539522647857666,0.0
True,False,False,False,342,13.679999351501465,0.25286734104156494,20.52079200744629,0.813808798789978,128.90750122070312,9.423063278198242,0.07539522647857666,0.0
True,False,False,False,342,13.679999351501465,0.25279051065444946,20.521024703979492,0.8137995600700378,128.9084930419922,9.423135757446289,0.07543325424194336,0.0
True,False,False,False,342,13.679999351501465,0.25279051065444946,20.521024703979492,0.8137995600700378,128.9084930419922,9.423135757446289,0.07543325424194336,0.0
True,False,False,False,342,13.679999351501465,0.25286734104156494,20.52079200744629,0.813808798789978,128.90750122070312,9.423063278198242,0.07539522647857666,0.0
True,False,False,False,342,13.679999351501465,0.25286734104156494,20.52079200744629,0.813808798789978,128.90750122070312,9.423063278198242,0.07539522647857666,0.0
True,False,False,False,342,13.679999351501465,0.2528527081012726,20.52079200744629,0.813808798789978,128.9064178466797,9.42298412322998,0.07546436786651611,0.0
True,False,False,False,342,13.679999351501465,0.2528527081012726,20.52079200744629,0.813808798789978,128.9064178466797,9.42298412322998,0.07546436786651611,0.0
True,False,False,False,342,13.679999351501465,0.2530921399593353,20.520856857299805,0.8138062357902527,128.90638732910156,9.422982215881348,0.07551968097686768,0.0
True,False,False,False,342,13.679999351501465,0.2530921399593353,20.520856857299805,0.8138062357902527,128.90638732910156,9.422982215881348,0.07551968097686768,0.0
True,False,False,False,342,13.679999351501465,0.2530921399593353,20.520856857299805,0.8138062357902527,128.90638732910156,9.422982215881348,0.07551968097686768,0.0
True,False,False,False,342,13.679999351501465,0.2530921399593353,20.520856857299805,0.8138062357902527,128.90638732910156,9.422982215881348,0.07551968097686768,0.0
True,False,False,False,342,13.679999351501465,0.2530921399593353,20.520856857299805,0.8138062357902527,128.90638732910156,9.422982215881348,0.07551968097686768,0.0
True,False,False,False,342,13.679999351501465,0.25219303369522095,20.523189544677734,0.8137137293815613,128.94972229003906,9.426149368286133,0.07529845833778381,0.0
True,False,False,False,342,13.679999351501465,0.25219303369522095,20.523189544677734,0.8137137293815613,128.94972229003906,9.426149368286133,0.07529845833778381,0.0
True,False,False,False,342,13.679999351501465,0.25219303369522095,20.523189544677734,0.8137137293815613,128.94972229003906,9.426149368286133,0.07529845833778381,0.0
True,False,False,False,342,13.679999351501465,0.25219303369522095,20.523189544677734,0.8137137293815613,128.94972229003906,9.426149368286133,0.07529845833778381,0.0
True,False,False,False,342,13.679999351501465,0.25219303369522095,20.523189544677734,0.8137137293815613,128.94972229003906,9.426149368286133,0.07529845833778381,0.0
True,False,False,False,342,13.679999351501465,0.25219303369522095,20.523189544677734,0.8137137293815613,128.94972229003906,9.426149368286133,0.07529845833778381,0.0
True,False,False,False,342,13.679999351501465,0.2523273527622223,20.523338317871094,0.8137078285217285,128.95021057128906,9.426185607910156,0.07527264952659607,0.0
True,False,False,False,342,13.679999351501465,0.2523273527622223,20.523338317871094,0.8137078285217285,128.95021057128906,9.426185607910156,0.07527264952659607,0.0
True,False,False,False,342,13.679999351501465,0.2523273527622223,20.523338317871094,0.8137078285217285,128.95021057128906,9.426185607910156,0.07527264952659607,0.0
True,False,False,False,342,13.679999351501465,0.2523273527622223,20.523338317871094,0.8137078285217285,128.95021057128906,9.426185607910156,0.07527264952659607,0.0
True,False,False,False,342,13.679999351501465,0.2523273527622223,20.523338317871094,0.8137078285217285,128.95021057128906,9.426185607910156,0.07527264952659607,0.0
True,False,False,False,342,13.679999351501465,0.2523273527622223,20.523338317871094,0.8137078285217285,128.95021057128906,9.426185607910156,0.07527264952659607,0.0
True,False,False,False,342,13.679999351501465,0.25301632285118103,20.520864486694336,0.8138059377670288,128.90855407714844,9.423140525817871,0.07549387216567993,0.0
True,False,False,False,342,13.679999351501465,0.25301632285118103,20.520864486694336,0.8138059377670288,128.90855407714844,9.423140525817871,0.07549387216567993,0.0
True,False,False,False,342,13.679999351501465,0.25301632285118103,20.520864486694336,0.8138059377670288,128.90855407714844,9.423140525817871,0.07549387216567993,0.0
True,False,False,False,342,13.679999351501465,0.25301632285118103,20.520864486694336,0.8138059377670288,128.90855407714844,9.423140525817871,0.07549387216567993,0.0
True,False,False,False,342,13.679999351501465,0.25301632285118103,20.520864486694336,0.8138059377670288,128.90855407714844,9.423140525817871,0.07549387216567993,0.0
True,False,False,False,342,13.679999351501465,0.2528061866760254,20.52083396911621,0.8138071298599243,128.90818786621094,9.423113822937012,0.07543855905532837,0.0
True,False,False,False,342,13.679999351501465,0.2528061866760254,20.52083396911621,0.8138071298599243,128.90818786621094,9.423113822937012,0.07543855905532837,0.0
True,False,False,False,342,13.679999351501465,0.25287729501724243,20.52094841003418,0.8138025403022766,128.907958984375,9.423096656799316,0.07536941766738892,0.0
True,False,False,False,342,13.679999351501465,0.2528846263885498,20.520896911621094,0.8138046264648438,128.9085693359375,9.423141479492188,0.07536941766738892,0.0
True,False,False,False,342,13.679999351501465,0.2527622878551483,20.521041870117188,0.8137989044189453,128.9097137451172,9.423225402832031,0.07542473077774048,0.0
True,False,False,False,342,13.679999351501465,0.2527622878551483,20.521041870117188,0.8137989044189453,128.9097137451172,9.423225402832031,0.07542473077774048,0.0
True,False,False,False,342,13.679999351501465,0.2528846263885498,20.520896911621094,0.8138046264648438,128.9085693359375,9.423141479492188,0.07536941766738892,0.0
True,False,False,False,342,13.679999351501465,0.2528846263885498,20.520896911621094,0.8138046264648438,128.9085693359375,9.423141479492188,0.07536941766738892,0.0
True,False,False,False,342,13.679999351501465,0.2528061866760254,20.52083396911621,0.8138071298599243,128.90818786621094,9.423113822937012,0.07543855905532837,0.0
True,False,False,False,342,13.679999351501465,0.2528061866760254,20.52083396911621,0.8138071298599243,128.90818786621094,9.423113822937012,0.07543855905532837,0.0
True,False,False,False,342,13.679999351501465,0.25301632285118103,20.520864486694336,0.8138059377670288,128.90855407714844,9.423140525817871,0.07549387216567993,0.0
True,False,False,False,342,13.679999351501465,0.25301632285118103,20.520864486694336,0.8138059377670288,128.90855407714844,9.423140525817871,0.07549387216567993,0.0
True,False,False,False,342,13.679999351501465,0.25301632285118103,20.520864486694336,0.8138059377670288,128.90855407714844,9.423140525817871,0.07549387216567993,0.0
True,False,False,False,342,13.679999351501465,0.25301632285118103,20.520864486694336,0.8138059377670288,128.90855407714844,9.423140525817871,0.07549387216567993,0.0
True,False,False,False,342,13.679999351501465,0.25301632285118103,20.520864486694336,0.8138059377670288,128.90855407714844,9.423140525817871,0.07549387216567993,0.0
True,False,False,False,342,13.679999351501465,0.2523273527622223,20.523338317871094,0.8137078285217285,128.95021057128906,9.426185607910156,0.07527264952659607,0.0
True,False,False,False,342,13.679999351501465,0.2523273527622223,20.523338317871094,0.8137078285217285,128.95021057128906,9.426185607910156,0.07527264952659607,0.0
True,False,False,False,342,13.679999351501465,0.2523273527622223,20.523338317871094,0.8137078285217285,128.95021057128906,9.426185607910156,0.07527264952659607,0.0
True,False,False,False,342,13.679999351501465,0.2523273527622223,20.523338317871094,0.8137078285217285,128.95021057128906,9.426185607910156,0.07527264952659607,0.0
True,False,False,False,342,13.679999351501465,0.2523273527622223,20.523338317871094,0.8137078285217285,128.95021057128906,9.426185607910156,0.07527264952659607,0.0
True,False,False,False,342,13.679999351501465,0.2523273527622223,20.523338317871094,0.8137078285217285,128.95021057128906,9.426185607910156,0.07527264952659607,0.0
True,False,False,False,342,13.679999351501465,0.2521706819534302,20.52138900756836,0.8137850761413574,128.9253387451172,9.42436695098877,0.0751693844795227,0.0
True,False,False,False,342,13.679999351501465,0.2521706819534302,20.52138900756836,0.8137850761413574,128.9253387451172,9.42436695098877,0.0751693844795227,0.0
True,False,False,False,342,13.679999351501465,0.2521706819534302,20.52138900756836,0.8137850761413574,128.9253387451172,9.42436695098877,0.0751693844795227,0.0
True,False,False,False,342,13.679999351501465,0.2521706819534302,20.52138900756836,0.8137850761413574,128.9253387451172,9.42436695098877,0.0751693844795227,0.0
True,False,False,False,342,13.679999351501465,0.2521706819534302,20.52138900756836,0.8137850761413574,128.9253387451172,9.42436695098877,0.0751693844795227,0.0
True,False,False,False,342,13.679999351501465,0.2521706819534302,20.52138900756836,0.8137850761413574,128.9253387451172,9.42436695098877,0.0751693844795227,0.0
True,False,False,False,342,13.679999351501465,0.2532862424850464,20.51955223083496,0.813857913017273,128.9105987548828,9.423290252685547,0.07539066672325134,0.0
True,False,False,False,342,13.679999351501465,0.2532862424850464,20.51955223083496,0.813857913017273,128.9105987548828,9.423290252685547,0.07539066672325134,0.0
True,False,False,False,342,13.679999351501465,0.2532862424850464,20.51955223083496,0.813857913017273,128.9105987548828,9.423290252685547,0.07539066672325134,0.0
True,False,False,False,342,13.679999351501465,0.2532862424850464,20.51955223083496,0.813857913017273,128.9105987548828,9.423290252685547,0.07539066672325134,0.0
True,False,False,False,342,13.679999351501465,0.2532862424850464,20.51955223083496,0.813857913017273,128.9105987548828,9.423290252685547,0.07539066672325134,0.0
True,False,False,False,342,13.679999351501465,0.2527807652950287,20.519643783569336,0.8138543367385864,128.88645935058594,9.421525001525879,0.07533532381057739,0.0
True,False,False,False,342,13.679999351501465,0.2527807652950287,20.519643783569336,0.8138543367385864,128.88645935058594,9.421525001525879,0.07533532381057739,0.0
True,False,False,False,342,13.679999351501465,0.25284668803215027,20.519588470458984,0.8138564825057983,128.8855743408203,9.421460151672363,0.07528001070022583,0.0
True,False,False,False,342,13.679999351501465,0.25285401940345764,20.51953125,0.8138588070869446,128.88601684570312,9.421492576599121,0.07528001070022583,0.0
True,False,False,False,342,13.679999351501465,0.25273802876472473,20.519718170166016,0.8138514161109924,128.88916015625,9.421722412109375,0.07532152533531189,0.0
True,False,False,False,342,13.679999351501465,0.25273802876472473,20.519718170166016,0.8138514161109924,128.88916015625,9.421722412109375,0.07532152533531189,0.0
True,False,False,False,342,13.679999351501465,0.25285401940345764,20.51953125,0.8138588070869446,128.88601684570312,9.421492576599121,0.07528001070022583,0.0
True,False,False,False,342,13.679999351501465,0.25285401940345764,20.51953125,0.8138588070869446,128.88601684570312,9.421492576599121,0.07528001070022583,0.0
True,False,False,False,342,13.679999351501465,0.2527807652950287,20.519643783569336,0.8138543367385864,128.88645935058594,9.421525001525879,0.07533532381057739,0.0
True,False,False,False,342,13.679999351501465,0.2527807652950287,20.519643783569336,0.8138543367385864,128.88645935058594,9.421525001525879,0.07533532381057739,0.0
True,False,False,False,342,13.679999351501465,0.2532862424850464,20.51955223083496,0.813857913017273,128.9105987548828,9.423290252685547,0.07539066672325134,0.0
True,False,False,False,342,13.679999351501465,0.2532862424850464,20.51955223083496,0.813857913017273,128.9105987548828,9.423290252685547,0.07539066672325134,0.0
True,False,False,False,342,13.679999351501465,0.2532862424850464,20.51955223083496,0.813857913017273,128.9105987548828,9.423290252685547,0.07539066672325134,0.0
True,False,False,False,342,13.679999351501465,0.2532862424850464,20.51955223083496,0.813857913017273,128.9105987548828,9.423290252685547,0.07539066672325134,0.0
True,False,False,False,342,13.679999351501465,0.2532862424850464,20.51955223083496,0.813857913017273,128.9105987548828,9.423290252685547,0.07539066672325134,0.0
True,False,False,False,342,13.679999351501465,0.2521706819534302,20.52138900756836,0.8137850761413574,128.9253387451172,9.42436695098877,0.0751693844795227,0.0
True,False,False,False,342,13.679999351501465,0.2521706819534302,20.52138900756836,0.8137850761413574,128.9253387451172,9.42436695098877,0.0751693844795227,0.0
True,False,False,False,342,13.679999351501465,0.2521706819534302,20.52138900756836,0.8137850761413574,128.9253387451172,9.42436695098877,0.0751693844795227,0.0
True,False,False,False,342,13.679999351501465,0.2521706819534302,20.52138900756836,0.8137850761413574,128.9253387451172,9.42436695098877,0.0751693844795227,0.0
True,False,False,False,342,13.679999351501465,0.2521706819534302,20.52138900756836,0.8137850761413574,128.9253387451172,9.42436695098877,0.0751693844795227,0.0
True,False,False,False,342,13.679999351501465,0.2521706819534302,20.52138900756836,0.8137850761413574,128.9253387451172,9.42436695098877,0.0751693844795227,0.0
True,False,False,False,342,13.679999351501465,0.2521706819534302,20.52138900756836,0.8137850761413574,128.9253387451172,9.42436695098877,0.0751693844795227,0.0
True,False,False,False,342,13.679999351501465,0.2521706819534302,20.52138900756836,0.8137850761413574,128.9253387451172,9.42436695098877,0.0751693844795227,0.0
True,False,False,False,342,13.679999351501465,0.2521706819534302,20.52138900756836,0.8137850761413574,128.9253387451172,9.42436695098877,0.0751693844795227,0.0
True,False,False,False,342,13.679999351501465,0.2521706819534302,20.52138900756836,0.8137850761413574,128.9253387451172,9.42436695098877,0.0751693844795227,0.0
True,False,False,False,342,13.679999351501465,0.2521706819534302,20.52138900756836,0.8137850761413574,128.9253387451172,9.42436695098877,0.0751693844795227,0.0
True,False,False,False,342,13.679999351501465,0.2521706819534302,20.52138900756836,0.8137850761413574,128.9253387451172,9.42436695098877,0.0751693844795227,0.0
True,False,False,False,342,13.679999351501465,0.2532862424850464,20.51955223083496,0.813857913017273,128.9105987548828,9.423290252685547,0.07539066672325134,0.0
True,False,False,False,342,13.679999351501465,0.2532862424850464,20.51955223083496,0.813857913017273,128.9105987548828,9.423290252685547,0.07539066672325134,0.0
True,False,False,False,342,13.679999351501465,0.2532862424850464,20.51955223083496,0.813857913017273,128.9105987548828,9.423290252685547,0.07539066672325134,0.0
True,False,False,False,342,13.679999351501465,0.2532862424850464,20.51955223083496,0.813857913017273,128.9105987548828,9.423290252685547,0.07539066672325134,0.0
True,False,False,False,342,13.679999351501465,0.2532862424850464,20.51955223083496,0.813857913017273,128.9105987548828,9.423290252685547,0.07539066672325134,0.0
True,False,False,False,342,13.679999351501465,0.2527807652950287,20.519643783569336,0.8138543367385864,128.88645935058594,9.421525001525879,0.07533532381057739,0.0
True,False,False,False,342,13.679999351501465,0.2527807652950287,20.519643783569336,0.8138543367385864,128.88645935058594,9.421525001525879,0.07533532381057739,0.0
True,False,False,False,342,13.679999351501465,0.25284668803215027,20.519588470458984,0.8138564825057983,128.8855743408203,9.421460151672363,0.07528001070022583,0.0
True,False,False,False,342,13.679999351501465,0.25285401940345764,20.51953125,0.8138588070869446,128.88601684570312,9.421492576599121,0.07528001070022583,0.0
True,False,False,False,342,13.679999351501465,0.25273802876472473,20.519718170166016,0.8138514161109924,128.88916015625,9.421722412109375,0.07532152533531189,0.0
True,False,False,False,342,13.679999351501465,0.25273802876472473,20.519718170166016,0.8138514161109924,128.88916015625,9.421722412109375,0.07532152533531189,0.0
True,False,False,False,342,13.679999351501465,0.25285401940345764,20.51953125,0.8138588070869446,128.88601684570312,9.421492576599121,0.07528001070022583,0.0
True,False,False,False,342,13.679999351501465,0.25285401940345764,20.51953125,0.8138588070869446,128.88601684570312,9.421492576599121,0.07528001070022583,0.0
True,False,False,False,342,13.679999351501465,0.2527807652950287,20.519643783569336,0.8138543367385864,128.88645935058594,9.421525001525879,0.07533532381057739,0.0
True,False,False,False,342,13.679999351501465,0.2527807652950287,20.519643783569336,0.8138543367385864,128.88645935058594,9.421525001525879,0.07533532381057739,0.0
True,False,False,False,342,13.679999351501465,0.2532862424850464,20.51955223083496,0.813857913017273,128.9105987548828,9.423290252685547,0.07539066672325134,0.0
True,False,False,False,342,13.679999351501465,0.2532862424850464,20.51955223083496,0.813857913017273,128.9105987548828,9.423290252685547,0.07539066672325134,0.0
True,False,False,False,342,13.679999351501465,0.2532862424850464,20.51955223083496,0.813857913017273,128.9105987548828,9.423290252685547,0.07539066672325134,0.0
True,False,False,False,342,13.679999351501465,0.2532862424850464,20.51955223083496,0.813857913017273,128.9105987548828,9.423290252685547,0.07539066672325134,0.0
True,False,False,False,342,13.679999351501465,0.2532862424850464,20.51955223083496,0.813857913017273,128.9105987548828,9.423290252685547,0.07539066672325134,0.0
True,False,False,False,342,13.679999351501465,0.2521706819534302,20.52138900756836,0.8137850761413574,128.9253387451172,9.42436695098877,0.0751693844795227,0.0
True,False,False,False,342,13.679999351501465,0.2521706819534302,20.52138900756836,0.8137850761413574,128.9253387451172,9.42436695098877,0.0751693844795227,0.0
True,False,False,False,342,13.679999351501465,0.2521706819534302,20.52138900756836,0.8137850761413574,128.9253387451172,9.42436695098877,0.0751693844795227,0.0
True,False,False,False,342,13.679999351501465,0.2521706819534302,20.52138900756836,0.8137850761413574,128.9253387451172,9.42436695098877,0.0751693844795227,0.0
True,False,False,False,342,13.679999351501465,0.2521706819534302,20.52138900756836,0.8137850761413574,128.9253387451172,9.42436695098877,0.0751693844795227,0.0
True,False,False,False,342,13.679999351501465,0.2521706819534302,20.52138900756836,0.8137850761413574,128.9253387451172,9.42436695098877,0.0751693844795227,0.0
True,False,False,False,342,13.679999351501465,0.2521706819534302,20.52138900756836,0.8137850761413574,128.9253387451172,9.42436695098877,0.0751693844795227,0.0
True,False,False,False,342,13.679999351501465,0.2521706819534302,20.52138900756836,0.8137850761413574,128.9253387451172,9.42436695098877,0.0751693844795227,0.0
True,False,False,False,342,13.679999351501465,0.2521706819534302,20.52138900756836,0.8137850761413574,128.9253387451172,9.42436695098877,0.0751693844795227,0.0
True,False,False,False,342,13.679999351501465,0.2521706819534302,20.52138900756836,0.8137850761413574,128.9253387451172,9.42436695098877,0.0751693844795227,0.0
True,False,False,False,342,13.679999351501465,0.2521706819534302,20.52138900756836,0.8137850761413574,128.9253387451172,9.42436695098877,0.0751693844795227,0.0
True,False,False,False,342,13.679999351501465,0.2521706819534302,20.52138900756836,0.8137850761413574,128.9253387451172,9.42436695098877,0.0751693844795227,0.0
True,False,False,False,342,13.679999351501465,0.2532862424850464,20.51955223083496,0.813857913017273,128.9105987548828,9.423290252685547,0.07539066672325134,0.0
True,False,False,False,342,13.679999351501465,0.2532862424850464,20.51955223083496,0.813857913017273,128.9105987548828,9.423290252685547,0.07539066672325134,0.0
True,False,False,False,342,13.679999351501465,0.2532862424850464,20.51955223083496,0.813857913017273,128.9105987548828,9.423290252685547,0.07539066672325134,0.0
True,False,False,False,342,13.679999351501465,0.2532862424850464,20.51955223083496,0.813857913017273,128.9105987548828,9.423290252685547,0.07539066672325134,0.0
True,False,False,False,342,13.679999351501465,0.2532862424850464,20.51955223083496,0.813857913017273,128.9105987548828,9.423290252685547,0.07539066672325134,0.0
True,False,False,False,342,13.679999351501465,0.2527807652950287,20.519643783569336,0.8138543367385864,128.88645935058594,9.421525001525879,0.07533532381057739,0.0
True,False,False,False,342,13.679999351501465,0.2527807652950287,20.519643783569336,0.8138543367385864,128.88645935058594,9.421525001525879,0.07533532381057739,0.0
True,False,False,False,342,13.679999351501465,0.25284668803215027,20.519588470458984,0.8138564825057983,128.8855743408203,9.421460151672363,0.07528001070022583,0.0
True,False,False,False,342,13.679999351501465,0.25285401940345764,20.51953125,0.8138588070869446,128.88601684570312,9.421492576599121,0.07528001070022583,0.0
True,False,False,False,342,13.679999351501465,0.25273802876472473,20.519718170166016,0.8138514161109924,128.88916015625,9.421722412109375,0.07532152533531189,0.0
True,False,False,False,342,13.679999351501465,0.25273802876472473,20.519718170166016,0.8138514161109924,128.88916015625,9.421722412109375,0.07532152533531189,0.0
True,False,False,False,342,13.679999351501465,0.25285401940345764,20.51953125,0.8138588070869446,128.88601684570312,9.421492576599121,0.07528001070022583,0.0
True,False,False,False,342,13.679999351501465,0.25285401940345764,20.51953125,0.8138588070869446,128.88601684570312,9.421492576599121,0.07528001070022583,0.0
True,False,False,False,342,13.679999351501465,0.2527807652950287,20.519643783569336,0.8138543367385864,128.88645935058594,9.421525001525879,0.07533532381057739,0.0
True,False,False,False,342,13.679999351501465,0.2527807652950287,20.519643783569336,0.8138543367385864,128.88645935058594,9.421525001525879,0.07533532381057739,0.0
True,False,False,False,342,13.679999351501465,0.2532862424850464,20.51955223083496,0.813857913017273,128.9105987548828,9.423290252685547,0.07539066672325134,0.0
True,False,False,False,342,13.679999351501465,0.2532862424850464,20.51955223083496,0.813857913017273,128.9105987548828,9.423290252685547,0.07539066672325134,0.0
True,False,False,False,342,13.679999351501465,0.2532862424850464,20.51955223083496,0.813857913017273,128.9105987548828,9.423290252685547,0.07539066672325134,0.0
True,False,False,False,342,13.679999351501465,0.2532862424850464,20.51955223083496,0.813857913017273,128.9105987548828,9.423290252685547,0.07539066672325134,0.0
True,False,False,False,342,13.679999351501465,0.2532862424850464,20.51955223083496,0.813857913017273,128.9105987548828,9.423290252685547,0.07539066672325134,0.0
True,False,False,False,342,13.679999351501465,0.2521706819534302,20.52138900756836,0.8137850761413574,128.9253387451172,9.42436695098877,0.0751693844795227,0.0
True,False,False,False,342,13.679999351501465,0.2521706819534302,20.52138900756836,0.8137850761413574,128.9253387451172,9.42436695098877,0.0751693844795227,0.0
True,False,False,False,342,13.679999351501465,0.2521706819534302,20.52138900756836,0.8137850761413574,128.9253387451172,9.42436695098877,0.0751693844795227,0.0
True,False,False,False,342,13.679999351501465,0.2521706819534302,20.52138900756836,0.8137850761413574,128.9253387451172,9.42436695098877,0.0751693844795227,0.0
True,False,False,False,342,13.679999351501465,0.2521706819534302,20.52138900756836,0.8137850761413574,128.9253387451172,9.42436695098877,0.0751693844795227,0.0
True,False,False,False,342,13.679999351501465,0.2521706819534302,20.52138900756836,0.8137850761413574,128.9253387451172,9.42436695098877,0.0751693844795227,0.0
True,False,False,False,342,13.679999351501465,0.2521706819534302,20.52138900756836,0.8137850761413574,128.9253387451172,9.42436695098877,0.0751693844795227,0.0
True,False,False,False,342,13.679999351501465,0.2521706819534302,20.52138900756836,0.8137850761413574,128.9253387451172,9.42436695098877,0.0751693844795227,0.0
True,False,False,False,342,13.679999351501465,0.2521706819534302,20.52138900756836,0.8137850761413574,128.9253387451172,9.42436695098877,0.0751693844795227,0.0
True,False,False,False,342,13.679999351501465,0.2521706819534302,20.52138900756836,0.8137850761413574,128.9253387451172,9.42436695098877,0.0751693844795227,0.0
True,False,False,False,342,13.679999351501465,0.2521706819534302,20.52138900756836,0.8137850761413574,128.9253387451172,9.42436695098877,0.0751693844795227,0.0
True,False,False,False,342,13.679999351501465,0.2521706819534302,20.52138900756836,0.8137850761413574,128.9253387451172,9.42436695098877,0.0751693844795227,0.0
True,False,False,False,342,13.679999351501465,0.2532862424850464,20.51955223083496,0.813857913017273,128.9105987548828,9.423290252685547,0.07539066672325134,0.0
True,False,False,False,342,13.679999351501465,0.2532862424850464,20.51955223083496,0.813857913017273,128.9105987548828,9.423290252685547,0.07539066672325134,0.0
True,False,False,False,342,13.679999351501465,0.2532862424850464,20.51955223083496,0.813857913017273,128.9105987548828,9.423290252685547,0.07539066672325134,0.0
True,False,False,False,342,13.679999351501465,0.2532862424850464,20.51955223083496,0.813857913017273,128.9105987548828,9.423290252685547,0.07539066672325134,0.0
True,False,False,False,342,13.679999351501465,0.2532862424850464,20.51955223083496,0.813857913017273,128.9105987548828,9.423290252685547,0.07539066672325134,0.0
True,False,False,False,342,13.679999351501465,0.2527807652950287,20.519643783569336,0.8138543367385864,128.88645935058594,9.421525001525879,0.07533532381057739,0.0
True,False,False,False,342,13.679999351501465,0.2527807652950287,20.519643783569336,0.8138543367385864,128.88645935058594,9.421525001525879,0.07533532381057739,0.0
True,False,False,False,342,13.679999351501465,0.25284668803215027,20.519588470458984,0.8138564825057983,128.8855743408203,9.421460151672363,0.07528001070022583,0.0
True,False,False,False,342,13.679999351501465,0.25285401940345764,20.51953125,0.8138588070869446,128.88601684570312,9.421492576599121,0.07528001070022583,0.0
True,False,False,False,342,13.679999351501465,0.25273802876472473,20.519718170166016,0.8138514161109924,128.88916015625,9.421722412109375,0.07532152533531189,0.0
True,False,False,False,342,13.679999351501465,0.25273802876472473,20.519718170166016,0.8138514161109924,128.88916015625,9.421722412109375,0.07532152533531189,0.0
True,False,False,False,342,13.679999351501465,0.25285401940345764,20.51953125,0.8138588070869446,128.88601684570312,9.421492576599121,0.07528001070022583,0.0
True,False,False,False,342,13.679999351501465,0.25285401940345764,20.51953125,0.8138588070869446,128.88601684570312,9.421492576599121,0.07528001070022583,0.0
True,False,False,False,342,13.679999351501465,0.2527807652950287,20.519643783569336,0.8138543367385864,128.88645935058594,9.421525001525879,0.07533532381057739,0.0
True,False,False,False,342,13.679999351501465,0.2527807652950287,20.519643783569336,0.8138543367385864,128.88645935058594,9.421525001525879,0.07533532381057739,0.0
True,False,False,False,342,13.679999351501465,0.2532862424850464,20.51955223083496,0.813857913017273,128.9105987548828,9.423290252685547,0.07539066672325134,0.0
True,False,False,False,342,13.679999351501465,0.2532862424850464,20.51955223083496,0.813857913017273,128.9105987548828,9.423290252685547,0.07539066672325134,0.0
True,False,False,False,342,13.679999351501465,0.2532862424850464,20.51955223083496,0.813857913017273,128.9105987548828,9.423290252685547,0.07539066672325134,0.0
True,False,False,False,342,13.679999351501465,0.2532862424850464,20.51955223083496,0.813857913017273,128.9105987548828,9.423290252685547,0.07539066672325134,0.0
True,False,False,False,342,13.679999351501465,0.2532862424850464,20.51955223083496,0.813857913017273,128.9105987548828,9.423290252685547,0.07539066672325134,0.0
True,False,False,False,342,13.679999351501465,0.2521706819534302,20.52138900756836,0.8137850761413574,128.9253387451172,9.42436695098877,0.0751693844795227,0.0
True,False,False,False,342,13.679999351501465,0.2521706819534302,20.52138900756836,0.8137850761413574,128.9253387451172,9.42436695098877,0.0751693844795227,0.0
True,False,False,False,342,13.679999351501465,0.2521706819534302,20.52138900756836,0.8137850761413574,128.9253387451172,9.42436695098877,0.0751693844795227,0.0
True,False,False,False,342,13.679999351501465,0.2521706819534302,20.52138900756836,0.8137850761413574,128.9253387451172,9.42436695098877,0.0751693844795227,0.0
True,False,False,False,342,13.679999351501465,0.2521706819534302,20.52138900756836,0.8137850761413574,128.9253387451172,9.42436695098877,0.0751693844795227,0.0
True,False,False,False,342,13.679999351501465,0.2521706819534302,20.52138900756836,0.8137850761413574,128.9253387451172,9.42436695098877,0.0751693844795227,0.0
True,False,False,False,342,13.679999351501465,0.2521706819534302,20.52138900756836,0.8137850761413574,128.9253387451172,9.42436695098877,0.0751693844795227,0.0
True,False,False,False,342,13.679999351501465,0.2521706819534302,20.52138900756836,0.8137850761413574,128.9253387451172,9.42436695098877,0.0751693844795227,0.0
True,False,False,False,342,13.679999351501465,0.2521706819534302,20.52138900756836,0.8137850761413574,128.9253387451172,9.42436695098877,0.0751693844795227,0.0
True,False,False,False,342,13.679999351501465,0.2521706819534302,20.52138900756836,0.8137850761413574,128.9253387451172,9.42436695098877,0.0751693844795227,0.0
True,False,False,False,342,13.679999351501465,0.2521706819534302,20.52138900756836,0.8137850761413574,128.9253387451172,9.42436695098877,0.0751693844795227,0.0
True,False,False,False,342,13.679999351501465,0.2521706819534302,20.52138900756836,0.8137850761413574,128.9253387451172,9.42436695098877,0.0751693844795227,0.0
True,False,False,False,342,13.679999351501465,0.2532862424850464,20.51955223083496,0.813857913017273,128.9105987548828,9.423290252685547,0.07539066672325134,0.0
True,False,False,False,342,13.679999351501465,0.2532862424850464,20.51955223083496,0.813857913017273,128.9105987548828,9.423290252685547,0.07539066672325134,0.0
True,False,False,False,342,13.679999351501465,0.2532862424850464,20.51955223083496,0.813857913017273,128.9105987548828,9.423290252685547,0.07539066672325134,0.0
True,False,False,False,342,13.679999351501465,0.2532862424850464,20.51955223083496,0.813857913017273,128.9105987548828,9.423290252685547,0.07539066672325134,0.0
True,False,False,False,342,13.679999351501465,0.2532862424850464,20.51955223083496,0.813857913017273,128.9105987548828,9.423290252685547,0.07539066672325134,0.0
True,False,False,False,342,13.679999351501465,0.2527807652950287,20.519643783569336,0.8138543367385864,128.88645935058594,9.421525001525879,0.07533532381057739,0.0
True,False,False,False,342,13.679999351501465,0.2527807652950287,20.519643783569336,0.8138543367385864,128.88645935058594,9.421525001525879,0.07533532381057739,0.0
True,False,False,False,342,13.679999351501465,0.25284668803215027,20.519588470458984,0.8138564825057983,128.8855743408203,9.421460151672363,0.07528001070022583,0.0
True,False,False,False,342,13.679999351501465,0.25285401940345764,20.51953125,0.8138588070869446,128.88601684570312,9.421492576599121,0.07528001070022583,0.0
True,False,False,False,342,13.679999351501465,0.25273802876472473,20.519718170166016,0.8138514161109924,128.88916015625,9.421722412109375,0.07532152533531189,0.0
True,False,False,False,342,13.679999351501465,0.25273802876472473,20.519718170166016,0.8138514161109924,128.88916015625,9.421722412109375,0.07532152533531189,0.0
True,False,False,False,342,13.679999351501465,0.25285401940345764,20.51953125,0.8138588070869446,128.88601684570312,9.421492576599121,0.07528001070022583,0.0
True,False,False,False,342,13.679999351501465,0.25285401940345764,20.51953125,0.8138588070869446,128.88601684570312,9.421492576599121,0.07528001070022583,0.0
True,False,False,False,342,13.679999351501465,0.2527807652950287,20.519643783569336,0.8138543367385864,128.88645935058594,9.421525001525879,0.07533532381057739,0.0
True,False,False,False,342,13.679999351501465,0.2527807652950287,20.519643783569336,0.8138543367385864,128.88645935058594,9.421525001525879,0.07533532381057739,0.0
True,False,False,False,342,13.679999351501465,0.2532862424850464,20.51955223083496,0.813857913017273,128.9105987548828,9.423290252685547,0.07539066672325134,0.0
True,False,False,False,342,13.679999351501465,0.2532862424850464,20.51955223083496,0.813857913017273,128.9105987548828,9.423290252685547,0.07539066672325134,0.0
True,False,False,False,342,13.679999351501465,0.2532862424850464,20.51955223083496,0.813857913017273,128.9105987548828,9.423290252685547,0.07539066672325134,0.0
True,False,False,False,342,13.679999351501465,0.2532862424850464,20.51955223083496,0.813857913017273,128.9105987548828,9.423290252685547,0.07539066672325134,0.0
True,False,False,False,342,13.679999351501465,0.2532862424850464,20.51955223083496,0.813857913017273,128.9105987548828,9.423290252685547,0.07539066672325134,0.0
True,False,False,False,342,13.679999351501465,0.2521706819534302,20.52138900756836,0.8137850761413574,128.9253387451172,9.42436695098877,0.0751693844795227,0.0
True,False,False,False,342,13.679999351501465,0.2521706819534302,20.52138900756836,0.8137850761413574,128.9253387451172,9.42436695098877,0.0751693844795227,0.0
True,False,False,False,342,13.679999351501465,0.2521706819534302,20.52138900756836,0.8137850761413574,128.9253387451172,9.42436695098877,0.0751693844795227,0.0
True,False,False,False,342,13.679999351501465,0.2521706819534302,20.52138900756836,0.8137850761413574,128.9253387451172,9.42436695098877,0.0751693844795227,0.0
True,False,False,False,342,13.679999351501465,0.2521706819534302,20.52138900756836,0.8137850761413574,128.9253387451172,9.42436695098877,0.0751693844795227,0.0
True,False,False,False,342,13.679999351501465,0.2521706819534302,20.52138900756836,0.8137850761413574,128.9253387451172,9.42436695098877,0.0751693844795227,0.0
True,False,False,False,342,13.679999351501465,0.2521536946296692,20.521198272705078,0.8137926459312439,128.92124938964844,9.424068450927734,0.07515648007392883,0.0
True,False,False,False,342,13.679999351501465,0.2521536946296692,20.521198272705078,0.8137926459312439,128.92124938964844,9.424068450927734,0.07515648007392883,0.0
True,False,False,False,342,13.679999351501465,0.2521536946296692,20.521198272705078,0.8137926459312439,128.92124938964844,9.424068450927734,0.07515648007392883,0.0
True,False,False,False,342,13.679999351501465,0.2521536946296692,20.521198272705078,0.8137926459312439,128.92124938964844,9.424068450927734,0.07515648007392883,0.0
True,False,False,False,342,13.679999351501465,0.2521536946296692,20.521198272705078,0.8137926459312439,128.92124938964844,9.424068450927734,0.07515648007392883,0.0
True,False,False,False,342,13.679999351501465,0.2521536946296692,20.521198272705078,0.8137926459312439,128.92124938964844,9.424068450927734,0.07515648007392883,0.0
True,False,False,False,342,13.679999351501465,0.2575027346611023,20.51958656311035,0.8138565421104431,128.88671875,9.421544075012207,0.07536488771438599,0.0
True,False,False,False,342,13.679999351501465,0.2575027346611023,20.51958656311035,0.8138565421104431,128.88671875,9.421544075012207,0.07536488771438599,0.0
True,False,False,False,342,13.679999351501465,0.2575027346611023,20.51958656311035,0.8138565421104431,128.88671875,9.421544075012207,0.07536488771438599,0.0
True,False,False,False,342,13.679999351501465,0.2575027346611023,20.51958656311035,0.8138565421104431,128.88671875,9.421544075012207,0.07536488771438599,0.0
True,False,False,False,342,13.679999351501465,0.2575027346611023,20.51958656311035,0.8138565421104431,128.88671875,9.421544075012207,0.07536488771438599,0.0
True,False,False,False,342,13.679999351501465,0.25278931856155396,20.519577026367188,0.8138570189476013,128.88436889648438,9.421372413635254,0.07530954480171204,0.0
True,False,False,False,342,13.679999351501465,0.25278931856155396,20.519577026367188,0.8138570189476013,128.88436889648438,9.421372413635254,0.07530954480171204,0.0
True,False,False,False,342,13.679999351501465,0.2528930902481079,20.519582748413086,0.8138567209243774,128.88296508789062,9.421269416809082,0.07525423169136047,0.0
True,False,False,False,342,13.679999351501465,0.2529004216194153,20.51945686340332,0.8138617277145386,128.88323974609375,9.421289443969727,0.07525423169136047,0.0
True,False,False,False,342,13.679999351501465,0.25278809666633606,20.519655227661133,0.8138538599014282,128.88587951660156,9.421483039855957,0.07529225945472717,0.0
True,False,False,False,342,13.679999351501465,0.25278809666633606,20.519655227661133,0.8138538599014282,128.88587951660156,9.421483039855957,0.07529225945472717,0.0
True,False,False,False,342,13.679999351501465,0.2529004216194153,20.51945686340332,0.8138617277145386,128.88323974609375,9.421289443969727,0.07525423169136047,0.0
True,False,False,False,342,13.679999351501465,0.2529004216194153,20.51945686340332,0.8138617277145386,128.88323974609375,9.421289443969727,0.07525423169136047,0.0
True,False,False,False,342,13.679999351501465,0.25278931856155396,20.519577026367188,0.8138570189476013,128.88436889648438,9.421372413635254,0.07530954480171204,0.0
True,False,False,False,342,13.679999351501465,0.25278931856155396,20.519577026367188,0.8138570189476013,128.88436889648438,9.421372413635254,0.07530954480171204,0.0
True,False,False,False,342,13.679999351501465,0.2575027346611023,20.51958656311035,0.8138565421104431,128.88671875,9.421544075012207,0.07536488771438599,0.0
True,False,False,False,342,13.679999351501465,0.2575027346611023,20.51958656311035,0.8138565421104431,128.88671875,9.421544075012207,0.07536488771438599,0.0
True,False,False,False,342,13.679999351501465,0.2575027346611023,20.51958656311035,0.8138565421104431,128.88671875,9.421544075012207,0.07536488771438599,0.0
True,False,False,False,342,13.679999351501465,0.2575027346611023,20.51958656311035,0.8138565421104431,128.88671875,9.421544075012207,0.07536488771438599,0.0
True,False,False,False,342,13.679999351501465,0.2575027346611023,20.51958656311035,0.8138565421104431,128.88671875,9.421544075012207,0.07536488771438599,0.0
True,False,False,False,342,13.679999351501465,0.2521536946296692,20.521198272705078,0.8137926459312439,128.92124938964844,9.424068450927734,0.07515648007392883,0.0
True,False,False,False,342,13.679999351501465,0.2521536946296692,20.521198272705078,0.8137926459312439,128.92124938964844,9.424068450927734,0.07515648007392883,0.0
True,False,False,False,342,13.679999351501465,0.2521536946296692,20.521198272705078,0.8137926459312439,128.92124938964844,9.424068450927734,0.07515648007392883,0.0
True,False,False,False,342,13.679999351501465,0.2521536946296692,20.521198272705078,0.8137926459312439,128.92124938964844,9.424068450927734,0.07515648007392883,0.0
True,False,False,False,342,13.679999351501465,0.2521536946296692,20.521198272705078,0.8137926459312439,128.92124938964844,9.424068450927734,0.07515648007392883,0.0
True,False,False,False,342,13.679999351501465,0.2521536946296692,20.521198272705078,0.8137926459312439,128.92124938964844,9.424068450927734,0.07515648007392883,0.0
True,False,False,False,342,13.679999351501465,0.2521536946296692,20.521198272705078,0.8137926459312439,128.92124938964844,9.424068450927734,0.07515648007392883,0.0
True,False,False,False,342,13.679999351501465,0.2521536946296692,20.521198272705078,0.8137926459312439,128.92124938964844,9.424068450927734,0.07515648007392883,0.0
True,False,False,False,342,13.679999351501465,0.2521536946296692,20.521198272705078,0.8137926459312439,128.92124938964844,9.424068450927734,0.07515648007392883,0.0
True,False,False,False,342,13.679999351501465,0.2521536946296692,20.521198272705078,0.8137926459312439,128.92124938964844,9.424068450927734,0.07515648007392883,0.0
True,False,False,False,342,13.679999351501465,0.2521536946296692,20.521198272705078,0.8137926459312439,128.92124938964844,9.424068450927734,0.07515648007392883,0.0
True,False,False,False,342,13.679999351501465,0.2521536946296692,20.521198272705078,0.8137926459312439,128.92124938964844,9.424068450927734,0.07515648007392883,0.0
True,False,False,False,342,13.679999351501465,0.2575027346611023,20.51958656311035,0.8138565421104431,128.88671875,9.421544075012207,0.07536488771438599,0.0
True,False,False,False,342,13.679999351501465,0.2575027346611023,20.51958656311035,0.8138565421104431,128.88671875,9.421544075012207,0.07536488771438599,0.0
True,False,False,False,342,13.679999351501465,0.2575027346611023,20.51958656311035,0.8138565421104431,128.88671875,9.421544075012207,0.07536488771438599,0.0
True,False,False,False,342,13.679999351501465,0.2575027346611023,20.51958656311035,0.8138565421104431,128.88671875,9.421544075012207,0.07536488771438599,0.0
True,False,False,False,342,13.679999351501465,0.2575027346611023,20.51958656311035,0.8138565421104431,128.88671875,9.421544075012207,0.07536488771438599,0.0
True,False,False,False,342,13.679999351501465,0.25278931856155396,20.519577026367188,0.8138570189476013,128.88436889648438,9.421372413635254,0.07530954480171204,0.0
True,False,False,False,342,13.679999351501465,0.25278931856155396,20.519577026367188,0.8138570189476013,128.88436889648438,9.421372413635254,0.07530954480171204,0.0
True,False,False,False,342,13.679999351501465,0.2528930902481079,20.519582748413086,0.8138567209243774,128.88296508789062,9.421269416809082,0.07525423169136047,0.0
True,False,False,False,342,13.679999351501465,0.2529004216194153,20.51945686340332,0.8138617277145386,128.88323974609375,9.421289443969727,0.07525423169136047,0.0
True,False,False,False,342,13.679999351501465,0.25278809666633606,20.519655227661133,0.8138538599014282,128.88587951660156,9.421483039855957,0.07529225945472717,0.0
True,False,False,False,342,13.679999351501465,0.25278809666633606,20.519655227661133,0.8138538599014282,128.88587951660156,9.421483039855957,0.07529225945472717,0.0
True,False,False,False,342,13.679999351501465,0.2529004216194153,20.51945686340332,0.8138617277145386,128.88323974609375,9.421289443969727,0.07525423169136047,0.0
True,False,False,False,342,13.679999351501465,0.2529004216194153,20.51945686340332,0.8138617277145386,128.88323974609375,9.421289443969727,0.07525423169136047,0.0
True,False,False,False,342,13.679999351501465,0.25278931856155396,20.519577026367188,0.8138570189476013,128.88436889648438,9.421372413635254,0.07530954480171204,0.0
True,False,False,False,342,13.679999351501465,0.25278931856155396,20.519577026367188,0.8138570189476013,128.88436889648438,9.421372413635254,0.07530954480171204,0.0
True,False,False,False,342,13.679999351501465,0.2575027346611023,20.51958656311035,0.8138565421104431,128.88671875,9.421544075012207,0.07536488771438599,0.0
True,False,False,False,342,13.679999351501465,0.2575027346611023,20.51958656311035,0.8138565421104431,128.88671875,9.421544075012207,0.07536488771438599,0.0
True,False,False,False,342,13.679999351501465,0.2575027346611023,20.51958656311035,0.8138565421104431,128.88671875,9.421544075012207,0.07536488771438599,0.0
True,False,False,False,342,13.679999351501465,0.2575027346611023,20.51958656311035,0.8138565421104431,128.88671875,9.421544075012207,0.07536488771438599,0.0
True,False,False,False,342,13.679999351501465,0.2575027346611023,20.51958656311035,0.8138565421104431,128.88671875,9.421544075012207,0.07536488771438599,0.0
True,False,False,False,342,13.679999351501465,0.2521536946296692,20.521198272705078,0.8137926459312439,128.92124938964844,9.424068450927734,0.07515648007392883,0.0
True,False,False,False,342,13.679999351501465,0.2521536946296692,20.521198272705078,0.8137926459312439,128.92124938964844,9.424068450927734,0.07515648007392883,0.0
True,False,False,False,342,13.679999351501465,0.2521536946296692,20.521198272705078,0.8137926459312439,128.92124938964844,9.424068450927734,0.07515648007392883,0.0
True,False,False,False,342,13.679999351501465,0.2521536946296692,20.521198272705078,0.8137926459312439,128.92124938964844,9.424068450927734,0.07515648007392883,0.0
True,False,False,False,342,13.679999351501465,0.2521536946296692,20.521198272705078,0.8137926459312439,128.92124938964844,9.424068450927734,0.07515648007392883,0.0
True,False,False,False,342,13.679999351501465,0.2521536946296692,20.521198272705078,0.8137926459312439,128.92124938964844,9.424068450927734,0.07515648007392883,0.0
True,False,False,False,342,13.679999351501465,0.25217917561531067,20.52126693725586,0.8137899041175842,128.92294311523438,9.424192428588867,0.07513713836669922,0.0
True,False,False,False,342,13.679999351501465,0.25217917561531067,20.52126693725586,0.8137899041175842,128.92294311523438,9.424192428588867,0.07513713836669922,0.0
True,False,False,False,342,13.679999351501465,0.25217917561531067,20.52126693725586,0.8137899041175842,128.92294311523438,9.424192428588867,0.07513713836669922,0.0
True,False,False,False,342,13.679999351501465,0.25217917561531067,20.52126693725586,0.8137899041175842,128.92294311523438,9.424192428588867,0.07513713836669922,0.0
True,False,False,False,342,13.679999351501465,0.25217917561531067,20.52126693725586,0.8137899041175842,128.92294311523438,9.424192428588867,0.07513713836669922,0.0
True,False,False,False,342,13.679999351501465,0.25217917561531067,20.52126693725586,0.8137899041175842,128.92294311523438,9.424192428588867,0.07513713836669922,0.0
True,False,False,False,342,13.679999351501465,0.2575112581253052,20.519685745239258,0.8138526678085327,128.88815307617188,9.421648979187012,0.07535845041275024,0.0
True,False,False,False,342,13.679999351501465,0.2575112581253052,20.519685745239258,0.8138526678085327,128.88815307617188,9.421648979187012,0.07535845041275024,0.0
True,False,False,False,342,13.679999351501465,0.2575112581253052,20.519685745239258,0.8138526678085327,128.88815307617188,9.421648979187012,0.07535845041275024,0.0
True,False,False,False,342,13.679999351501465,0.2575112581253052,20.519685745239258,0.8138526678085327,128.88815307617188,9.421648979187012,0.07535845041275024,0.0
True,False,False,False,342,13.679999351501465,0.2575112581253052,20.519685745239258,0.8138526678085327,128.88815307617188,9.421648979187012,0.07535845041275024,0.0
True,False,False,False,342,13.679999351501465,0.25277289748191833,20.51963996887207,0.813854455947876,128.88693237304688,9.421560287475586,0.0753031075000763,0.0
True,False,False,False,342,13.679999351501465,0.25277289748191833,20.51963996887207,0.813854455947876,128.88693237304688,9.421560287475586,0.0753031075000763,0.0
True,False,False,False,342,13.679999351501465,0.2528637945652008,20.519582748413086,0.8138567209243774,128.8846435546875,9.421392440795898,0.07524776458740234,0.0
True,False,False,False,342,13.679999351501465,0.25285467505455017,20.519559860229492,0.8138576745986938,128.88662719726562,9.421537399291992,0.07524776458740234,0.0
True,False,False,False,342,13.679999351501465,0.25277289748191833,20.51980209350586,0.8138480186462402,128.8887481689453,9.421692848205566,0.07529273629188538,0.0
True,False,False,False,342,13.679999351501465,0.25277289748191833,20.51980209350586,0.8138480186462402,128.8887481689453,9.421692848205566,0.07529273629188538,0.0
True,False,False,False,342,13.679999351501465,0.25285467505455017,20.519559860229492,0.8138576745986938,128.88662719726562,9.421537399291992,0.07524776458740234,0.0
True,False,False,False,342,13.679999351501465,0.25285467505455017,20.519559860229492,0.8138576745986938,128.88662719726562,9.421537399291992,0.07524776458740234,0.0
True,False,False,False,342,13.679999351501465,0.25277289748191833,20.51963996887207,0.813854455947876,128.88693237304688,9.421560287475586,0.0753031075000763,0.0
True,False,False,False,342,13.679999351501465,0.25277289748191833,20.51963996887207,0.813854455947876,128.88693237304688,9.421560287475586,0.0753031075000763,0.0
True,False,False,False,342,13.679999351501465,0.2575112581253052,20.519685745239258,0.8138526678085327,128.88815307617188,9.421648979187012,0.07535845041275024,0.0
True,False,False,False,342,13.679999351501465,0.2575112581253052,20.519685745239258,0.8138526678085327,128.88815307617188,9.421648979187012,0.07535845041275024,0.0
True,False,False,False,342,13.679999351501465,0.2575112581253052,20.519685745239258,0.8138526678085327,128.88815307617188,9.421648979187012,0.07535845041275024,0.0
True,False,False,False,342,13.679999351501465,0.2575112581253052,20.519685745239258,0.8138526678085327,128.88815307617188,9.421648979187012,0.07535845041275024,0.0
True,False,False,False,342,13.679999351501465,0.2575112581253052,20.519685745239258,0.8138526678085327,128.88815307617188,9.421648979187012,0.07535845041275024,0.0
True,False,False,False,342,13.679999351501465,0.25217917561531067,20.52126693725586,0.8137899041175842,128.92294311523438,9.424192428588867,0.07513713836669922,0.0
True,False,False,False,342,13.679999351501465,0.25217917561531067,20.52126693725586,0.8137899041175842,128.92294311523438,9.424192428588867,0.07513713836669922,0.0
True,False,False,False,342,13.679999351501465,0.25217917561531067,20.52126693725586,0.8137899041175842,128.92294311523438,9.424192428588867,0.07513713836669922,0.0
True,False,False,False,342,13.679999351501465,0.25217917561531067,20.52126693725586,0.8137899041175842,128.92294311523438,9.424192428588867,0.07513713836669922,0.0
True,False,False,False,342,13.679999351501465,0.25217917561531067,20.52126693725586,0.8137899041175842,128.92294311523438,9.424192428588867,0.07513713836669922,0.0
True,False,False,False,342,13.679999351501465,0.25217917561531067,20.52126693725586,0.8137899041175842,128.92294311523438,9.424192428588867,0.07513713836669922,0.0
True,False,False,False,342,13.679999351501465,0.252202570438385,20.5213623046875,0.8137861490249634,128.9252471923828,9.424360275268555,0.0751596987247467,0.0
True,False,False,False,342,13.679999351501465,0.252202570438385,20.5213623046875,0.8137861490249634,128.9252471923828,9.424360275268555,0.0751596987247467,0.0
True,False,False,False,342,13.679999351501465,0.252202570438385,20.5213623046875,0.8137861490249634,128.9252471923828,9.424360275268555,0.0751596987247467,0.0
True,False,False,False,342,13.679999351501465,0.252202570438385,20.5213623046875,0.8137861490249634,128.9252471923828,9.424360275268555,0.0751596987247467,0.0
True,False,False,False,342,13.679999351501465,0.252202570438385,20.5213623046875,0.8137861490249634,128.9252471923828,9.424360275268555,0.0751596987247467,0.0
True,False,False,False,342,13.679999351501465,0.252202570438385,20.5213623046875,0.8137861490249634,128.9252471923828,9.424360275268555,0.0751596987247467,0.0
True,False,False,False,342,13.679999351501465,0.2575303912162781,20.519773483276367,0.813849151134491,128.89004516601562,9.42178726196289,0.07535523176193237,0.0
True,False,False,False,342,13.679999351501465,0.2575303912162781,20.519773483276367,0.813849151134491,128.89004516601562,9.42178726196289,0.07535523176193237,0.0
True,False,False,False,342,13.679999351501465,0.2575303912162781,20.519773483276367,0.813849151134491,128.89004516601562,9.42178726196289,0.07535523176193237,0.0
True,False,False,False,342,13.679999351501465,0.2575303912162781,20.519773483276367,0.813849151134491,128.89004516601562,9.42178726196289,0.07535523176193237,0.0
True,False,False,False,342,13.679999351501465,0.2575303912162781,20.519773483276367,0.813849151134491,128.89004516601562,9.42178726196289,0.07535523176193237,0.0
True,False,False,False,342,13.679999351501465,0.25283002853393555,20.519819259643555,0.8138473629951477,128.8892364501953,9.421728134155273,0.07529988884925842,0.0
True,False,False,False,342,13.679999351501465,0.25283002853393555,20.519819259643555,0.8138473629951477,128.8892364501953,9.421728134155273,0.07529988884925842,0.0
True,False,False,False,342,13.679999351501465,0.252897173166275,20.519817352294922,0.8138474225997925,128.88792419433594,9.421632766723633,0.07525098323822021,0.0
True,False,False,False,342,13.679999351501465,0.25286540389060974,20.519683837890625,0.8138527274131775,128.88827514648438,9.42165756225586,0.07525098323822021,0.0
True,False,False,False,342,13.679999351501465,0.25277626514434814,20.519943237304688,0.8138424158096313,128.89097595214844,9.421854972839355,0.07529252767562866,0.0
True,False,False,False,342,13.679999351501465,0.25277626514434814,20.519943237304688,0.8138424158096313,128.89097595214844,9.421854972839355,0.07529252767562866,0.0
True,False,False,False,342,13.679999351501465,0.25286540389060974,20.519683837890625,0.8138527274131775,128.88827514648438,9.42165756225586,0.07525098323822021,0.0
True,False,False,False,342,13.679999351501465,0.25286540389060974,20.519683837890625,0.8138527274131775,128.88827514648438,9.42165756225586,0.07525098323822021,0.0
True,False,False,False,342,13.679999351501465,0.25283002853393555,20.519819259643555,0.8138473629951477,128.8892364501953,9.421728134155273,0.07529988884925842,0.0
True,False,False,False,342,13.679999351501465,0.25283002853393555,20.519819259643555,0.8138473629951477,128.8892364501953,9.421728134155273,0.07529988884925842,0.0
True,False,False,False,342,13.679999351501465,0.2575303912162781,20.519773483276367,0.813849151134491,128.89004516601562,9.42178726196289,0.07535523176193237,0.0
True,False,False,False,342,13.679999351501465,0.2575303912162781,20.519773483276367,0.813849151134491,128.89004516601562,9.42178726196289,0.07535523176193237,0.0
True,False,False,False,342,13.679999351501465,0.2575303912162781,20.519773483276367,0.813849151134491,128.89004516601562,9.42178726196289,0.07535523176193237,0.0
True,False,False,False,342,13.679999351501465,0.2575303912162781,20.519773483276367,0.813849151134491,128.89004516601562,9.42178726196289,0.07535523176193237,0.0
True,False,False,False,342,13.679999351501465,0.2575303912162781,20.519773483276367,0.813849151134491,128.89004516601562,9.42178726196289,0.07535523176193237,0.0
True,False,False,False,342,13.679999351501465,0.252202570438385,20.5213623046875,0.8137861490249634,128.9252471923828,9.424360275268555,0.0751596987247467,0.0
True,False,False,False,342,13.679999351501465,0.252202570438385,20.5213623046875,0.8137861490249634,128.9252471923828,9.424360275268555,0.0751596987247467,0.0
True,False,False,False,342,13.679999351501465,0.252202570438385,20.5213623046875,0.8137861490249634,128.9252471923828,9.424360275268555,0.0751596987247467,0.0
True,False,False,False,342,13.679999351501465,0.252202570438385,20.5213623046875,0.8137861490249634,128.9252471923828,9.424360275268555,0.0751596987247467,0.0
True,False,False,False,342,13.679999351501465,0.252202570438385,20.5213623046875,0.8137861490249634,128.9252471923828,9.424360275268555,0.0751596987247467,0.0
True,False,False,False,342,13.679999351501465,0.252202570438385,20.5213623046875,0.8137861490249634,128.9252471923828,9.424360275268555,0.0751596987247467,0.0
True,False,False,False,342,13.679999351501465,0.2521034777164459,20.52153778076172,0.8137792348861694,128.92718505859375,9.4245023727417,0.07516375184059143,0.0
True,False,False,False,342,13.679999351501465,0.2521034777164459,20.52153778076172,0.8137792348861694,128.92718505859375,9.4245023727417,0.07516375184059143,0.0
True,False,False,False,342,13.679999351501465,0.2521034777164459,20.52153778076172,0.8137792348861694,128.92718505859375,9.4245023727417,0.07516375184059143,0.0
True,False,False,False,342,13.679999351501465,0.2521034777164459,20.52153778076172,0.8137792348861694,128.92718505859375,9.4245023727417,0.07516375184059143,0.0
True,False,False,False,342,13.679999351501465,0.2521034777164459,20.52153778076172,0.8137792348861694,128.92718505859375,9.4245023727417,0.07516375184059143,0.0
True,False,False,False,342,13.679999351501465,0.2521034777164459,20.52153778076172,0.8137792348861694,128.92718505859375,9.4245023727417,0.07516375184059143,0.0
True,False,False,False,342,13.679999351501465,0.25287431478500366,20.519874572753906,0.813845157623291,128.89208984375,9.421936988830566,0.0753745436668396,0.0
True,False,False,False,342,13.679999351501465,0.25287431478500366,20.519874572753906,0.813845157623291,128.89208984375,9.421936988830566,0.0753745436668396,0.0
True,False,False,False,342,13.679999351501465,0.25287431478500366,20.519874572753906,0.813845157623291,128.89208984375,9.421936988830566,0.0753745436668396,0.0
True,False,False,False,342,13.679999351501465,0.25287431478500366,20.519874572753906,0.813845157623291,128.89208984375,9.421936988830566,0.0753745436668396,0.0
True,False,False,False,342,13.679999351501465,0.25287431478500366,20.519874572753906,0.813845157623291,128.89208984375,9.421936988830566,0.0753745436668396,0.0
True,False,False,False,342,13.679999351501465,0.2528834342956543,20.5198917388916,0.8138445019721985,128.8897247314453,9.421764373779297,0.07532164454460144,0.0
True,False,False,False,342,13.679999351501465,0.2528834342956543,20.5198917388916,0.8138445019721985,128.8897247314453,9.421764373779297,0.07532164454460144,0.0
True,False,False,False,342,13.679999351501465,0.2529159486293793,20.519865036010742,0.8138455748558044,128.88897705078125,9.421709060668945,0.07526710629463196,0.0
True,False,False,False,342,13.679999351501465,0.25289487838745117,20.519779205322266,0.8138489723205566,128.88998413085938,9.421782493591309,0.07526710629463196,0.0
True,False,False,False,342,13.679999351501465,0.25277161598205566,20.520036697387695,0.8138387799263,128.89187622070312,9.421920776367188,0.0753009021282196,0.0
True,False,False,False,342,13.679999351501465,0.25277161598205566,20.520036697387695,0.8138387799263,128.89187622070312,9.421920776367188,0.0753009021282196,0.0
True,False,False,False,342,13.679999351501465,0.25289487838745117,20.519779205322266,0.8138489723205566,128.88998413085938,9.421782493591309,0.07526710629463196,0.0
True,False,False,False,342,13.679999351501465,0.25289487838745117,20.519779205322266,0.8138489723205566,128.88998413085938,9.421782493591309,0.07526710629463196,0.0
True,False,False,False,342,13.679999351501465,0.2528834342956543,20.5198917388916,0.8138445019721985,128.8897247314453,9.421764373779297,0.07532164454460144,0.0
True,False,False,False,342,13.679999351501465,0.2528834342956543,20.5198917388916,0.8138445019721985,128.8897247314453,9.421764373779297,0.07532164454460144,0.0
True,False,False,False,342,13.679999351501465,0.25287431478500366,20.519874572753906,0.813845157623291,128.89208984375,9.421936988830566,0.0753745436668396,0.0
True,False,False,False,342,13.679999351501465,0.25287431478500366,20.519874572753906,0.813845157623291,128.89208984375,9.421936988830566,0.0753745436668396,0.0
True,False,False,False,342,13.679999351501465,0.25287431478500366,20.519874572753906,0.813845157623291,128.89208984375,9.421936988830566,0.0753745436668396,0.0
True,False,False,False,342,13.679999351501465,0.25287431478500366,20.519874572753906,0.813845157623291,128.89208984375,9.421936988830566,0.0753745436668396,0.0
True,False,False,False,342,13.679999351501465,0.25287431478500366,20.519874572753906,0.813845157623291,128.89208984375,9.421936988830566,0.0753745436668396,0.0
True,False,False,False,342,13.679999351501465,0.2521034777164459,20.52153778076172,0.8137792348861694,128.92718505859375,9.4245023727417,0.07516375184059143,0.0
True,False,False,False,342,13.679999351501465,0.2521034777164459,20.52153778076172,0.8137792348861694,128.92718505859375,9.4245023727417,0.07516375184059143,0.0
True,False,False,False,342,13.679999351501465,0.2521034777164459,20.52153778076172,0.8137792348861694,128.92718505859375,9.4245023727417,0.07516375184059143,0.0
True,False,False,False,342,13.679999351501465,0.2521034777164459,20.52153778076172,0.8137792348861694,128.92718505859375,9.4245023727417,0.07516375184059143,0.0
True,False,False,False,342,13.679999351501465,0.2521034777164459,20.52153778076172,0.8137792348861694,128.92718505859375,9.4245023727417,0.07516375184059143,0.0
True,False,False,False,342,13.679999351501465,0.2521034777164459,20.52153778076172,0.8137792348861694,128.92718505859375,9.4245023727417,0.07516375184059143,0.0
True,False,False,False,342,13.679999351501465,0.25210508704185486,20.52153968811035,0.8137791156768799,128.92733764648438,9.424513816833496,0.07516616582870483,0.0
True,False,False,False,342,13.679999351501465,0.25210508704185486,20.52153968811035,0.8137791156768799,128.92733764648438,9.424513816833496,0.07516616582870483,0.0
True,False,False,False,342,13.679999351501465,0.25210508704185486,20.52153968811035,0.8137791156768799,128.92733764648438,9.424513816833496,0.07516616582870483,0.0
True,False,False,False,342,13.679999351501465,0.25210508704185486,20.52153968811035,0.8137791156768799,128.92733764648438,9.424513816833496,0.07516616582870483,0.0
True,False,False,False,342,13.679999351501465,0.25210508704185486,20.52153968811035,0.8137791156768799,128.92733764648438,9.424513816833496,0.07516616582870483,0.0
True,False,False,False,342,13.679999351501465,0.25210508704185486,20.52153968811035,0.8137791156768799,128.92733764648438,9.424513816833496,0.07516616582870483,0.0
True,False,False,False,342,13.679999351501465,0.25287458300590515,20.519868850708008,0.8138453960418701,128.89210510253906,9.421937942504883,0.07535845041275024,0.0
True,False,False,False,342,13.679999351501465,0.25287458300590515,20.519868850708008,0.8138453960418701,128.89210510253906,9.421937942504883,0.07535845041275024,0.0
True,False,False,False,342,13.679999351501465,0.25287458300590515,20.519868850708008,0.8138453960418701,128.89210510253906,9.421937942504883,0.07535845041275024,0.0
True,False,False,False,342,13.679999351501465,0.25287458300590515,20.519868850708008,0.8138453960418701,128.89210510253906,9.421937942504883,0.07535845041275024,0.0
True,False,False,False,342,13.679999351501465,0.25287458300590515,20.519868850708008,0.8138453960418701,128.89210510253906,9.421937942504883,0.07535845041275024,0.0
True,False,False,False,342,13.679999351501465,0.2528863847255707,20.519906997680664,0.813843846321106,128.88992309570312,9.421778678894043,0.0753031075000763,0.0
True,False,False,False,342,13.679999351501465,0.2528863847255707,20.519906997680664,0.813843846321106,128.88992309570312,9.421778678894043,0.0753031075000763,0.0
True,False,False,False,342,13.679999351501465,0.25290507078170776,20.519899368286133,0.8138442039489746,128.8892822265625,9.421731948852539,0.07525423169136047,0.0
True,False,False,False,342,13.679999351501465,0.2528853118419647,20.51982307434082,0.8138472437858582,128.890380859375,9.421812057495117,0.07525423169136047,0.0
True,False,False,False,342,13.679999351501465,0.25276654958724976,20.520095825195312,0.813836395740509,128.89291381835938,9.4219970703125,0.07529574632644653,0.0
True,False,False,False,342,13.679999351501465,0.25276654958724976,20.520095825195312,0.813836395740509,128.89291381835938,9.4219970703125,0.07529574632644653,0.0
True,False,False,False,342,13.679999351501465,0.2528853118419647,20.51982307434082,0.8138472437858582,128.890380859375,9.421812057495117,0.07525423169136047,0.0
True,False,False,False,342,13.679999351501465,0.2528853118419647,20.51982307434082,0.8138472437858582,128.890380859375,9.421812057495117,0.07525423169136047,0.0
True,False,False,False,342,13.679999351501465,0.2528863847255707,20.519906997680664,0.813843846321106,128.88992309570312,9.421778678894043,0.0753031075000763,0.0
True,False,False,False,342,13.679999351501465,0.2528863847255707,20.519906997680664,0.813843846321106,128.88992309570312,9.421778678894043,0.0753031075000763,0.0
True,False,False,False,342,13.679999351501465,0.25287458300590515,20.519868850708008,0.8138453960418701,128.89210510253906,9.421937942504883,0.07535845041275024,0.0
True,False,False,False,342,13.679999351501465,0.25287458300590515,20.519868850708008,0.8138453960418701,128.89210510253906,9.421937942504883,0.07535845041275024,0.0
True,False,False,False,342,13.679999351501465,0.25287458300590515,20.519868850708008,0.8138453960418701,128.89210510253906,9.421937942504883,0.07535845041275024,0.0
True,False,False,False,342,13.679999351501465,0.25287458300590515,20.519868850708008,0.8138453960418701,128.89210510253906,9.421937942504883,0.07535845041275024,0.0
True,False,False,False,342,13.679999351501465,0.25287458300590515,20.519868850708008,0.8138453960418701,128.89210510253906,9.421937942504883,0.07535845041275024,0.0
True,False,False,False,342,13.679999351501465,0.25210508704185486,20.52153968811035,0.8137791156768799,128.92733764648438,9.424513816833496,0.07516616582870483,0.0
True,False,False,False,342,13.679999351501465,0.25210508704185486,20.52153968811035,0.8137791156768799,128.92733764648438,9.424513816833496,0.07516616582870483,0.0
True,False,False,False,342,13.679999351501465,0.25210508704185486,20.52153968811035,0.8137791156768799,128.92733764648438,9.424513816833496,0.07516616582870483,0.0
True,False,False,False,342,13.679999351501465,0.25210508704185486,20.52153968811035,0.8137791156768799,128.92733764648438,9.424513816833496,0.07516616582870483,0.0
True,False,False,False,342,13.679999351501465,0.25210508704185486,20.52153968811035,0.8137791156768799,128.92733764648438,9.424513816833496,0.07516616582870483,0.0
True,False,False,False,342,13.679999351501465,0.25210508704185486,20.52153968811035,0.8137791156768799,128.92733764648438,9.424513816833496,0.07516616582870483,0.0
True,False,False,False,342,13.679999351501465,0.2522217631340027,20.521461486816406,0.8137822151184082,128.9263458251953,9.42444133758545,0.07513713836669922,0.0
True,False,False,False,342,13.679999351501465,0.2522217631340027,20.521461486816406,0.8137822151184082,128.9263458251953,9.42444133758545,0.07513713836669922,0.0
True,False,False,False,342,13.679999351501465,0.2522217631340027,20.521461486816406,0.8137822151184082,128.9263458251953,9.42444133758545,0.07513713836669922,0.0
True,False,False,False,342,13.679999351501465,0.2522217631340027,20.521461486816406,0.8137822151184082,128.9263458251953,9.42444133758545,0.07513713836669922,0.0
True,False,False,False,342,13.679999351501465,0.2522217631340027,20.521461486816406,0.8137822151184082,128.9263458251953,9.42444133758545,0.07513713836669922,0.0
True,False,False,False,342,13.679999351501465,0.2522217631340027,20.521461486816406,0.8137822151184082,128.9263458251953,9.42444133758545,0.07513713836669922,0.0
True,False,False,False,342,13.679999351501465,0.25287216901779175,20.519882202148438,0.8138448596000671,128.89173889160156,9.421911239624023,0.07535845041275024,0.0
True,False,False,False,342,13.679999351501465,0.25287216901779175,20.519882202148438,0.8138448596000671,128.89173889160156,9.421911239624023,0.07535845041275024,0.0
True,False,False,False,342,13.679999351501465,0.25287216901779175,20.519882202148438,0.8138448596000671,128.89173889160156,9.421911239624023,0.07535845041275024,0.0
True,False,False,False,342,13.679999351501465,0.25287216901779175,20.519882202148438,0.8138448596000671,128.89173889160156,9.421911239624023,0.07535845041275024,0.0
True,False,False,False,342,13.679999351501465,0.25287216901779175,20.519882202148438,0.8138448596000671,128.89173889160156,9.421911239624023,0.07535845041275024,0.0
True,False,False,False,342,13.679999351501465,0.25284716486930847,20.519878387451172,0.8138449788093567,128.88963317871094,9.421757698059082,0.0753031075000763,0.0
True,False,False,False,342,13.679999351501465,0.25284716486930847,20.519878387451172,0.8138449788093567,128.88963317871094,9.421757698059082,0.0753031075000763,0.0
True,False,False,False,342,13.679999351501465,0.2529121935367584,20.51987075805664,0.8138452768325806,128.8885955810547,9.42168140411377,0.07524776458740234,0.0
True,False,False,False,342,13.679999351501465,0.252888947725296,20.519765853881836,0.8138494491577148,128.8892059326172,9.42172622680664,0.07524776458740234,0.0
True,False,False,False,342,13.679999351501465,0.252772718667984,20.52007293701172,0.8138372898101807,128.89198303222656,9.421929359436035,0.07529273629188538,0.0
True,False,False,False,342,13.679999351501465,0.252772718667984,20.52007293701172,0.8138372898101807,128.89198303222656,9.421929359436035,0.07529273629188538,0.0
True,False,False,False,342,13.679999351501465,0.252888947725296,20.519765853881836,0.8138494491577148,128.8892059326172,9.42172622680664,0.07524776458740234,0.0
True,False,False,False,342,13.679999351501465,0.252888947725296,20.519765853881836,0.8138494491577148,128.8892059326172,9.42172622680664,0.07524776458740234,0.0
True,False,False,False,342,13.679999351501465,0.25284716486930847,20.519878387451172,0.8138449788093567,128.88963317871094,9.421757698059082,0.0753031075000763,0.0
True,False,False,False,342,13.679999351501465,0.25284716486930847,20.519878387451172,0.8138449788093567,128.88963317871094,9.421757698059082,0.0753031075000763,0.0
True,False,False,False,342,13.679999351501465,0.25287216901779175,20.519882202148438,0.8138448596000671,128.89173889160156,9.421911239624023,0.07535845041275024,0.0
True,False,False,False,342,13.679999351501465,0.25287216901779175,20.519882202148438,0.8138448596000671,128.89173889160156,9.421911239624023,0.07535845041275024,0.0
True,False,False,False,342,13.679999351501465,0.25287216901779175,20.519882202148438,0.8138448596000671,128.89173889160156,9.421911239624023,0.07535845041275024,0.0
True,False,False,False,342,13.679999351501465,0.25287216901779175,20.519882202148438,0.8138448596000671,128.89173889160156,9.421911239624023,0.07535845041275024,0.0
True,False,False,False,342,13.679999351501465,0.25287216901779175,20.519882202148438,0.8138448596000671,128.89173889160156,9.421911239624023,0.07535845041275024,0.0
True,False,False,False,342,13.679999351501465,0.2522217631340027,20.521461486816406,0.8137822151184082,128.9263458251953,9.42444133758545,0.07513713836669922,0.0
True,False,False,False,342,13.679999351501465,0.2522217631340027,20.521461486816406,0.8137822151184082,128.9263458251953,9.42444133758545,0.07513713836669922,0.0
True,False,False,False,342,13.679999351501465,0.2522217631340027,20.521461486816406,0.8137822151184082,128.9263458251953,9.42444133758545,0.07513713836669922,0.0
True,False,False,False,342,13.679999351501465,0.2522217631340027,20.521461486816406,0.8137822151184082,128.9263458251953,9.42444133758545,0.07513713836669922,0.0
True,False,False,False,342,13.679999351501465,0.2522217631340027,20.521461486816406,0.8137822151184082,128.9263458251953,9.42444133758545,0.07513713836669922,0.0
True,False,False,False,342,13.679999351501465,0.2522217631340027,20.521461486816406,0.8137822151184082,128.9263458251953,9.42444133758545,0.07513713836669922,0.0
True,False,False,False,342,13.679999351501465,0.2522047162055969,20.52140235900879,0.8137845993041992,128.92529296875,9.42436408996582,0.07515648007392883,0.0
True,False,False,False,342,13.679999351501465,0.2522047162055969,20.52140235900879,0.8137845993041992,128.92529296875,9.42436408996582,0.07515648007392883,0.0
True,False,False,False,342,13.679999351501465,0.2522047162055969,20.52140235900879,0.8137845993041992,128.92529296875,9.42436408996582,0.07515648007392883,0.0
True,False,False,False,342,13.679999351501465,0.2522047162055969,20.52140235900879,0.8137845993041992,128.92529296875,9.42436408996582,0.07515648007392883,0.0
True,False,False,False,342,13.679999351501465,0.2522047162055969,20.52140235900879,0.8137845993041992,128.92529296875,9.42436408996582,0.07515648007392883,0.0
True,False,False,False,342,13.679999351501465,0.2522047162055969,20.52140235900879,0.8137845993041992,128.92529296875,9.42436408996582,0.07515648007392883,0.0
True,False,False,False,342,13.679999351501465,0.25751975178718567,20.519609451293945,0.8138557076454163,128.88760375976562,9.421608924865723,0.07536488771438599,0.0
True,False,False,False,342,13.679999351501465,0.25751975178718567,20.519609451293945,0.8138557076454163,128.88760375976562,9.421608924865723,0.07536488771438599,0.0
True,False,False,False,342,13.679999351501465,0.25751975178718567,20.519609451293945,0.8138557076454163,128.88760375976562,9.421608924865723,0.07536488771438599,0.0
True,False,False,False,342,13.679999351501465,0.25751975178718567,20.519609451293945,0.8138557076454163,128.88760375976562,9.421608924865723,0.07536488771438599,0.0
True,False,False,False,342,13.679999351501465,0.25751975178718567,20.519609451293945,0.8138557076454163,128.88760375976562,9.421608924865723,0.07536488771438599,0.0
True,False,False,False,342,13.679999351501465,0.25281500816345215,20.519729614257812,0.8138508796691895,128.88682556152344,9.421551704406738,0.07530954480171204,0.0
True,False,False,False,342,13.679999351501465,0.25281500816345215,20.519729614257812,0.8138508796691895,128.88682556152344,9.421551704406738,0.07530954480171204,0.0
True,False,False,False,342,13.679999351501465,0.2529084086418152,20.51972198486328,0.8138512372970581,128.88516235351562,9.421430587768555,0.07525423169136047,0.0
True,False,False,False,342,13.679999351501465,0.25289681553840637,20.51961898803711,0.8138552904129028,128.88604736328125,9.42149543762207,0.07525423169136047,0.0
True,False,False,False,342,13.679999351501465,0.25277164578437805,20.519807815551758,0.8138477802276611,128.8881378173828,9.421648025512695,0.07529225945472717,0.0
True,False,False,False,342,13.679999351501465,0.25277164578437805,20.519807815551758,0.8138477802276611,128.8881378173828,9.421648025512695,0.07529225945472717,0.0
True,False,False,False,342,13.679999351501465,0.25289681553840637,20.51961898803711,0.8138552904129028,128.88604736328125,9.42149543762207,0.07525423169136047,0.0
True,False,False,False,342,13.679999351501465,0.25289681553840637,20.51961898803711,0.8138552904129028,128.88604736328125,9.42149543762207,0.07525423169136047,0.0
True,False,False,False,342,13.679999351501465,0.25281500816345215,20.519729614257812,0.8138508796691895,128.88682556152344,9.421551704406738,0.07530954480171204,0.0
True,False,False,False,342,13.679999351501465,0.25281500816345215,20.519729614257812,0.8138508796691895,128.88682556152344,9.421551704406738,0.07530954480171204,0.0
True,False,False,False,342,13.679999351501465,0.25751975178718567,20.519609451293945,0.8138557076454163,128.88760375976562,9.421608924865723,0.07536488771438599,0.0
True,False,False,False,342,13.679999351501465,0.25751975178718567,20.519609451293945,0.8138557076454163,128.88760375976562,9.421608924865723,0.07536488771438599,0.0
True,False,False,False,342,13.679999351501465,0.25751975178718567,20.519609451293945,0.8138557076454163,128.88760375976562,9.421608924865723,0.07536488771438599,0.0
True,False,False,False,342,13.679999351501465,0.25751975178718567,20.519609451293945,0.8138557076454163,128.88760375976562,9.421608924865723,0.07536488771438599,0.0
True,False,False,False,342,13.679999351501465,0.25751975178718567,20.519609451293945,0.8138557076454163,128.88760375976562,9.421608924865723,0.07536488771438599,0.0
True,False,False,False,342,13.679999351501465,0.2522047162055969,20.52140235900879,0.8137845993041992,128.92529296875,9.42436408996582,0.07515648007392883,0.0
True,False,False,False,342,13.679999351501465,0.2522047162055969,20.52140235900879,0.8137845993041992,128.92529296875,9.42436408996582,0.07515648007392883,0.0
True,False,False,False,342,13.679999351501465,0.2522047162055969,20.52140235900879,0.8137845993041992,128.92529296875,9.42436408996582,0.07515648007392883,0.0
True,False,False,False,342,13.679999351501465,0.2522047162055969,20.52140235900879,0.8137845993041992,128.92529296875,9.42436408996582,0.07515648007392883,0.0
True,False,False,False,342,13.679999351501465,0.2522047162055969,20.52140235900879,0.8137845993041992,128.92529296875,9.42436408996582,0.07515648007392883,0.0
True,False,False,False,342,13.679999351501465,0.2522047162055969,20.52140235900879,0.8137845993041992,128.92529296875,9.42436408996582,0.07515648007392883,0.0
True,False,False,False,342,13.679999351501465,0.2521536946296692,20.521198272705078,0.8137926459312439,128.92124938964844,9.424068450927734,0.07515648007392883,0.0
True,False,False,False,342,13.679999351501465,0.2521536946296692,20.521198272705078,0.8137926459312439,128.92124938964844,9.424068450927734,0.07515648007392883,0.0
True,False,False,False,342,13.679999351501465,0.2521536946296692,20.521198272705078,0.8137926459312439,128.92124938964844,9.424068450927734,0.07515648007392883,0.0
True,False,False,False,342,13.679999351501465,0.2521536946296692,20.521198272705078,0.8137926459312439,128.92124938964844,9.424068450927734,0.07515648007392883,0.0
True,False,False,False,342,13.679999351501465,0.2521536946296692,20.521198272705078,0.8137926459312439,128.92124938964844,9.424068450927734,0.07515648007392883,0.0
True,False,False,False,342,13.679999351501465,0.2521536946296692,20.521198272705078,0.8137926459312439,128.92124938964844,9.424068450927734,0.07515648007392883,0.0
True,False,False,False,342,13.679999351501465,0.2575027346611023,20.51958656311035,0.8138565421104431,128.88671875,9.421544075012207,0.07536488771438599,0.0
True,False,False,False,342,13.679999351501465,0.2575027346611023,20.51958656311035,0.8138565421104431,128.88671875,9.421544075012207,0.07536488771438599,0.0
True,False,False,False,342,13.679999351501465,0.2575027346611023,20.51958656311035,0.8138565421104431,128.88671875,9.421544075012207,0.07536488771438599,0.0
True,False,False,False,342,13.679999351501465,0.2575027346611023,20.51958656311035,0.8138565421104431,128.88671875,9.421544075012207,0.07536488771438599,0.0
True,False,False,False,342,13.679999351501465,0.2575027346611023,20.51958656311035,0.8138565421104431,128.88671875,9.421544075012207,0.07536488771438599,0.0
True,False,False,False,342,13.679999351501465,0.25278931856155396,20.519577026367188,0.8138570189476013,128.88436889648438,9.421372413635254,0.07530954480171204,0.0
True,False,False,False,342,13.679999351501465,0.25278931856155396,20.519577026367188,0.8138570189476013,128.88436889648438,9.421372413635254,0.07530954480171204,0.0
True,False,False,False,342,13.679999351501465,0.2528930902481079,20.519582748413086,0.8138567209243774,128.88296508789062,9.421269416809082,0.07525423169136047,0.0
True,False,False,False,342,13.679999351501465,0.2529004216194153,20.51945686340332,0.8138617277145386,128.88323974609375,9.421289443969727,0.07525423169136047,0.0
True,False,False,False,342,13.679999351501465,0.25278809666633606,20.519655227661133,0.8138538599014282,128.88587951660156,9.421483039855957,0.07529225945472717,0.0
True,False,False,False,342,13.679999351501465,0.25278809666633606,20.519655227661133,0.8138538599014282,128.88587951660156,9.421483039855957,0.07529225945472717,0.0
True,False,False,False,342,13.679999351501465,0.2529004216194153,20.51945686340332,0.8138617277145386,128.88323974609375,9.421289443969727,0.07525423169136047,0.0
True,False,False,False,342,13.679999351501465,0.2529004216194153,20.51945686340332,0.8138617277145386,128.88323974609375,9.421289443969727,0.07525423169136047,0.0
True,False,False,False,342,13.679999351501465,0.25278931856155396,20.519577026367188,0.8138570189476013,128.88436889648438,9.421372413635254,0.07530954480171204,0.0
True,False,False,False,342,13.679999351501465,0.25278931856155396,20.519577026367188,0.8138570189476013,128.88436889648438,9.421372413635254,0.07530954480171204,0.0
True,False,False,False,342,13.679999351501465,0.2575027346611023,20.51958656311035,0.8138565421104431,128.88671875,9.421544075012207,0.07536488771438599,0.0
True,False,False,False,342,13.679999351501465,0.2575027346611023,20.51958656311035,0.8138565421104431,128.88671875,9.421544075012207,0.07536488771438599,0.0
True,False,False,False,342,13.679999351501465,0.2575027346611023,20.51958656311035,0.8138565421104431,128.88671875,9.421544075012207,0.07536488771438599,0.0
True,False,False,False,342,13.679999351501465,0.2575027346611023,20.51958656311035,0.8138565421104431,128.88671875,9.421544075012207,0.07536488771438599,0.0
True,False,False,False,342,13.679999351501465,0.2575027346611023,20.51958656311035,0.8138565421104431,128.88671875,9.421544075012207,0.07536488771438599,0.0
True,False,False,False,342,13.679999351501465,0.2521536946296692,20.521198272705078,0.8137926459312439,128.92124938964844,9.424068450927734,0.07515648007392883,0.0
True,False,False,False,342,13.679999351501465,0.2521536946296692,20.521198272705078,0.8137926459312439,128.92124938964844,9.424068450927734,0.07515648007392883,0.0
True,False,False,False,342,13.679999351501465,0.2521536946296692,20.521198272705078,0.8137926459312439,128.92124938964844,9.424068450927734,0.07515648007392883,0.0
True,False,False,False,342,13.679999351501465,0.2521536946296692,20.521198272705078,0.8137926459312439,128.92124938964844,9.424068450927734,0.07515648007392883,0.0
True,False,False,False,342,13.679999351501465,0.2521536946296692,20.521198272705078,0.8137926459312439,128.92124938964844,9.424068450927734,0.07515648007392883,0.0
True,False,False,False,342,13.679999351501465,0.2521536946296692,20.521198272705078,0.8137926459312439,128.92124938964844,9.424068450927734,0.07515648007392883,0.0
True,False,False,False,342,13.679999351501465,0.2521536946296692,20.521198272705078,0.8137926459312439,128.92124938964844,9.424068450927734,0.07515648007392883,0.0
True,False,False,False,342,13.679999351501465,0.2521536946296692,20.521198272705078,0.8137926459312439,128.92124938964844,9.424068450927734,0.07515648007392883,0.0
True,False,False,False,342,13.679999351501465,0.2521536946296692,20.521198272705078,0.8137926459312439,128.92124938964844,9.424068450927734,0.07515648007392883,0.0
True,False,False,False,342,13.679999351501465,0.2521536946296692,20.521198272705078,0.8137926459312439,128.92124938964844,9.424068450927734,0.07515648007392883,0.0
True,False,False,False,342,13.679999351501465,0.2521536946296692,20.521198272705078,0.8137926459312439,128.92124938964844,9.424068450927734,0.07515648007392883,0.0
True,False,False,False,342,13.679999351501465,0.2521536946296692,20.521198272705078,0.8137926459312439,128.92124938964844,9.424068450927734,0.07515648007392883,0.0
True,False,False,False,342,13.679999351501465,0.2575027346611023,20.51958656311035,0.8138565421104431,128.88671875,9.421544075012207,0.07536488771438599,0.0
True,False,False,False,342,13.679999351501465,0.2575027346611023,20.51958656311035,0.8138565421104431,128.88671875,9.421544075012207,0.07536488771438599,0.0
True,False,False,False,342,13.679999351501465,0.2575027346611023,20.51958656311035,0.8138565421104431,128.88671875,9.421544075012207,0.07536488771438599,0.0
True,False,False,False,342,13.679999351501465,0.2575027346611023,20.51958656311035,0.8138565421104431,128.88671875,9.421544075012207,0.07536488771438599,0.0
True,False,False,False,342,13.679999351501465,0.2575027346611023,20.51958656311035,0.8138565421104431,128.88671875,9.421544075012207,0.07536488771438599,0.0
True,False,False,False,342,13.679999351501465,0.25278931856155396,20.519577026367188,0.8138570189476013,128.88436889648438,9.421372413635254,0.07530954480171204,0.0
True,False,False,False,342,13.679999351501465,0.25278931856155396,20.519577026367188,0.8138570189476013,128.88436889648438,9.421372413635254,0.07530954480171204,0.0
True,False,False,False,342,13.679999351501465,0.2528930902481079,20.519582748413086,0.8138567209243774,128.88296508789062,9.421269416809082,0.07525423169136047,0.0
True,False,False,False,342,13.679999351501465,0.2529004216194153,20.51945686340332,0.8138617277145386,128.88323974609375,9.421289443969727,0.07525423169136047,0.0
True,False,False,False,342,13.679999351501465,0.25278809666633606,20.519655227661133,0.8138538599014282,128.88587951660156,9.421483039855957,0.07529225945472717,0.0
True,False,False,False,342,13.679999351501465,0.25278809666633606,20.519655227661133,0.8138538599014282,128.88587951660156,9.421483039855957,0.07529225945472717,0.0
True,False,False,False,342,13.679999351501465,0.2529004216194153,20.51945686340332,0.8138617277145386,128.88323974609375,9.421289443969727,0.07525423169136047,0.0
True,False,False,False,342,13.679999351501465,0.2529004216194153,20.51945686340332,0.8138617277145386,128.88323974609375,9.421289443969727,0.07525423169136047,0.0
True,False,False,False,342,13.679999351501465,0.25278931856155396,20.519577026367188,0.8138570189476013,128.88436889648438,9.421372413635254,0.07530954480171204,0.0
True,False,False,False,342,13.679999351501465,0.25278931856155396,20.519577026367188,0.8138570189476013,128.88436889648438,9.421372413635254,0.07530954480171204,0.0
True,False,False,False,342,13.679999351501465,0.2575027346611023,20.51958656311035,0.8138565421104431,128.88671875,9.421544075012207,0.07536488771438599,0.0
True,False,False,False,342,13.679999351501465,0.2575027346611023,20.51958656311035,0.8138565421104431,128.88671875,9.421544075012207,0.07536488771438599,0.0
True,False,False,False,342,13.679999351501465,0.2575027346611023,20.51958656311035,0.8138565421104431,128.88671875,9.421544075012207,0.07536488771438599,0.0
True,False,False,False,342,13.679999351501465,0.2575027346611023,20.51958656311035,0.8138565421104431,128.88671875,9.421544075012207,0.07536488771438599,0.0
True,False,False,False,342,13.679999351501465,0.2575027346611023,20.51958656311035,0.8138565421104431,128.88671875,9.421544075012207,0.07536488771438599,0.0
True,False,False,False,342,13.679999351501465,0.2521536946296692,20.521198272705078,0.8137926459312439,128.92124938964844,9.424068450927734,0.07515648007392883,0.0
True,False,False,False,342,13.679999351501465,0.2521536946296692,20.521198272705078,0.8137926459312439,128.92124938964844,9.424068450927734,0.07515648007392883,0.0
True,False,False,False,342,13.679999351501465,0.2521536946296692,20.521198272705078,0.8137926459312439,128.92124938964844,9.424068450927734,0.07515648007392883,0.0
True,False,False,False,342,13.679999351501465,0.2521536946296692,20.521198272705078,0.8137926459312439,128.92124938964844,9.424068450927734,0.07515648007392883,0.0
True,False,False,False,342,13.679999351501465,0.2521536946296692,20.521198272705078,0.8137926459312439,128.92124938964844,9.424068450927734,0.07515648007392883,0.0
True,False,False,False,342,13.679999351501465,0.2521536946296692,20.521198272705078,0.8137926459312439,128.92124938964844,9.424068450927734,0.07515648007392883,0.0
True,False,False,False,342,13.679999351501465,0.2521706819534302,20.52138900756836,0.8137850761413574,128.9253387451172,9.42436695098877,0.0751693844795227,0.0
True,False,False,False,342,13.679999351501465,0.2521706819534302,20.52138900756836,0.8137850761413574,128.9253387451172,9.42436695098877,0.0751693844795227,0.0
True,False,False,False,342,13.679999351501465,0.2521706819534302,20.52138900756836,0.8137850761413574,128.9253387451172,9.42436695098877,0.0751693844795227,0.0
True,False,False,False,342,13.679999351501465,0.2521706819534302,20.52138900756836,0.8137850761413574,128.9253387451172,9.42436695098877,0.0751693844795227,0.0
True,False,False,False,342,13.679999351501465,0.2521706819534302,20.52138900756836,0.8137850761413574,128.9253387451172,9.42436695098877,0.0751693844795227,0.0
True,False,False,False,342,13.679999351501465,0.2521706819534302,20.52138900756836,0.8137850761413574,128.9253387451172,9.42436695098877,0.0751693844795227,0.0
True,False,False,False,342,13.679999351501465,0.2532862424850464,20.51955223083496,0.813857913017273,128.9105987548828,9.423290252685547,0.07539066672325134,0.0
True,False,False,False,342,13.679999351501465,0.2532862424850464,20.51955223083496,0.813857913017273,128.9105987548828,9.423290252685547,0.07539066672325134,0.0
True,False,False,False,342,13.679999351501465,0.2532862424850464,20.51955223083496,0.813857913017273,128.9105987548828,9.423290252685547,0.07539066672325134,0.0
True,False,False,False,342,13.679999351501465,0.2532862424850464,20.51955223083496,0.813857913017273,128.9105987548828,9.423290252685547,0.07539066672325134,0.0
True,False,False,False,342,13.679999351501465,0.2532862424850464,20.51955223083496,0.813857913017273,128.9105987548828,9.423290252685547,0.07539066672325134,0.0
True,False,False,False,342,13.679999351501465,0.2527807652950287,20.519643783569336,0.8138543367385864,128.88645935058594,9.421525001525879,0.07533532381057739,0.0
True,False,False,False,342,13.679999351501465,0.2527807652950287,20.519643783569336,0.8138543367385864,128.88645935058594,9.421525001525879,0.07533532381057739,0.0
True,False,False,False,342,13.679999351501465,0.25284668803215027,20.519588470458984,0.8138564825057983,128.8855743408203,9.421460151672363,0.07528001070022583,0.0
True,False,False,False,342,13.679999351501465,0.25285401940345764,20.51953125,0.8138588070869446,128.88601684570312,9.421492576599121,0.07528001070022583,0.0
True,False,False,False,342,13.679999351501465,0.25273802876472473,20.519718170166016,0.8138514161109924,128.88916015625,9.421722412109375,0.07532152533531189,0.0
True,False,False,False,342,13.679999351501465,0.25273802876472473,20.519718170166016,0.8138514161109924,128.88916015625,9.421722412109375,0.07532152533531189,0.0
True,False,False,False,342,13.679999351501465,0.25285401940345764,20.51953125,0.8138588070869446,128.88601684570312,9.421492576599121,0.07528001070022583,0.0
True,False,False,False,342,13.679999351501465,0.25285401940345764,20.51953125,0.8138588070869446,128.88601684570312,9.421492576599121,0.07528001070022583,0.0
True,False,False,False,342,13.679999351501465,0.2527807652950287,20.519643783569336,0.8138543367385864,128.88645935058594,9.421525001525879,0.07533532381057739,0.0
True,False,False,False,342,13.679999351501465,0.2527807652950287,20.519643783569336,0.8138543367385864,128.88645935058594,9.421525001525879,0.07533532381057739,0.0
True,False,False,False,342,13.679999351501465,0.2532862424850464,20.51955223083496,0.813857913017273,128.9105987548828,9.423290252685547,0.07539066672325134,0.0
True,False,False,False,342,13.679999351501465,0.2532862424850464,20.51955223083496,0.813857913017273,128.9105987548828,9.423290252685547,0.07539066672325134,0.0
True,False,False,False,342,13.679999351501465,0.2532862424850464,20.51955223083496,0.813857913017273,128.9105987548828,9.423290252685547,0.07539066672325134,0.0
True,False,False,False,342,13.679999351501465,0.2532862424850464,20.51955223083496,0.813857913017273,128.9105987548828,9.423290252685547,0.07539066672325134,0.0
True,False,False,False,342,13.679999351501465,0.2532862424850464,20.51955223083496,0.813857913017273,128.9105987548828,9.423290252685547,0.07539066672325134,0.0
True,False,False,False,342,13.679999351501465,0.2521706819534302,20.52138900756836,0.8137850761413574,128.9253387451172,9.42436695098877,0.0751693844795227,0.0
True,False,False,False,342,13.679999351501465,0.2521706819534302,20.52138900756836,0.8137850761413574,128.9253387451172,9.42436695098877,0.0751693844795227,0.0
True,False,False,False,342,13.679999351501465,0.2521706819534302,20.52138900756836,0.8137850761413574,128.9253387451172,9.42436695098877,0.0751693844795227,0.0
True,False,False,False,342,13.679999351501465,0.2521706819534302,20.52138900756836,0.8137850761413574,128.9253387451172,9.42436695098877,0.0751693844795227,0.0
True,False,False,False,342,13.679999351501465,0.2521706819534302,20.52138900756836,0.8137850761413574,128.9253387451172,9.42436695098877,0.0751693844795227,0.0
True,False,False,False,342,13.679999351501465,0.2521706819534302,20.52138900756836,0.8137850761413574,128.9253387451172,9.42436695098877,0.0751693844795227,0.0
True,False,False,False,342,13.679999351501465,0.2521706819534302,20.52138900756836,0.8137850761413574,128.9253387451172,9.42436695098877,0.0751693844795227,0.0
True,False,False,False,342,13.679999351501465,0.2521706819534302,20.52138900756836,0.8137850761413574,128.9253387451172,9.42436695098877,0.0751693844795227,0.0
True,False,False,False,342,13.679999351501465,0.2521706819534302,20.52138900756836,0.8137850761413574,128.9253387451172,9.42436695098877,0.0751693844795227,0.0
True,False,False,False,342,13.679999351501465,0.2521706819534302,20.52138900756836,0.8137850761413574,128.9253387451172,9.42436695098877,0.0751693844795227,0.0
True,False,False,False,342,13.679999351501465,0.2521706819534302,20.52138900756836,0.8137850761413574,128.9253387451172,9.42436695098877,0.0751693844795227,0.0
True,False,False,False,342,13.679999351501465,0.2521706819534302,20.52138900756836,0.8137850761413574,128.9253387451172,9.42436695098877,0.0751693844795227,0.0
True,False,False,False,342,13.679999351501465,0.2532862424850464,20.51955223083496,0.813857913017273,128.9105987548828,9.423290252685547,0.07539066672325134,0.0
True,False,False,False,342,13.679999351501465,0.2532862424850464,20.51955223083496,0.813857913017273,128.9105987548828,9.423290252685547,0.07539066672325134,0.0
True,False,False,False,342,13.679999351501465,0.2532862424850464,20.51955223083496,0.813857913017273,128.9105987548828,9.423290252685547,0.07539066672325134,0.0
True,False,False,False,342,13.679999351501465,0.2532862424850464,20.51955223083496,0.813857913017273,128.9105987548828,9.423290252685547,0.07539066672325134,0.0
True,False,False,False,342,13.679999351501465,0.2532862424850464,20.51955223083496,0.813857913017273,128.9105987548828,9.423290252685547,0.07539066672325134,0.0
True,False,False,False,342,13.679999351501465,0.2527807652950287,20.519643783569336,0.8138543367385864,128.88645935058594,9.421525001525879,0.07533532381057739,0.0
True,False,False,False,342,13.679999351501465,0.2527807652950287,20.519643783569336,0.8138543367385864,128.88645935058594,9.421525001525879,0.07533532381057739,0.0
True,False,False,False,342,13.679999351501465,0.25284668803215027,20.519588470458984,0.8138564825057983,128.8855743408203,9.421460151672363,0.07528001070022583,0.0
True,False,False,False,342,13.679999351501465,0.25285401940345764,20.51953125,0.8138588070869446,128.88601684570312,9.421492576599121,0.07528001070022583,0.0
True,False,False,False,342,13.679999351501465,0.25273802876472473,20.519718170166016,0.8138514161109924,128.88916015625,9.421722412109375,0.07532152533531189,0.0
True,False,False,False,342,13.679999351501465,0.25273802876472473,20.519718170166016,0.8138514161109924,128.88916015625,9.421722412109375,0.07532152533531189,0.0
True,False,False,False,342,13.679999351501465,0.25285401940345764,20.51953125,0.8138588070869446,128.88601684570312,9.421492576599121,0.07528001070022583,0.0
True,False,False,False,342,13.679999351501465,0.25285401940345764,20.51953125,0.8138588070869446,128.88601684570312,9.421492576599121,0.07528001070022583,0.0
True,False,False,False,342,13.679999351501465,0.2527807652950287,20.519643783569336,0.8138543367385864,128.88645935058594,9.421525001525879,0.07533532381057739,0.0
True,False,False,False,342,13.679999351501465,0.2527807652950287,20.519643783569336,0.8138543367385864,128.88645935058594,9.421525001525879,0.07533532381057739,0.0
True,False,False,False,342,13.679999351501465,0.2532862424850464,20.51955223083496,0.813857913017273,128.9105987548828,9.423290252685547,0.07539066672325134,0.0
True,False,False,False,342,13.679999351501465,0.2532862424850464,20.51955223083496,0.813857913017273,128.9105987548828,9.423290252685547,0.07539066672325134,0.0
True,False,False,False,342,13.679999351501465,0.2532862424850464,20.51955223083496,0.813857913017273,128.9105987548828,9.423290252685547,0.07539066672325134,0.0
True,False,False,False,342,13.679999351501465,0.2532862424850464,20.51955223083496,0.813857913017273,128.9105987548828,9.423290252685547,0.07539066672325134,0.0
True,False,False,False,342,13.679999351501465,0.2532862424850464,20.51955223083496,0.813857913017273,128.9105987548828,9.423290252685547,0.07539066672325134,0.0
True,False,False,False,342,13.679999351501465,0.2521706819534302,20.52138900756836,0.8137850761413574,128.9253387451172,9.42436695098877,0.0751693844795227,0.0
True,False,False,False,342,13.679999351501465,0.2521706819534302,20.52138900756836,0.8137850761413574,128.9253387451172,9.42436695098877,0.0751693844795227,0.0
True,False,False,False,342,13.679999351501465,0.2521706819534302,20.52138900756836,0.8137850761413574,128.9253387451172,9.42436695098877,0.0751693844795227,0.0
True,False,False,False,342,13.679999351501465,0.2521706819534302,20.52138900756836,0.8137850761413574,128.9253387451172,9.42436695098877,0.0751693844795227,0.0
True,False,False,False,342,13.679999351501465,0.2521706819534302,20.52138900756836,0.8137850761413574,128.9253387451172,9.42436695098877,0.0751693844795227,0.0
True,False,False,False,342,13.679999351501465,0.2521706819534302,20.52138900756836,0.8137850761413574,128.9253387451172,9.42436695098877,0.0751693844795227,0.0
True,False,False,False,342,13.679999351501465,0.2521706819534302,20.52138900756836,0.8137850761413574,128.9253387451172,9.42436695098877,0.0751693844795227,0.0
True,False,False,False,342,13.679999351501465,0.2521706819534302,20.52138900756836,0.8137850761413574,128.9253387451172,9.42436695098877,0.0751693844795227,0.0
True,False,False,False,342,13.679999351501465,0.2521706819534302,20.52138900756836,0.8137850761413574,128.9253387451172,9.42436695098877,0.0751693844795227,0.0
True,False,False,False,342,13.679999351501465,0.2521706819534302,20.52138900756836,0.8137850761413574,128.9253387451172,9.42436695098877,0.0751693844795227,0.0
True,False,False,False,342,13.679999351501465,0.2521706819534302,20.52138900756836,0.8137850761413574,128.9253387451172,9.42436695098877,0.0751693844795227,0.0
True,False,False,False,342,13.679999351501465,0.2521706819534302,20.52138900756836,0.8137850761413574,128.9253387451172,9.42436695098877,0.0751693844795227,0.0
True,False,False,False,342,13.679999351501465,0.2532862424850464,20.51955223083496,0.813857913017273,128.9105987548828,9.423290252685547,0.07539066672325134,0.0
True,False,False,False,342,13.679999351501465,0.2532862424850464,20.51955223083496,0.813857913017273,128.9105987548828,9.423290252685547,0.07539066672325134,0.0
True,False,False,False,342,13.679999351501465,0.2532862424850464,20.51955223083496,0.813857913017273,128.9105987548828,9.423290252685547,0.07539066672325134,0.0
True,False,False,False,342,13.679999351501465,0.2532862424850464,20.51955223083496,0.813857913017273,128.9105987548828,9.423290252685547,0.07539066672325134,0.0
True,False,False,False,342,13.679999351501465,0.2532862424850464,20.51955223083496,0.813857913017273,128.9105987548828,9.423290252685547,0.07539066672325134,0.0
True,False,False,False,342,13.679999351501465,0.2527807652950287,20.519643783569336,0.8138543367385864,128.88645935058594,9.421525001525879,0.07533532381057739,0.0
True,False,False,False,342,13.679999351501465,0.2527807652950287,20.519643783569336,0.8138543367385864,128.88645935058594,9.421525001525879,0.07533532381057739,0.0
True,False,False,False,342,13.679999351501465,0.25284668803215027,20.519588470458984,0.8138564825057983,128.8855743408203,9.421460151672363,0.07528001070022583,0.0
True,False,False,False,342,13.679999351501465,0.25285401940345764,20.51953125,0.8138588070869446,128.88601684570312,9.421492576599121,0.07528001070022583,0.0
True,False,False,False,342,13.679999351501465,0.25273802876472473,20.519718170166016,0.8138514161109924,128.88916015625,9.421722412109375,0.07532152533531189,0.0
True,False,False,False,342,13.679999351501465,0.25273802876472473,20.519718170166016,0.8138514161109924,128.88916015625,9.421722412109375,0.07532152533531189,0.0
True,False,False,False,342,13.679999351501465,0.25285401940345764,20.51953125,0.8138588070869446,128.88601684570312,9.421492576599121,0.07528001070022583,0.0
True,False,False,False,342,13.679999351501465,0.25285401940345764,20.51953125,0.8138588070869446,128.88601684570312,9.421492576599121,0.07528001070022583,0.0
True,False,False,False,342,13.679999351501465,0.2527807652950287,20.519643783569336,0.8138543367385864,128.88645935058594,9.421525001525879,0.07533532381057739,0.0
True,False,False,False,342,13.679999351501465,0.2527807652950287,20.519643783569336,0.8138543367385864,128.88645935058594,9.421525001525879,0.07533532381057739,0.0
True,False,False,False,342,13.679999351501465,0.2532862424850464,20.51955223083496,0.813857913017273,128.9105987548828,9.423290252685547,0.07539066672325134,0.0
True,False,False,False,342,13.679999351501465,0.2532862424850464,20.51955223083496,0.813857913017273,128.9105987548828,9.423290252685547,0.07539066672325134,0.0
True,False,False,False,342,13.679999351501465,0.2532862424850464,20.51955223083496,0.813857913017273,128.9105987548828,9.423290252685547,0.07539066672325134,0.0
True,False,False,False,342,13.679999351501465,0.2532862424850464,20.51955223083496,0.813857913017273,128.9105987548828,9.423290252685547,0.07539066672325134,0.0
True,False,False,False,342,13.679999351501465,0.2532862424850464,20.51955223083496,0.813857913017273,128.9105987548828,9.423290252685547,0.07539066672325134,0.0
True,False,False,False,342,13.679999351501465,0.2521706819534302,20.52138900756836,0.8137850761413574,128.9253387451172,9.42436695098877,0.0751693844795227,0.0
True,False,False,False,342,13.679999351501465,0.2521706819534302,20.52138900756836,0.8137850761413574,128.9253387451172,9.42436695098877,0.0751693844795227,0.0
True,False,False,False,342,13.679999351501465,0.2521706819534302,20.52138900756836,0.8137850761413574,128.9253387451172,9.42436695098877,0.0751693844795227,0.0
True,False,False,False,342,13.679999351501465,0.2521706819534302,20.52138900756836,0.8137850761413574,128.9253387451172,9.42436695098877,0.0751693844795227,0.0
True,False,False,False,342,13.679999351501465,0.2521706819534302,20.52138900756836,0.8137850761413574,128.9253387451172,9.42436695098877,0.0751693844795227,0.0
True,False,False,False,342,13.679999351501465,0.2521706819534302,20.52138900756836,0.8137850761413574,128.9253387451172,9.42436695098877,0.0751693844795227,0.0
True,False,False,False,342,13.679999351501465,0.2521706819534302,20.52138900756836,0.8137850761413574,128.9253387451172,9.42436695098877,0.0751693844795227,0.0
True,False,False,False,342,13.679999351501465,0.2521706819534302,20.52138900756836,0.8137850761413574,128.9253387451172,9.42436695098877,0.0751693844795227,0.0
True,False,False,False,342,13.679999351501465,0.2521706819534302,20.52138900756836,0.8137850761413574,128.9253387451172,9.42436695098877,0.0751693844795227,0.0
True,False,False,False,342,13.679999351501465,0.2521706819534302,20.52138900756836,0.8137850761413574,128.9253387451172,9.42436695098877,0.0751693844795227,0.0
True,False,False,False,342,13.679999351501465,0.2521706819534302,20.52138900756836,0.8137850761413574,128.9253387451172,9.42436695098877,0.0751693844795227,0.0
True,False,False,False,342,13.679999351501465,0.2521706819534302,20.52138900756836,0.8137850761413574,128.9253387451172,9.42436695098877,0.0751693844795227,0.0
True,False,False,False,342,13.679999351501465,0.2532862424850464,20.51955223083496,0.813857913017273,128.9105987548828,9.423290252685547,0.07539066672325134,0.0
True,False,False,False,342,13.679999351501465,0.2532862424850464,20.51955223083496,0.813857913017273,128.9105987548828,9.423290252685547,0.07539066672325134,0.0
True,False,False,False,342,13.679999351501465,0.2532862424850464,20.51955223083496,0.813857913017273,128.9105987548828,9.423290252685547,0.07539066672325134,0.0
True,False,False,False,342,13.679999351501465,0.2532862424850464,20.51955223083496,0.813857913017273,128.9105987548828,9.423290252685547,0.07539066672325134,0.0
True,False,False,False,342,13.679999351501465,0.2532862424850464,20.51955223083496,0.813857913017273,128.9105987548828,9.423290252685547,0.07539066672325134,0.0
True,False,False,False,342,13.679999351501465,0.2527807652950287,20.519643783569336,0.8138543367385864,128.88645935058594,9.421525001525879,0.07533532381057739,0.0
True,False,False,False,342,13.679999351501465,0.2527807652950287,20.519643783569336,0.8138543367385864,128.88645935058594,9.421525001525879,0.07533532381057739,0.0
True,False,False,False,342,13.679999351501465,0.25284668803215027,20.519588470458984,0.8138564825057983,128.8855743408203,9.421460151672363,0.07528001070022583,0.0
True,False,False,False,342,13.679999351501465,0.25285401940345764,20.51953125,0.8138588070869446,128.88601684570312,9.421492576599121,0.07528001070022583,0.0
True,False,False,False,342,13.679999351501465,0.25273802876472473,20.519718170166016,0.8138514161109924,128.88916015625,9.421722412109375,0.07532152533531189,0.0
True,False,False,False,342,13.679999351501465,0.25273802876472473,20.519718170166016,0.8138514161109924,128.88916015625,9.421722412109375,0.07532152533531189,0.0
True,False,False,False,342,13.679999351501465,0.25285401940345764,20.51953125,0.8138588070869446,128.88601684570312,9.421492576599121,0.07528001070022583,0.0
True,False,False,False,342,13.679999351501465,0.25285401940345764,20.51953125,0.8138588070869446,128.88601684570312,9.421492576599121,0.07528001070022583,0.0
True,False,False,False,342,13.679999351501465,0.2527807652950287,20.519643783569336,0.8138543367385864,128.88645935058594,9.421525001525879,0.07533532381057739,0.0
True,False,False,False,342,13.679999351501465,0.2527807652950287,20.519643783569336,0.8138543367385864,128.88645935058594,9.421525001525879,0.07533532381057739,0.0
True,False,False,False,342,13.679999351501465,0.2532862424850464,20.51955223083496,0.813857913017273,128.9105987548828,9.423290252685547,0.07539066672325134,0.0
True,False,False,False,342,13.679999351501465,0.2532862424850464,20.51955223083496,0.813857913017273,128.9105987548828,9.423290252685547,0.07539066672325134,0.0
True,False,False,False,342,13.679999351501465,0.2532862424850464,20.51955223083496,0.813857913017273,128.9105987548828,9.423290252685547,0.07539066672325134,0.0
True,False,False,False,342,13.679999351501465,0.2532862424850464,20.51955223083496,0.813857913017273,128.9105987548828,9.423290252685547,0.07539066672325134,0.0
True,False,False,False,342,13.679999351501465,0.2532862424850464,20.51955223083496,0.813857913017273,128.9105987548828,9.423290252685547,0.07539066672325134,0.0
True,False,False,False,342,13.679999351501465,0.2521706819534302,20.52138900756836,0.8137850761413574,128.9253387451172,9.42436695098877,0.0751693844795227,0.0
True,False,False,False,342,13.679999351501465,0.2521706819534302,20.52138900756836,0.8137850761413574,128.9253387451172,9.42436695098877,0.0751693844795227,0.0
True,False,False,False,342,13.679999351501465,0.2521706819534302,20.52138900756836,0.8137850761413574,128.9253387451172,9.42436695098877,0.0751693844795227,0.0
True,False,False,False,342,13.679999351501465,0.2521706819534302,20.52138900756836,0.8137850761413574,128.9253387451172,9.42436695098877,0.0751693844795227,0.0
True,False,False,False,342,13.679999351501465,0.2521706819534302,20.52138900756836,0.8137850761413574,128.9253387451172,9.42436695098877,0.0751693844795227,0.0
True,False,False,False,342,13.679999351501465,0.2521706819534302,20.52138900756836,0.8137850761413574,128.9253387451172,9.42436695098877,0.0751693844795227,0.0
True,False,False,False,342,13.679999351501465,0.2521706819534302,20.52138900756836,0.8137850761413574,128.9253387451172,9.42436695098877,0.0751693844795227,0.0
True,False,False,False,342,13.679999351501465,0.2521706819534302,20.52138900756836,0.8137850761413574,128.9253387451172,9.42436695098877,0.0751693844795227,0.0
True,False,False,False,342,13.679999351501465,0.2521706819534302,20.52138900756836,0.8137850761413574,128.9253387451172,9.42436695098877,0.0751693844795227,0.0
True,False,False,False,342,13.679999351501465,0.2521706819534302,20.52138900756836,0.8137850761413574,128.9253387451172,9.42436695098877,0.0751693844795227,0.0
True,False,False,False,342,13.679999351501465,0.2521706819534302,20.52138900756836,0.8137850761413574,128.9253387451172,9.42436695098877,0.0751693844795227,0.0
True,False,False,False,342,13.679999351501465,0.2521706819534302,20.52138900756836,0.8137850761413574,128.9253387451172,9.42436695098877,0.0751693844795227,0.0
True,False,False,False,342,13.679999351501465,0.2532862424850464,20.51955223083496,0.813857913017273,128.9105987548828,9.423290252685547,0.07539066672325134,0.0
True,False,False,False,342,13.679999351501465,0.2532862424850464,20.51955223083496,0.813857913017273,128.9105987548828,9.423290252685547,0.07539066672325134,0.0
True,False,False,False,342,13.679999351501465,0.2532862424850464,20.51955223083496,0.813857913017273,128.9105987548828,9.423290252685547,0.07539066672325134,0.0
True,False,False,False,342,13.679999351501465,0.2532862424850464,20.51955223083496,0.813857913017273,128.9105987548828,9.423290252685547,0.07539066672325134,0.0
True,False,False,False,342,13.679999351501465,0.2532862424850464,20.51955223083496,0.813857913017273,128.9105987548828,9.423290252685547,0.07539066672325134,0.0
True,False,False,False,342,13.679999351501465,0.2527807652950287,20.519643783569336,0.8138543367385864,128.88645935058594,9.421525001525879,0.07533532381057739,0.0
True,False,False,False,342,13.679999351501465,0.2527807652950287,20.519643783569336,0.8138543367385864,128.88645935058594,9.421525001525879,0.07533532381057739,0.0
True,False,False,False,342,13.679999351501465,0.25284668803215027,20.519588470458984,0.8138564825057983,128.8855743408203,9.421460151672363,0.07528001070022583,0.0
True,False,False,False,342,13.679999351501465,0.25285401940345764,20.51953125,0.8138588070869446,128.88601684570312,9.421492576599121,0.07528001070022583,0.0
True,False,False,False,342,13.679999351501465,0.25273802876472473,20.519718170166016,0.8138514161109924,128.88916015625,9.421722412109375,0.07532152533531189,0.0
True,False,False,False,342,13.679999351501465,0.25273802876472473,20.519718170166016,0.8138514161109924,128.88916015625,9.421722412109375,0.07532152533531189,0.0
True,False,False,False,342,13.679999351501465,0.25285401940345764,20.51953125,0.8138588070869446,128.88601684570312,9.421492576599121,0.07528001070022583,0.0
True,False,False,False,342,13.679999351501465,0.25285401940345764,20.51953125,0.8138588070869446,128.88601684570312,9.421492576599121,0.07528001070022583,0.0
True,False,False,False,342,13.679999351501465,0.2527807652950287,20.519643783569336,0.8138543367385864,128.88645935058594,9.421525001525879,0.07533532381057739,0.0
True,False,False,False,342,13.679999351501465,0.2527807652950287,20.519643783569336,0.8138543367385864,128.88645935058594,9.421525001525879,0.07533532381057739,0.0
True,False,False,False,342,13.679999351501465,0.2532862424850464,20.51955223083496,0.813857913017273,128.9105987548828,9.423290252685547,0.07539066672325134,0.0
True,False,False,False,342,13.679999351501465,0.2532862424850464,20.51955223083496,0.813857913017273,128.9105987548828,9.423290252685547,0.07539066672325134,0.0
True,False,False,False,342,13.679999351501465,0.2532862424850464,20.51955223083496,0.813857913017273,128.9105987548828,9.423290252685547,0.07539066672325134,0.0
True,False,False,False,342,13.679999351501465,0.2532862424850464,20.51955223083496,0.813857913017273,128.9105987548828,9.423290252685547,0.07539066672325134,0.0
True,False,False,False,342,13.679999351501465,0.2532862424850464,20.51955223083496,0.813857913017273,128.9105987548828,9.423290252685547,0.07539066672325134,0.0
True,False,False,False,342,13.679999351501465,0.2521706819534302,20.52138900756836,0.8137850761413574,128.9253387451172,9.42436695098877,0.0751693844795227,0.0
True,False,False,False,342,13.679999351501465,0.2521706819534302,20.52138900756836,0.8137850761413574,128.9253387451172,9.42436695098877,0.0751693844795227,0.0
True,False,False,False,342,13.679999351501465,0.2521706819534302,20.52138900756836,0.8137850761413574,128.9253387451172,9.42436695098877,0.0751693844795227,0.0
True,False,False,False,342,13.679999351501465,0.2521706819534302,20.52138900756836,0.8137850761413574,128.9253387451172,9.42436695098877,0.0751693844795227,0.0
True,False,False,False,342,13.679999351501465,0.2521706819534302,20.52138900756836,0.8137850761413574,128.9253387451172,9.42436695098877,0.0751693844795227,0.0
True,False,False,False,342,13.679999351501465,0.2521706819534302,20.52138900756836,0.8137850761413574,128.9253387451172,9.42436695098877,0.0751693844795227,0.0
True,False,False,False,342,13.679999351501465,0.2522414028644562,20.522546768188477,0.8137392401695251,128.94546508789062,9.425838470458984,0.07529845833778381,0.0
True,False,False,False,342,13.679999351501465,0.2522414028644562,20.522546768188477,0.8137392401695251,128.94546508789062,9.425838470458984,0.07529845833778381,0.0
True,False,False,False,342,13.679999351501465,0.2522414028644562,20.522546768188477,0.8137392401695251,128.94546508789062,9.425838470458984,0.07529845833778381,0.0
True,False,False,False,342,13.679999351501465,0.2522414028644562,20.522546768188477,0.8137392401695251,128.94546508789062,9.425838470458984,0.07529845833778381,0.0
True,False,False,False,342,13.679999351501465,0.2522414028644562,20.522546768188477,0.8137392401695251,128.94546508789062,9.425838470458984,0.07529845833778381,0.0
True,False,False,False,342,13.679999351501465,0.2522414028644562,20.522546768188477,0.8137392401695251,128.94546508789062,9.425838470458984,0.07529845833778381,0.0
True,False,False,False,342,13.679999351501465,0.2530576288700104,20.52031707763672,0.813827633857727,128.9029541015625,9.422731399536133,0.07551968097686768,0.0
True,False,False,False,342,13.679999351501465,0.2530576288700104,20.52031707763672,0.813827633857727,128.9029541015625,9.422731399536133,0.07551968097686768,0.0
True,False,False,False,342,13.679999351501465,0.2530576288700104,20.52031707763672,0.813827633857727,128.9029541015625,9.422731399536133,0.07551968097686768,0.0
True,False,False,False,342,13.679999351501465,0.2530576288700104,20.52031707763672,0.813827633857727,128.9029541015625,9.422731399536133,0.07551968097686768,0.0
True,False,False,False,342,13.679999351501465,0.2530576288700104,20.52031707763672,0.813827633857727,128.9029541015625,9.422731399536133,0.07551968097686768,0.0
True,False,False,False,342,13.679999351501465,0.2528061866760254,20.5205135345459,0.8138198852539062,128.9031219482422,9.42274284362793,0.07546436786651611,0.0
True,False,False,False,342,13.679999351501465,0.2528061866760254,20.5205135345459,0.8138198852539062,128.9031219482422,9.42274284362793,0.07546436786651611,0.0
True,False,False,False,342,13.679999351501465,0.2528427839279175,20.520524978637695,0.8138193488121033,128.9037322998047,9.4227876663208,0.07539522647857666,0.0
True,False,False,False,342,13.679999351501465,0.25286734104156494,20.52048683166504,0.8138208985328674,128.9043426513672,9.422832489013672,0.07539522647857666,0.0
True,False,False,False,342,13.679999351501465,0.25331562757492065,20.520620346069336,0.8138155341148376,128.92616271972656,9.42442798614502,0.07543325424194336,0.0
True,False,False,False,342,13.679999351501465,0.25331562757492065,20.520620346069336,0.8138155341148376,128.92616271972656,9.42442798614502,0.07543325424194336,0.0
True,False,False,False,342,13.679999351501465,0.25286734104156494,20.52048683166504,0.8138208985328674,128.9043426513672,9.422832489013672,0.07539522647857666,0.0
True,False,False,False,342,13.679999351501465,0.25286734104156494,20.52048683166504,0.8138208985328674,128.9043426513672,9.422832489013672,0.07539522647857666,0.0
True,False,False,False,342,13.679999351501465,0.2528061866760254,20.5205135345459,0.8138198852539062,128.9031219482422,9.42274284362793,0.07546436786651611,0.0
True,False,False,False,342,13.679999351501465,0.2528061866760254,20.5205135345459,0.8138198852539062,128.9031219482422,9.42274284362793,0.07546436786651611,0.0
True,False,False,False,342,13.679999351501465,0.2530576288700104,20.52031707763672,0.813827633857727,128.9029541015625,9.422731399536133,0.07551968097686768,0.0
True,False,False,False,342,13.679999351501465,0.2530576288700104,20.52031707763672,0.813827633857727,128.9029541015625,9.422731399536133,0.07551968097686768,0.0
True,False,False,False,342,13.679999351501465,0.2530576288700104,20.52031707763672,0.813827633857727,128.9029541015625,9.422731399536133,0.07551968097686768,0.0
True,False,False,False,342,13.679999351501465,0.2530576288700104,20.52031707763672,0.813827633857727,128.9029541015625,9.422731399536133,0.07551968097686768,0.0
True,False,False,False,342,13.679999351501465,0.2530576288700104,20.52031707763672,0.813827633857727,128.9029541015625,9.422731399536133,0.07551968097686768,0.0
True,False,False,False,342,13.679999351501465,0.2522414028644562,20.522546768188477,0.8137392401695251,128.94546508789062,9.425838470458984,0.07529845833778381,0.0
True,False,False,False,342,13.679999351501465,0.2522414028644562,20.522546768188477,0.8137392401695251,128.94546508789062,9.425838470458984,0.07529845833778381,0.0
True,False,False,False,342,13.679999351501465,0.2522414028644562,20.522546768188477,0.8137392401695251,128.94546508789062,9.425838470458984,0.07529845833778381,0.0
True,False,False,False,342,13.679999351501465,0.2522414028644562,20.522546768188477,0.8137392401695251,128.94546508789062,9.425838470458984,0.07529845833778381,0.0
True,False,False,False,342,13.679999351501465,0.2522414028644562,20.522546768188477,0.8137392401695251,128.94546508789062,9.425838470458984,0.07529845833778381,0.0
True,False,False,False,342,13.679999351501465,0.2522414028644562,20.522546768188477,0.8137392401695251,128.94546508789062,9.425838470458984,0.07529845833778381,0.0
True,False,False,False,342,13.679999351501465,0.25219303369522095,20.523189544677734,0.8137137293815613,128.94972229003906,9.426149368286133,0.07529845833778381,0.0
True,False,False,False,342,13.679999351501465,0.25219303369522095,20.523189544677734,0.8137137293815613,128.94972229003906,9.426149368286133,0.07529845833778381,0.0
True,False,False,False,342,13.679999351501465,0.25219303369522095,20.523189544677734,0.8137137293815613,128.94972229003906,9.426149368286133,0.07529845833778381,0.0
True,False,False,False,342,13.679999351501465,0.25219303369522095,20.523189544677734,0.8137137293815613,128.94972229003906,9.426149368286133,0.07529845833778381,0.0
True,False,False,False,342,13.679999351501465,0.25219303369522095,20.523189544677734,0.8137137293815613,128.94972229003906,9.426149368286133,0.07529845833778381,0.0
True,False,False,False,342,13.679999351501465,0.25219303369522095,20.523189544677734,0.8137137293815613,128.94972229003906,9.426149368286133,0.07529845833778381,0.0
True,False,False,False,342,13.679999351501465,0.2530921399593353,20.520856857299805,0.8138062357902527,128.90638732910156,9.422982215881348,0.07551968097686768,0.0
True,False,False,False,342,13.679999351501465,0.2530921399593353,20.520856857299805,0.8138062357902527,128.90638732910156,9.422982215881348,0.07551968097686768,0.0
True,False,False,False,342,13.679999351501465,0.2530921399593353,20.520856857299805,0.8138062357902527,128.90638732910156,9.422982215881348,0.07551968097686768,0.0
True,False,False,False,342,13.679999351501465,0.2530921399593353,20.520856857299805,0.8138062357902527,128.90638732910156,9.422982215881348,0.07551968097686768,0.0
True,False,False,False,342,13.679999351501465,0.2530921399593353,20.520856857299805,0.8138062357902527,128.90638732910156,9.422982215881348,0.07551968097686768,0.0
True,False,False,False,342,13.679999351501465,0.2528527081012726,20.52079200744629,0.813808798789978,128.9064178466797,9.42298412322998,0.07546436786651611,0.0
True,False,False,False,342,13.679999351501465,0.2528527081012726,20.52079200744629,0.813808798789978,128.9064178466797,9.42298412322998,0.07546436786651611,0.0
True,False,False,False,342,13.679999351501465,0.25286003947257996,20.52083396911621,0.8138071298599243,128.9069061279297,9.423020362854004,0.07539522647857666,0.0
True,False,False,False,342,13.679999351501465,0.25286734104156494,20.52079200744629,0.813808798789978,128.90750122070312,9.423063278198242,0.07539522647857666,0.0
True,False,False,False,342,13.679999351501465,0.25279051065444946,20.521024703979492,0.8137995600700378,128.9084930419922,9.423135757446289,0.07543325424194336,0.0
True,False,False,False,342,13.679999351501465,0.25279051065444946,20.521024703979492,0.8137995600700378,128.9084930419922,9.423135757446289,0.07543325424194336,0.0
True,False,False,False,342,13.679999351501465,0.25286734104156494,20.52079200744629,0.813808798789978,128.90750122070312,9.423063278198242,0.07539522647857666,0.0
True,False,False,False,342,13.679999351501465,0.25286734104156494,20.52079200744629,0.813808798789978,128.90750122070312,9.423063278198242,0.07539522647857666,0.0
True,False,False,False,342,13.679999351501465,0.2528527081012726,20.52079200744629,0.813808798789978,128.9064178466797,9.42298412322998,0.07546436786651611,0.0
True,False,False,False,342,13.679999351501465,0.2528527081012726,20.52079200744629,0.813808798789978,128.9064178466797,9.42298412322998,0.07546436786651611,0.0
True,False,False,False,342,13.679999351501465,0.2530921399593353,20.520856857299805,0.8138062357902527,128.90638732910156,9.422982215881348,0.07551968097686768,0.0
True,False,False,False,342,13.679999351501465,0.2530921399593353,20.520856857299805,0.8138062357902527,128.90638732910156,9.422982215881348,0.07551968097686768,0.0
True,False,False,False,342,13.679999351501465,0.2530921399593353,20.520856857299805,0.8138062357902527,128.90638732910156,9.422982215881348,0.07551968097686768,0.0
True,False,False,False,342,13.679999351501465,0.2530921399593353,20.520856857299805,0.8138062357902527,128.90638732910156,9.422982215881348,0.07551968097686768,0.0
True,False,False,False,342,13.679999351501465,0.2530921399593353,20.520856857299805,0.8138062357902527,128.90638732910156,9.422982215881348,0.07551968097686768,0.0
True,False,False,False,342,13.679999351501465,0.25219303369522095,20.523189544677734,0.8137137293815613,128.94972229003906,9.426149368286133,0.07529845833778381,0.0
True,False,False,False,342,13.679999351501465,0.25219303369522095,20.523189544677734,0.8137137293815613,128.94972229003906,9.426149368286133,0.07529845833778381,0.0
True,False,False,False,342,13.679999351501465,0.25219303369522095,20.523189544677734,0.8137137293815613,128.94972229003906,9.426149368286133,0.07529845833778381,0.0
True,False,False,False,342,13.679999351501465,0.25219303369522095,20.523189544677734,0.8137137293815613,128.94972229003906,9.426149368286133,0.07529845833778381,0.0
True,False,False,False,342,13.679999351501465,0.25219303369522095,20.523189544677734,0.8137137293815613,128.94972229003906,9.426149368286133,0.07529845833778381,0.0
True,False,False,False,342,13.679999351501465,0.25219303369522095,20.523189544677734,0.8137137293815613,128.94972229003906,9.426149368286133,0.07529845833778381,0.0
True,False,False,False,342,13.679999351501465,0.25219303369522095,20.523189544677734,0.8137137293815613,128.94972229003906,9.426149368286133,0.07529845833778381,0.0
True,False,False,False,342,13.679999351501465,0.25219303369522095,20.523189544677734,0.8137137293815613,128.94972229003906,9.426149368286133,0.07529845833778381,0.0
True,False,False,False,342,13.679999351501465,0.25219303369522095,20.523189544677734,0.8137137293815613,128.94972229003906,9.426149368286133,0.07529845833778381,0.0
True,False,False,False,342,13.679999351501465,0.25219303369522095,20.523189544677734,0.8137137293815613,128.94972229003906,9.426149368286133,0.07529845833778381,0.0
True,False,False,False,342,13.679999351501465,0.25219303369522095,20.523189544677734,0.8137137293815613,128.94972229003906,9.426149368286133,0.07529845833778381,0.0
True,False,False,False,342,13.679999351501465,0.25219303369522095,20.523189544677734,0.8137137293815613,128.94972229003906,9.426149368286133,0.07529845833778381,0.0
True,False,False,False,342,13.679999351501465,0.2530921399593353,20.520856857299805,0.8138062357902527,128.90638732910156,9.422982215881348,0.07551968097686768,0.0
True,False,False,False,342,13.679999351501465,0.2530921399593353,20.520856857299805,0.8138062357902527,128.90638732910156,9.422982215881348,0.07551968097686768,0.0
True,False,False,False,342,13.679999351501465,0.2530921399593353,20.520856857299805,0.8138062357902527,128.90638732910156,9.422982215881348,0.07551968097686768,0.0
True,False,False,False,342,13.679999351501465,0.2530921399593353,20.520856857299805,0.8138062357902527,128.90638732910156,9.422982215881348,0.07551968097686768,0.0
True,False,False,False,342,13.679999351501465,0.2530921399593353,20.520856857299805,0.8138062357902527,128.90638732910156,9.422982215881348,0.07551968097686768,0.0
True,False,False,False,342,13.679999351501465,0.2528527081012726,20.52079200744629,0.813808798789978,128.9064178466797,9.42298412322998,0.07546436786651611,0.0
True,False,False,False,342,13.679999351501465,0.2528527081012726,20.52079200744629,0.813808798789978,128.9064178466797,9.42298412322998,0.07546436786651611,0.0
True,False,False,False,342,13.679999351501465,0.25286003947257996,20.52083396911621,0.8138071298599243,128.9069061279297,9.423020362854004,0.07539522647857666,0.0
True,False,False,False,342,13.679999351501465,0.25286734104156494,20.52079200744629,0.813808798789978,128.90750122070312,9.423063278198242,0.07539522647857666,0.0
True,False,False,False,342,13.679999351501465,0.25279051065444946,20.521024703979492,0.8137995600700378,128.9084930419922,9.423135757446289,0.07543325424194336,0.0
True,False,False,False,342,13.679999351501465,0.25279051065444946,20.521024703979492,0.8137995600700378,128.9084930419922,9.423135757446289,0.07543325424194336,0.0
True,False,False,False,342,13.679999351501465,0.25286734104156494,20.52079200744629,0.813808798789978,128.90750122070312,9.423063278198242,0.07539522647857666,0.0
True,False,False,False,342,13.679999351501465,0.25286734104156494,20.52079200744629,0.813808798789978,128.90750122070312,9.423063278198242,0.07539522647857666,0.0
True,False,False,False,342,13.679999351501465,0.2528527081012726,20.52079200744629,0.813808798789978,128.9064178466797,9.42298412322998,0.07546436786651611,0.0
True,False,False,False,342,13.679999351501465,0.2528527081012726,20.52079200744629,0.813808798789978,128.9064178466797,9.42298412322998,0.07546436786651611,0.0
True,False,False,False,342,13.679999351501465,0.2530921399593353,20.520856857299805,0.8138062357902527,128.90638732910156,9.422982215881348,0.07551968097686768,0.0
True,False,False,False,342,13.679999351501465,0.2530921399593353,20.520856857299805,0.8138062357902527,128.90638732910156,9.422982215881348,0.07551968097686768,0.0
True,False,False,False,342,13.679999351501465,0.2530921399593353,20.520856857299805,0.8138062357902527,128.90638732910156,9.422982215881348,0.07551968097686768,0.0
True,False,False,False,342,13.679999351501465,0.2530921399593353,20.520856857299805,0.8138062357902527,128.90638732910156,9.422982215881348,0.07551968097686768,0.0
True,False,False,False,342,13.679999351501465,0.2530921399593353,20.520856857299805,0.8138062357902527,128.90638732910156,9.422982215881348,0.07551968097686768,0.0
True,False,False,False,342,13.679999351501465,0.25219303369522095,20.523189544677734,0.8137137293815613,128.94972229003906,9.426149368286133,0.07529845833778381,0.0
True,False,False,False,342,13.679999351501465,0.25219303369522095,20.523189544677734,0.8137137293815613,128.94972229003906,9.426149368286133,0.07529845833778381,0.0
True,False,False,False,342,13.679999351501465,0.25219303369522095,20.523189544677734,0.8137137293815613,128.94972229003906,9.426149368286133,0.07529845833778381,0.0
True,False,False,False,342,13.679999351501465,0.25219303369522095,20.523189544677734,0.8137137293815613,128.94972229003906,9.426149368286133,0.07529845833778381,0.0
True,False,False,False,342,13.679999351501465,0.25219303369522095,20.523189544677734,0.8137137293815613,128.94972229003906,9.426149368286133,0.07529845833778381,0.0
True,False,False,False,342,13.679999351501465,0.25219303369522095,20.523189544677734,0.8137137293815613,128.94972229003906,9.426149368286133,0.07529845833778381,0.0
True,False,False,False,342,13.679999351501465,0.25219303369522095,20.523189544677734,0.8137137293815613,128.94972229003906,9.426149368286133,0.07529845833778381,0.0
True,False,False,False,342,13.679999351501465,0.25219303369522095,20.523189544677734,0.8137137293815613,128.94972229003906,9.426149368286133,0.07529845833778381,0.0
True,False,False,False,342,13.679999351501465,0.25219303369522095,20.523189544677734,0.8137137293815613,128.94972229003906,9.426149368286133,0.07529845833778381,0.0
True,False,False,False,342,13.679999351501465,0.25219303369522095,20.523189544677734,0.8137137293815613,128.94972229003906,9.426149368286133,0.07529845833778381,0.0
True,False,False,False,342,13.679999351501465,0.25219303369522095,20.523189544677734,0.8137137293815613,128.94972229003906,9.426149368286133,0.07529845833778381,0.0
True,False,False,False,342,13.679999351501465,0.25219303369522095,20.523189544677734,0.8137137293815613,128.94972229003906,9.426149368286133,0.07529845833778381,0.0
True,False,False,False,342,13.679999351501465,0.2530921399593353,20.520856857299805,0.8138062357902527,128.90638732910156,9.422982215881348,0.07551968097686768,0.0
True,False,False,False,342,13.679999351501465,0.2530921399593353,20.520856857299805,0.8138062357902527,128.90638732910156,9.422982215881348,0.07551968097686768,0.0
True,False,False,False,342,13.679999351501465,0.2530921399593353,20.520856857299805,0.8138062357902527,128.90638732910156,9.422982215881348,0.07551968097686768,0.0
True,False,False,False,342,13.679999351501465,0.2530921399593353,20.520856857299805,0.8138062357902527,128.90638732910156,9.422982215881348,0.07551968097686768,0.0
True,False,False,False,342,13.679999351501465,0.2530921399593353,20.520856857299805,0.8138062357902527,128.90638732910156,9.422982215881348,0.07551968097686768,0.0
True,False,False,False,342,13.679999351501465,0.2528527081012726,20.52079200744629,0.813808798789978,128.9064178466797,9.42298412322998,0.07546436786651611,0.0
True,False,False,False,342,13.679999351501465,0.2528527081012726,20.52079200744629,0.813808798789978,128.9064178466797,9.42298412322998,0.07546436786651611,0.0
True,False,False,False,342,13.679999351501465,0.25286003947257996,20.52083396911621,0.8138071298599243,128.9069061279297,9.423020362854004,0.07539522647857666,0.0
True,False,False,False,342,13.679999351501465,0.25286734104156494,20.52079200744629,0.813808798789978,128.90750122070312,9.423063278198242,0.07539522647857666,0.0
True,False,False,False,342,13.679999351501465,0.25279051065444946,20.521024703979492,0.8137995600700378,128.9084930419922,9.423135757446289,0.07543325424194336,0.0
True,False,False,False,342,13.679999351501465,0.25279051065444946,20.521024703979492,0.8137995600700378,128.9084930419922,9.423135757446289,0.07543325424194336,0.0
True,False,False,False,342,13.679999351501465,0.25286734104156494,20.52079200744629,0.813808798789978,128.90750122070312,9.423063278198242,0.07539522647857666,0.0
True,False,False,False,342,13.679999351501465,0.25286734104156494,20.52079200744629,0.813808798789978,128.90750122070312,9.423063278198242,0.07539522647857666,0.0
True,False,False,False,342,13.679999351501465,0.2528527081012726,20.52079200744629,0.813808798789978,128.9064178466797,9.42298412322998,0.07546436786651611,0.0
True,False,False,False,342,13.679999351501465,0.2528527081012726,20.52079200744629,0.813808798789978,128.9064178466797,9.42298412322998,0.07546436786651611,0.0
True,False,False,False,342,13.679999351501465,0.2530921399593353,20.520856857299805,0.8138062357902527,128.90638732910156,9.422982215881348,0.07551968097686768,0.0
True,False,False,False,342,13.679999351501465,0.2530921399593353,20.520856857299805,0.8138062357902527,128.90638732910156,9.422982215881348,0.07551968097686768,0.0
True,False,False,False,342,13.679999351501465,0.2530921399593353,20.520856857299805,0.8138062357902527,128.90638732910156,9.422982215881348,0.07551968097686768,0.0
True,False,False,False,342,13.679999351501465,0.2530921399593353,20.520856857299805,0.8138062357902527,128.90638732910156,9.422982215881348,0.07551968097686768,0.0
True,False,False,False,342,13.679999351501465,0.2530921399593353,20.520856857299805,0.8138062357902527,128.90638732910156,9.422982215881348,0.07551968097686768,0.0
True,False,False,False,342,13.679999351501465,0.25219303369522095,20.523189544677734,0.8137137293815613,128.94972229003906,9.426149368286133,0.07529845833778381,0.0
True,False,False,False,342,13.679999351501465,0.25219303369522095,20.523189544677734,0.8137137293815613,128.94972229003906,9.426149368286133,0.07529845833778381,0.0
True,False,False,False,342,13.679999351501465,0.25219303369522095,20.523189544677734,0.8137137293815613,128.94972229003906,9.426149368286133,0.07529845833778381,0.0
True,False,False,False,342,13.679999351501465,0.25219303369522095,20.523189544677734,0.8137137293815613,128.94972229003906,9.426149368286133,0.07529845833778381,0.0
True,False,False,False,342,13.679999351501465,0.25219303369522095,20.523189544677734,0.8137137293815613,128.94972229003906,9.426149368286133,0.07529845833778381,0.0
True,False,False,False,342,13.679999351501465,0.25219303369522095,20.523189544677734,0.8137137293815613,128.94972229003906,9.426149368286133,0.07529845833778381,0.0
True,False,False,False,342,13.679999351501465,0.25219303369522095,20.523189544677734,0.8137137293815613,128.94972229003906,9.426149368286133,0.07529845833778381,0.0
True,False,False,False,342,13.679999351501465,0.25219303369522095,20.523189544677734,0.8137137293815613,128.94972229003906,9.426149368286133,0.07529845833778381,0.0
True,False,False,False,342,13.679999351501465,0.25219303369522095,20.523189544677734,0.8137137293815613,128.94972229003906,9.426149368286133,0.07529845833778381,0.0
True,False,False,False,342,13.679999351501465,0.25219303369522095,20.523189544677734,0.8137137293815613,128.94972229003906,9.426149368286133,0.07529845833778381,0.0
True,False,False,False,342,13.679999351501465,0.25219303369522095,20.523189544677734,0.8137137293815613,128.94972229003906,9.426149368286133,0.07529845833778381,0.0
True,False,False,False,342,13.679999351501465,0.25219303369522095,20.523189544677734,0.8137137293815613,128.94972229003906,9.426149368286133,0.07529845833778381,0.0
True,False,False,False,342,13.679999351501465,0.2530921399593353,20.520856857299805,0.8138062357902527,128.90638732910156,9.422982215881348,0.07551968097686768,0.0
True,False,False,False,342,13.679999351501465,0.2530921399593353,20.520856857299805,0.8138062357902527,128.90638732910156,9.422982215881348,0.07551968097686768,0.0
True,False,False,False,342,13.679999351501465,0.2530921399593353,20.520856857299805,0.8138062357902527,128.90638732910156,9.422982215881348,0.07551968097686768,0.0
True,False,False,False,342,13.679999351501465,0.2530921399593353,20.520856857299805,0.8138062357902527,128.90638732910156,9.422982215881348,0.07551968097686768,0.0
True,False,False,False,342,13.679999351501465,0.2530921399593353,20.520856857299805,0.8138062357902527,128.90638732910156,9.422982215881348,0.07551968097686768,0.0
True,False,False,False,342,13.679999351501465,0.2528527081012726,20.52079200744629,0.813808798789978,128.9064178466797,9.42298412322998,0.07546436786651611,0.0
True,False,False,False,342,13.679999351501465,0.2528527081012726,20.52079200744629,0.813808798789978,128.9064178466797,9.42298412322998,0.07546436786651611,0.0
True,False,False,False,342,13.679999351501465,0.25286003947257996,20.52083396911621,0.8138071298599243,128.9069061279297,9.423020362854004,0.07539522647857666,0.0
True,False,False,False,342,13.679999351501465,0.25286734104156494,20.52079200744629,0.813808798789978,128.90750122070312,9.423063278198242,0.07539522647857666,0.0
True,False,False,False,342,13.679999351501465,0.25279051065444946,20.521024703979492,0.8137995600700378,128.9084930419922,9.423135757446289,0.07543325424194336,0.0
True,False,False,False,342,13.679999351501465,0.25279051065444946,20.521024703979492,0.8137995600700378,128.9084930419922,9.423135757446289,0.07543325424194336,0.0
True,False,False,False,342,13.679999351501465,0.25286734104156494,20.52079200744629,0.813808798789978,128.90750122070312,9.423063278198242,0.07539522647857666,0.0
True,False,False,False,342,13.679999351501465,0.25286734104156494,20.52079200744629,0.813808798789978,128.90750122070312,9.423063278198242,0.07539522647857666,0.0
True,False,False,False,342,13.679999351501465,0.2528527081012726,20.52079200744629,0.813808798789978,128.9064178466797,9.42298412322998,0.07546436786651611,0.0
True,False,False,False,342,13.679999351501465,0.2528527081012726,20.52079200744629,0.813808798789978,128.9064178466797,9.42298412322998,0.07546436786651611,0.0
True,False,False,False,342,13.679999351501465,0.2530921399593353,20.520856857299805,0.8138062357902527,128.90638732910156,9.422982215881348,0.07551968097686768,0.0
True,False,False,False,342,13.679999351501465,0.2530921399593353,20.520856857299805,0.8138062357902527,128.90638732910156,9.422982215881348,0.07551968097686768,0.0
True,False,False,False,342,13.679999351501465,0.2530921399593353,20.520856857299805,0.8138062357902527,128.90638732910156,9.422982215881348,0.07551968097686768,0.0
True,False,False,False,342,13.679999351501465,0.2530921399593353,20.520856857299805,0.8138062357902527,128.90638732910156,9.422982215881348,0.07551968097686768,0.0
True,False,False,False,342,13.679999351501465,0.2530921399593353,20.520856857299805,0.8138062357902527,128.90638732910156,9.422982215881348,0.07551968097686768,0.0
True,False,False,False,342,13.679999351501465,0.25219303369522095,20.523189544677734,0.8137137293815613,128.94972229003906,9.426149368286133,0.07529845833778381,0.0
True,False,False,False,342,13.679999351501465,0.25219303369522095,20.523189544677734,0.8137137293815613,128.94972229003906,9.426149368286133,0.07529845833778381,0.0
True,False,False,False,342,13.679999351501465,0.25219303369522095,20.523189544677734,0.8137137293815613,128.94972229003906,9.426149368286133,0.07529845833778381,0.0
True,False,False,False,342,13.679999351501465,0.25219303369522095,20.523189544677734,0.8137137293815613,128.94972229003906,9.426149368286133,0.07529845833778381,0.0
True,False,False,False,342,13.679999351501465,0.25219303369522095,20.523189544677734,0.8137137293815613,128.94972229003906,9.426149368286133,0.07529845833778381,0.0
True,False,False,False,342,13.679999351501465,0.25219303369522095,20.523189544677734,0.8137137293815613,128.94972229003906,9.426149368286133,0.07529845833778381,0.0
True,False,False,False,342,13.679999351501465,0.25219303369522095,20.523189544677734,0.8137137293815613,128.94972229003906,9.426149368286133,0.07529845833778381,0.0
True,False,False,False,342,13.679999351501465,0.25219303369522095,20.523189544677734,0.8137137293815613,128.94972229003906,9.426149368286133,0.07529845833778381,0.0
True,False,False,False,342,13.679999351501465,0.25219303369522095,20.523189544677734,0.8137137293815613,128.94972229003906,9.426149368286133,0.07529845833778381,0.0
True,False,False,False,342,13.679999351501465,0.25219303369522095,20.523189544677734,0.8137137293815613,128.94972229003906,9.426149368286133,0.07529845833778381,0.0
True,False,False,False,342,13.679999351501465,0.25219303369522095,20.523189544677734,0.8137137293815613,128.94972229003906,9.426149368286133,0.07529845833778381,0.0
True,False,False,False,342,13.679999351501465,0.25219303369522095,20.523189544677734,0.8137137293815613,128.94972229003906,9.426149368286133,0.07529845833778381,0.0
True,False,False,False,342,13.679999351501465,0.2530921399593353,20.520856857299805,0.8138062357902527,128.90638732910156,9.422982215881348,0.07551968097686768,0.0
True,False,False,False,342,13.679999351501465,0.2530921399593353,20.520856857299805,0.8138062357902527,128.90638732910156,9.422982215881348,0.07551968097686768,0.0
True,False,False,False,342,13.679999351501465,0.2530921399593353,20.520856857299805,0.8138062357902527,128.90638732910156,9.422982215881348,0.07551968097686768,0.0
True,False,False,False,342,13.679999351501465,0.2530921399593353,20.520856857299805,0.8138062357902527,128.90638732910156,9.422982215881348,0.07551968097686768,0.0
True,False,False,False,342,13.679999351501465,0.2530921399593353,20.520856857299805,0.8138062357902527,128.90638732910156,9.422982215881348,0.07551968097686768,0.0
True,False,False,False,342,13.679999351501465,0.2528527081012726,20.52079200744629,0.813808798789978,128.9064178466797,9.42298412322998,0.07546436786651611,0.0
True,False,False,False,342,13.679999351501465,0.2528527081012726,20.52079200744629,0.813808798789978,128.9064178466797,9.42298412322998,0.07546436786651611,0.0
True,False,False,False,342,13.679999351501465,0.25286003947257996,20.52083396911621,0.8138071298599243,128.9069061279297,9.423020362854004,0.07539522647857666,0.0
True,False,False,False,342,13.679999351501465,0.25286734104156494,20.52079200744629,0.813808798789978,128.90750122070312,9.423063278198242,0.07539522647857666,0.0
True,False,False,False,342,13.679999351501465,0.25279051065444946,20.521024703979492,0.8137995600700378,128.9084930419922,9.423135757446289,0.07543325424194336,0.0
True,False,False,False,342,13.679999351501465,0.25279051065444946,20.521024703979492,0.8137995600700378,128.9084930419922,9.423135757446289,0.07543325424194336,0.0
True,False,False,False,342,13.679999351501465,0.25286734104156494,20.52079200744629,0.813808798789978,128.90750122070312,9.423063278198242,0.07539522647857666,0.0
True,False,False,False,342,13.679999351501465,0.25286734104156494,20.52079200744629,0.813808798789978,128.90750122070312,9.423063278198242,0.07539522647857666,0.0
True,False,False,False,342,13.679999351501465,0.2528527081012726,20.52079200744629,0.813808798789978,128.9064178466797,9.42298412322998,0.07546436786651611,0.0
True,False,False,False,342,13.679999351501465,0.2528527081012726,20.52079200744629,0.813808798789978,128.9064178466797,9.42298412322998,0.07546436786651611,0.0
True,False,False,False,342,13.679999351501465,0.2530921399593353,20.520856857299805,0.8138062357902527,128.90638732910156,9.422982215881348,0.07551968097686768,0.0
True,False,False,False,342,13.679999351501465,0.2530921399593353,20.520856857299805,0.8138062357902527,128.90638732910156,9.422982215881348,0.07551968097686768,0.0
True,False,False,False,342,13.679999351501465,0.2530921399593353,20.520856857299805,0.8138062357902527,128.90638732910156,9.422982215881348,0.07551968097686768,0.0
True,False,False,False,342,13.679999351501465,0.2530921399593353,20.520856857299805,0.8138062357902527,128.90638732910156,9.422982215881348,0.07551968097686768,0.0
True,False,False,False,342,13.679999351501465,0.2530921399593353,20.520856857299805,0.8138062357902527,128.90638732910156,9.422982215881348,0.07551968097686768,0.0
True,False,False,False,342,13.679999351501465,0.25219303369522095,20.523189544677734,0.8137137293815613,128.94972229003906,9.426149368286133,0.07529845833778381,0.0
True,False,False,False,342,13.679999351501465,0.25219303369522095,20.523189544677734,0.8137137293815613,128.94972229003906,9.426149368286133,0.07529845833778381,0.0
True,False,False,False,342,13.679999351501465,0.25219303369522095,20.523189544677734,0.8137137293815613,128.94972229003906,9.426149368286133,0.07529845833778381,0.0
True,False,False,False,342,13.679999351501465,0.25219303369522095,20.523189544677734,0.8137137293815613,128.94972229003906,9.426149368286133,0.07529845833778381,0.0
True,False,False,False,342,13.679999351501465,0.25219303369522095,20.523189544677734,0.8137137293815613,128.94972229003906,9.426149368286133,0.07529845833778381,0.0
True,False,False,False,342,13.679999351501465,0.25219303369522095,20.523189544677734,0.8137137293815613,128.94972229003906,9.426149368286133,0.07529845833778381,0.0
