goal_reached,collision,out_of_bounds,time_out,episode_steps,duration_s,final_distance_to_goal_m,path_length_m,trajectory_efficiency,command_variation_mps,command_variation_rate_mps2,min_clearance_m,mean_residual_mps
True,False,False,False,364,14.559999465942383,0.2830071449279785,18.235942840576172,0.915773868560791,78.60951232910156,5.399004936218262,0.33745118975639343,0.2984069585800171
True,False,False,False,364,14.559999465942383,0.2830071449279785,18.235942840576172,0.915773868560791,78.60951232910156,5.399004936218262,0.33745118975639343,0.2984069585800171
True,False,False,False,364,14.559999465942383,0.2830071449279785,18.235942840576172,0.915773868560791,78.60951232910156,5.399004936218262,0.33745118975639343,0.2984069585800171
True,False,False,False,364,14.559999465942383,0.2830071449279785,18.235942840576172,0.915773868560791,78.60951232910156,5.399004936218262,0.33745118975639343,0.2984069585800171
True,False,False,False,364,14.559999465942383,0.2830071449279785,18.235942840576172,0.915773868560791,78.60951232910156,5.399004936218262,0.33745118975639343,0.2984069585800171
True,False,False,False,364,14.559999465942383,0.2830071449279785,18.235942840576172,0.915773868560791,78.60951232910156,5.399004936218262,0.33745118975639343,0.2984069585800171
True,False,False,False,364,14.559999465942383,0.28259173035621643,18.235816955566406,0.915780246257782,78.609375,5.398995876312256,0.33745118975639343,0.29840439558029175
True,False,False,False,364,14.559999465942383,0.28259173035621643,18.235816955566406,0.915780246257782,78.609375,5.398995876312256,0.33745118975639343,0.29840439558029175
True,False,False,False,364,14.559999465942383,0.28259173035621643,18.235816955566406,0.915780246257782,78.609375,5.398995876312256,0.33745118975639343,0.29840439558029175
True,False,False,False,364,14.559999465942383,0.28259173035621643,18.235816955566406,0.915780246257782,78.609375,5.398995876312256,0.33745118975639343,0.29840439558029175
True,False,False,False,364,14.559999465942383,0.28259173035621643,18.235816955566406,0.915780246257782,78.609375,5.398995876312256,0.33745118975639343,0.29840439558029175
True,False,False,False,364,14.559999465942383,0.2826608717441559,18.235700607299805,0.91578608751297,78.60936737060547,5.398995399475098,0.33748170733451843,0.2984059154987335
True,False,False,False,364,14.559999465942383,0.2826608717441559,18.235700607299805,0.91578608751297,78.60936737060547,5.398995399475098,0.33748170733451843,0.2984059154987335
True,False,False,False,364,14.559999465942383,0.2827300429344177,18.235692977905273,0.9157864451408386,78.60938262939453,5.398996353149414,0.33746644854545593,0.2984061539173126
True,False,False,False,364,14.559999465942383,0.2827300429344177,18.235692977905273,0.9157864451408386,78.60938262939453,5.398996353149414,0.33746644854545593,0.2984061539173126
True,False,False,False,364,14.559999465942383,0.2826867997646332,18.23569679260254,0.9157862663269043,78.60938262939453,5.398996353149414,0.3374931514263153,0.2984059154987335
True,False,False,False,364,14.559999465942383,0.2826867997646332,18.23569679260254,0.9157862663269043,78.60938262939453,5.398996353149414,0.3374931514263153,0.2984059154987335
True,False,False,False,364,14.559999465942383,0.2827300429344177,18.235692977905273,0.9157864451408386,78.60938262939453,5.398996353149414,0.33746644854545593,0.2984061539173126
True,False,False,False,364,14.559999465942383,0.2827300429344177,18.235692977905273,0.9157864451408386,78.60938262939453,5.398996353149414,0.33746644854545593,0.2984061539173126
True,False,False,False,364,14.559999465942383,0.2826608717441559,18.235700607299805,0.91578608751297,78.60936737060547,5.398995399475098,0.33748170733451843,0.2984059154987335
True,False,False,False,364,14.559999465942383,0.2826608717441559,18.235700607299805,0.91578608751297,78.60936737060547,5.398995399475098,0.33748170733451843,0.2984059154987335
True,False,False,False,364,14.559999465942383,0.28259173035621643,18.235816955566406,0.915780246257782,78.609375,5.398995876312256,0.33745118975639343,0.29840439558029175
True,False,False,False,364,14.559999465942383,0.28259173035621643,18.235816955566406,0.915780246257782,78.609375,5.398995876312256,0.33745118975639343,0.29840439558029175
True,False,False,False,364,14.559999465942383,0.28259173035621643,18.235816955566406,0.915780246257782,78.609375,5.398995876312256,0.33745118975639343,0.29840439558029175
True,False,False,False,364,14.559999465942383,0.28259173035621643,18.235816955566406,0.915780246257782,78.609375,5.398995876312256,0.33745118975639343,0.29840439558029175
True,False,False,False,364,14.559999465942383,0.28259173035621643,18.235816955566406,0.915780246257782,78.609375,5.398995876312256,0.33745118975639343,0.29840439558029175
True,False,False,False,364,14.559999465942383,0.2830071449279785,18.235942840576172,0.915773868560791,78.60951232910156,5.399004936218262,0.33745118975639343,0.2984069585800171
True,False,False,False,364,14.559999465942383,0.2830071449279785,18.235942840576172,0.915773868560791,78.60951232910156,5.399004936218262,0.33745118975639343,0.2984069585800171
True,False,False,False,364,14.559999465942383,0.2830071449279785,18.235942840576172,0.915773868560791,78.60951232910156,5.399004936218262,0.33745118975639343,0.2984069585800171
True,False,False,False,364,14.559999465942383,0.2830071449279785,18.235942840576172,0.915773868560791,78.60951232910156,5.399004936218262,0.33745118975639343,0.2984069585800171
True,False,False,False,364,14.559999465942383,0.2830071449279785,18.235942840576172,0.915773868560791,78.60951232910156,5.399004936218262,0.33745118975639343,0.2984069585800171
True,False,False,False,364,14.559999465942383,0.2830071449279785,18.235942840576172,0.915773868560791,78.60951232910156,5.399004936218262,0.33745118975639343,0.2984069585800171
True,False,False,False,364,14.559999465942383,0.2830071449279785,18.235942840576172,0.915773868560791,78.60951232910156,5.399004936218262,0.33745118975639343,0.2984069585800171
True,False,False,False,364,14.559999465942383,0.2830071449279785,18.235942840576172,0.915773868560791,78.60951232910156,5.399004936218262,0.33745118975639343,0.2984069585800171
True,False,False,False,364,14.559999465942383,0.2830071449279785,18.235942840576172,0.915773868560791,78.60951232910156,5.399004936218262,0.33745118975639343,0.2984069585800171
True,False,False,False,364,14.559999465942383,0.2830071449279785,18.235942840576172,0.915773868560791,78.60951232910156,5.399004936218262,0.33745118975639343,0.2984069585800171
True,False,False,False,364,14.559999465942383,0.2830071449279785,18.235942840576172,0.915773868560791,78.60951232910156,5.399004936218262,0.33745118975639343,0.2984069585800171
True,False,False,False,364,14.559999465942383,0.2830071449279785,18.235942840576172,0.915773868560791,78.60951232910156,5.399004936218262,0.33745118975639343,0.2984069585800171
True,False,False,False,364,14.559999465942383,0.28259173035621643,18.235816955566406,0.915780246257782,78.609375,5.398995876312256,0.33745118975639343,0.29840439558029175
True,False,False,False,364,14.559999465942383,0.28259173035621643,18.235816955566406,0.915780246257782,78.609375,5.398995876312256,0.33745118975639343,0.29840439558029175
True,False,False,False,364,14.559999465942383,0.28259173035621643,18.235816955566406,0.915780246257782,78.609375,5.398995876312256,0.33745118975639343,0.29840439558029175
True,False,False,False,364,14.559999465942383,0.28259173035621643,18.235816955566406,0.915780246257782,78.609375,5.398995876312256,0.33745118975639343,0.29840439558029175
True,False,False,False,364,14.559999465942383,0.28259173035621643,18.235816955566406,0.915780246257782,78.609375,5.398995876312256,0.33745118975639343,0.29840439558029175
True,False,False,False,364,14.559999465942383,0.2826608717441559,18.235700607299805,0.91578608751297,78.60936737060547,5.398995399475098,0.33748170733451843,0.2984059154987335
True,False,False,False,364,14.559999465942383,0.2826608717441559,18.235700607299805,0.91578608751297,78.60936737060547,5.398995399475098,0.33748170733451843,0.2984059154987335
True,False,False,False,364,14.559999465942383,0.2827300429344177,18.235692977905273,0.9157864451408386,78.60938262939453,5.398996353149414,0.33746644854545593,0.2984061539173126
True,False,False,False,364,14.559999465942383,0.2827300429344177,18.235692977905273,0.9157864451408386,78.60938262939453,5.398996353149414,0.33746644854545593,0.2984061539173126
True,False,False,False,364,14.559999465942383,0.2826867997646332,18.23569679260254,0.9157862663269043,78.60938262939453,5.398996353149414,0.3374931514263153,0.2984059154987335
True,False,False,False,364,14.559999465942383,0.2826867997646332,18.23569679260254,0.9157862663269043,78.60938262939453,5.398996353149414,0.3374931514263153,0.2984059154987335
True,False,False,False,364,14.559999465942383,0.2827300429344177,18.235692977905273,0.9157864451408386,78.60938262939453,5.398996353149414,0.33746644854545593,0.2984061539173126
True,False,False,False,364,14.559999465942383,0.2827300429344177,18.235692977905273,0.9157864451408386,78.60938262939453,5.398996353149414,0.33746644854545593,0.2984061539173126
True,False,False,False,364,14.559999465942383,0.2826608717441559,18.235700607299805,0.91578608751297,78.60936737060547,5.398995399475098,0.33748170733451843,0.2984059154987335
True,False,False,False,364,14.559999465942383,0.2826608717441559,18.235700607299805,0.91578608751297,78.60936737060547,5.398995399475098,0.33748170733451843,0.2984059154987335
True,False,False,False,364,14.559999465942383,0.28259173035621643,18.235816955566406,0.915780246257782,78.609375,5.398995876312256,0.33745118975639343,0.29840439558029175
True,False,False,False,364,14.559999465942383,0.28259173035621643,18.235816955566406,0.915780246257782,78.609375,5.398995876312256,0.33745118975639343,0.29840439558029175
True,False,False,False,364,14.559999465942383,0.28259173035621643,18.235816955566406,0.915780246257782,78.609375,5.398995876312256,0.33745118975639343,0.29840439558029175
True,False,False,False,364,14.559999465942383,0.28259173035621643,18.235816955566406,0.915780246257782,78.609375,5.398995876312256,0.33745118975639343,0.29840439558029175
True,False,False,False,364,14.559999465942383,0.28259173035621643,18.235816955566406,0.915780246257782,78.609375,5.398995876312256,0.33745118975639343,0.29840439558029175
True,False,False,False,364,14.559999465942383,0.2830071449279785,18.235942840576172,0.915773868560791,78.60951232910156,5.399004936218262,0.33745118975639343,0.2984069585800171
True,False,False,False,364,14.559999465942383,0.2830071449279785,18.235942840576172,0.915773868560791,78.60951232910156,5.399004936218262,0.33745118975639343,0.2984069585800171
True,False,False,False,364,14.559999465942383,0.2830071449279785,18.235942840576172,0.915773868560791,78.60951232910156,5.399004936218262,0.33745118975639343,0.2984069585800171
True,False,False,False,364,14.559999465942383,0.2830071449279785,18.235942840576172,0.915773868560791,78.60951232910156,5.399004936218262,0.33745118975639343,0.2984069585800171
True,False,False,False,364,14.559999465942383,0.2830071449279785,18.235942840576172,0.915773868560791,78.60951232910156,5.399004936218262,0.33745118975639343,0.2984069585800171
True,False,False,False,364,14.559999465942383,0.2830071449279785,18.235942840576172,0.915773868560791,78.60951232910156,5.399004936218262,0.33745118975639343,0.2984069585800171
True,False,False,False,364,14.559999465942383,0.2830071449279785,18.235942840576172,0.915773868560791,78.60951232910156,5.399004936218262,0.33745118975639343,0.2984069585800171
True,False,False,False,364,14.559999465942383,0.2830071449279785,18.235942840576172,0.915773868560791,78.60951232910156,5.399004936218262,0.33745118975639343,0.2984069585800171
True,False,False,False,364,14.559999465942383,0.2830071449279785,18.235942840576172,0.915773868560791,78.60951232910156,5.399004936218262,0.33745118975639343,0.2984069585800171
True,False,False,False,364,14.559999465942383,0.2830071449279785,18.235942840576172,0.915773868560791,78.60951232910156,5.399004936218262,0.33745118975639343,0.2984069585800171
True,False,False,False,364,14.559999465942383,0.2830071449279785,18.235942840576172,0.915773868560791,78.60951232910156,5.399004936218262,0.33745118975639343,0.2984069585800171
True,False,False,False,364,14.559999465942383,0.2830071449279785,18.235942840576172,0.915773868560791,78.60951232910156,5.399004936218262,0.33745118975639343,0.2984069585800171
True,False,False,False,364,14.559999465942383,0.28259173035621643,18.235816955566406,0.915780246257782,78.609375,5.398995876312256,0.33745118975639343,0.29840439558029175
True,False,False,False,364,14.559999465942383,0.28259173035621643,18.235816955566406,0.915780246257782,78.609375,5.398995876312256,0.33745118975639343,0.29840439558029175
True,False,False,False,364,14.559999465942383,0.28259173035621643,18.235816955566406,0.915780246257782,78.609375,5.398995876312256,0.33745118975639343,0.29840439558029175
True,False,False,False,364,14.559999465942383,0.28259173035621643,18.235816955566406,0.915780246257782,78.609375,5.398995876312256,0.33745118975639343,0.29840439558029175
True,False,False,False,364,14.559999465942383,0.28259173035621643,18.235816955566406,0.915780246257782,78.609375,5.398995876312256,0.33745118975639343,0.29840439558029175
True,False,False,False,364,14.559999465942383,0.2826608717441559,18.235700607299805,0.91578608751297,78.60936737060547,5.398995399475098,0.33748170733451843,0.2984059154987335
True,False,False,False,364,14.559999465942383,0.2826608717441559,18.235700607299805,0.91578608751297,78.60936737060547,5.398995399475098,0.33748170733451843,0.2984059154987335
True,False,False,False,364,14.559999465942383,0.2827300429344177,18.235692977905273,0.9157864451408386,78.60938262939453,5.398996353149414,0.33746644854545593,0.2984061539173126
True,False,False,False,364,14.559999465942383,0.2827300429344177,18.235692977905273,0.9157864451408386,78.60938262939453,5.398996353149414,0.33746644854545593,0.2984061539173126
True,False,False,False,364,14.559999465942383,0.2826867997646332,18.23569679260254,0.9157862663269043,78.60938262939453,5.398996353149414,0.3374931514263153,0.2984059154987335
True,False,False,False,364,14.559999465942383,0.2826867997646332,18.23569679260254,0.9157862663269043,78.60938262939453,5.398996353149414,0.3374931514263153,0.2984059154987335
True,False,False,False,364,14.559999465942383,0.2827300429344177,18.235692977905273,0.9157864451408386,78.60938262939453,5.398996353149414,0.33746644854545593,0.2984061539173126
True,False,False,False,364,14.559999465942383,0.2827300429344177,18.235692977905273,0.9157864451408386,78.60938262939453,5.398996353149414,0.33746644854545593,0.2984061539173126
True,False,False,False,364,14.559999465942383,0.2826608717441559,18.235700607299805,0.91578608751297,78.60936737060547,5.398995399475098,0.33748170733451843,0.2984059154987335
True,False,False,False,364,14.559999465942383,0.2826608717441559,18.235700607299805,0.91578608751297,78.60936737060547,5.398995399475098,0.33748170733451843,0.2984059154987335
True,False,False,False,364,14.559999465942383,0.28259173035621643,18.235816955566406,0.915780246257782,78.609375,5.398995876312256,0.33745118975639343,0.29840439558029175
True,False,False,False,364,14.559999465942383,0.28259173035621643,18.235816955566406,0.915780246257782,78.609375,5.398995876312256,0.33745118975639343,0.29840439558029175
True,False,False,False,364,14.559999465942383,0.28259173035621643,18.235816955566406,0.915780246257782,78.609375,5.398995876312256,0.33745118975639343,0.29840439558029175
True,False,False,False,364,14.559999465942383,0.28259173035621643,18.235816955566406,0.915780246257782,78.609375,5.398995876312256,0.33745118975639343,0.29840439558029175
True,False,False,False,364,14.559999465942383,0.28259173035621643,18.235816955566406,0.915780246257782,78.609375,5.398995876312256,0.33745118975639343,0.29840439558029175
True,False,False,False,364,14.559999465942383,0.2830071449279785,18.235942840576172,0.915773868560791,78.60951232910156,5.399004936218262,0.33745118975639343,0.2984069585800171
True,False,False,False,364,14.559999465942383,0.2830071449279785,18.235942840576172,0.915773868560791,78.60951232910156,5.399004936218262,0.33745118975639343,0.2984069585800171
True,False,False,False,364,14.559999465942383,0.2830071449279785,18.235942840576172,0.915773868560791,78.60951232910156,5.399004936218262,0.33745118975639343,0.2984069585800171
True,False,False,False,364,14.559999465942383,0.2830071449279785,18.235942840576172,0.915773868560791,78.60951232910156,5.399004936218262,0.33745118975639343,0.2984069585800171
True,False,False,False,364,14.559999465942383,0.2830071449279785,18.235942840576172,0.915773868560791,78.60951232910156,5.399004936218262,0.33745118975639343,0.2984069585800171
True,False,False,False,364,14.559999465942383,0.2830071449279785,18.235942840576172,0.915773868560791,78.60951232910156,5.399004936218262,0.33745118975639343,0.2984069585800171
True,False,False,False,364,14.559999465942383,0.2830071449279785,18.235942840576172,0.915773868560791,78.60951232910156,5.399004936218262,0.33745118975639343,0.2984069585800171
True,False,False,False,364,14.559999465942383,0.2830071449279785,18.235942840576172,0.915773868560791,78.60951232910156,5.399004936218262,0.33745118975639343,0.2984069585800171
True,False,False,False,364,14.559999465942383,0.2830071449279785,18.235942840576172,0.915773868560791,78.60951232910156,5.399004936218262,0.33745118975639343,0.2984069585800171
True,False,False,False,364,14.559999465942383,0.2830071449279785,18.235942840576172,0.915773868560791,78.60951232910156,5.399004936218262,0.33745118975639343,0.2984069585800171
True,False,False,False,364,14.559999465942383,0.2830071449279785,18.235942840576172,0.915773868560791,78.60951232910156,5.399004936218262,0.33745118975639343,0.2984069585800171
True,False,False,False,364,14.559999465942383,0.2830071449279785,18.235942840576172,0.915773868560791,78.60951232910156,5.399004936218262,0.33745118975639343,0.2984069585800171
True,False,False,False,364,14.559999465942383,0.28259173035621643,18.235816955566406,0.915780246257782,78.609375,5.398995876312256,0.33745118975639343,0.29840439558029175
True,False,False,False,364,14.559999465942383,0.28259173035621643,18.235816955566406,0.915780246257782,78.609375,5.398995876312256,0.33745118975639343,0.29840439558029175
True,False,False,False,364,14.559999465942383,0.28259173035621643,18.235816955566406,0.915780246257782,78.609375,5.398995876312256,0.33745118975639343,0.29840439558029175
True,False,False,False,364,14.559999465942383,0.28259173035621643,18.235816955566406,0.915780246257782,78.609375,5.398995876312256,0.33745118975639343,0.29840439558029175
True,False,False,False,364,14.559999465942383,0.28259173035621643,18.235816955566406,0.915780246257782,78.609375,5.398995876312256,0.33745118975639343,0.29840439558029175
True,False,False,False,364,14.559999465942383,0.2826608717441559,18.235700607299805,0.91578608751297,78.60936737060547,5.398995399475098,0.33748170733451843,0.2984059154987335
True,False,False,False,364,14.559999465942383,0.2826608717441559,18.235700607299805,0.91578608751297,78.60936737060547,5.398995399475098,0.33748170733451843,0.2984059154987335
True,False,False,False,364,14.559999465942383,0.2827300429344177,18.235692977905273,0.9157864451408386,78.60938262939453,5.398996353149414,0.33746644854545593,0.2984061539173126
True,False,False,False,364,14.559999465942383,0.2827300429344177,18.235692977905273,0.9157864451408386,78.60938262939453,5.398996353149414,0.33746644854545593,0.2984061539173126
True,False,False,False,364,14.559999465942383,0.2826867997646332,18.23569679260254,0.9157862663269043,78.60938262939453,5.398996353149414,0.3374931514263153,0.2984059154987335
True,False,False,False,364,14.559999465942383,0.2826867997646332,18.23569679260254,0.9157862663269043,78.60938262939453,5.398996353149414,0.3374931514263153,0.2984059154987335
True,False,False,False,364,14.559999465942383,0.2827300429344177,18.235692977905273,0.9157864451408386,78.60938262939453,5.398996353149414,0.33746644854545593,0.2984061539173126
True,False,False,False,364,14.559999465942383,0.2827300429344177,18.235692977905273,0.9157864451408386,78.60938262939453,5.398996353149414,0.33746644854545593,0.2984061539173126
True,False,False,False,364,14.559999465942383,0.2826608717441559,18.235700607299805,0.91578608751297,78.60936737060547,5.398995399475098,0.33748170733451843,0.2984059154987335
True,False,False,False,364,14.559999465942383,0.2826608717441559,18.235700607299805,0.91578608751297,78.60936737060547,5.398995399475098,0.33748170733451843,0.2984059154987335
True,False,False,False,364,14.559999465942383,0.28259173035621643,18.235816955566406,0.915780246257782,78.609375,5.398995876312256,0.33745118975639343,0.29840439558029175
True,False,False,False,364,14.559999465942383,0.28259173035621643,18.235816955566406,0.915780246257782,78.609375,5.398995876312256,0.33745118975639343,0.29840439558029175
True,False,False,False,364,14.559999465942383,0.28259173035621643,18.235816955566406,0.915780246257782,78.609375,5.398995876312256,0.33745118975639343,0.29840439558029175
True,False,False,False,364,14.559999465942383,0.28259173035621643,18.235816955566406,0.915780246257782,78.609375,5.398995876312256,0.33745118975639343,0.29840439558029175
True,False,False,False,364,14.559999465942383,0.28259173035621643,18.235816955566406,0.915780246257782,78.609375,5.398995876312256,0.33745118975639343,0.29840439558029175
True,False,False,False,364,14.559999465942383,0.2830071449279785,18.235942840576172,0.915773868560791,78.60951232910156,5.399004936218262,0.33745118975639343,0.2984069585800171
True,False,False,False,364,14.559999465942383,0.2830071449279785,18.235942840576172,0.915773868560791,78.60951232910156,5.399004936218262,0.33745118975639343,0.2984069585800171
True,False,False,False,364,14.559999465942383,0.2830071449279785,18.235942840576172,0.915773868560791,78.60951232910156,5.399004936218262,0.33745118975639343,0.2984069585800171
True,False,False,False,364,14.559999465942383,0.2830071449279785,18.235942840576172,0.915773868560791,78.60951232910156,5.399004936218262,0.33745118975639343,0.2984069585800171
True,False,False,False,364,14.559999465942383,0.2830071449279785,18.235942840576172,0.915773868560791,78.60951232910156,5.399004936218262,0.33745118975639343,0.2984069585800171
True,False,False,False,364,14.559999465942383,0.2830071449279785,18.235942840576172,0.915773868560791,78.60951232910156,5.399004936218262,0.33745118975639343,0.2984069585800171
True,False,False,False,364,14.559999465942383,0.2830071449279785,18.235942840576172,0.915773868560791,78.60951232910156,5.399004936218262,0.33745118975639343,0.2984069585800171
True,False,False,False,364,14.559999465942383,0.2830071449279785,18.235942840576172,0.915773868560791,78.60951232910156,5.399004936218262,0.33745118975639343,0.2984069585800171
True,False,False,False,364,14.559999465942383,0.2830071449279785,18.235942840576172,0.915773868560791,78.60951232910156,5.399004936218262,0.33745118975639343,0.2984069585800171
True,False,False,False,364,14.559999465942383,0.2830071449279785,18.235942840576172,0.915773868560791,78.60951232910156,5.399004936218262,0.33745118975639343,0.2984069585800171
True,False,False,False,364,14.559999465942383,0.2830071449279785,18.235942840576172,0.915773868560791,78.60951232910156,5.399004936218262,0.33745118975639343,0.2984069585800171
True,False,False,False,364,14.559999465942383,0.2830071449279785,18.235942840576172,0.915773868560791,78.60951232910156,5.399004936218262,0.33745118975639343,0.2984069585800171
True,False,False,False,364,14.559999465942383,0.28259173035621643,18.235816955566406,0.915780246257782,78.609375,5.398995876312256,0.33745118975639343,0.29840439558029175
True,False,False,False,364,14.559999465942383,0.28259173035621643,18.235816955566406,0.915780246257782,78.609375,5.398995876312256,0.33745118975639343,0.29840439558029175
True,False,False,False,364,14.559999465942383,0.28259173035621643,18.235816955566406,0.915780246257782,78.609375,5.398995876312256,0.33745118975639343,0.29840439558029175
True,False,False,False,364,14.559999465942383,0.28259173035621643,18.235816955566406,0.915780246257782,78.609375,5.398995876312256,0.33745118975639343,0.29840439558029175
True,False,False,False,364,14.559999465942383,0.28259173035621643,18.235816955566406,0.915780246257782,78.609375,5.398995876312256,0.33745118975639343,0.29840439558029175
True,False,False,False,364,14.559999465942383,0.2826608717441559,18.235700607299805,0.91578608751297,78.60936737060547,5.398995399475098,0.33748170733451843,0.2984059154987335
True,False,False,False,364,14.559999465942383,0.2826608717441559,18.235700607299805,0.91578608751297,78.60936737060547,5.398995399475098,0.33748170733451843,0.2984059154987335
True,False,False,False,364,14.559999465942383,0.2827300429344177,18.235692977905273,0.9157864451408386,78.60938262939453,5.398996353149414,0.33746644854545593,0.2984061539173126
True,False,False,False,364,14.559999465942383,0.2827300429344177,18.235692977905273,0.9157864451408386,78.60938262939453,5.398996353149414,0.33746644854545593,0.2984061539173126
True,False,False,False,364,14.559999465942383,0.2826867997646332,18.23569679260254,0.9157862663269043,78.60938262939453,5.398996353149414,0.3374931514263153,0.2984059154987335
True,False,False,False,364,14.559999465942383,0.2826867997646332,18.23569679260254,0.9157862663269043,78.60938262939453,5.398996353149414,0.3374931514263153,0.2984059154987335
True,False,False,False,364,14.559999465942383,0.2827300429344177,18.235692977905273,0.9157864451408386,78.60938262939453,5.398996353149414,0.33746644854545593,0.2984061539173126
True,False,False,False,364,14.559999465942383,0.2827300429344177,18.235692977905273,0.9157864451408386,78.60938262939453,5.398996353149414,0.33746644854545593,0.2984061539173126
True,False,False,False,364,14.559999465942383,0.2826608717441559,18.235700607299805,0.91578608751297,78.60936737060547,5.398995399475098,0.33748170733451843,0.2984059154987335
True,False,False,False,364,14.559999465942383,0.2826608717441559,18.235700607299805,0.91578608751297,78.60936737060547,5.398995399475098,0.33748170733451843,0.2984059154987335
True,False,False,False,364,14.559999465942383,0.28259173035621643,18.235816955566406,0.915780246257782,78.609375,5.398995876312256,0.33745118975639343,0.29840439558029175
True,False,False,False,364,14.559999465942383,0.28259173035621643,18.235816955566406,0.915780246257782,78.609375,5.398995876312256,0.33745118975639343,0.29840439558029175
True,False,False,False,364,14.559999465942383,0.28259173035621643,18.235816955566406,0.915780246257782,78.609375,5.398995876312256,0.33745118975639343,0.29840439558029175
True,False,False,False,364,14.559999465942383,0.28259173035621643,18.235816955566406,0.915780246257782,78.609375,5.398995876312256,0.33745118975639343,0.29840439558029175
True,False,False,False,364,14.559999465942383,0.28259173035621643,18.235816955566406,0.915780246257782,78.609375,5.398995876312256,0.33745118975639343,0.29840439558029175
True,False,False,False,364,14.559999465942383,0.2830071449279785,18.235942840576172,0.915773868560791,78.60951232910156,5.399004936218262,0.33745118975639343,0.2984069585800171
True,False,False,False,364,14.559999465942383,0.2830071449279785,18.235942840576172,0.915773868560791,78.60951232910156,5.399004936218262,0.33745118975639343,0.2984069585800171
True,False,False,False,364,14.559999465942383,0.2830071449279785,18.235942840576172,0.915773868560791,78.60951232910156,5.399004936218262,0.33745118975639343,0.2984069585800171
True,False,False,False,364,14.559999465942383,0.2830071449279785,18.235942840576172,0.915773868560791,78.60951232910156,5.399004936218262,0.33745118975639343,0.2984069585800171
True,False,False,False,364,14.559999465942383,0.2830071449279785,18.235942840576172,0.915773868560791,78.60951232910156,5.399004936218262,0.33745118975639343,0.2984069585800171
True,False,False,False,364,14.559999465942383,0.2830071449279785,18.235942840576172,0.915773868560791,78.60951232910156,5.399004936218262,0.33745118975639343,0.2984069585800171
True,False,False,False,364,14.559999465942383,0.28295689821243286,18.236003875732422,0.9157708287239075,78.6095199584961,5.399005889892578,0.33745118975639343,0.29840704798698425
True,False,False,False,364,14.559999465942383,0.28295689821243286,18.236003875732422,0.9157708287239075,78.6095199584961,5.399005889892578,0.33745118975639343,0.29840704798698425
True,False,False,False,364,14.559999465942383,0.28295689821243286,18.236003875732422,0.9157708287239075,78.6095199584961,5.399005889892578,0.33745118975639343,0.29840704798698425
True,False,False,False,364,14.559999465942383,0.28295689821243286,18.236003875732422,0.9157708287239075,78.6095199584961,5.399005889892578,0.33745118975639343,0.29840704798698425
True,False,False,False,364,14.559999465942383,0.28295689821243286,18.236003875732422,0.9157708287239075,78.6095199584961,5.399005889892578,0.33745118975639343,0.29840704798698425
True,False,False,False,364,14.559999465942383,0.28295689821243286,18.236003875732422,0.9157708287239075,78.6095199584961,5.399005889892578,0.33745118975639343,0.29840704798698425
True,False,False,False,364,14.559999465942383,0.282541424036026,18.235877990722656,0.9157772064208984,78.60936737060547,5.398995399475098,0.33745118975639343,0.29840460419654846
True,False,False,False,364,14.559999465942383,0.282541424036026,18.235877990722656,0.9157772064208984,78.60936737060547,5.398995399475098,0.33745118975639343,0.29840460419654846
True,False,False,False,364,14.559999465942383,0.282541424036026,18.235877990722656,0.9157772064208984,78.60936737060547,5.398995399475098,0.33745118975639343,0.29840460419654846
True,False,False,False,364,14.559999465942383,0.282541424036026,18.235877990722656,0.9157772064208984,78.60936737060547,5.398995399475098,0.33745118975639343,0.29840460419654846
True,False,False,False,364,14.559999465942383,0.282541424036026,18.235877990722656,0.9157772064208984,78.60936737060547,5.398995399475098,0.33745118975639343,0.29840460419654846
True,False,False,False,364,14.559999465942383,0.2825932800769806,18.235736846923828,0.9157842993736267,78.60936737060547,5.398995399475098,0.33748170733451843,0.2984059751033783
True,False,False,False,364,14.559999465942383,0.2825932800769806,18.235736846923828,0.9157842993736267,78.60936737060547,5.398995399475098,0.33748170733451843,0.2984059751033783
True,False,False,False,364,14.559999465942383,0.28267112374305725,18.235740661621094,0.9157841205596924,78.60936737060547,5.398995399475098,0.33746644854545593,0.2984062731266022
True,False,False,False,364,14.559999465942383,0.28267112374305725,18.235740661621094,0.9157841205596924,78.60936737060547,5.398995399475098,0.33746644854545593,0.2984062731266022
True,False,False,False,364,14.559999465942383,0.2826192080974579,18.235761642456055,0.9157830476760864,78.609375,5.398995876312256,0.3374931514263153,0.29840603470802307
True,False,False,False,364,14.559999465942383,0.2826192080974579,18.235761642456055,0.9157830476760864,78.609375,5.398995876312256,0.3374931514263153,0.29840603470802307
True,False,False,False,364,14.559999465942383,0.28267112374305725,18.235740661621094,0.9157841205596924,78.60936737060547,5.398995399475098,0.33746644854545593,0.2984062731266022
True,False,False,False,364,14.559999465942383,0.28267112374305725,18.235740661621094,0.9157841205596924,78.60936737060547,5.398995399475098,0.33746644854545593,0.2984062731266022
True,False,False,False,364,14.559999465942383,0.2825932800769806,18.235736846923828,0.9157842993736267,78.60936737060547,5.398995399475098,0.33748170733451843,0.2984059751033783
True,False,False,False,364,14.559999465942383,0.2825932800769806,18.235736846923828,0.9157842993736267,78.60936737060547,5.398995399475098,0.33748170733451843,0.2984059751033783
True,False,False,False,364,14.559999465942383,0.282541424036026,18.235877990722656,0.9157772064208984,78.60936737060547,5.398995399475098,0.33745118975639343,0.29840460419654846
True,False,False,False,364,14.559999465942383,0.282541424036026,18.235877990722656,0.9157772064208984,78.60936737060547,5.398995399475098,0.33745118975639343,0.29840460419654846
True,False,False,False,364,14.559999465942383,0.282541424036026,18.235877990722656,0.9157772064208984,78.60936737060547,5.398995399475098,0.33745118975639343,0.29840460419654846
True,False,False,False,364,14.559999465942383,0.282541424036026,18.235877990722656,0.9157772064208984,78.60936737060547,5.398995399475098,0.33745118975639343,0.29840460419654846
True,False,False,False,364,14.559999465942383,0.282541424036026,18.235877990722656,0.9157772064208984,78.60936737060547,5.398995399475098,0.33745118975639343,0.29840460419654846
True,False,False,False,364,14.559999465942383,0.28295689821243286,18.236003875732422,0.9157708287239075,78.6095199584961,5.399005889892578,0.33745118975639343,0.29840704798698425
True,False,False,False,364,14.559999465942383,0.28295689821243286,18.236003875732422,0.9157708287239075,78.6095199584961,5.399005889892578,0.33745118975639343,0.29840704798698425
True,False,False,False,364,14.559999465942383,0.28295689821243286,18.236003875732422,0.9157708287239075,78.6095199584961,5.399005889892578,0.33745118975639343,0.29840704798698425
True,False,False,False,364,14.559999465942383,0.28295689821243286,18.236003875732422,0.9157708287239075,78.6095199584961,5.399005889892578,0.33745118975639343,0.29840704798698425
True,False,False,False,364,14.559999465942383,0.28295689821243286,18.236003875732422,0.9157708287239075,78.6095199584961,5.399005889892578,0.33745118975639343,0.29840704798698425
True,False,False,False,364,14.559999465942383,0.28295689821243286,18.236003875732422,0.9157708287239075,78.6095199584961,5.399005889892578,0.33745118975639343,0.29840704798698425
True,False,False,False,364,14.559999465942383,0.28265562653541565,18.236440658569336,0.9157489538192749,78.60956573486328,5.399008750915527,0.33745118975639343,0.2984050512313843
True,False,False,False,364,14.559999465942383,0.28265562653541565,18.236440658569336,0.9157489538192749,78.60956573486328,5.399008750915527,0.33745118975639343,0.2984050512313843
True,False,False,False,364,14.559999465942383,0.28265562653541565,18.236440658569336,0.9157489538192749,78.60956573486328,5.399008750915527,0.33745118975639343,0.2984050512313843
True,False,False,False,364,14.559999465942383,0.28265562653541565,18.236440658569336,0.9157489538192749,78.60956573486328,5.399008750915527,0.33745118975639343,0.2984050512313843
True,False,False,False,364,14.559999465942383,0.28265562653541565,18.236440658569336,0.9157489538192749,78.60956573486328,5.399008750915527,0.33745118975639343,0.2984050512313843
True,False,False,False,364,14.559999465942383,0.28265562653541565,18.236440658569336,0.9157489538192749,78.60956573486328,5.399008750915527,0.33745118975639343,0.2984050512313843
True,False,False,False,364,14.559999465942383,0.2821045219898224,18.23640251159668,0.9157508015632629,78.60943603515625,5.3989996910095215,0.33745118975639343,0.2984023988246918
True,False,False,False,364,14.559999465942383,0.2821045219898224,18.23640251159668,0.9157508015632629,78.60943603515625,5.3989996910095215,0.33745118975639343,0.2984023988246918
True,False,False,False,364,14.559999465942383,0.2821045219898224,18.23640251159668,0.9157508015632629,78.60943603515625,5.3989996910095215,0.33745118975639343,0.2984023988246918
True,False,False,False,364,14.559999465942383,0.2821045219898224,18.23640251159668,0.9157508015632629,78.60943603515625,5.3989996910095215,0.33745118975639343,0.2984023988246918
True,False,False,False,364,14.559999465942383,0.2821045219898224,18.23640251159668,0.9157508015632629,78.60943603515625,5.3989996910095215,0.33745118975639343,0.2984023988246918
True,False,False,False,364,14.559999465942383,0.2822084128856659,18.236244201660156,0.9157587885856628,78.60945129394531,5.399001121520996,0.33748170733451843,0.29840391874313354
True,False,False,False,364,14.559999465942383,0.2822084128856659,18.236244201660156,0.9157587885856628,78.60945129394531,5.399001121520996,0.33748170733451843,0.29840391874313354
True,False,False,False,364,14.559999465942383,0.2822517156600952,18.23626136779785,0.9157578945159912,78.60946655273438,5.3990020751953125,0.33746644854545593,0.2984040379524231
True,False,False,False,364,14.559999465942383,0.2822517156600952,18.23626136779785,0.9157578945159912,78.60946655273438,5.3990020751953125,0.33746644854545593,0.2984040379524231
True,False,False,False,364,14.559999465942383,0.2821997404098511,18.23627281188965,0.9157573580741882,78.60945892333984,5.399001598358154,0.3374931514263153,0.29840385913848877
True,False,False,False,364,14.559999465942383,0.2821997404098511,18.23627281188965,0.9157573580741882,78.60945892333984,5.399001598358154,0.3374931514263153,0.29840385913848877
True,False,False,False,364,14.559999465942383,0.2822517156600952,18.23626136779785,0.9157578945159912,78.60946655273438,5.3990020751953125,0.33746644854545593,0.2984040379524231
True,False,False,False,364,14.559999465942383,0.2822517156600952,18.23626136779785,0.9157578945159912,78.60946655273438,5.3990020751953125,0.33746644854545593,0.2984040379524231
True,False,False,False,364,14.559999465942383,0.2822084128856659,18.236244201660156,0.9157587885856628,78.60945129394531,5.399001121520996,0.33748170733451843,0.29840391874313354
True,False,False,False,364,14.559999465942383,0.2822084128856659,18.236244201660156,0.9157587885856628,78.60945129394531,5.399001121520996,0.33748170733451843,0.29840391874313354
True,False,False,False,364,14.559999465942383,0.2821045219898224,18.23640251159668,0.9157508015632629,78.60943603515625,5.3989996910095215,0.33745118975639343,0.2984023988246918
True,False,False,False,364,14.559999465942383,0.2821045219898224,18.23640251159668,0.9157508015632629,78.60943603515625,5.3989996910095215,0.33745118975639343,0.2984023988246918
True,False,False,False,364,14.559999465942383,0.2821045219898224,18.23640251159668,0.9157508015632629,78.60943603515625,5.3989996910095215,0.33745118975639343,0.2984023988246918
True,False,False,False,364,14.559999465942383,0.2821045219898224,18.23640251159668,0.9157508015632629,78.60943603515625,5.3989996910095215,0.33745118975639343,0.2984023988246918
True,False,False,False,364,14.559999465942383,0.2821045219898224,18.23640251159668,0.9157508015632629,78.60943603515625,5.3989996910095215,0.33745118975639343,0.2984023988246918
True,False,False,False,364,14.559999465942383,0.28265562653541565,18.236440658569336,0.9157489538192749,78.60956573486328,5.399008750915527,0.33745118975639343,0.2984050512313843
True,False,False,False,364,14.559999465942383,0.28265562653541565,18.236440658569336,0.9157489538192749,78.60956573486328,5.399008750915527,0.33745118975639343,0.2984050512313843
True,False,False,False,364,14.559999465942383,0.28265562653541565,18.236440658569336,0.9157489538192749,78.60956573486328,5.399008750915527,0.33745118975639343,0.2984050512313843
True,False,False,False,364,14.559999465942383,0.28265562653541565,18.236440658569336,0.9157489538192749,78.60956573486328,5.399008750915527,0.33745118975639343,0.2984050512313843
True,False,False,False,364,14.559999465942383,0.28265562653541565,18.236440658569336,0.9157489538192749,78.60956573486328,5.399008750915527,0.33745118975639343,0.2984050512313843
True,False,False,False,364,14.559999465942383,0.28265562653541565,18.236440658569336,0.9157489538192749,78.60956573486328,5.399008750915527,0.33745118975639343,0.2984050512313843
True,False,False,False,364,14.559999465942383,0.28265562653541565,18.236440658569336,0.9157489538192749,78.60956573486328,5.399008750915527,0.33745118975639343,0.2984050512313843
True,False,False,False,364,14.559999465942383,0.28265562653541565,18.236440658569336,0.9157489538192749,78.60956573486328,5.399008750915527,0.33745118975639343,0.2984050512313843
True,False,False,False,364,14.559999465942383,0.28265562653541565,18.236440658569336,0.9157489538192749,78.60956573486328,5.399008750915527,0.33745118975639343,0.2984050512313843
True,False,False,False,364,14.559999465942383,0.28265562653541565,18.236440658569336,0.9157489538192749,78.60956573486328,5.399008750915527,0.33745118975639343,0.2984050512313843
True,False,False,False,364,14.559999465942383,0.28265562653541565,18.236440658569336,0.9157489538192749,78.60956573486328,5.399008750915527,0.33745118975639343,0.2984050512313843
True,False,False,False,364,14.559999465942383,0.28265562653541565,18.236440658569336,0.9157489538192749,78.60956573486328,5.399008750915527,0.33745118975639343,0.2984050512313843
True,False,False,False,364,14.559999465942383,0.2821045219898224,18.23640251159668,0.9157508015632629,78.60943603515625,5.3989996910095215,0.33745118975639343,0.2984023988246918
True,False,False,False,364,14.559999465942383,0.2821045219898224,18.23640251159668,0.9157508015632629,78.60943603515625,5.3989996910095215,0.33745118975639343,0.2984023988246918
True,False,False,False,364,14.559999465942383,0.2821045219898224,18.23640251159668,0.9157508015632629,78.60943603515625,5.3989996910095215,0.33745118975639343,0.2984023988246918
True,False,False,False,364,14.559999465942383,0.2821045219898224,18.23640251159668,0.9157508015632629,78.60943603515625,5.3989996910095215,0.33745118975639343,0.2984023988246918
True,False,False,False,364,14.559999465942383,0.2821045219898224,18.23640251159668,0.9157508015632629,78.60943603515625,5.3989996910095215,0.33745118975639343,0.2984023988246918
True,False,False,False,364,14.559999465942383,0.2822084128856659,18.236244201660156,0.9157587885856628,78.60945129394531,5.399001121520996,0.33748170733451843,0.29840391874313354
True,False,False,False,364,14.559999465942383,0.2822084128856659,18.236244201660156,0.9157587885856628,78.60945129394531,5.399001121520996,0.33748170733451843,0.29840391874313354
True,False,False,False,364,14.559999465942383,0.2822517156600952,18.23626136779785,0.9157578945159912,78.60946655273438,5.3990020751953125,0.33746644854545593,0.2984040379524231
True,False,False,False,364,14.559999465942383,0.2822517156600952,18.23626136779785,0.9157578945159912,78.60946655273438,5.3990020751953125,0.33746644854545593,0.2984040379524231
True,False,False,False,364,14.559999465942383,0.2821997404098511,18.23627281188965,0.9157573580741882,78.60945892333984,5.399001598358154,0.3374931514263153,0.29840385913848877
True,False,False,False,364,14.559999465942383,0.2821997404098511,18.23627281188965,0.9157573580741882,78.60945892333984,5.399001598358154,0.3374931514263153,0.29840385913848877
True,False,False,False,364,14.559999465942383,0.2822517156600952,18.23626136779785,0.9157578945159912,78.60946655273438,5.3990020751953125,0.33746644854545593,0.2984040379524231
True,False,False,False,364,14.559999465942383,0.2822517156600952,18.23626136779785,0.9157578945159912,78.60946655273438,5.3990020751953125,0.33746644854545593,0.2984040379524231
True,False,False,False,364,14.559999465942383,0.2822084128856659,18.236244201660156,0.9157587885856628,78.60945129394531,5.399001121520996,0.33748170733451843,0.29840391874313354
True,False,False,False,364,14.559999465942383,0.2822084128856659,18.236244201660156,0.9157587885856628,78.60945129394531,5.399001121520996,0.33748170733451843,0.29840391874313354
True,False,False,False,364,14.559999465942383,0.2821045219898224,18.23640251159668,0.9157508015632629,78.60943603515625,5.3989996910095215,0.33745118975639343,0.2984023988246918
True,False,False,False,364,14.559999465942383,0.2821045219898224,18.23640251159668,0.9157508015632629,78.60943603515625,5.3989996910095215,0.33745118975639343,0.2984023988246918
True,False,False,False,364,14.559999465942383,0.2821045219898224,18.23640251159668,0.9157508015632629,78.60943603515625,5.3989996910095215,0.33745118975639343,0.2984023988246918
True,False,False,False,364,14.559999465942383,0.2821045219898224,18.23640251159668,0.9157508015632629,78.60943603515625,5.3989996910095215,0.33745118975639343,0.2984023988246918
True,False,False,False,364,14.559999465942383,0.2821045219898224,18.23640251159668,0.9157508015632629,78.60943603515625,5.3989996910095215,0.33745118975639343,0.2984023988246918
True,False,False,False,364,14.559999465942383,0.28265562653541565,18.236440658569336,0.9157489538192749,78.60956573486328,5.399008750915527,0.33745118975639343,0.2984050512313843
True,False,False,False,364,14.559999465942383,0.28265562653541565,18.236440658569336,0.9157489538192749,78.60956573486328,5.399008750915527,0.33745118975639343,0.2984050512313843
True,False,False,False,364,14.559999465942383,0.28265562653541565,18.236440658569336,0.9157489538192749,78.60956573486328,5.399008750915527,0.33745118975639343,0.2984050512313843
True,False,False,False,364,14.559999465942383,0.28265562653541565,18.236440658569336,0.9157489538192749,78.60956573486328,5.399008750915527,0.33745118975639343,0.2984050512313843
True,False,False,False,364,14.559999465942383,0.28265562653541565,18.236440658569336,0.9157489538192749,78.60956573486328,5.399008750915527,0.33745118975639343,0.2984050512313843
True,False,False,False,364,14.559999465942383,0.28265562653541565,18.236440658569336,0.9157489538192749,78.60956573486328,5.399008750915527,0.33745118975639343,0.2984050512313843
True,False,False,False,364,14.559999465942383,0.28265562653541565,18.236440658569336,0.9157489538192749,78.60956573486328,5.399008750915527,0.33745118975639343,0.2984050512313843
True,False,False,False,364,14.559999465942383,0.28265562653541565,18.236440658569336,0.9157489538192749,78.60956573486328,5.399008750915527,0.33745118975639343,0.2984050512313843
True,False,False,False,364,14.559999465942383,0.28265562653541565,18.236440658569336,0.9157489538192749,78.60956573486328,5.399008750915527,0.33745118975639343,0.2984050512313843
True,False,False,False,364,14.559999465942383,0.28265562653541565,18.236440658569336,0.9157489538192749,78.60956573486328,5.399008750915527,0.33745118975639343,0.2984050512313843
True,False,False,False,364,14.559999465942383,0.28265562653541565,18.236440658569336,0.9157489538192749,78.60956573486328,5.399008750915527,0.33745118975639343,0.2984050512313843
True,False,False,False,364,14.559999465942383,0.28265562653541565,18.236440658569336,0.9157489538192749,78.60956573486328,5.399008750915527,0.33745118975639343,0.2984050512313843
True,False,False,False,364,14.559999465942383,0.2821045219898224,18.23640251159668,0.9157508015632629,78.60943603515625,5.3989996910095215,0.33745118975639343,0.2984023988246918
True,False,False,False,364,14.559999465942383,0.2821045219898224,18.23640251159668,0.9157508015632629,78.60943603515625,5.3989996910095215,0.33745118975639343,0.2984023988246918
True,False,False,False,364,14.559999465942383,0.2821045219898224,18.23640251159668,0.9157508015632629,78.60943603515625,5.3989996910095215,0.33745118975639343,0.2984023988246918
True,False,False,False,364,14.559999465942383,0.2821045219898224,18.23640251159668,0.9157508015632629,78.60943603515625,5.3989996910095215,0.33745118975639343,0.2984023988246918
True,False,False,False,364,14.559999465942383,0.2821045219898224,18.23640251159668,0.9157508015632629,78.60943603515625,5.3989996910095215,0.33745118975639343,0.2984023988246918
True,False,False,False,364,14.559999465942383,0.2822084128856659,18.236244201660156,0.9157587885856628,78.60945129394531,5.399001121520996,0.33748170733451843,0.29840391874313354
True,False,False,False,364,14.559999465942383,0.2822084128856659,18.236244201660156,0.9157587885856628,78.60945129394531,5.399001121520996,0.33748170733451843,0.29840391874313354
True,False,False,False,364,14.559999465942383,0.2822517156600952,18.23626136779785,0.9157578945159912,78.60946655273438,5.3990020751953125,0.33746644854545593,0.2984040379524231
True,False,False,False,364,14.559999465942383,0.2822517156600952,18.23626136779785,0.9157578945159912,78.60946655273438,5.3990020751953125,0.33746644854545593,0.2984040379524231
True,False,False,False,364,14.559999465942383,0.2821997404098511,18.23627281188965,0.9157573580741882,78.60945892333984,5.399001598358154,0.3374931514263153,0.29840385913848877
True,False,False,False,364,14.559999465942383,0.2821997404098511,18.23627281188965,0.9157573580741882,78.60945892333984,5.399001598358154,0.3374931514263153,0.29840385913848877
True,False,False,False,364,14.559999465942383,0.2822517156600952,18.23626136779785,0.9157578945159912,78.60946655273438,5.3990020751953125,0.33746644854545593,0.2984040379524231
True,False,False,False,364,14.559999465942383,0.2822517156600952,18.23626136779785,0.9157578945159912,78.60946655273438,5.3990020751953125,0.33746644854545593,0.2984040379524231
True,False,False,False,364,14.559999465942383,0.2822084128856659,18.236244201660156,0.9157587885856628,78.60945129394531,5.399001121520996,0.33748170733451843,0.29840391874313354
True,False,False,False,364,14.559999465942383,0.2822084128856659,18.236244201660156,0.9157587885856628,78.60945129394531,5.399001121520996,0.33748170733451843,0.29840391874313354
True,False,False,False,364,14.559999465942383,0.2821045219898224,18.23640251159668,0.9157508015632629,78.60943603515625,5.3989996910095215,0.33745118975639343,0.2984023988246918
True,False,False,False,364,14.559999465942383,0.2821045219898224,18.23640251159668,0.9157508015632629,78.60943603515625,5.3989996910095215,0.33745118975639343,0.2984023988246918
True,False,False,False,364,14.559999465942383,0.2821045219898224,18.23640251159668,0.9157508015632629,78.60943603515625,5.3989996910095215,0.33745118975639343,0.2984023988246918
True,False,False,False,364,14.559999465942383,0.2821045219898224,18.23640251159668,0.9157508015632629,78.60943603515625,5.3989996910095215,0.33745118975639343,0.2984023988246918
True,False,False,False,364,14.559999465942383,0.2821045219898224,18.23640251159668,0.9157508015632629,78.60943603515625,5.3989996910095215,0.33745118975639343,0.2984023988246918
True,False,False,False,364,14.559999465942383,0.28265562653541565,18.236440658569336,0.9157489538192749,78.60956573486328,5.399008750915527,0.33745118975639343,0.2984050512313843
True,False,False,False,364,14.559999465942383,0.28265562653541565,18.236440658569336,0.9157489538192749,78.60956573486328,5.399008750915527,0.33745118975639343,0.2984050512313843
True,False,False,False,364,14.559999465942383,0.28265562653541565,18.236440658569336,0.9157489538192749,78.60956573486328,5.399008750915527,0.33745118975639343,0.2984050512313843
True,False,False,False,364,14.559999465942383,0.28265562653541565,18.236440658569336,0.9157489538192749,78.60956573486328,5.399008750915527,0.33745118975639343,0.2984050512313843
True,False,False,False,364,14.559999465942383,0.28265562653541565,18.236440658569336,0.9157489538192749,78.60956573486328,5.399008750915527,0.33745118975639343,0.2984050512313843
True,False,False,False,364,14.559999465942383,0.28265562653541565,18.236440658569336,0.9157489538192749,78.60956573486328,5.399008750915527,0.33745118975639343,0.2984050512313843
True,False,False,False,364,14.559999465942383,0.28265562653541565,18.236440658569336,0.9157489538192749,78.60956573486328,5.399008750915527,0.33745118975639343,0.2984050512313843
True,False,False,False,364,14.559999465942383,0.28265562653541565,18.236440658569336,0.9157489538192749,78.60956573486328,5.399008750915527,0.33745118975639343,0.2984050512313843
True,False,False,False,364,14.559999465942383,0.28265562653541565,18.236440658569336,0.9157489538192749,78.60956573486328,5.399008750915527,0.33745118975639343,0.2984050512313843
True,False,False,False,364,14.559999465942383,0.28265562653541565,18.236440658569336,0.9157489538192749,78.60956573486328,5.399008750915527,0.33745118975639343,0.2984050512313843
True,False,False,False,364,14.559999465942383,0.28265562653541565,18.236440658569336,0.9157489538192749,78.60956573486328,5.399008750915527,0.33745118975639343,0.2984050512313843
True,False,False,False,364,14.559999465942383,0.28265562653541565,18.236440658569336,0.9157489538192749,78.60956573486328,5.399008750915527,0.33745118975639343,0.2984050512313843
True,False,False,False,364,14.559999465942383,0.2821045219898224,18.23640251159668,0.9157508015632629,78.60943603515625,5.3989996910095215,0.33745118975639343,0.2984023988246918
True,False,False,False,364,14.559999465942383,0.2821045219898224,18.23640251159668,0.9157508015632629,78.60943603515625,5.3989996910095215,0.33745118975639343,0.2984023988246918
True,False,False,False,364,14.559999465942383,0.2821045219898224,18.23640251159668,0.9157508015632629,78.60943603515625,5.3989996910095215,0.33745118975639343,0.2984023988246918
True,False,False,False,364,14.559999465942383,0.2821045219898224,18.23640251159668,0.9157508015632629,78.60943603515625,5.3989996910095215,0.33745118975639343,0.2984023988246918
True,False,False,False,364,14.559999465942383,0.2821045219898224,18.23640251159668,0.9157508015632629,78.60943603515625,5.3989996910095215,0.33745118975639343,0.2984023988246918
True,False,False,False,364,14.559999465942383,0.2822084128856659,18.236244201660156,0.9157587885856628,78.60945129394531,5.399001121520996,0.33748170733451843,0.29840391874313354
True,False,False,False,364,14.559999465942383,0.2822084128856659,18.236244201660156,0.9157587885856628,78.60945129394531,5.399001121520996,0.33748170733451843,0.29840391874313354
True,False,False,False,364,14.559999465942383,0.2822517156600952,18.23626136779785,0.9157578945159912,78.60946655273438,5.3990020751953125,0.33746644854545593,0.2984040379524231
True,False,False,False,364,14.559999465942383,0.2822517156600952,18.23626136779785,0.9157578945159912,78.60946655273438,5.3990020751953125,0.33746644854545593,0.2984040379524231
True,False,False,False,364,14.559999465942383,0.2821997404098511,18.23627281188965,0.9157573580741882,78.60945892333984,5.399001598358154,0.3374931514263153,0.29840385913848877
True,False,False,False,364,14.559999465942383,0.2821997404098511,18.23627281188965,0.9157573580741882,78.60945892333984,5.399001598358154,0.3374931514263153,0.29840385913848877
True,False,False,False,364,14.559999465942383,0.2822517156600952,18.23626136779785,0.9157578945159912,78.60946655273438,5.3990020751953125,0.33746644854545593,0.2984040379524231
True,False,False,False,364,14.559999465942383,0.2822517156600952,18.23626136779785,0.9157578945159912,78.60946655273438,5.3990020751953125,0.33746644854545593,0.2984040379524231
True,False,False,False,364,14.559999465942383,0.2822084128856659,18.236244201660156,0.9157587885856628,78.60945129394531,5.399001121520996,0.33748170733451843,0.29840391874313354
True,False,False,False,364,14.559999465942383,0.2822084128856659,18.236244201660156,0.9157587885856628,78.60945129394531,5.399001121520996,0.33748170733451843,0.29840391874313354
True,False,False,False,364,14.559999465942383,0.2821045219898224,18.23640251159668,0.9157508015632629,78.60943603515625,5.3989996910095215,0.33745118975639343,0.2984023988246918
True,False,False,False,364,14.559999465942383,0.2821045219898224,18.23640251159668,0.9157508015632629,78.60943603515625,5.3989996910095215,0.33745118975639343,0.2984023988246918
True,False,False,False,364,14.559999465942383,0.2821045219898224,18.23640251159668,0.9157508015632629,78.60943603515625,5.3989996910095215,0.33745118975639343,0.2984023988246918
True,False,False,False,364,14.559999465942383,0.2821045219898224,18.23640251159668,0.9157508015632629,78.60943603515625,5.3989996910095215,0.33745118975639343,0.2984023988246918
True,False,False,False,364,14.559999465942383,0.2821045219898224,18.23640251159668,0.9157508015632629,78.60943603515625,5.3989996910095215,0.33745118975639343,0.2984023988246918
True,False,False,False,364,14.559999465942383,0.28265562653541565,18.236440658569336,0.9157489538192749,78.60956573486328,5.399008750915527,0.33745118975639343,0.2984050512313843
True,False,False,False,364,14.559999465942383,0.28265562653541565,18.236440658569336,0.9157489538192749,78.60956573486328,5.399008750915527,0.33745118975639343,0.2984050512313843
True,False,False,False,364,14.559999465942383,0.28265562653541565,18.236440658569336,0.9157489538192749,78.60956573486328,5.399008750915527,0.33745118975639343,0.2984050512313843
True,False,False,False,364,14.559999465942383,0.28265562653541565,18.236440658569336,0.9157489538192749,78.60956573486328,5.399008750915527,0.33745118975639343,0.2984050512313843
True,False,False,False,364,14.559999465942383,0.28265562653541565,18.236440658569336,0.9157489538192749,78.60956573486328,5.399008750915527,0.33745118975639343,0.2984050512313843
True,False,False,False,364,14.559999465942383,0.28265562653541565,18.236440658569336,0.9157489538192749,78.60956573486328,5.399008750915527,0.33745118975639343,0.2984050512313843
True,False,False,False,364,14.559999465942383,0.28265562653541565,18.236440658569336,0.9157489538192749,78.60956573486328,5.399008750915527,0.33745118975639343,0.2984050512313843
True,False,False,False,364,14.559999465942383,0.28265562653541565,18.236440658569336,0.9157489538192749,78.60956573486328,5.399008750915527,0.33745118975639343,0.2984050512313843
True,False,False,False,364,14.559999465942383,0.28265562653541565,18.236440658569336,0.9157489538192749,78.60956573486328,5.399008750915527,0.33745118975639343,0.2984050512313843
True,False,False,False,364,14.559999465942383,0.28265562653541565,18.236440658569336,0.9157489538192749,78.60956573486328,5.399008750915527,0.33745118975639343,0.2984050512313843
True,False,False,False,364,14.559999465942383,0.28265562653541565,18.236440658569336,0.9157489538192749,78.60956573486328,5.399008750915527,0.33745118975639343,0.2984050512313843
True,False,False,False,364,14.559999465942383,0.28265562653541565,18.236440658569336,0.9157489538192749,78.60956573486328,5.399008750915527,0.33745118975639343,0.2984050512313843
True,False,False,False,364,14.559999465942383,0.2821045219898224,18.23640251159668,0.9157508015632629,78.60943603515625,5.3989996910095215,0.33745118975639343,0.2984023988246918
True,False,False,False,364,14.559999465942383,0.2821045219898224,18.23640251159668,0.9157508015632629,78.60943603515625,5.3989996910095215,0.33745118975639343,0.2984023988246918
True,False,False,False,364,14.559999465942383,0.2821045219898224,18.23640251159668,0.9157508015632629,78.60943603515625,5.3989996910095215,0.33745118975639343,0.2984023988246918
True,False,False,False,364,14.559999465942383,0.2821045219898224,18.23640251159668,0.9157508015632629,78.60943603515625,5.3989996910095215,0.33745118975639343,0.2984023988246918
True,False,False,False,364,14.559999465942383,0.2821045219898224,18.23640251159668,0.9157508015632629,78.60943603515625,5.3989996910095215,0.33745118975639343,0.2984023988246918
True,False,False,False,364,14.559999465942383,0.2822084128856659,18.236244201660156,0.9157587885856628,78.60945129394531,5.399001121520996,0.33748170733451843,0.29840391874313354
True,False,False,False,364,14.559999465942383,0.2822084128856659,18.236244201660156,0.9157587885856628,78.60945129394531,5.399001121520996,0.33748170733451843,0.29840391874313354
True,False,False,False,364,14.559999465942383,0.2822517156600952,18.23626136779785,0.9157578945159912,78.60946655273438,5.3990020751953125,0.33746644854545593,0.2984040379524231
True,False,False,False,364,14.559999465942383,0.2822517156600952,18.23626136779785,0.9157578945159912,78.60946655273438,5.3990020751953125,0.33746644854545593,0.2984040379524231
True,False,False,False,364,14.559999465942383,0.2821997404098511,18.23627281188965,0.9157573580741882,78.60945892333984,5.399001598358154,0.3374931514263153,0.29840385913848877
True,False,False,False,364,14.559999465942383,0.2821997404098511,18.23627281188965,0.9157573580741882,78.60945892333984,5.399001598358154,0.3374931514263153,0.29840385913848877
True,False,False,False,364,14.559999465942383,0.2822517156600952,18.23626136779785,0.9157578945159912,78.60946655273438,5.3990020751953125,0.33746644854545593,0.2984040379524231
True,False,False,False,364,14.559999465942383,0.2822517156600952,18.23626136779785,0.9157578945159912,78.60946655273438,5.3990020751953125,0.33746644854545593,0.2984040379524231
True,False,False,False,364,14.559999465942383,0.2822084128856659,18.236244201660156,0.9157587885856628,78.60945129394531,5.399001121520996,0.33748170733451843,0.29840391874313354
True,False,False,False,364,14.559999465942383,0.2822084128856659,18.236244201660156,0.9157587885856628,78.60945129394531,5.399001121520996,0.33748170733451843,0.29840391874313354
True,False,False,False,364,14.559999465942383,0.2821045219898224,18.23640251159668,0.9157508015632629,78.60943603515625,5.3989996910095215,0.33745118975639343,0.2984023988246918
True,False,False,False,364,14.559999465942383,0.2821045219898224,18.23640251159668,0.9157508015632629,78.60943603515625,5.3989996910095215,0.33745118975639343,0.2984023988246918
True,False,False,False,364,14.559999465942383,0.2821045219898224,18.23640251159668,0.9157508015632629,78.60943603515625,5.3989996910095215,0.33745118975639343,0.2984023988246918
True,False,False,False,364,14.559999465942383,0.2821045219898224,18.23640251159668,0.9157508015632629,78.60943603515625,5.3989996910095215,0.33745118975639343,0.2984023988246918
True,False,False,False,364,14.559999465942383,0.2821045219898224,18.23640251159668,0.9157508015632629,78.60943603515625,5.3989996910095215,0.33745118975639343,0.2984023988246918
True,False,False,False,364,14.559999465942383,0.28265562653541565,18.236440658569336,0.9157489538192749,78.60956573486328,5.399008750915527,0.33745118975639343,0.2984050512313843
True,False,False,False,364,14.559999465942383,0.28265562653541565,18.236440658569336,0.9157489538192749,78.60956573486328,5.399008750915527,0.33745118975639343,0.2984050512313843
True,False,False,False,364,14.559999465942383,0.28265562653541565,18.236440658569336,0.9157489538192749,78.60956573486328,5.399008750915527,0.33745118975639343,0.2984050512313843
True,False,False,False,364,14.559999465942383,0.28265562653541565,18.236440658569336,0.9157489538192749,78.60956573486328,5.399008750915527,0.33745118975639343,0.2984050512313843
True,False,False,False,364,14.559999465942383,0.28265562653541565,18.236440658569336,0.9157489538192749,78.60956573486328,5.399008750915527,0.33745118975639343,0.2984050512313843
True,False,False,False,364,14.559999465942383,0.28265562653541565,18.236440658569336,0.9157489538192749,78.60956573486328,5.399008750915527,0.33745118975639343,0.2984050512313843
True,False,False,False,364,14.559999465942383,0.2819896936416626,18.23691749572754,0.9157249927520752,78.60954284667969,5.399007320404053,0.33745118975639343,0.2984033226966858
True,False,False,False,364,14.559999465942383,0.2819896936416626,18.23691749572754,0.9157249927520752,78.60954284667969,5.399007320404053,0.33745118975639343,0.2984033226966858
True,False,False,False,364,14.559999465942383,0.2819896936416626,18.23691749572754,0.9157249927520752,78.60954284667969,5.399007320404053,0.33745118975639343,0.2984033226966858
True,False,False,False,364,14.559999465942383,0.2819896936416626,18.23691749572754,0.9157249927520752,78.60954284667969,5.399007320404053,0.33745118975639343,0.2984033226966858
True,False,False,False,364,14.559999465942383,0.2819896936416626,18.23691749572754,0.9157249927520752,78.60954284667969,5.399007320404053,0.33745118975639343,0.2984033226966858
True,False,False,False,364,14.559999465942383,0.2819896936416626,18.23691749572754,0.9157249927520752,78.60954284667969,5.399007320404053,0.33745118975639343,0.2984033226966858
True,False,False,False,364,14.559999465942383,0.2783771753311157,18.23982048034668,0.9155791997909546,78.39579010009766,5.384326457977295,0.33745118975639343,0.29857879877090454
True,False,False,False,364,14.559999465942383,0.2783771753311157,18.23982048034668,0.9155791997909546,78.39579010009766,5.384326457977295,0.33745118975639343,0.29857879877090454
True,False,False,False,364,14.559999465942383,0.2783771753311157,18.23982048034668,0.9155791997909546,78.39579010009766,5.384326457977295,0.33745118975639343,0.29857879877090454
True,False,False,False,364,14.559999465942383,0.2783771753311157,18.23982048034668,0.9155791997909546,78.39579010009766,5.384326457977295,0.33745118975639343,0.29857879877090454
True,False,False,False,364,14.559999465942383,0.2783771753311157,18.23982048034668,0.9155791997909546,78.39579010009766,5.384326457977295,0.33745118975639343,0.29857879877090454
True,False,False,False,364,14.559999465942383,0.28248244524002075,18.236417770385742,0.9157500863075256,78.57474517822266,5.396617412567139,0.33748170733451843,0.29840025305747986
True,False,False,False,364,14.559999465942383,0.28248244524002075,18.236417770385742,0.9157500863075256,78.57474517822266,5.396617412567139,0.33748170733451843,0.29840025305747986
True,False,False,False,364,14.559999465942383,0.27949970960617065,18.239290237426758,0.9156058430671692,78.5464859008789,5.394676208496094,0.33746644854545593,0.29856494069099426
True,False,False,False,364,14.559999465942383,0.27949970960617065,18.239290237426758,0.9156058430671692,78.5464859008789,5.394676208496094,0.33746644854545593,0.29856494069099426
True,False,False,False,364,14.559999465942383,0.2795237600803375,18.23926544189453,0.9156070947647095,78.5465087890625,5.394678115844727,0.3374931514263153,0.2985650897026062
True,False,False,False,364,14.559999465942383,0.2795237600803375,18.23926544189453,0.9156070947647095,78.5465087890625,5.394678115844727,0.3374931514263153,0.2985650897026062
True,False,False,False,364,14.559999465942383,0.27949970960617065,18.239290237426758,0.9156058430671692,78.5464859008789,5.394676208496094,0.33746644854545593,0.29856494069099426
True,False,False,False,364,14.559999465942383,0.27949970960617065,18.239290237426758,0.9156058430671692,78.5464859008789,5.394676208496094,0.33746644854545593,0.29856494069099426
True,False,False,False,364,14.559999465942383,0.28248244524002075,18.236417770385742,0.9157500863075256,78.57474517822266,5.396617412567139,0.33748170733451843,0.29840025305747986
True,False,False,False,364,14.559999465942383,0.28248244524002075,18.236417770385742,0.9157500863075256,78.57474517822266,5.396617412567139,0.33748170733451843,0.29840025305747986
True,False,False,False,364,14.559999465942383,0.2783771753311157,18.23982048034668,0.9155791997909546,78.39579010009766,5.384326457977295,0.33745118975639343,0.29857879877090454
True,False,False,False,364,14.559999465942383,0.2783771753311157,18.23982048034668,0.9155791997909546,78.39579010009766,5.384326457977295,0.33745118975639343,0.29857879877090454
True,False,False,False,364,14.559999465942383,0.2783771753311157,18.23982048034668,0.9155791997909546,78.39579010009766,5.384326457977295,0.33745118975639343,0.29857879877090454
True,False,False,False,364,14.559999465942383,0.2783771753311157,18.23982048034668,0.9155791997909546,78.39579010009766,5.384326457977295,0.33745118975639343,0.29857879877090454
True,False,False,False,364,14.559999465942383,0.2783771753311157,18.23982048034668,0.9155791997909546,78.39579010009766,5.384326457977295,0.33745118975639343,0.29857879877090454
True,False,False,False,364,14.559999465942383,0.2819896936416626,18.23691749572754,0.9157249927520752,78.60954284667969,5.399007320404053,0.33745118975639343,0.2984033226966858
True,False,False,False,364,14.559999465942383,0.2819896936416626,18.23691749572754,0.9157249927520752,78.60954284667969,5.399007320404053,0.33745118975639343,0.2984033226966858
True,False,False,False,364,14.559999465942383,0.2819896936416626,18.23691749572754,0.9157249927520752,78.60954284667969,5.399007320404053,0.33745118975639343,0.2984033226966858
True,False,False,False,364,14.559999465942383,0.2819896936416626,18.23691749572754,0.9157249927520752,78.60954284667969,5.399007320404053,0.33745118975639343,0.2984033226966858
True,False,False,False,364,14.559999465942383,0.2819896936416626,18.23691749572754,0.9157249927520752,78.60954284667969,5.399007320404053,0.33745118975639343,0.2984033226966858
True,False,False,False,364,14.559999465942383,0.2819896936416626,18.23691749572754,0.9157249927520752,78.60954284667969,5.399007320404053,0.33745118975639343,0.2984033226966858
True,False,False,False,364,14.559999465942383,0.2819896936416626,18.23691749572754,0.9157249927520752,78.60954284667969,5.399007320404053,0.33745118975639343,0.2984033226966858
True,False,False,False,364,14.559999465942383,0.2819896936416626,18.23691749572754,0.9157249927520752,78.60954284667969,5.399007320404053,0.33745118975639343,0.2984033226966858
True,False,False,False,364,14.559999465942383,0.2819896936416626,18.23691749572754,0.9157249927520752,78.60954284667969,5.399007320404053,0.33745118975639343,0.2984033226966858
True,False,False,False,364,14.559999465942383,0.2819896936416626,18.23691749572754,0.9157249927520752,78.60954284667969,5.399007320404053,0.33745118975639343,0.2984033226966858
True,False,False,False,364,14.559999465942383,0.2819896936416626,18.23691749572754,0.9157249927520752,78.60954284667969,5.399007320404053,0.33745118975639343,0.2984033226966858
True,False,False,False,364,14.559999465942383,0.2819896936416626,18.23691749572754,0.9157249927520752,78.60954284667969,5.399007320404053,0.33745118975639343,0.2984033226966858
True,False,False,False,364,14.559999465942383,0.2783771753311157,18.23982048034668,0.9155791997909546,78.39579010009766,5.384326457977295,0.33745118975639343,0.29857879877090454
True,False,False,False,364,14.559999465942383,0.2783771753311157,18.23982048034668,0.9155791997909546,78.39579010009766,5.384326457977295,0.33745118975639343,0.29857879877090454
True,False,False,False,364,14.559999465942383,0.2783771753311157,18.23982048034668,0.9155791997909546,78.39579010009766,5.384326457977295,0.33745118975639343,0.29857879877090454
True,False,False,False,364,14.559999465942383,0.2783771753311157,18.23982048034668,0.9155791997909546,78.39579010009766,5.384326457977295,0.33745118975639343,0.29857879877090454
True,False,False,False,364,14.559999465942383,0.2783771753311157,18.23982048034668,0.9155791997909546,78.39579010009766,5.384326457977295,0.33745118975639343,0.29857879877090454
True,False,False,False,364,14.559999465942383,0.28248244524002075,18.236417770385742,0.9157500863075256,78.57474517822266,5.396617412567139,0.33748170733451843,0.29840025305747986
True,False,False,False,364,14.559999465942383,0.28248244524002075,18.236417770385742,0.9157500863075256,78.57474517822266,5.396617412567139,0.33748170733451843,0.29840025305747986
True,False,False,False,364,14.559999465942383,0.27949970960617065,18.239290237426758,0.9156058430671692,78.5464859008789,5.394676208496094,0.33746644854545593,0.29856494069099426
True,False,False,False,364,14.559999465942383,0.27949970960617065,18.239290237426758,0.9156058430671692,78.5464859008789,5.394676208496094,0.33746644854545593,0.29856494069099426
True,False,False,False,364,14.559999465942383,0.2795237600803375,18.23926544189453,0.9156070947647095,78.5465087890625,5.394678115844727,0.3374931514263153,0.2985650897026062
True,False,False,False,364,14.559999465942383,0.2795237600803375,18.23926544189453,0.9156070947647095,78.5465087890625,5.394678115844727,0.3374931514263153,0.2985650897026062
True,False,False,False,364,14.559999465942383,0.27949970960617065,18.239290237426758,0.9156058430671692,78.5464859008789,5.394676208496094,0.33746644854545593,0.29856494069099426
True,False,False,False,364,14.559999465942383,0.27949970960617065,18.239290237426758,0.9156058430671692,78.5464859008789,5.394676208496094,0.33746644854545593,0.29856494069099426
True,False,False,False,364,14.559999465942383,0.28248244524002075,18.236417770385742,0.9157500863075256,78.57474517822266,5.396617412567139,0.33748170733451843,0.29840025305747986
True,False,False,False,364,14.559999465942383,0.28248244524002075,18.236417770385742,0.9157500863075256,78.57474517822266,5.396617412567139,0.33748170733451843,0.29840025305747986
True,False,False,False,364,14.559999465942383,0.2783771753311157,18.23982048034668,0.9155791997909546,78.39579010009766,5.384326457977295,0.33745118975639343,0.29857879877090454
True,False,False,False,364,14.559999465942383,0.2783771753311157,18.23982048034668,0.9155791997909546,78.39579010009766,5.384326457977295,0.33745118975639343,0.29857879877090454
True,False,False,False,364,14.559999465942383,0.2783771753311157,18.23982048034668,0.9155791997909546,78.39579010009766,5.384326457977295,0.33745118975639343,0.29857879877090454
True,False,False,False,364,14.559999465942383,0.2783771753311157,18.23982048034668,0.9155791997909546,78.39579010009766,5.384326457977295,0.33745118975639343,0.29857879877090454
True,False,False,False,364,14.559999465942383,0.2783771753311157,18.23982048034668,0.9155791997909546,78.39579010009766,5.384326457977295,0.33745118975639343,0.29857879877090454
True,False,False,False,364,14.559999465942383,0.2819896936416626,18.23691749572754,0.9157249927520752,78.60954284667969,5.399007320404053,0.33745118975639343,0.2984033226966858
True,False,False,False,364,14.559999465942383,0.2819896936416626,18.23691749572754,0.9157249927520752,78.60954284667969,5.399007320404053,0.33745118975639343,0.2984033226966858
True,False,False,False,364,14.559999465942383,0.2819896936416626,18.23691749572754,0.9157249927520752,78.60954284667969,5.399007320404053,0.33745118975639343,0.2984033226966858
True,False,False,False,364,14.559999465942383,0.2819896936416626,18.23691749572754,0.9157249927520752,78.60954284667969,5.399007320404053,0.33745118975639343,0.2984033226966858
True,False,False,False,364,14.559999465942383,0.2819896936416626,18.23691749572754,0.9157249927520752,78.60954284667969,5.399007320404053,0.33745118975639343,0.2984033226966858
True,False,False,False,364,14.559999465942383,0.2819896936416626,18.23691749572754,0.9157249927520752,78.60954284667969,5.399007320404053,0.33745118975639343,0.2984033226966858
True,False,False,False,364,14.559999465942383,0.28225991129875183,18.23675537109375,0.9157331585884094,78.60956573486328,5.399008750915527,0.33745118975639343,0.2984035313129425
True,False,False,False,364,14.559999465942383,0.28225991129875183,18.23675537109375,0.9157331585884094,78.60956573486328,5.399008750915527,0.33745118975639343,0.2984035313129425
True,False,False,False,364,14.559999465942383,0.28225991129875183,18.23675537109375,0.9157331585884094,78.60956573486328,5.399008750915527,0.33745118975639343,0.2984035313129425
True,False,False,False,364,14.559999465942383,0.28225991129875183,18.23675537109375,0.9157331585884094,78.60956573486328,5.399008750915527,0.33745118975639343,0.2984035313129425
True,False,False,False,364,14.559999465942383,0.28225991129875183,18.23675537109375,0.9157331585884094,78.60956573486328,5.399008750915527,0.33745118975639343,0.2984035313129425
True,False,False,False,364,14.559999465942383,0.28225991129875183,18.23675537109375,0.9157331585884094,78.60956573486328,5.399008750915527,0.33745118975639343,0.2984035313129425
True,False,False,False,364,14.559999465942383,0.2826133072376251,18.23644256591797,0.9157488346099854,78.57473754882812,5.3966169357299805,0.33745118975639343,0.2983987629413605
True,False,False,False,364,14.559999465942383,0.2826133072376251,18.23644256591797,0.9157488346099854,78.57473754882812,5.3966169357299805,0.33745118975639343,0.2983987629413605
True,False,False,False,364,14.559999465942383,0.2826133072376251,18.23644256591797,0.9157488346099854,78.57473754882812,5.3966169357299805,0.33745118975639343,0.2983987629413605
True,False,False,False,364,14.559999465942383,0.2826133072376251,18.23644256591797,0.9157488346099854,78.57473754882812,5.3966169357299805,0.33745118975639343,0.2983987629413605
True,False,False,False,364,14.559999465942383,0.2826133072376251,18.23644256591797,0.9157488346099854,78.57473754882812,5.3966169357299805,0.33745118975639343,0.2983987629413605
True,False,False,False,364,14.559999465942383,0.2827128767967224,18.236263275146484,0.9157578349113464,78.57475280761719,5.396617889404297,0.33748170733451843,0.29840007424354553
True,False,False,False,364,14.559999465942383,0.2827128767967224,18.236263275146484,0.9157578349113464,78.57475280761719,5.396617889404297,0.33748170733451843,0.29840007424354553
True,False,False,False,364,14.559999465942383,0.2821126878261566,18.236339569091797,0.915753960609436,78.60942840576172,5.398999214172363,0.33746644854545593,0.29840296506881714
True,False,False,False,364,14.559999465942383,0.2821126878261566,18.236339569091797,0.915753960609436,78.60942840576172,5.398999214172363,0.33746644854545593,0.29840296506881714
True,False,False,False,364,14.559999465942383,0.28270530700683594,18.23615264892578,0.9157633781433105,78.57583618164062,5.396692276000977,0.3374931514263153,0.29839494824409485
True,False,False,False,364,14.559999465942383,0.28270530700683594,18.23615264892578,0.9157633781433105,78.57583618164062,5.396692276000977,0.3374931514263153,0.29839494824409485
True,False,False,False,364,14.559999465942383,0.2821126878261566,18.236339569091797,0.915753960609436,78.60942840576172,5.398999214172363,0.33746644854545593,0.29840296506881714
True,False,False,False,364,14.559999465942383,0.2821126878261566,18.236339569091797,0.915753960609436,78.60942840576172,5.398999214172363,0.33746644854545593,0.29840296506881714
True,False,False,False,364,14.559999465942383,0.2827128767967224,18.236263275146484,0.9157578349113464,78.57475280761719,5.396617889404297,0.33748170733451843,0.29840007424354553
True,False,False,False,364,14.559999465942383,0.2827128767967224,18.236263275146484,0.9157578349113464,78.57475280761719,5.396617889404297,0.33748170733451843,0.29840007424354553
True,False,False,False,364,14.559999465942383,0.2826133072376251,18.23644256591797,0.9157488346099854,78.57473754882812,5.3966169357299805,0.33745118975639343,0.2983987629413605
True,False,False,False,364,14.559999465942383,0.2826133072376251,18.23644256591797,0.9157488346099854,78.57473754882812,5.3966169357299805,0.33745118975639343,0.2983987629413605
True,False,False,False,364,14.559999465942383,0.2826133072376251,18.23644256591797,0.9157488346099854,78.57473754882812,5.3966169357299805,0.33745118975639343,0.2983987629413605
True,False,False,False,364,14.559999465942383,0.2826133072376251,18.23644256591797,0.9157488346099854,78.57473754882812,5.3966169357299805,0.33745118975639343,0.2983987629413605
True,False,False,False,364,14.559999465942383,0.2826133072376251,18.23644256591797,0.9157488346099854,78.57473754882812,5.3966169357299805,0.33745118975639343,0.2983987629413605
True,False,False,False,364,14.559999465942383,0.28225991129875183,18.23675537109375,0.9157331585884094,78.60956573486328,5.399008750915527,0.33745118975639343,0.2984035313129425
True,False,False,False,364,14.559999465942383,0.28225991129875183,18.23675537109375,0.9157331585884094,78.60956573486328,5.399008750915527,0.33745118975639343,0.2984035313129425
True,False,False,False,364,14.559999465942383,0.28225991129875183,18.23675537109375,0.9157331585884094,78.60956573486328,5.399008750915527,0.33745118975639343,0.2984035313129425
True,False,False,False,364,14.559999465942383,0.28225991129875183,18.23675537109375,0.9157331585884094,78.60956573486328,5.399008750915527,0.33745118975639343,0.2984035313129425
True,False,False,False,364,14.559999465942383,0.28225991129875183,18.23675537109375,0.9157331585884094,78.60956573486328,5.399008750915527,0.33745118975639343,0.2984035313129425
True,False,False,False,364,14.559999465942383,0.28225991129875183,18.23675537109375,0.9157331585884094,78.60956573486328,5.399008750915527,0.33745118975639343,0.2984035313129425
True,False,False,False,364,14.559999465942383,0.28215327858924866,18.23686981201172,0.9157273769378662,78.60955047607422,5.399007797241211,0.33745118975639343,0.29840371012687683
True,False,False,False,364,14.559999465942383,0.28215327858924866,18.23686981201172,0.9157273769378662,78.60955047607422,5.399007797241211,0.33745118975639343,0.29840371012687683
True,False,False,False,364,14.559999465942383,0.28215327858924866,18.23686981201172,0.9157273769378662,78.60955047607422,5.399007797241211,0.33745118975639343,0.29840371012687683
True,False,False,False,364,14.559999465942383,0.28215327858924866,18.23686981201172,0.9157273769378662,78.60955047607422,5.399007797241211,0.33745118975639343,0.29840371012687683
True,False,False,False,364,14.559999465942383,0.28215327858924866,18.23686981201172,0.9157273769378662,78.60955047607422,5.399007797241211,0.33745118975639343,0.29840371012687683
True,False,False,False,364,14.559999465942383,0.28215327858924866,18.23686981201172,0.9157273769378662,78.60955047607422,5.399007797241211,0.33745118975639343,0.29840371012687683
True,False,False,False,364,14.559999465942383,0.2824691832065582,18.23659896850586,0.915740966796875,78.57472229003906,5.396615505218506,0.33745118975639343,0.29839909076690674
True,False,False,False,364,14.559999465942383,0.2824691832065582,18.23659896850586,0.915740966796875,78.57472229003906,5.396615505218506,0.33745118975639343,0.29839909076690674
True,False,False,False,364,14.559999465942383,0.2824691832065582,18.23659896850586,0.915740966796875,78.57472229003906,5.396615505218506,0.33745118975639343,0.29839909076690674
True,False,False,False,364,14.559999465942383,0.2824691832065582,18.23659896850586,0.915740966796875,78.57472229003906,5.396615505218506,0.33745118975639343,0.29839909076690674
True,False,False,False,364,14.559999465942383,0.2824691832065582,18.23659896850586,0.915740966796875,78.57472229003906,5.396615505218506,0.33745118975639343,0.29839909076690674
True,False,False,False,364,14.559999465942383,0.28248870372772217,18.236488342285156,0.9157465100288391,78.57474517822266,5.396617412567139,0.33748170733451843,0.29840028285980225
True,False,False,False,364,14.559999465942383,0.28248870372772217,18.236488342285156,0.9157465100288391,78.57474517822266,5.396617412567139,0.33748170733451843,0.29840028285980225
True,False,False,False,364,14.559999465942383,0.2825649380683899,18.236371994018555,0.9157523512840271,78.5758285522461,5.396691799163818,0.33746644854545593,0.2983956038951874
True,False,False,False,364,14.559999465942383,0.2825649380683899,18.236371994018555,0.9157523512840271,78.5758285522461,5.396691799163818,0.33746644854545593,0.2983956038951874
True,False,False,False,364,14.559999465942383,0.2825164794921875,18.236499786376953,0.9157459735870361,78.57474517822266,5.396617412567139,0.3374893367290497,0.29840022325515747
True,False,False,False,364,14.559999465942383,0.2825164794921875,18.236499786376953,0.9157459735870361,78.57474517822266,5.396617412567139,0.3374893367290497,0.29840022325515747
True,False,False,False,364,14.559999465942383,0.2825649380683899,18.236371994018555,0.9157523512840271,78.5758285522461,5.396691799163818,0.33746644854545593,0.2983956038951874
True,False,False,False,364,14.559999465942383,0.2825649380683899,18.236371994018555,0.9157523512840271,78.5758285522461,5.396691799163818,0.33746644854545593,0.2983956038951874
True,False,False,False,364,14.559999465942383,0.28248870372772217,18.236488342285156,0.9157465100288391,78.57474517822266,5.396617412567139,0.33748170733451843,0.29840028285980225
True,False,False,False,364,14.559999465942383,0.28248870372772217,18.236488342285156,0.9157465100288391,78.57474517822266,5.396617412567139,0.33748170733451843,0.29840028285980225
True,False,False,False,364,14.559999465942383,0.2824691832065582,18.23659896850586,0.915740966796875,78.57472229003906,5.396615505218506,0.33745118975639343,0.29839909076690674
True,False,False,False,364,14.559999465942383,0.2824691832065582,18.23659896850586,0.915740966796875,78.57472229003906,5.396615505218506,0.33745118975639343,0.29839909076690674
True,False,False,False,364,14.559999465942383,0.2824691832065582,18.23659896850586,0.915740966796875,78.57472229003906,5.396615505218506,0.33745118975639343,0.29839909076690674
True,False,False,False,364,14.559999465942383,0.2824691832065582,18.23659896850586,0.915740966796875,78.57472229003906,5.396615505218506,0.33745118975639343,0.29839909076690674
True,False,False,False,364,14.559999465942383,0.2824691832065582,18.23659896850586,0.915740966796875,78.57472229003906,5.396615505218506,0.33745118975639343,0.29839909076690674
True,False,False,False,364,14.559999465942383,0.28215327858924866,18.23686981201172,0.9157273769378662,78.60955047607422,5.399007797241211,0.33745118975639343,0.29840371012687683
True,False,False,False,364,14.559999465942383,0.28215327858924866,18.23686981201172,0.9157273769378662,78.60955047607422,5.399007797241211,0.33745118975639343,0.29840371012687683
True,False,False,False,364,14.559999465942383,0.28215327858924866,18.23686981201172,0.9157273769378662,78.60955047607422,5.399007797241211,0.33745118975639343,0.29840371012687683
True,False,False,False,364,14.559999465942383,0.28215327858924866,18.23686981201172,0.9157273769378662,78.60955047607422,5.399007797241211,0.33745118975639343,0.29840371012687683
True,False,False,False,364,14.559999465942383,0.28215327858924866,18.23686981201172,0.9157273769378662,78.60955047607422,5.399007797241211,0.33745118975639343,0.29840371012687683
True,False,False,False,364,14.559999465942383,0.28215327858924866,18.23686981201172,0.9157273769378662,78.60955047607422,5.399007797241211,0.33745118975639343,0.29840371012687683
True,False,False,False,364,14.559999465942383,0.2821877896785736,18.236831665039062,0.915729284286499,78.60954284667969,5.399007320404053,0.33745118975639343,0.298403799533844
True,False,False,False,364,14.559999465942383,0.2821877896785736,18.236831665039062,0.915729284286499,78.60954284667969,5.399007320404053,0.33745118975639343,0.298403799533844
True,False,False,False,364,14.559999465942383,0.2821877896785736,18.236831665039062,0.915729284286499,78.60954284667969,5.399007320404053,0.33745118975639343,0.298403799533844
True,False,False,False,364,14.559999465942383,0.2821877896785736,18.236831665039062,0.915729284286499,78.60954284667969,5.399007320404053,0.33745118975639343,0.298403799533844
True,False,False,False,364,14.559999465942383,0.2821877896785736,18.236831665039062,0.915729284286499,78.60954284667969,5.399007320404053,0.33745118975639343,0.298403799533844
True,False,False,False,364,14.559999465942383,0.2821877896785736,18.236831665039062,0.915729284286499,78.60954284667969,5.399007320404053,0.33745118975639343,0.298403799533844
True,False,False,False,364,14.559999465942383,0.27847152948379517,18.239845275878906,0.9155780076980591,78.39582824707031,5.384328842163086,0.33745118975639343,0.2985791265964508
True,False,False,False,364,14.559999465942383,0.27847152948379517,18.239845275878906,0.9155780076980591,78.39582824707031,5.384328842163086,0.33745118975639343,0.2985791265964508
True,False,False,False,364,14.559999465942383,0.27847152948379517,18.239845275878906,0.9155780076980591,78.39582824707031,5.384328842163086,0.33745118975639343,0.2985791265964508
True,False,False,False,364,14.559999465942383,0.27847152948379517,18.239845275878906,0.9155780076980591,78.39582824707031,5.384328842163086,0.33745118975639343,0.2985791265964508
True,False,False,False,364,14.559999465942383,0.27847152948379517,18.239845275878906,0.9155780076980591,78.39582824707031,5.384328842163086,0.33745118975639343,0.2985791265964508
True,False,False,False,364,14.559999465942383,0.28261399269104004,18.23636245727539,0.9157528877258301,78.57473754882812,5.3966169357299805,0.33748170733451843,0.2984005808830261
True,False,False,False,364,14.559999465942383,0.28261399269104004,18.23636245727539,0.9157528877258301,78.57473754882812,5.3966169357299805,0.33748170733451843,0.2984005808830261
True,False,False,False,364,14.559999465942383,0.28267702460289,18.236265182495117,0.9157577157020569,78.57583618164062,5.396692276000977,0.33746644854545593,0.2983957529067993
True,False,False,False,364,14.559999465942383,0.28267702460289,18.236265182495117,0.9157577157020569,78.57583618164062,5.396692276000977,0.33746644854545593,0.2983957529067993
True,False,False,False,364,14.559999465942383,0.2826170325279236,18.236236572265625,0.9157591462135315,78.5758285522461,5.396691799163818,0.3374893367290497,0.2983953356742859
True,False,False,False,364,14.559999465942383,0.2826170325279236,18.236236572265625,0.9157591462135315,78.5758285522461,5.396691799163818,0.3374893367290497,0.2983953356742859
True,False,False,False,364,14.559999465942383,0.28267702460289,18.236265182495117,0.9157577157020569,78.57583618164062,5.396692276000977,0.33746644854545593,0.2983957529067993
True,False,False,False,364,14.559999465942383,0.28267702460289,18.236265182495117,0.9157577157020569,78.57583618164062,5.396692276000977,0.33746644854545593,0.2983957529067993
True,False,False,False,364,14.559999465942383,0.28261399269104004,18.23636245727539,0.9157528877258301,78.57473754882812,5.3966169357299805,0.33748170733451843,0.2984005808830261
True,False,False,False,364,14.559999465942383,0.28261399269104004,18.23636245727539,0.9157528877258301,78.57473754882812,5.3966169357299805,0.33748170733451843,0.2984005808830261
True,False,False,False,364,14.559999465942383,0.27847152948379517,18.239845275878906,0.9155780076980591,78.39582824707031,5.384328842163086,0.33745118975639343,0.2985791265964508
True,False,False,False,364,14.559999465942383,0.27847152948379517,18.239845275878906,0.9155780076980591,78.39582824707031,5.384328842163086,0.33745118975639343,0.2985791265964508
True,False,False,False,364,14.559999465942383,0.27847152948379517,18.239845275878906,0.9155780076980591,78.39582824707031,5.384328842163086,0.33745118975639343,0.2985791265964508
True,False,False,False,364,14.559999465942383,0.27847152948379517,18.239845275878906,0.9155780076980591,78.39582824707031,5.384328842163086,0.33745118975639343,0.2985791265964508
True,False,False,False,364,14.559999465942383,0.27847152948379517,18.239845275878906,0.9155780076980591,78.39582824707031,5.384328842163086,0.33745118975639343,0.2985791265964508
True,False,False,False,364,14.559999465942383,0.2821877896785736,18.236831665039062,0.915729284286499,78.60954284667969,5.399007320404053,0.33745118975639343,0.298403799533844
True,False,False,False,364,14.559999465942383,0.2821877896785736,18.236831665039062,0.915729284286499,78.60954284667969,5.399007320404053,0.33745118975639343,0.298403799533844
True,False,False,False,364,14.559999465942383,0.2821877896785736,18.236831665039062,0.915729284286499,78.60954284667969,5.399007320404053,0.33745118975639343,0.298403799533844
True,False,False,False,364,14.559999465942383,0.2821877896785736,18.236831665039062,0.915729284286499,78.60954284667969,5.399007320404053,0.33745118975639343,0.298403799533844
True,False,False,False,364,14.559999465942383,0.2821877896785736,18.236831665039062,0.915729284286499,78.60954284667969,5.399007320404053,0.33745118975639343,0.298403799533844
True,False,False,False,364,14.559999465942383,0.2821877896785736,18.236831665039062,0.915729284286499,78.60954284667969,5.399007320404053,0.33745118975639343,0.298403799533844
True,False,False,False,364,14.559999465942383,0.28206026554107666,18.236915588378906,0.91572505235672,78.60955810546875,5.399008274078369,0.33745118975639343,0.298403799533844
True,False,False,False,364,14.559999465942383,0.28206026554107666,18.236915588378906,0.91572505235672,78.60955810546875,5.399008274078369,0.33745118975639343,0.298403799533844
True,False,False,False,364,14.559999465942383,0.28206026554107666,18.236915588378906,0.91572505235672,78.60955810546875,5.399008274078369,0.33745118975639343,0.298403799533844
True,False,False,False,364,14.559999465942383,0.28206026554107666,18.236915588378906,0.91572505235672,78.60955810546875,5.399008274078369,0.33745118975639343,0.298403799533844
True,False,False,False,364,14.559999465942383,0.28206026554107666,18.236915588378906,0.91572505235672,78.60955810546875,5.399008274078369,0.33745118975639343,0.298403799533844
True,False,False,False,364,14.559999465942383,0.28206026554107666,18.236915588378906,0.91572505235672,78.60955810546875,5.399008274078369,0.33745118975639343,0.298403799533844
True,False,False,False,364,14.559999465942383,0.2783920466899872,18.239896774291992,0.915575385093689,78.39582061767578,5.384328365325928,0.33745118975639343,0.2985791265964508
True,False,False,False,364,14.559999465942383,0.2783920466899872,18.239896774291992,0.915575385093689,78.39582061767578,5.384328365325928,0.33745118975639343,0.2985791265964508
True,False,False,False,364,14.559999465942383,0.2783920466899872,18.239896774291992,0.915575385093689,78.39582061767578,5.384328365325928,0.33745118975639343,0.2985791265964508
True,False,False,False,364,14.559999465942383,0.2783920466899872,18.239896774291992,0.915575385093689,78.39582061767578,5.384328365325928,0.33745118975639343,0.2985791265964508
True,False,False,False,364,14.559999465942383,0.2783920466899872,18.239896774291992,0.915575385093689,78.39582061767578,5.384328365325928,0.33745118975639343,0.2985791265964508
True,False,False,False,364,14.559999465942383,0.2825607359409332,18.236419677734375,0.9157499670982361,78.57474517822266,5.396617412567139,0.33748170733451843,0.2984007000923157
True,False,False,False,364,14.559999465942383,0.2825607359409332,18.236419677734375,0.9157499670982361,78.57474517822266,5.396617412567139,0.33748170733451843,0.2984007000923157
True,False,False,False,364,14.559999465942383,0.28261035680770874,18.236331939697266,0.9157543778419495,78.5758285522461,5.396691799163818,0.33746644854545593,0.29839596152305603
True,False,False,False,364,14.559999465942383,0.28261035680770874,18.236331939697266,0.9157543778419495,78.5758285522461,5.396691799163818,0.33746644854545593,0.29839596152305603
True,False,False,False,364,14.559999465942383,0.28257817029953003,18.236440658569336,0.9157489538192749,78.57473754882812,5.3966169357299805,0.3374893367290497,0.2984006404876709
True,False,False,False,364,14.559999465942383,0.28257817029953003,18.236440658569336,0.9157489538192749,78.57473754882812,5.3966169357299805,0.3374893367290497,0.2984006404876709
True,False,False,False,364,14.559999465942383,0.28261035680770874,18.236331939697266,0.9157543778419495,78.5758285522461,5.396691799163818,0.33746644854545593,0.29839596152305603
True,False,False,False,364,14.559999465942383,0.28261035680770874,18.236331939697266,0.9157543778419495,78.5758285522461,5.396691799163818,0.33746644854545593,0.29839596152305603
True,False,False,False,364,14.559999465942383,0.2825607359409332,18.236419677734375,0.9157499670982361,78.57474517822266,5.396617412567139,0.33748170733451843,0.2984007000923157
True,False,False,False,364,14.559999465942383,0.2825607359409332,18.236419677734375,0.9157499670982361,78.57474517822266,5.396617412567139,0.33748170733451843,0.2984007000923157
True,False,False,False,364,14.559999465942383,0.2783920466899872,18.239896774291992,0.915575385093689,78.39582061767578,5.384328365325928,0.33745118975639343,0.2985791265964508
True,False,False,False,364,14.559999465942383,0.2783920466899872,18.239896774291992,0.915575385093689,78.39582061767578,5.384328365325928,0.33745118975639343,0.2985791265964508
True,False,False,False,364,14.559999465942383,0.2783920466899872,18.239896774291992,0.915575385093689,78.39582061767578,5.384328365325928,0.33745118975639343,0.2985791265964508
True,False,False,False,364,14.559999465942383,0.2783920466899872,18.239896774291992,0.915575385093689,78.39582061767578,5.384328365325928,0.33745118975639343,0.2985791265964508
True,False,False,False,364,14.559999465942383,0.2783920466899872,18.239896774291992,0.915575385093689,78.39582061767578,5.384328365325928,0.33745118975639343,0.2985791265964508
True,False,False,False,364,14.559999465942383,0.28206026554107666,18.236915588378906,0.91572505235672,78.60955810546875,5.399008274078369,0.33745118975639343,0.298403799533844
True,False,False,False,364,14.559999465942383,0.28206026554107666,18.236915588378906,0.91572505235672,78.60955810546875,5.399008274078369,0.33745118975639343,0.298403799533844
True,False,False,False,364,14.559999465942383,0.28206026554107666,18.236915588378906,0.91572505235672,78.60955810546875,5.399008274078369,0.33745118975639343,0.298403799533844
True,False,False,False,364,14.559999465942383,0.28206026554107666,18.236915588378906,0.91572505235672,78.60955810546875,5.399008274078369,0.33745118975639343,0.298403799533844
True,False,False,False,364,14.559999465942383,0.28206026554107666,18.236915588378906,0.91572505235672,78.60955810546875,5.399008274078369,0.33745118975639343,0.298403799533844
True,False,False,False,364,14.559999465942383,0.28206026554107666,18.236915588378906,0.91572505235672,78.60955810546875,5.399008274078369,0.33745118975639343,0.298403799533844
True,False,False,False,364,14.559999465942383,0.2822348177433014,18.236797332763672,0.9157310128211975,78.60955810546875,5.399008274078369,0.33745118975639343,0.2984035909175873
True,False,False,False,364,14.559999465942383,0.2822348177433014,18.236797332763672,0.9157310128211975,78.60955810546875,5.399008274078369,0.33745118975639343,0.2984035909175873
True,False,False,False,364,14.559999465942383,0.2822348177433014,18.236797332763672,0.9157310128211975,78.60955810546875,5.399008274078369,0.33745118975639343,0.2984035909175873
True,False,False,False,364,14.559999465942383,0.2822348177433014,18.236797332763672,0.9157310128211975,78.60955810546875,5.399008274078369,0.33745118975639343,0.2984035909175873
True,False,False,False,364,14.559999465942383,0.2822348177433014,18.236797332763672,0.9157310128211975,78.60955810546875,5.399008274078369,0.33745118975639343,0.2984035909175873
True,False,False,False,364,14.559999465942383,0.2822348177433014,18.236797332763672,0.9157310128211975,78.60955810546875,5.399008274078369,0.33745118975639343,0.2984035909175873
True,False,False,False,364,14.559999465942383,0.2825568914413452,18.23652458190918,0.9157447218894958,78.57474517822266,5.396617412567139,0.33745118975639343,0.2983986735343933
True,False,False,False,364,14.559999465942383,0.2825568914413452,18.23652458190918,0.9157447218894958,78.57474517822266,5.396617412567139,0.33745118975639343,0.2983986735343933
True,False,False,False,364,14.559999465942383,0.2825568914413452,18.23652458190918,0.9157447218894958,78.57474517822266,5.396617412567139,0.33745118975639343,0.2983986735343933
True,False,False,False,364,14.559999465942383,0.2825568914413452,18.23652458190918,0.9157447218894958,78.57474517822266,5.396617412567139,0.33745118975639343,0.2983986735343933
True,False,False,False,364,14.559999465942383,0.2825568914413452,18.23652458190918,0.9157447218894958,78.57474517822266,5.396617412567139,0.33745118975639343,0.2983986735343933
True,False,False,False,364,14.559999465942383,0.28262653946876526,18.236352920532227,0.9157533049583435,78.57476043701172,5.396618366241455,0.33748170733451843,0.29840001463890076
True,False,False,False,364,14.559999465942383,0.28262653946876526,18.236352920532227,0.9157533049583435,78.57476043701172,5.396618366241455,0.33748170733451843,0.29840001463890076
True,False,False,False,364,14.559999465942383,0.28199097514152527,18.236469268798828,0.9157474637031555,78.60944366455078,5.399000644683838,0.33746644854545593,0.2984025776386261
True,False,False,False,364,14.559999465942383,0.28199097514152527,18.236469268798828,0.9157474637031555,78.60944366455078,5.399000644683838,0.33746644854545593,0.2984025776386261
True,False,False,False,364,14.559999465942383,0.28264081478118896,18.236228942871094,0.9157595038414001,78.57585144042969,5.396693229675293,0.3374931514263153,0.2983948588371277
True,False,False,False,364,14.559999465942383,0.28264081478118896,18.236228942871094,0.9157595038414001,78.57585144042969,5.396693229675293,0.3374931514263153,0.2983948588371277
True,False,False,False,364,14.559999465942383,0.28199097514152527,18.236469268798828,0.9157474637031555,78.60944366455078,5.399000644683838,0.33746644854545593,0.2984025776386261
True,False,False,False,364,14.559999465942383,0.28199097514152527,18.236469268798828,0.9157474637031555,78.60944366455078,5.399000644683838,0.33746644854545593,0.2984025776386261
True,False,False,False,364,14.559999465942383,0.28262653946876526,18.236352920532227,0.9157533049583435,78.57476043701172,5.396618366241455,0.33748170733451843,0.29840001463890076
True,False,False,False,364,14.559999465942383,0.28262653946876526,18.236352920532227,0.9157533049583435,78.57476043701172,5.396618366241455,0.33748170733451843,0.29840001463890076
True,False,False,False,364,14.559999465942383,0.2825568914413452,18.23652458190918,0.9157447218894958,78.57474517822266,5.396617412567139,0.33745118975639343,0.2983986735343933
True,False,False,False,364,14.559999465942383,0.2825568914413452,18.23652458190918,0.9157447218894958,78.57474517822266,5.396617412567139,0.33745118975639343,0.2983986735343933
True,False,False,False,364,14.559999465942383,0.2825568914413452,18.23652458190918,0.9157447218894958,78.57474517822266,5.396617412567139,0.33745118975639343,0.2983986735343933
True,False,False,False,364,14.559999465942383,0.2825568914413452,18.23652458190918,0.9157447218894958,78.57474517822266,5.396617412567139,0.33745118975639343,0.2983986735343933
True,False,False,False,364,14.559999465942383,0.2825568914413452,18.23652458190918,0.9157447218894958,78.57474517822266,5.396617412567139,0.33745118975639343,0.2983986735343933
True,False,False,False,364,14.559999465942383,0.2822348177433014,18.236797332763672,0.9157310128211975,78.60955810546875,5.399008274078369,0.33745118975639343,0.2984035909175873
True,False,False,False,364,14.559999465942383,0.2822348177433014,18.236797332763672,0.9157310128211975,78.60955810546875,5.399008274078369,0.33745118975639343,0.2984035909175873
True,False,False,False,364,14.559999465942383,0.2822348177433014,18.236797332763672,0.9157310128211975,78.60955810546875,5.399008274078369,0.33745118975639343,0.2984035909175873
True,False,False,False,364,14.559999465942383,0.2822348177433014,18.236797332763672,0.9157310128211975,78.60955810546875,5.399008274078369,0.33745118975639343,0.2984035909175873
True,False,False,False,364,14.559999465942383,0.2822348177433014,18.236797332763672,0.9157310128211975,78.60955810546875,5.399008274078369,0.33745118975639343,0.2984035909175873
True,False,False,False,364,14.559999465942383,0.2822348177433014,18.236797332763672,0.9157310128211975,78.60955810546875,5.399008274078369,0.33745118975639343,0.2984035909175873
True,False,False,False,364,14.559999465942383,0.28266867995262146,18.236968994140625,0.9157223701477051,78.57586669921875,5.396694183349609,0.33745118975639343,0.2984016537666321
True,False,False,False,364,14.559999465942383,0.28266867995262146,18.236968994140625,0.9157223701477051,78.57586669921875,5.396694183349609,0.33745118975639343,0.2984016537666321
True,False,False,False,364,14.559999465942383,0.28266867995262146,18.236968994140625,0.9157223701477051,78.57586669921875,5.396694183349609,0.33745118975639343,0.2984016537666321
True,False,False,False,364,14.559999465942383,0.28266867995262146,18.236968994140625,0.9157223701477051,78.57586669921875,5.396694183349609,0.33745118975639343,0.2984016537666321
True,False,False,False,364,14.559999465942383,0.28266867995262146,18.236968994140625,0.9157223701477051,78.57586669921875,5.396694183349609,0.33745118975639343,0.2984016537666321
True,False,False,False,364,14.559999465942383,0.28266867995262146,18.236968994140625,0.9157223701477051,78.57586669921875,5.396694183349609,0.33745118975639343,0.2984016537666321
True,False,False,False,364,14.559999465942383,0.27826443314552307,18.239988327026367,0.915570855140686,78.39579010009766,5.384326457977295,0.33745118975639343,0.2985787093639374
True,False,False,False,364,14.559999465942383,0.27826443314552307,18.239988327026367,0.915570855140686,78.39579010009766,5.384326457977295,0.33745118975639343,0.2985787093639374
True,False,False,False,364,14.559999465942383,0.27826443314552307,18.239988327026367,0.915570855140686,78.39579010009766,5.384326457977295,0.33745118975639343,0.2985787093639374
True,False,False,False,364,14.559999465942383,0.27826443314552307,18.239988327026367,0.915570855140686,78.39579010009766,5.384326457977295,0.33745118975639343,0.2985787093639374
True,False,False,False,364,14.559999465942383,0.27826443314552307,18.239988327026367,0.915570855140686,78.39579010009766,5.384326457977295,0.33745118975639343,0.2985787093639374
True,False,False,False,364,14.559999465942383,0.28233975172042847,18.236597061157227,0.9157410264015198,78.5747299194336,5.396616458892822,0.33748170733451843,0.2983996868133545
True,False,False,False,364,14.559999465942383,0.28233975172042847,18.236597061157227,0.9157410264015198,78.5747299194336,5.396616458892822,0.33748170733451843,0.2983996868133545
True,False,False,False,364,14.559999465942383,0.2792821526527405,18.23954963684082,0.9155928492546082,78.54647064208984,5.394675254821777,0.33746644854545593,0.29856419563293457
True,False,False,False,364,14.559999465942383,0.2792821526527405,18.23954963684082,0.9155928492546082,78.54647064208984,5.394675254821777,0.33746644854545593,0.29856419563293457
True,False,False,False,364,14.559999465942383,0.27930399775505066,18.23953628540039,0.9155935049057007,78.54647827148438,5.3946757316589355,0.3374931514263153,0.29856428503990173
True,False,False,False,364,14.559999465942383,0.27930399775505066,18.23953628540039,0.9155935049057007,78.54647827148438,5.3946757316589355,0.3374931514263153,0.29856428503990173
True,False,False,False,364,14.559999465942383,0.2792821526527405,18.23954963684082,0.9155928492546082,78.54647064208984,5.394675254821777,0.33746644854545593,0.29856419563293457
True,False,False,False,364,14.559999465942383,0.2792821526527405,18.23954963684082,0.9155928492546082,78.54647064208984,5.394675254821777,0.33746644854545593,0.29856419563293457
True,False,False,False,364,14.559999465942383,0.28233975172042847,18.236597061157227,0.9157410264015198,78.5747299194336,5.396616458892822,0.33748170733451843,0.2983996868133545
True,False,False,False,364,14.559999465942383,0.28233975172042847,18.236597061157227,0.9157410264015198,78.5747299194336,5.396616458892822,0.33748170733451843,0.2983996868133545
True,False,False,False,364,14.559999465942383,0.27826443314552307,18.239988327026367,0.915570855140686,78.39579010009766,5.384326457977295,0.33745118975639343,0.2985787093639374
True,False,False,False,364,14.559999465942383,0.27826443314552307,18.239988327026367,0.915570855140686,78.39579010009766,5.384326457977295,0.33745118975639343,0.2985787093639374
True,False,False,False,364,14.559999465942383,0.27826443314552307,18.239988327026367,0.915570855140686,78.39579010009766,5.384326457977295,0.33745118975639343,0.2985787093639374
True,False,False,False,364,14.559999465942383,0.27826443314552307,18.239988327026367,0.915570855140686,78.39579010009766,5.384326457977295,0.33745118975639343,0.2985787093639374
True,False,False,False,364,14.559999465942383,0.27826443314552307,18.239988327026367,0.915570855140686,78.39579010009766,5.384326457977295,0.33745118975639343,0.2985787093639374
True,False,False,False,364,14.559999465942383,0.28266867995262146,18.236968994140625,0.9157223701477051,78.57586669921875,5.396694183349609,0.33745118975639343,0.2984016537666321
True,False,False,False,364,14.559999465942383,0.28266867995262146,18.236968994140625,0.9157223701477051,78.57586669921875,5.396694183349609,0.33745118975639343,0.2984016537666321
True,False,False,False,364,14.559999465942383,0.28266867995262146,18.236968994140625,0.9157223701477051,78.57586669921875,5.396694183349609,0.33745118975639343,0.2984016537666321
True,False,False,False,364,14.559999465942383,0.28266867995262146,18.236968994140625,0.9157223701477051,78.57586669921875,5.396694183349609,0.33745118975639343,0.2984016537666321
True,False,False,False,364,14.559999465942383,0.28266867995262146,18.236968994140625,0.9157223701477051,78.57586669921875,5.396694183349609,0.33745118975639343,0.2984016537666321
True,False,False,False,364,14.559999465942383,0.28266867995262146,18.236968994140625,0.9157223701477051,78.57586669921875,5.396694183349609,0.33745118975639343,0.2984016537666321
True,False,False,False,364,14.559999465942383,0.2819896936416626,18.23691749572754,0.9157249927520752,78.60954284667969,5.399007320404053,0.33745118975639343,0.2984033226966858
True,False,False,False,364,14.559999465942383,0.2819896936416626,18.23691749572754,0.9157249927520752,78.60954284667969,5.399007320404053,0.33745118975639343,0.2984033226966858
True,False,False,False,364,14.559999465942383,0.2819896936416626,18.23691749572754,0.9157249927520752,78.60954284667969,5.399007320404053,0.33745118975639343,0.2984033226966858
True,False,False,False,364,14.559999465942383,0.2819896936416626,18.23691749572754,0.9157249927520752,78.60954284667969,5.399007320404053,0.33745118975639343,0.2984033226966858
True,False,False,False,364,14.559999465942383,0.2819896936416626,18.23691749572754,0.9157249927520752,78.60954284667969,5.399007320404053,0.33745118975639343,0.2984033226966858
True,False,False,False,364,14.559999465942383,0.2819896936416626,18.23691749572754,0.9157249927520752,78.60954284667969,5.399007320404053,0.33745118975639343,0.2984033226966858
True,False,False,False,364,14.559999465942383,0.2783771753311157,18.23982048034668,0.9155791997909546,78.39579010009766,5.384326457977295,0.33745118975639343,0.29857879877090454
True,False,False,False,364,14.559999465942383,0.2783771753311157,18.23982048034668,0.9155791997909546,78.39579010009766,5.384326457977295,0.33745118975639343,0.29857879877090454
True,False,False,False,364,14.559999465942383,0.2783771753311157,18.23982048034668,0.9155791997909546,78.39579010009766,5.384326457977295,0.33745118975639343,0.29857879877090454
True,False,False,False,364,14.559999465942383,0.2783771753311157,18.23982048034668,0.9155791997909546,78.39579010009766,5.384326457977295,0.33745118975639343,0.29857879877090454
True,False,False,False,364,14.559999465942383,0.2783771753311157,18.23982048034668,0.9155791997909546,78.39579010009766,5.384326457977295,0.33745118975639343,0.29857879877090454
True,False,False,False,364,14.559999465942383,0.28248244524002075,18.236417770385742,0.9157500863075256,78.57474517822266,5.396617412567139,0.33748170733451843,0.29840025305747986
True,False,False,False,364,14.559999465942383,0.28248244524002075,18.236417770385742,0.9157500863075256,78.57474517822266,5.396617412567139,0.33748170733451843,0.29840025305747986
True,False,False,False,364,14.559999465942383,0.27949970960617065,18.239290237426758,0.9156058430671692,78.5464859008789,5.394676208496094,0.33746644854545593,0.29856494069099426
True,False,False,False,364,14.559999465942383,0.27949970960617065,18.239290237426758,0.9156058430671692,78.5464859008789,5.394676208496094,0.33746644854545593,0.29856494069099426
True,False,False,False,364,14.559999465942383,0.2795237600803375,18.23926544189453,0.9156070947647095,78.5465087890625,5.394678115844727,0.3374931514263153,0.2985650897026062
True,False,False,False,364,14.559999465942383,0.2795237600803375,18.23926544189453,0.9156070947647095,78.5465087890625,5.394678115844727,0.3374931514263153,0.2985650897026062
True,False,False,False,364,14.559999465942383,0.27949970960617065,18.239290237426758,0.9156058430671692,78.5464859008789,5.394676208496094,0.33746644854545593,0.29856494069099426
True,False,False,False,364,14.559999465942383,0.27949970960617065,18.239290237426758,0.9156058430671692,78.5464859008789,5.394676208496094,0.33746644854545593,0.29856494069099426
True,False,False,False,364,14.559999465942383,0.28248244524002075,18.236417770385742,0.9157500863075256,78.57474517822266,5.396617412567139,0.33748170733451843,0.29840025305747986
True,False,False,False,364,14.559999465942383,0.28248244524002075,18.236417770385742,0.9157500863075256,78.57474517822266,5.396617412567139,0.33748170733451843,0.29840025305747986
True,False,False,False,364,14.559999465942383,0.2783771753311157,18.23982048034668,0.9155791997909546,78.39579010009766,5.384326457977295,0.33745118975639343,0.29857879877090454
True,False,False,False,364,14.559999465942383,0.2783771753311157,18.23982048034668,0.9155791997909546,78.39579010009766,5.384326457977295,0.33745118975639343,0.29857879877090454
True,False,False,False,364,14.559999465942383,0.2783771753311157,18.23982048034668,0.9155791997909546,78.39579010009766,5.384326457977295,0.33745118975639343,0.29857879877090454
True,False,False,False,364,14.559999465942383,0.2783771753311157,18.23982048034668,0.9155791997909546,78.39579010009766,5.384326457977295,0.33745118975639343,0.29857879877090454
True,False,False,False,364,14.559999465942383,0.2783771753311157,18.23982048034668,0.9155791997909546,78.39579010009766,5.384326457977295,0.33745118975639343,0.29857879877090454
True,False,False,False,364,14.559999465942383,0.2819896936416626,18.23691749572754,0.9157249927520752,78.60954284667969,5.399007320404053,0.33745118975639343,0.2984033226966858
True,False,False,False,364,14.559999465942383,0.2819896936416626,18.23691749572754,0.9157249927520752,78.60954284667969,5.399007320404053,0.33745118975639343,0.2984033226966858
True,False,False,False,364,14.559999465942383,0.2819896936416626,18.23691749572754,0.9157249927520752,78.60954284667969,5.399007320404053,0.33745118975639343,0.2984033226966858
True,False,False,False,364,14.559999465942383,0.2819896936416626,18.23691749572754,0.9157249927520752,78.60954284667969,5.399007320404053,0.33745118975639343,0.2984033226966858
True,False,False,False,364,14.559999465942383,0.2819896936416626,18.23691749572754,0.9157249927520752,78.60954284667969,5.399007320404053,0.33745118975639343,0.2984033226966858
True,False,False,False,364,14.559999465942383,0.2819896936416626,18.23691749572754,0.9157249927520752,78.60954284667969,5.399007320404053,0.33745118975639343,0.2984033226966858
True,False,False,False,364,14.559999465942383,0.2819896936416626,18.23691749572754,0.9157249927520752,78.60954284667969,5.399007320404053,0.33745118975639343,0.2984033226966858
True,False,False,False,364,14.559999465942383,0.2819896936416626,18.23691749572754,0.9157249927520752,78.60954284667969,5.399007320404053,0.33745118975639343,0.2984033226966858
True,False,False,False,364,14.559999465942383,0.2819896936416626,18.23691749572754,0.9157249927520752,78.60954284667969,5.399007320404053,0.33745118975639343,0.2984033226966858
True,False,False,False,364,14.559999465942383,0.2819896936416626,18.23691749572754,0.9157249927520752,78.60954284667969,5.399007320404053,0.33745118975639343,0.2984033226966858
True,False,False,False,364,14.559999465942383,0.2819896936416626,18.23691749572754,0.9157249927520752,78.60954284667969,5.399007320404053,0.33745118975639343,0.2984033226966858
True,False,False,False,364,14.559999465942383,0.2819896936416626,18.23691749572754,0.9157249927520752,78.60954284667969,5.399007320404053,0.33745118975639343,0.2984033226966858
True,False,False,False,364,14.559999465942383,0.2783771753311157,18.23982048034668,0.9155791997909546,78.39579010009766,5.384326457977295,0.33745118975639343,0.29857879877090454
True,False,False,False,364,14.559999465942383,0.2783771753311157,18.23982048034668,0.9155791997909546,78.39579010009766,5.384326457977295,0.33745118975639343,0.29857879877090454
True,False,False,False,364,14.559999465942383,0.2783771753311157,18.23982048034668,0.9155791997909546,78.39579010009766,5.384326457977295,0.33745118975639343,0.29857879877090454
True,False,False,False,364,14.559999465942383,0.2783771753311157,18.23982048034668,0.9155791997909546,78.39579010009766,5.384326457977295,0.33745118975639343,0.29857879877090454
True,False,False,False,364,14.559999465942383,0.2783771753311157,18.23982048034668,0.9155791997909546,78.39579010009766,5.384326457977295,0.33745118975639343,0.29857879877090454
True,False,False,False,364,14.559999465942383,0.28248244524002075,18.236417770385742,0.9157500863075256,78.57474517822266,5.396617412567139,0.33748170733451843,0.29840025305747986
True,False,False,False,364,14.559999465942383,0.28248244524002075,18.236417770385742,0.9157500863075256,78.57474517822266,5.396617412567139,0.33748170733451843,0.29840025305747986
True,False,False,False,364,14.559999465942383,0.27949970960617065,18.239290237426758,0.9156058430671692,78.5464859008789,5.394676208496094,0.33746644854545593,0.29856494069099426
True,False,False,False,364,14.559999465942383,0.27949970960617065,18.239290237426758,0.9156058430671692,78.5464859008789,5.394676208496094,0.33746644854545593,0.29856494069099426
True,False,False,False,364,14.559999465942383,0.2795237600803375,18.23926544189453,0.9156070947647095,78.5465087890625,5.394678115844727,0.3374931514263153,0.2985650897026062
True,False,False,False,364,14.559999465942383,0.2795237600803375,18.23926544189453,0.9156070947647095,78.5465087890625,5.394678115844727,0.3374931514263153,0.2985650897026062
True,False,False,False,364,14.559999465942383,0.27949970960617065,18.239290237426758,0.9156058430671692,78.5464859008789,5.394676208496094,0.33746644854545593,0.29856494069099426
True,False,False,False,364,14.559999465942383,0.27949970960617065,18.239290237426758,0.9156058430671692,78.5464859008789,5.394676208496094,0.33746644854545593,0.29856494069099426
True,False,False,False,364,14.559999465942383,0.28248244524002075,18.236417770385742,0.9157500863075256,78.57474517822266,5.396617412567139,0.33748170733451843,0.29840025305747986
True,False,False,False,364,14.559999465942383,0.28248244524002075,18.236417770385742,0.9157500863075256,78.57474517822266,5.396617412567139,0.33748170733451843,0.29840025305747986
True,False,False,False,364,14.559999465942383,0.2783771753311157,18.23982048034668,0.9155791997909546,78.39579010009766,5.384326457977295,0.33745118975639343,0.29857879877090454
True,False,False,False,364,14.559999465942383,0.2783771753311157,18.23982048034668,0.9155791997909546,78.39579010009766,5.384326457977295,0.33745118975639343,0.29857879877090454
True,False,False,False,364,14.559999465942383,0.2783771753311157,18.23982048034668,0.9155791997909546,78.39579010009766,5.384326457977295,0.33745118975639343,0.29857879877090454
True,False,False,False,364,14.559999465942383,0.2783771753311157,18.23982048034668,0.9155791997909546,78.39579010009766,5.384326457977295,0.33745118975639343,0.29857879877090454
True,False,False,False,364,14.559999465942383,0.2783771753311157,18.23982048034668,0.9155791997909546,78.39579010009766,5.384326457977295,0.33745118975639343,0.29857879877090454
True,False,False,False,364,14.559999465942383,0.2819896936416626,18.23691749572754,0.9157249927520752,78.60954284667969,5.399007320404053,0.33745118975639343,0.2984033226966858
True,False,False,False,364,14.559999465942383,0.2819896936416626,18.23691749572754,0.9157249927520752,78.60954284667969,5.399007320404053,0.33745118975639343,0.2984033226966858
True,False,False,False,364,14.559999465942383,0.2819896936416626,18.23691749572754,0.9157249927520752,78.60954284667969,5.399007320404053,0.33745118975639343,0.2984033226966858
True,False,False,False,364,14.559999465942383,0.2819896936416626,18.23691749572754,0.9157249927520752,78.60954284667969,5.399007320404053,0.33745118975639343,0.2984033226966858
True,False,False,False,364,14.559999465942383,0.2819896936416626,18.23691749572754,0.9157249927520752,78.60954284667969,5.399007320404053,0.33745118975639343,0.2984033226966858
True,False,False,False,364,14.559999465942383,0.2819896936416626,18.23691749572754,0.9157249927520752,78.60954284667969,5.399007320404053,0.33745118975639343,0.2984033226966858
True,False,False,False,364,14.559999465942383,0.28265562653541565,18.236440658569336,0.9157489538192749,78.60956573486328,5.399008750915527,0.33745118975639343,0.2984050512313843
True,False,False,False,364,14.559999465942383,0.28265562653541565,18.236440658569336,0.9157489538192749,78.60956573486328,5.399008750915527,0.33745118975639343,0.2984050512313843
True,False,False,False,364,14.559999465942383,0.28265562653541565,18.236440658569336,0.9157489538192749,78.60956573486328,5.399008750915527,0.33745118975639343,0.2984050512313843
True,False,False,False,364,14.559999465942383,0.28265562653541565,18.236440658569336,0.9157489538192749,78.60956573486328,5.399008750915527,0.33745118975639343,0.2984050512313843
True,False,False,False,364,14.559999465942383,0.28265562653541565,18.236440658569336,0.9157489538192749,78.60956573486328,5.399008750915527,0.33745118975639343,0.2984050512313843
True,False,False,False,364,14.559999465942383,0.28265562653541565,18.236440658569336,0.9157489538192749,78.60956573486328,5.399008750915527,0.33745118975639343,0.2984050512313843
True,False,False,False,364,14.559999465942383,0.2821045219898224,18.23640251159668,0.9157508015632629,78.60943603515625,5.3989996910095215,0.33745118975639343,0.2984023988246918
True,False,False,False,364,14.559999465942383,0.2821045219898224,18.23640251159668,0.9157508015632629,78.60943603515625,5.3989996910095215,0.33745118975639343,0.2984023988246918
True,False,False,False,364,14.559999465942383,0.2821045219898224,18.23640251159668,0.9157508015632629,78.60943603515625,5.3989996910095215,0.33745118975639343,0.2984023988246918
True,False,False,False,364,14.559999465942383,0.2821045219898224,18.23640251159668,0.9157508015632629,78.60943603515625,5.3989996910095215,0.33745118975639343,0.2984023988246918
True,False,False,False,364,14.559999465942383,0.2821045219898224,18.23640251159668,0.9157508015632629,78.60943603515625,5.3989996910095215,0.33745118975639343,0.2984023988246918
True,False,False,False,364,14.559999465942383,0.2822084128856659,18.236244201660156,0.9157587885856628,78.60945129394531,5.399001121520996,0.33748170733451843,0.29840391874313354
True,False,False,False,364,14.559999465942383,0.2822084128856659,18.236244201660156,0.9157587885856628,78.60945129394531,5.399001121520996,0.33748170733451843,0.29840391874313354
True,False,False,False,364,14.559999465942383,0.2822517156600952,18.23626136779785,0.9157578945159912,78.60946655273438,5.3990020751953125,0.33746644854545593,0.2984040379524231
True,False,False,False,364,14.559999465942383,0.2822517156600952,18.23626136779785,0.9157578945159912,78.60946655273438,5.3990020751953125,0.33746644854545593,0.2984040379524231
True,False,False,False,364,14.559999465942383,0.2821997404098511,18.23627281188965,0.9157573580741882,78.60945892333984,5.399001598358154,0.3374931514263153,0.29840385913848877
True,False,False,False,364,14.559999465942383,0.2821997404098511,18.23627281188965,0.9157573580741882,78.60945892333984,5.399001598358154,0.3374931514263153,0.29840385913848877
True,False,False,False,364,14.559999465942383,0.2822517156600952,18.23626136779785,0.9157578945159912,78.60946655273438,5.3990020751953125,0.33746644854545593,0.2984040379524231
True,False,False,False,364,14.559999465942383,0.2822517156600952,18.23626136779785,0.9157578945159912,78.60946655273438,5.3990020751953125,0.33746644854545593,0.2984040379524231
True,False,False,False,364,14.559999465942383,0.2822084128856659,18.236244201660156,0.9157587885856628,78.60945129394531,5.399001121520996,0.33748170733451843,0.29840391874313354
True,False,False,False,364,14.559999465942383,0.2822084128856659,18.236244201660156,0.9157587885856628,78.60945129394531,5.399001121520996,0.33748170733451843,0.29840391874313354
True,False,False,False,364,14.559999465942383,0.2821045219898224,18.23640251159668,0.9157508015632629,78.60943603515625,5.3989996910095215,0.33745118975639343,0.2984023988246918
True,False,False,False,364,14.559999465942383,0.2821045219898224,18.23640251159668,0.9157508015632629,78.60943603515625,5.3989996910095215,0.33745118975639343,0.2984023988246918
True,False,False,False,364,14.559999465942383,0.2821045219898224,18.23640251159668,0.9157508015632629,78.60943603515625,5.3989996910095215,0.33745118975639343,0.2984023988246918
True,False,False,False,364,14.559999465942383,0.2821045219898224,18.23640251159668,0.9157508015632629,78.60943603515625,5.3989996910095215,0.33745118975639343,0.2984023988246918
True,False,False,False,364,14.559999465942383,0.2821045219898224,18.23640251159668,0.9157508015632629,78.60943603515625,5.3989996910095215,0.33745118975639343,0.2984023988246918
True,False,False,False,364,14.559999465942383,0.28265562653541565,18.236440658569336,0.9157489538192749,78.60956573486328,5.399008750915527,0.33745118975639343,0.2984050512313843
True,False,False,False,364,14.559999465942383,0.28265562653541565,18.236440658569336,0.9157489538192749,78.60956573486328,5.399008750915527,0.33745118975639343,0.2984050512313843
True,False,False,False,364,14.559999465942383,0.28265562653541565,18.236440658569336,0.9157489538192749,78.60956573486328,5.399008750915527,0.33745118975639343,0.2984050512313843
True,False,False,False,364,14.559999465942383,0.28265562653541565,18.236440658569336,0.9157489538192749,78.60956573486328,5.399008750915527,0.33745118975639343,0.2984050512313843
True,False,False,False,364,14.559999465942383,0.28265562653541565,18.236440658569336,0.9157489538192749,78.60956573486328,5.399008750915527,0.33745118975639343,0.2984050512313843
True,False,False,False,364,14.559999465942383,0.28265562653541565,18.236440658569336,0.9157489538192749,78.60956573486328,5.399008750915527,0.33745118975639343,0.2984050512313843
True,False,False,False,364,14.559999465942383,0.28265562653541565,18.236440658569336,0.9157489538192749,78.60956573486328,5.399008750915527,0.33745118975639343,0.2984050512313843
True,False,False,False,364,14.559999465942383,0.28265562653541565,18.236440658569336,0.9157489538192749,78.60956573486328,5.399008750915527,0.33745118975639343,0.2984050512313843
True,False,False,False,364,14.559999465942383,0.28265562653541565,18.236440658569336,0.9157489538192749,78.60956573486328,5.399008750915527,0.33745118975639343,0.2984050512313843
True,False,False,False,364,14.559999465942383,0.28265562653541565,18.236440658569336,0.9157489538192749,78.60956573486328,5.399008750915527,0.33745118975639343,0.2984050512313843
True,False,False,False,364,14.559999465942383,0.28265562653541565,18.236440658569336,0.9157489538192749,78.60956573486328,5.399008750915527,0.33745118975639343,0.2984050512313843
True,False,False,False,364,14.559999465942383,0.28265562653541565,18.236440658569336,0.9157489538192749,78.60956573486328,5.399008750915527,0.33745118975639343,0.2984050512313843
True,False,False,False,364,14.559999465942383,0.2821045219898224,18.23640251159668,0.9157508015632629,78.60943603515625,5.3989996910095215,0.33745118975639343,0.2984023988246918
True,False,False,False,364,14.559999465942383,0.2821045219898224,18.23640251159668,0.9157508015632629,78.60943603515625,5.3989996910095215,0.33745118975639343,0.2984023988246918
True,False,False,False,364,14.559999465942383,0.2821045219898224,18.23640251159668,0.9157508015632629,78.60943603515625,5.3989996910095215,0.33745118975639343,0.2984023988246918
True,False,False,False,364,14.559999465942383,0.2821045219898224,18.23640251159668,0.9157508015632629,78.60943603515625,5.3989996910095215,0.33745118975639343,0.2984023988246918
True,False,False,False,364,14.559999465942383,0.2821045219898224,18.23640251159668,0.9157508015632629,78.60943603515625,5.3989996910095215,0.33745118975639343,0.2984023988246918
True,False,False,False,364,14.559999465942383,0.2822084128856659,18.236244201660156,0.9157587885856628,78.60945129394531,5.399001121520996,0.33748170733451843,0.29840391874313354
True,False,False,False,364,14.559999465942383,0.2822084128856659,18.236244201660156,0.9157587885856628,78.60945129394531,5.399001121520996,0.33748170733451843,0.29840391874313354
True,False,False,False,364,14.559999465942383,0.2822517156600952,18.23626136779785,0.9157578945159912,78.60946655273438,5.3990020751953125,0.33746644854545593,0.2984040379524231
True,False,False,False,364,14.559999465942383,0.2822517156600952,18.23626136779785,0.9157578945159912,78.60946655273438,5.3990020751953125,0.33746644854545593,0.2984040379524231
True,False,False,False,364,14.559999465942383,0.2821997404098511,18.23627281188965,0.9157573580741882,78.60945892333984,5.399001598358154,0.3374931514263153,0.29840385913848877
True,False,False,False,364,14.559999465942383,0.2821997404098511,18.23627281188965,0.9157573580741882,78.60945892333984,5.399001598358154,0.3374931514263153,0.29840385913848877
True,False,False,False,364,14.559999465942383,0.2822517156600952,18.23626136779785,0.9157578945159912,78.60946655273438,5.3990020751953125,0.33746644854545593,0.2984040379524231
True,False,False,False,364,14.559999465942383,0.2822517156600952,18.23626136779785,0.9157578945159912,78.60946655273438,5.3990020751953125,0.33746644854545593,0.2984040379524231
True,False,False,False,364,14.559999465942383,0.2822084128856659,18.236244201660156,0.9157587885856628,78.60945129394531,5.399001121520996,0.33748170733451843,0.29840391874313354
True,False,False,False,364,14.559999465942383,0.2822084128856659,18.236244201660156,0.9157587885856628,78.60945129394531,5.399001121520996,0.33748170733451843,0.29840391874313354
True,False,False,False,364,14.559999465942383,0.2821045219898224,18.23640251159668,0.9157508015632629,78.60943603515625,5.3989996910095215,0.33745118975639343,0.2984023988246918
True,False,False,False,364,14.559999465942383,0.2821045219898224,18.23640251159668,0.9157508015632629,78.60943603515625,5.3989996910095215,0.33745118975639343,0.2984023988246918
True,False,False,False,364,14.559999465942383,0.2821045219898224,18.23640251159668,0.9157508015632629,78.60943603515625,5.3989996910095215,0.33745118975639343,0.2984023988246918
True,False,False,False,364,14.559999465942383,0.2821045219898224,18.23640251159668,0.9157508015632629,78.60943603515625,5.3989996910095215,0.33745118975639343,0.2984023988246918
True,False,False,False,364,14.559999465942383,0.2821045219898224,18.23640251159668,0.9157508015632629,78.60943603515625,5.3989996910095215,0.33745118975639343,0.2984023988246918
True,False,False,False,364,14.559999465942383,0.28265562653541565,18.236440658569336,0.9157489538192749,78.60956573486328,5.399008750915527,0.33745118975639343,0.2984050512313843
True,False,False,False,364,14.559999465942383,0.28265562653541565,18.236440658569336,0.9157489538192749,78.60956573486328,5.399008750915527,0.33745118975639343,0.2984050512313843
True,False,False,False,364,14.559999465942383,0.28265562653541565,18.236440658569336,0.9157489538192749,78.60956573486328,5.399008750915527,0.33745118975639343,0.2984050512313843
True,False,False,False,364,14.559999465942383,0.28265562653541565,18.236440658569336,0.9157489538192749,78.60956573486328,5.399008750915527,0.33745118975639343,0.2984050512313843
True,False,False,False,364,14.559999465942383,0.28265562653541565,18.236440658569336,0.9157489538192749,78.60956573486328,5.399008750915527,0.33745118975639343,0.2984050512313843
True,False,False,False,364,14.559999465942383,0.28265562653541565,18.236440658569336,0.9157489538192749,78.60956573486328,5.399008750915527,0.33745118975639343,0.2984050512313843
True,False,False,False,364,14.559999465942383,0.28265562653541565,18.236440658569336,0.9157489538192749,78.60956573486328,5.399008750915527,0.33745118975639343,0.2984050512313843
True,False,False,False,364,14.559999465942383,0.28265562653541565,18.236440658569336,0.9157489538192749,78.60956573486328,5.399008750915527,0.33745118975639343,0.2984050512313843
True,False,False,False,364,14.559999465942383,0.28265562653541565,18.236440658569336,0.9157489538192749,78.60956573486328,5.399008750915527,0.33745118975639343,0.2984050512313843
True,False,False,False,364,14.559999465942383,0.28265562653541565,18.236440658569336,0.9157489538192749,78.60956573486328,5.399008750915527,0.33745118975639343,0.2984050512313843
True,False,False,False,364,14.559999465942383,0.28265562653541565,18.236440658569336,0.9157489538192749,78.60956573486328,5.399008750915527,0.33745118975639343,0.2984050512313843
True,False,False,False,364,14.559999465942383,0.28265562653541565,18.236440658569336,0.9157489538192749,78.60956573486328,5.399008750915527,0.33745118975639343,0.2984050512313843
True,False,False,False,364,14.559999465942383,0.2821045219898224,18.23640251159668,0.9157508015632629,78.60943603515625,5.3989996910095215,0.33745118975639343,0.2984023988246918
True,False,False,False,364,14.559999465942383,0.2821045219898224,18.23640251159668,0.9157508015632629,78.60943603515625,5.3989996910095215,0.33745118975639343,0.2984023988246918
True,False,False,False,364,14.559999465942383,0.2821045219898224,18.23640251159668,0.9157508015632629,78.60943603515625,5.3989996910095215,0.33745118975639343,0.2984023988246918
True,False,False,False,364,14.559999465942383,0.2821045219898224,18.23640251159668,0.9157508015632629,78.60943603515625,5.3989996910095215,0.33745118975639343,0.2984023988246918
True,False,False,False,364,14.559999465942383,0.2821045219898224,18.23640251159668,0.9157508015632629,78.60943603515625,5.3989996910095215,0.33745118975639343,0.2984023988246918
True,False,False,False,364,14.559999465942383,0.2822084128856659,18.236244201660156,0.9157587885856628,78.60945129394531,5.399001121520996,0.33748170733451843,0.29840391874313354
True,False,False,False,364,14.559999465942383,0.2822084128856659,18.236244201660156,0.9157587885856628,78.60945129394531,5.399001121520996,0.33748170733451843,0.29840391874313354
True,False,False,False,364,14.559999465942383,0.2822517156600952,18.23626136779785,0.9157578945159912,78.60946655273438,5.3990020751953125,0.33746644854545593,0.2984040379524231
True,False,False,False,364,14.559999465942383,0.2822517156600952,18.23626136779785,0.9157578945159912,78.60946655273438,5.3990020751953125,0.33746644854545593,0.2984040379524231
True,False,False,False,364,14.559999465942383,0.2821997404098511,18.23627281188965,0.9157573580741882,78.60945892333984,5.399001598358154,0.3374931514263153,0.29840385913848877
True,False,False,False,364,14.559999465942383,0.2821997404098511,18.23627281188965,0.9157573580741882,78.60945892333984,5.399001598358154,0.3374931514263153,0.29840385913848877
True,False,False,False,364,14.559999465942383,0.2822517156600952,18.23626136779785,0.9157578945159912,78.60946655273438,5.3990020751953125,0.33746644854545593,0.2984040379524231
True,False,False,False,364,14.559999465942383,0.2822517156600952,18.23626136779785,0.9157578945159912,78.60946655273438,5.3990020751953125,0.33746644854545593,0.2984040379524231
True,False,False,False,364,14.559999465942383,0.2822084128856659,18.236244201660156,0.9157587885856628,78.60945129394531,5.399001121520996,0.33748170733451843,0.29840391874313354
True,False,False,False,364,14.559999465942383,0.2822084128856659,18.236244201660156,0.9157587885856628,78.60945129394531,5.399001121520996,0.33748170733451843,0.29840391874313354
True,False,False,False,364,14.559999465942383,0.2821045219898224,18.23640251159668,0.9157508015632629,78.60943603515625,5.3989996910095215,0.33745118975639343,0.2984023988246918
True,False,False,False,364,14.559999465942383,0.2821045219898224,18.23640251159668,0.9157508015632629,78.60943603515625,5.3989996910095215,0.33745118975639343,0.2984023988246918
True,False,False,False,364,14.559999465942383,0.2821045219898224,18.23640251159668,0.9157508015632629,78.60943603515625,5.3989996910095215,0.33745118975639343,0.2984023988246918
True,False,False,False,364,14.559999465942383,0.2821045219898224,18.23640251159668,0.9157508015632629,78.60943603515625,5.3989996910095215,0.33745118975639343,0.2984023988246918
True,False,False,False,364,14.559999465942383,0.2821045219898224,18.23640251159668,0.9157508015632629,78.60943603515625,5.3989996910095215,0.33745118975639343,0.2984023988246918
True,False,False,False,364,14.559999465942383,0.28265562653541565,18.236440658569336,0.9157489538192749,78.60956573486328,5.399008750915527,0.33745118975639343,0.2984050512313843
True,False,False,False,364,14.559999465942383,0.28265562653541565,18.236440658569336,0.9157489538192749,78.60956573486328,5.399008750915527,0.33745118975639343,0.2984050512313843
True,False,False,False,364,14.559999465942383,0.28265562653541565,18.236440658569336,0.9157489538192749,78.60956573486328,5.399008750915527,0.33745118975639343,0.2984050512313843
True,False,False,False,364,14.559999465942383,0.28265562653541565,18.236440658569336,0.9157489538192749,78.60956573486328,5.399008750915527,0.33745118975639343,0.2984050512313843
True,False,False,False,364,14.559999465942383,0.28265562653541565,18.236440658569336,0.9157489538192749,78.60956573486328,5.399008750915527,0.33745118975639343,0.2984050512313843
True,False,False,False,364,14.559999465942383,0.28265562653541565,18.236440658569336,0.9157489538192749,78.60956573486328,5.399008750915527,0.33745118975639343,0.2984050512313843
True,False,False,False,364,14.559999465942383,0.28265562653541565,18.236440658569336,0.9157489538192749,78.60956573486328,5.399008750915527,0.33745118975639343,0.2984050512313843
True,False,False,False,364,14.559999465942383,0.28265562653541565,18.236440658569336,0.9157489538192749,78.60956573486328,5.399008750915527,0.33745118975639343,0.2984050512313843
True,False,False,False,364,14.559999465942383,0.28265562653541565,18.236440658569336,0.9157489538192749,78.60956573486328,5.399008750915527,0.33745118975639343,0.2984050512313843
True,False,False,False,364,14.559999465942383,0.28265562653541565,18.236440658569336,0.9157489538192749,78.60956573486328,5.399008750915527,0.33745118975639343,0.2984050512313843
True,False,False,False,364,14.559999465942383,0.28265562653541565,18.236440658569336,0.9157489538192749,78.60956573486328,5.399008750915527,0.33745118975639343,0.2984050512313843
True,False,False,False,364,14.559999465942383,0.28265562653541565,18.236440658569336,0.9157489538192749,78.60956573486328,5.399008750915527,0.33745118975639343,0.2984050512313843
True,False,False,False,364,14.559999465942383,0.2821045219898224,18.23640251159668,0.9157508015632629,78.60943603515625,5.3989996910095215,0.33745118975639343,0.2984023988246918
True,False,False,False,364,14.559999465942383,0.2821045219898224,18.23640251159668,0.9157508015632629,78.60943603515625,5.3989996910095215,0.33745118975639343,0.2984023988246918
True,False,False,False,364,14.559999465942383,0.2821045219898224,18.23640251159668,0.9157508015632629,78.60943603515625,5.3989996910095215,0.33745118975639343,0.2984023988246918
True,False,False,False,364,14.559999465942383,0.2821045219898224,18.23640251159668,0.9157508015632629,78.60943603515625,5.3989996910095215,0.33745118975639343,0.2984023988246918
True,False,False,False,364,14.559999465942383,0.2821045219898224,18.23640251159668,0.9157508015632629,78.60943603515625,5.3989996910095215,0.33745118975639343,0.2984023988246918
True,False,False,False,364,14.559999465942383,0.2822084128856659,18.236244201660156,0.9157587885856628,78.60945129394531,5.399001121520996,0.33748170733451843,0.29840391874313354
True,False,False,False,364,14.559999465942383,0.2822084128856659,18.236244201660156,0.9157587885856628,78.60945129394531,5.399001121520996,0.33748170733451843,0.29840391874313354
True,False,False,False,364,14.559999465942383,0.2822517156600952,18.23626136779785,0.9157578945159912,78.60946655273438,5.3990020751953125,0.33746644854545593,0.2984040379524231
True,False,False,False,364,14.559999465942383,0.2822517156600952,18.23626136779785,0.9157578945159912,78.60946655273438,5.3990020751953125,0.33746644854545593,0.2984040379524231
True,False,False,False,364,14.559999465942383,0.2821997404098511,18.23627281188965,0.9157573580741882,78.60945892333984,5.399001598358154,0.3374931514263153,0.29840385913848877
True,False,False,False,364,14.559999465942383,0.2821997404098511,18.23627281188965,0.9157573580741882,78.60945892333984,5.399001598358154,0.3374931514263153,0.29840385913848877
True,False,False,False,364,14.559999465942383,0.2822517156600952,18.23626136779785,0.9157578945159912,78.60946655273438,5.3990020751953125,0.33746644854545593,0.2984040379524231
True,False,False,False,364,14.559999465942383,0.2822517156600952,18.23626136779785,0.9157578945159912,78.60946655273438,5.3990020751953125,0.33746644854545593,0.2984040379524231
True,False,False,False,364,14.559999465942383,0.2822084128856659,18.236244201660156,0.9157587885856628,78.60945129394531,5.399001121520996,0.33748170733451843,0.29840391874313354
True,False,False,False,364,14.559999465942383,0.2822084128856659,18.236244201660156,0.9157587885856628,78.60945129394531,5.399001121520996,0.33748170733451843,0.29840391874313354
True,False,False,False,364,14.559999465942383,0.2821045219898224,18.23640251159668,0.9157508015632629,78.60943603515625,5.3989996910095215,0.33745118975639343,0.2984023988246918
True,False,False,False,364,14.559999465942383,0.2821045219898224,18.23640251159668,0.9157508015632629,78.60943603515625,5.3989996910095215,0.33745118975639343,0.2984023988246918
True,False,False,False,364,14.559999465942383,0.2821045219898224,18.23640251159668,0.9157508015632629,78.60943603515625,5.3989996910095215,0.33745118975639343,0.2984023988246918
True,False,False,False,364,14.559999465942383,0.2821045219898224,18.23640251159668,0.9157508015632629,78.60943603515625,5.3989996910095215,0.33745118975639343,0.2984023988246918
True,False,False,False,364,14.559999465942383,0.2821045219898224,18.23640251159668,0.9157508015632629,78.60943603515625,5.3989996910095215,0.33745118975639343,0.2984023988246918
True,False,False,False,364,14.559999465942383,0.28265562653541565,18.236440658569336,0.9157489538192749,78.60956573486328,5.399008750915527,0.33745118975639343,0.2984050512313843
True,False,False,False,364,14.559999465942383,0.28265562653541565,18.236440658569336,0.9157489538192749,78.60956573486328,5.399008750915527,0.33745118975639343,0.2984050512313843
True,False,False,False,364,14.559999465942383,0.28265562653541565,18.236440658569336,0.9157489538192749,78.60956573486328,5.399008750915527,0.33745118975639343,0.2984050512313843
True,False,False,False,364,14.559999465942383,0.28265562653541565,18.236440658569336,0.9157489538192749,78.60956573486328,5.399008750915527,0.33745118975639343,0.2984050512313843
True,False,False,False,364,14.559999465942383,0.28265562653541565,18.236440658569336,0.9157489538192749,78.60956573486328,5.399008750915527,0.33745118975639343,0.2984050512313843
True,False,False,False,364,14.559999465942383,0.28265562653541565,18.236440658569336,0.9157489538192749,78.60956573486328,5.399008750915527,0.33745118975639343,0.2984050512313843
True,False,False,False,364,14.559999465942383,0.28265562653541565,18.236440658569336,0.9157489538192749,78.60956573486328,5.399008750915527,0.33745118975639343,0.2984050512313843
True,False,False,False,364,14.559999465942383,0.28265562653541565,18.236440658569336,0.9157489538192749,78.60956573486328,5.399008750915527,0.33745118975639343,0.2984050512313843
True,False,False,False,364,14.559999465942383,0.28265562653541565,18.236440658569336,0.9157489538192749,78.60956573486328,5.399008750915527,0.33745118975639343,0.2984050512313843
True,False,False,False,364,14.559999465942383,0.28265562653541565,18.236440658569336,0.9157489538192749,78.60956573486328,5.399008750915527,0.33745118975639343,0.2984050512313843
True,False,False,False,364,14.559999465942383,0.28265562653541565,18.236440658569336,0.9157489538192749,78.60956573486328,5.399008750915527,0.33745118975639343,0.2984050512313843
True,False,False,False,364,14.559999465942383,0.28265562653541565,18.236440658569336,0.9157489538192749,78.60956573486328,5.399008750915527,0.33745118975639343,0.2984050512313843
True,False,False,False,364,14.559999465942383,0.2821045219898224,18.23640251159668,0.9157508015632629,78.60943603515625,5.3989996910095215,0.33745118975639343,0.2984023988246918
True,False,False,False,364,14.559999465942383,0.2821045219898224,18.23640251159668,0.9157508015632629,78.60943603515625,5.3989996910095215,0.33745118975639343,0.2984023988246918
True,False,False,False,364,14.559999465942383,0.2821045219898224,18.23640251159668,0.9157508015632629,78.60943603515625,5.3989996910095215,0.33745118975639343,0.2984023988246918
True,False,False,False,364,14.559999465942383,0.2821045219898224,18.23640251159668,0.9157508015632629,78.60943603515625,5.3989996910095215,0.33745118975639343,0.2984023988246918
True,False,False,False,364,14.559999465942383,0.2821045219898224,18.23640251159668,0.9157508015632629,78.60943603515625,5.3989996910095215,0.33745118975639343,0.2984023988246918
True,False,False,False,364,14.559999465942383,0.2822084128856659,18.236244201660156,0.9157587885856628,78.60945129394531,5.399001121520996,0.33748170733451843,0.29840391874313354
True,False,False,False,364,14.559999465942383,0.2822084128856659,18.236244201660156,0.9157587885856628,78.60945129394531,5.399001121520996,0.33748170733451843,0.29840391874313354
True,False,False,False,364,14.559999465942383,0.2822517156600952,18.23626136779785,0.9157578945159912,78.60946655273438,5.3990020751953125,0.33746644854545593,0.2984040379524231
True,False,False,False,364,14.559999465942383,0.2822517156600952,18.23626136779785,0.9157578945159912,78.60946655273438,5.3990020751953125,0.33746644854545593,0.2984040379524231
True,False,False,False,364,14.559999465942383,0.2821997404098511,18.23627281188965,0.9157573580741882,78.60945892333984,5.399001598358154,0.3374931514263153,0.29840385913848877
True,False,False,False,364,14.559999465942383,0.2821997404098511,18.23627281188965,0.9157573580741882,78.60945892333984,5.399001598358154,0.3374931514263153,0.29840385913848877
True,False,False,False,364,14.559999465942383,0.2822517156600952,18.23626136779785,0.9157578945159912,78.60946655273438,5.3990020751953125,0.33746644854545593,0.2984040379524231
True,False,False,False,364,14.559999465942383,0.2822517156600952,18.23626136779785,0.9157578945159912,78.60946655273438,5.3990020751953125,0.33746644854545593,0.2984040379524231
True,False,False,False,364,14.559999465942383,0.2822084128856659,18.236244201660156,0.9157587885856628,78.60945129394531,5.399001121520996,0.33748170733451843,0.29840391874313354
True,False,False,False,364,14.559999465942383,0.2822084128856659,18.236244201660156,0.9157587885856628,78.60945129394531,5.399001121520996,0.33748170733451843,0.29840391874313354
True,False,False,False,364,14.559999465942383,0.2821045219898224,18.23640251159668,0.9157508015632629,78.60943603515625,5.3989996910095215,0.33745118975639343,0.2984023988246918
True,False,False,False,364,14.559999465942383,0.2821045219898224,18.23640251159668,0.9157508015632629,78.60943603515625,5.3989996910095215,0.33745118975639343,0.2984023988246918
True,False,False,False,364,14.559999465942383,0.2821045219898224,18.23640251159668,0.9157508015632629,78.60943603515625,5.3989996910095215,0.33745118975639343,0.2984023988246918
True,False,False,False,364,14.559999465942383,0.2821045219898224,18.23640251159668,0.9157508015632629,78.60943603515625,5.3989996910095215,0.33745118975639343,0.2984023988246918
True,False,False,False,364,14.559999465942383,0.2821045219898224,18.23640251159668,0.9157508015632629,78.60943603515625,5.3989996910095215,0.33745118975639343,0.2984023988246918
True,False,False,False,364,14.559999465942383,0.28265562653541565,18.236440658569336,0.9157489538192749,78.60956573486328,5.399008750915527,0.33745118975639343,0.2984050512313843
True,False,False,False,364,14.559999465942383,0.28265562653541565,18.236440658569336,0.9157489538192749,78.60956573486328,5.399008750915527,0.33745118975639343,0.2984050512313843
True,False,False,False,364,14.559999465942383,0.28265562653541565,18.236440658569336,0.9157489538192749,78.60956573486328,5.399008750915527,0.33745118975639343,0.2984050512313843
True,False,False,False,364,14.559999465942383,0.28265562653541565,18.236440658569336,0.9157489538192749,78.60956573486328,5.399008750915527,0.33745118975639343,0.2984050512313843
True,False,False,False,364,14.559999465942383,0.28265562653541565,18.236440658569336,0.9157489538192749,78.60956573486328,5.399008750915527,0.33745118975639343,0.2984050512313843
True,False,False,False,364,14.559999465942383,0.28265562653541565,18.236440658569336,0.9157489538192749,78.60956573486328,5.399008750915527,0.33745118975639343,0.2984050512313843
True,False,False,False,364,14.559999465942383,0.2829066812992096,18.236061096191406,0.9157679677009583,78.60952758789062,5.399006366729736,0.33745118975639343,0.2984069585800171
True,False,False,False,364,14.559999465942383,0.2829066812992096,18.236061096191406,0.9157679677009583,78.60952758789062,5.399006366729736,0.33745118975639343,0.2984069585800171
True,False,False,False,364,14.559999465942383,0.2829066812992096,18.236061096191406,0.9157679677009583,78.60952758789062,5.399006366729736,0.33745118975639343,0.2984069585800171
True,False,False,False,364,14.559999465942383,0.2829066812992096,18.236061096191406,0.9157679677009583,78.60952758789062,5.399006366729736,0.33745118975639343,0.2984069585800171
True,False,False,False,364,14.559999465942383,0.2829066812992096,18.236061096191406,0.9157679677009583,78.60952758789062,5.399006366729736,0.33745118975639343,0.2984069585800171
True,False,False,False,364,14.559999465942383,0.2829066812992096,18.236061096191406,0.9157679677009583,78.60952758789062,5.399006366729736,0.33745118975639343,0.2984069585800171
True,False,False,False,364,14.559999465942383,0.28249111771583557,18.235929489135742,0.9157745838165283,78.6093978881836,5.3989973068237305,0.33745118975639343,0.29840436577796936
True,False,False,False,364,14.559999465942383,0.28249111771583557,18.235929489135742,0.9157745838165283,78.6093978881836,5.3989973068237305,0.33745118975639343,0.29840436577796936
True,False,False,False,364,14.559999465942383,0.28249111771583557,18.235929489135742,0.9157745838165283,78.6093978881836,5.3989973068237305,0.33745118975639343,0.29840436577796936
True,False,False,False,364,14.559999465942383,0.28249111771583557,18.235929489135742,0.9157745838165283,78.6093978881836,5.3989973068237305,0.33745118975639343,0.29840436577796936
True,False,False,False,364,14.559999465942383,0.28249111771583557,18.235929489135742,0.9157745838165283,78.6093978881836,5.3989973068237305,0.33745118975639343,0.29840436577796936
True,False,False,False,364,14.559999465942383,0.2825602889060974,18.235816955566406,0.915780246257782,78.60939025878906,5.398996829986572,0.33748170733451843,0.29840585589408875
True,False,False,False,364,14.559999465942383,0.2825602889060974,18.235816955566406,0.915780246257782,78.60939025878906,5.398996829986572,0.33748170733451843,0.29840585589408875
True,False,False,False,364,14.559999465942383,0.28262948989868164,18.23581314086914,0.9157804250717163,78.60940551757812,5.398997783660889,0.33746644854545593,0.2984061539173126
True,False,False,False,364,14.559999465942383,0.28262948989868164,18.23581314086914,0.9157804250717163,78.60940551757812,5.398997783660889,0.33746644854545593,0.2984061539173126
True,False,False,False,364,14.559999465942383,0.2825862467288971,18.235815048217773,0.9157803654670715,78.60940551757812,5.398997783660889,0.3374931514263153,0.29840588569641113
True,False,False,False,364,14.559999465942383,0.2825862467288971,18.235815048217773,0.9157803654670715,78.60940551757812,5.398997783660889,0.3374931514263153,0.29840588569641113
True,False,False,False,364,14.559999465942383,0.28262948989868164,18.23581314086914,0.9157804250717163,78.60940551757812,5.398997783660889,0.33746644854545593,0.2984061539173126
True,False,False,False,364,14.559999465942383,0.28262948989868164,18.23581314086914,0.9157804250717163,78.60940551757812,5.398997783660889,0.33746644854545593,0.2984061539173126
True,False,False,False,364,14.559999465942383,0.2825602889060974,18.235816955566406,0.915780246257782,78.60939025878906,5.398996829986572,0.33748170733451843,0.29840585589408875
True,False,False,False,364,14.559999465942383,0.2825602889060974,18.235816955566406,0.915780246257782,78.60939025878906,5.398996829986572,0.33748170733451843,0.29840585589408875
True,False,False,False,364,14.559999465942383,0.28249111771583557,18.235929489135742,0.9157745838165283,78.6093978881836,5.3989973068237305,0.33745118975639343,0.29840436577796936
True,False,False,False,364,14.559999465942383,0.28249111771583557,18.235929489135742,0.9157745838165283,78.6093978881836,5.3989973068237305,0.33745118975639343,0.29840436577796936
True,False,False,False,364,14.559999465942383,0.28249111771583557,18.235929489135742,0.9157745838165283,78.6093978881836,5.3989973068237305,0.33745118975639343,0.29840436577796936
True,False,False,False,364,14.559999465942383,0.28249111771583557,18.235929489135742,0.9157745838165283,78.6093978881836,5.3989973068237305,0.33745118975639343,0.29840436577796936
True,False,False,False,364,14.559999465942383,0.28249111771583557,18.235929489135742,0.9157745838165283,78.6093978881836,5.3989973068237305,0.33745118975639343,0.29840436577796936
True,False,False,False,364,14.559999465942383,0.2829066812992096,18.236061096191406,0.9157679677009583,78.60952758789062,5.399006366729736,0.33745118975639343,0.2984069585800171
True,False,False,False,364,14.559999465942383,0.2829066812992096,18.236061096191406,0.9157679677009583,78.60952758789062,5.399006366729736,0.33745118975639343,0.2984069585800171
True,False,False,False,364,14.559999465942383,0.2829066812992096,18.236061096191406,0.9157679677009583,78.60952758789062,5.399006366729736,0.33745118975639343,0.2984069585800171
True,False,False,False,364,14.559999465942383,0.2829066812992096,18.236061096191406,0.9157679677009583,78.60952758789062,5.399006366729736,0.33745118975639343,0.2984069585800171
True,False,False,False,364,14.559999465942383,0.2829066812992096,18.236061096191406,0.9157679677009583,78.60952758789062,5.399006366729736,0.33745118975639343,0.2984069585800171
True,False,False,False,364,14.559999465942383,0.2829066812992096,18.236061096191406,0.9157679677009583,78.60952758789062,5.399006366729736,0.33745118975639343,0.2984069585800171
True,False,False,False,364,14.559999465942383,0.2830071449279785,18.235942840576172,0.915773868560791,78.60951232910156,5.399004936218262,0.33745118975639343,0.2984069585800171
True,False,False,False,364,14.559999465942383,0.2830071449279785,18.235942840576172,0.915773868560791,78.60951232910156,5.399004936218262,0.33745118975639343,0.2984069585800171
True,False,False,False,364,14.559999465942383,0.2830071449279785,18.235942840576172,0.915773868560791,78.60951232910156,5.399004936218262,0.33745118975639343,0.2984069585800171
True,False,False,False,364,14.559999465942383,0.2830071449279785,18.235942840576172,0.915773868560791,78.60951232910156,5.399004936218262,0.33745118975639343,0.2984069585800171
True,False,False,False,364,14.559999465942383,0.2830071449279785,18.235942840576172,0.915773868560791,78.60951232910156,5.399004936218262,0.33745118975639343,0.2984069585800171
True,False,False,False,364,14.559999465942383,0.2830071449279785,18.235942840576172,0.915773868560791,78.60951232910156,5.399004936218262,0.33745118975639343,0.2984069585800171
True,False,False,False,364,14.559999465942383,0.28259173035621643,18.235816955566406,0.915780246257782,78.609375,5.398995876312256,0.33745118975639343,0.29840439558029175
True,False,False,False,364,14.559999465942383,0.28259173035621643,18.235816955566406,0.915780246257782,78.609375,5.398995876312256,0.33745118975639343,0.29840439558029175
True,False,False,False,364,14.559999465942383,0.28259173035621643,18.235816955566406,0.915780246257782,78.609375,5.398995876312256,0.33745118975639343,0.29840439558029175
True,False,False,False,364,14.559999465942383,0.28259173035621643,18.235816955566406,0.915780246257782,78.609375,5.398995876312256,0.33745118975639343,0.29840439558029175
True,False,False,False,364,14.559999465942383,0.28259173035621643,18.235816955566406,0.915780246257782,78.609375,5.398995876312256,0.33745118975639343,0.29840439558029175
True,False,False,False,364,14.559999465942383,0.2826608717441559,18.235700607299805,0.91578608751297,78.60936737060547,5.398995399475098,0.33748170733451843,0.2984059154987335
True,False,False,False,364,14.559999465942383,0.2826608717441559,18.235700607299805,0.91578608751297,78.60936737060547,5.398995399475098,0.33748170733451843,0.2984059154987335
True,False,False,False,364,14.559999465942383,0.2827300429344177,18.235692977905273,0.9157864451408386,78.60938262939453,5.398996353149414,0.33746644854545593,0.2984061539173126
True,False,False,False,364,14.559999465942383,0.2827300429344177,18.235692977905273,0.9157864451408386,78.60938262939453,5.398996353149414,0.33746644854545593,0.2984061539173126
True,False,False,False,364,14.559999465942383,0.2826867997646332,18.23569679260254,0.9157862663269043,78.60938262939453,5.398996353149414,0.3374931514263153,0.2984059154987335
True,False,False,False,364,14.559999465942383,0.2826867997646332,18.23569679260254,0.9157862663269043,78.60938262939453,5.398996353149414,0.3374931514263153,0.2984059154987335
True,False,False,False,364,14.559999465942383,0.2827300429344177,18.235692977905273,0.9157864451408386,78.60938262939453,5.398996353149414,0.33746644854545593,0.2984061539173126
True,False,False,False,364,14.559999465942383,0.2827300429344177,18.235692977905273,0.9157864451408386,78.60938262939453,5.398996353149414,0.33746644854545593,0.2984061539173126
True,False,False,False,364,14.559999465942383,0.2826608717441559,18.235700607299805,0.91578608751297,78.60936737060547,5.398995399475098,0.33748170733451843,0.2984059154987335
True,False,False,False,364,14.559999465942383,0.2826608717441559,18.235700607299805,0.91578608751297,78.60936737060547,5.398995399475098,0.33748170733451843,0.2984059154987335
True,False,False,False,364,14.559999465942383,0.28259173035621643,18.235816955566406,0.915780246257782,78.609375,5.398995876312256,0.33745118975639343,0.29840439558029175
True,False,False,False,364,14.559999465942383,0.28259173035621643,18.235816955566406,0.915780246257782,78.609375,5.398995876312256,0.33745118975639343,0.29840439558029175
True,False,False,False,364,14.559999465942383,0.28259173035621643,18.235816955566406,0.915780246257782,78.609375,5.398995876312256,0.33745118975639343,0.29840439558029175
True,False,False,False,364,14.559999465942383,0.28259173035621643,18.235816955566406,0.915780246257782,78.609375,5.398995876312256,0.33745118975639343,0.29840439558029175
True,False,False,False,364,14.559999465942383,0.28259173035621643,18.235816955566406,0.915780246257782,78.609375,5.398995876312256,0.33745118975639343,0.29840439558029175
True,False,False,False,364,14.559999465942383,0.2830071449279785,18.235942840576172,0.915773868560791,78.60951232910156,5.399004936218262,0.33745118975639343,0.2984069585800171
True,False,False,False,364,14.559999465942383,0.2830071449279785,18.235942840576172,0.915773868560791,78.60951232910156,5.399004936218262,0.33745118975639343,0.2984069585800171
True,False,False,False,364,14.559999465942383,0.2830071449279785,18.235942840576172,0.915773868560791,78.60951232910156,5.399004936218262,0.33745118975639343,0.2984069585800171
True,False,False,False,364,14.559999465942383,0.2830071449279785,18.235942840576172,0.915773868560791,78.60951232910156,5.399004936218262,0.33745118975639343,0.2984069585800171
True,False,False,False,364,14.559999465942383,0.2830071449279785,18.235942840576172,0.915773868560791,78.60951232910156,5.399004936218262,0.33745118975639343,0.2984069585800171
True,False,False,False,364,14.559999465942383,0.2830071449279785,18.235942840576172,0.915773868560791,78.60951232910156,5.399004936218262,0.33745118975639343,0.2984069585800171
True,False,False,False,364,14.559999465942383,0.2830071449279785,18.235942840576172,0.915773868560791,78.60951232910156,5.399004936218262,0.33745118975639343,0.2984069585800171
True,False,False,False,364,14.559999465942383,0.2830071449279785,18.235942840576172,0.915773868560791,78.60951232910156,5.399004936218262,0.33745118975639343,0.2984069585800171
True,False,False,False,364,14.559999465942383,0.2830071449279785,18.235942840576172,0.915773868560791,78.60951232910156,5.399004936218262,0.33745118975639343,0.2984069585800171
True,False,False,False,364,14.559999465942383,0.2830071449279785,18.235942840576172,0.915773868560791,78.60951232910156,5.399004936218262,0.33745118975639343,0.2984069585800171
True,False,False,False,364,14.559999465942383,0.2830071449279785,18.235942840576172,0.915773868560791,78.60951232910156,5.399004936218262,0.33745118975639343,0.2984069585800171
True,False,False,False,364,14.559999465942383,0.2830071449279785,18.235942840576172,0.915773868560791,78.60951232910156,5.399004936218262,0.33745118975639343,0.2984069585800171
True,False,False,False,364,14.559999465942383,0.28259173035621643,18.235816955566406,0.915780246257782,78.609375,5.398995876312256,0.33745118975639343,0.29840439558029175
True,False,False,False,364,14.559999465942383,0.28259173035621643,18.235816955566406,0.915780246257782,78.609375,5.398995876312256,0.33745118975639343,0.29840439558029175
True,False,False,False,364,14.559999465942383,0.28259173035621643,18.235816955566406,0.915780246257782,78.609375,5.398995876312256,0.33745118975639343,0.29840439558029175
True,False,False,False,364,14.559999465942383,0.28259173035621643,18.235816955566406,0.915780246257782,78.609375,5.398995876312256,0.33745118975639343,0.29840439558029175
True,False,False,False,364,14.559999465942383,0.28259173035621643,18.235816955566406,0.915780246257782,78.609375,5.398995876312256,0.33745118975639343,0.29840439558029175
True,False,False,False,364,14.559999465942383,0.2826608717441559,18.235700607299805,0.91578608751297,78.60936737060547,5.398995399475098,0.33748170733451843,0.2984059154987335
True,False,False,False,364,14.559999465942383,0.2826608717441559,18.235700607299805,0.91578608751297,78.60936737060547,5.398995399475098,0.33748170733451843,0.2984059154987335
True,False,False,False,364,14.559999465942383,0.2827300429344177,18.235692977905273,0.9157864451408386,78.60938262939453,5.398996353149414,0.33746644854545593,0.2984061539173126
True,False,False,False,364,14.559999465942383,0.2827300429344177,18.235692977905273,0.9157864451408386,78.60938262939453,5.398996353149414,0.33746644854545593,0.2984061539173126
True,False,False,False,364,14.559999465942383,0.2826867997646332,18.23569679260254,0.9157862663269043,78.60938262939453,5.398996353149414,0.3374931514263153,0.2984059154987335
True,False,False,False,364,14.559999465942383,0.2826867997646332,18.23569679260254,0.9157862663269043,78.60938262939453,5.398996353149414,0.3374931514263153,0.2984059154987335
True,False,False,False,364,14.559999465942383,0.2827300429344177,18.235692977905273,0.9157864451408386,78.60938262939453,5.398996353149414,0.33746644854545593,0.2984061539173126
True,False,False,False,364,14.559999465942383,0.2827300429344177,18.235692977905273,0.9157864451408386,78.60938262939453,5.398996353149414,0.33746644854545593,0.2984061539173126
True,False,False,False,364,14.559999465942383,0.2826608717441559,18.235700607299805,0.91578608751297,78.60936737060547,5.398995399475098,0.33748170733451843,0.2984059154987335
True,False,False,False,364,14.559999465942383,0.2826608717441559,18.235700607299805,0.91578608751297,78.60936737060547,5.398995399475098,0.33748170733451843,0.2984059154987335
True,False,False,False,364,14.559999465942383,0.28259173035621643,18.235816955566406,0.915780246257782,78.609375,5.398995876312256,0.33745118975639343,0.29840439558029175
True,False,False,False,364,14.559999465942383,0.28259173035621643,18.235816955566406,0.915780246257782,78.609375,5.398995876312256,0.33745118975639343,0.29840439558029175
True,False,False,False,364,14.559999465942383,0.28259173035621643,18.235816955566406,0.915780246257782,78.609375,5.398995876312256,0.33745118975639343,0.29840439558029175
True,False,False,False,364,14.559999465942383,0.28259173035621643,18.235816955566406,0.915780246257782,78.609375,5.398995876312256,0.33745118975639343,0.29840439558029175
True,False,False,False,364,14.559999465942383,0.28259173035621643,18.235816955566406,0.915780246257782,78.609375,5.398995876312256,0.33745118975639343,0.29840439558029175
True,False,False,False,364,14.559999465942383,0.2830071449279785,18.235942840576172,0.915773868560791,78.60951232910156,5.399004936218262,0.33745118975639343,0.2984069585800171
True,False,False,False,364,14.559999465942383,0.2830071449279785,18.235942840576172,0.915773868560791,78.60951232910156,5.399004936218262,0.33745118975639343,0.2984069585800171
True,False,False,False,364,14.559999465942383,0.2830071449279785,18.235942840576172,0.915773868560791,78.60951232910156,5.399004936218262,0.33745118975639343,0.2984069585800171
True,False,False,False,364,14.559999465942383,0.2830071449279785,18.235942840576172,0.915773868560791,78.60951232910156,5.399004936218262,0.33745118975639343,0.2984069585800171
True,False,False,False,364,14.559999465942383,0.2830071449279785,18.235942840576172,0.915773868560791,78.60951232910156,5.399004936218262,0.33745118975639343,0.2984069585800171
True,False,False,False,364,14.559999465942383,0.2830071449279785,18.235942840576172,0.915773868560791,78.60951232910156,5.399004936218262,0.33745118975639343,0.2984069585800171
True,False,False,False,364,14.559999465942383,0.2830071449279785,18.235942840576172,0.915773868560791,78.60951232910156,5.399004936218262,0.33745118975639343,0.2984069585800171
True,False,False,False,364,14.559999465942383,0.2830071449279785,18.235942840576172,0.915773868560791,78.60951232910156,5.399004936218262,0.33745118975639343,0.2984069585800171
True,False,False,False,364,14.559999465942383,0.2830071449279785,18.235942840576172,0.915773868560791,78.60951232910156,5.399004936218262,0.33745118975639343,0.2984069585800171
True,False,False,False,364,14.559999465942383,0.2830071449279785,18.235942840576172,0.915773868560791,78.60951232910156,5.399004936218262,0.33745118975639343,0.2984069585800171
True,False,False,False,364,14.559999465942383,0.2830071449279785,18.235942840576172,0.915773868560791,78.60951232910156,5.399004936218262,0.33745118975639343,0.2984069585800171
True,False,False,False,364,14.559999465942383,0.2830071449279785,18.235942840576172,0.915773868560791,78.60951232910156,5.399004936218262,0.33745118975639343,0.2984069585800171
True,False,False,False,364,14.559999465942383,0.28259173035621643,18.235816955566406,0.915780246257782,78.609375,5.398995876312256,0.33745118975639343,0.29840439558029175
True,False,False,False,364,14.559999465942383,0.28259173035621643,18.235816955566406,0.915780246257782,78.609375,5.398995876312256,0.33745118975639343,0.29840439558029175
True,False,False,False,364,14.559999465942383,0.28259173035621643,18.235816955566406,0.915780246257782,78.609375,5.398995876312256,0.33745118975639343,0.29840439558029175
True,False,False,False,364,14.559999465942383,0.28259173035621643,18.235816955566406,0.915780246257782,78.609375,5.398995876312256,0.33745118975639343,0.29840439558029175
True,False,False,False,364,14.559999465942383,0.28259173035621643,18.235816955566406,0.915780246257782,78.609375,5.398995876312256,0.33745118975639343,0.29840439558029175
True,False,False,False,364,14.559999465942383,0.2826608717441559,18.235700607299805,0.91578608751297,78.60936737060547,5.398995399475098,0.33748170733451843,0.2984059154987335
True,False,False,False,364,14.559999465942383,0.2826608717441559,18.235700607299805,0.91578608751297,78.60936737060547,5.398995399475098,0.33748170733451843,0.2984059154987335
True,False,False,False,364,14.559999465942383,0.2827300429344177,18.235692977905273,0.9157864451408386,78.60938262939453,5.398996353149414,0.33746644854545593,0.2984061539173126
True,False,False,False,364,14.559999465942383,0.2827300429344177,18.235692977905273,0.9157864451408386,78.60938262939453,5.398996353149414,0.33746644854545593,0.2984061539173126
True,False,False,False,364,14.559999465942383,0.2826867997646332,18.23569679260254,0.9157862663269043,78.60938262939453,5.398996353149414,0.3374931514263153,0.2984059154987335
True,False,False,False,364,14.559999465942383,0.2826867997646332,18.23569679260254,0.9157862663269043,78.60938262939453,5.398996353149414,0.3374931514263153,0.2984059154987335
True,False,False,False,364,14.559999465942383,0.2827300429344177,18.235692977905273,0.9157864451408386,78.60938262939453,5.398996353149414,0.33746644854545593,0.2984061539173126
True,False,False,False,364,14.559999465942383,0.2827300429344177,18.235692977905273,0.9157864451408386,78.60938262939453,5.398996353149414,0.33746644854545593,0.2984061539173126
True,False,False,False,364,14.559999465942383,0.2826608717441559,18.235700607299805,0.91578608751297,78.60936737060547,5.398995399475098,0.33748170733451843,0.2984059154987335
True,False,False,False,364,14.559999465942383,0.2826608717441559,18.235700607299805,0.91578608751297,78.60936737060547,5.398995399475098,0.33748170733451843,0.2984059154987335
True,False,False,False,364,14.559999465942383,0.28259173035621643,18.235816955566406,0.915780246257782,78.609375,5.398995876312256,0.33745118975639343,0.29840439558029175
True,False,False,False,364,14.559999465942383,0.28259173035621643,18.235816955566406,0.915780246257782,78.609375,5.398995876312256,0.33745118975639343,0.29840439558029175
True,False,False,False,364,14.559999465942383,0.28259173035621643,18.235816955566406,0.915780246257782,78.609375,5.398995876312256,0.33745118975639343,0.29840439558029175
True,False,False,False,364,14.559999465942383,0.28259173035621643,18.235816955566406,0.915780246257782,78.609375,5.398995876312256,0.33745118975639343,0.29840439558029175
True,False,False,False,364,14.559999465942383,0.28259173035621643,18.235816955566406,0.915780246257782,78.609375,5.398995876312256,0.33745118975639343,0.29840439558029175
True,False,False,False,364,14.559999465942383,0.2830071449279785,18.235942840576172,0.915773868560791,78.60951232910156,5.399004936218262,0.33745118975639343,0.2984069585800171
True,False,False,False,364,14.559999465942383,0.2830071449279785,18.235942840576172,0.915773868560791,78.60951232910156,5.399004936218262,0.33745118975639343,0.2984069585800171
True,False,False,False,364,14.559999465942383,0.2830071449279785,18.235942840576172,0.915773868560791,78.60951232910156,5.399004936218262,0.33745118975639343,0.2984069585800171
True,False,False,False,364,14.559999465942383,0.2830071449279785,18.235942840576172,0.915773868560791,78.60951232910156,5.399004936218262,0.33745118975639343,0.2984069585800171
True,False,False,False,364,14.559999465942383,0.2830071449279785,18.235942840576172,0.915773868560791,78.60951232910156,5.399004936218262,0.33745118975639343,0.2984069585800171
True,False,False,False,364,14.559999465942383,0.2830071449279785,18.235942840576172,0.915773868560791,78.60951232910156,5.399004936218262,0.33745118975639343,0.2984069585800171
True,False,False,False,364,14.559999465942383,0.2830071449279785,18.235942840576172,0.915773868560791,78.60951232910156,5.399004936218262,0.33745118975639343,0.2984069585800171
True,False,False,False,364,14.559999465942383,0.2830071449279785,18.235942840576172,0.915773868560791,78.60951232910156,5.399004936218262,0.33745118975639343,0.2984069585800171
True,False,False,False,364,14.559999465942383,0.2830071449279785,18.235942840576172,0.915773868560791,78.60951232910156,5.399004936218262,0.33745118975639343,0.2984069585800171
True,False,False,False,364,14.559999465942383,0.2830071449279785,18.235942840576172,0.915773868560791,78.60951232910156,5.399004936218262,0.33745118975639343,0.2984069585800171
True,False,False,False,364,14.559999465942383,0.2830071449279785,18.235942840576172,0.915773868560791,78.60951232910156,5.399004936218262,0.33745118975639343,0.2984069585800171
True,False,False,False,364,14.559999465942383,0.2830071449279785,18.235942840576172,0.915773868560791,78.60951232910156,5.399004936218262,0.33745118975639343,0.2984069585800171
True,False,False,False,364,14.559999465942383,0.28259173035621643,18.235816955566406,0.915780246257782,78.609375,5.398995876312256,0.33745118975639343,0.29840439558029175
True,False,False,False,364,14.559999465942383,0.28259173035621643,18.235816955566406,0.915780246257782,78.609375,5.398995876312256,0.33745118975639343,0.29840439558029175
True,False,False,False,364,14.559999465942383,0.28259173035621643,18.235816955566406,0.915780246257782,78.609375,5.398995876312256,0.33745118975639343,0.29840439558029175
True,False,False,False,364,14.559999465942383,0.28259173035621643,18.235816955566406,0.915780246257782,78.609375,5.398995876312256,0.33745118975639343,0.29840439558029175
True,False,False,False,364,14.559999465942383,0.28259173035621643,18.235816955566406,0.915780246257782,78.609375,5.398995876312256,0.33745118975639343,0.29840439558029175
True,False,False,False,364,14.559999465942383,0.2826608717441559,18.235700607299805,0.91578608751297,78.60936737060547,5.398995399475098,0.33748170733451843,0.2984059154987335
True,False,False,False,364,14.559999465942383,0.2826608717441559,18.235700607299805,0.91578608751297,78.60936737060547,5.398995399475098,0.33748170733451843,0.2984059154987335
True,False,False,False,364,14.559999465942383,0.2827300429344177,18.235692977905273,0.9157864451408386,78.60938262939453,5.398996353149414,0.33746644854545593,0.2984061539173126
True,False,False,False,364,14.559999465942383,0.2827300429344177,18.235692977905273,0.9157864451408386,78.60938262939453,5.398996353149414,0.33746644854545593,0.2984061539173126
True,False,False,False,364,14.559999465942383,0.2826867997646332,18.23569679260254,0.9157862663269043,78.60938262939453,5.398996353149414,0.3374931514263153,0.2984059154987335
True,False,False,False,364,14.559999465942383,0.2826867997646332,18.23569679260254,0.9157862663269043,78.60938262939453,5.398996353149414,0.3374931514263153,0.2984059154987335
True,False,False,False,364,14.559999465942383,0.2827300429344177,18.235692977905273,0.9157864451408386,78.60938262939453,5.398996353149414,0.33746644854545593,0.2984061539173126
True,False,False,False,364,14.559999465942383,0.2827300429344177,18.235692977905273,0.9157864451408386,78.60938262939453,5.398996353149414,0.33746644854545593,0.2984061539173126
True,False,False,False,364,14.559999465942383,0.2826608717441559,18.235700607299805,0.91578608751297,78.60936737060547,5.398995399475098,0.33748170733451843,0.2984059154987335
True,False,False,False,364,14.559999465942383,0.2826608717441559,18.235700607299805,0.91578608751297,78.60936737060547,5.398995399475098,0.33748170733451843,0.2984059154987335
True,False,False,False,364,14.559999465942383,0.28259173035621643,18.235816955566406,0.915780246257782,78.609375,5.398995876312256,0.33745118975639343,0.29840439558029175
True,False,False,False,364,14.559999465942383,0.28259173035621643,18.235816955566406,0.915780246257782,78.609375,5.398995876312256,0.33745118975639343,0.29840439558029175
True,False,False,False,364,14.559999465942383,0.28259173035621643,18.235816955566406,0.915780246257782,78.609375,5.398995876312256,0.33745118975639343,0.29840439558029175
True,False,False,False,364,14.559999465942383,0.28259173035621643,18.235816955566406,0.915780246257782,78.609375,5.398995876312256,0.33745118975639343,0.29840439558029175
True,False,False,False,364,14.559999465942383,0.28259173035621643,18.235816955566406,0.915780246257782,78.609375,5.398995876312256,0.33745118975639343,0.29840439558029175
True,False,False,False,364,14.559999465942383,0.2830071449279785,18.235942840576172,0.915773868560791,78.60951232910156,5.399004936218262,0.33745118975639343,0.2984069585800171
True,False,False,False,364,14.559999465942383,0.2830071449279785,18.235942840576172,0.915773868560791,78.60951232910156,5.399004936218262,0.33745118975639343,0.2984069585800171
True,False,False,False,364,14.559999465942383,0.2830071449279785,18.235942840576172,0.915773868560791,78.60951232910156,5.399004936218262,0.33745118975639343,0.2984069585800171
True,False,False,False,364,14.559999465942383,0.2830071449279785,18.235942840576172,0.915773868560791,78.60951232910156,5.399004936218262,0.33745118975639343,0.2984069585800171
True,False,False,False,364,14.559999465942383,0.2830071449279785,18.235942840576172,0.915773868560791,78.60951232910156,5.399004936218262,0.33745118975639343,0.2984069585800171
True,False,False,False,364,14.559999465942383,0.2830071449279785,18.235942840576172,0.915773868560791,78.60951232910156,5.399004936218262,0.33745118975639343,0.2984069585800171
True,False,False,False,364,14.559999465942383,0.2830071449279785,18.235942840576172,0.915773868560791,78.60951232910156,5.399004936218262,0.33745118975639343,0.2984069585800171
True,False,False,False,364,14.559999465942383,0.2830071449279785,18.235942840576172,0.915773868560791,78.60951232910156,5.399004936218262,0.33745118975639343,0.2984069585800171
True,False,False,False,364,14.559999465942383,0.2830071449279785,18.235942840576172,0.915773868560791,78.60951232910156,5.399004936218262,0.33745118975639343,0.2984069585800171
True,False,False,False,364,14.559999465942383,0.2830071449279785,18.235942840576172,0.915773868560791,78.60951232910156,5.399004936218262,0.33745118975639343,0.2984069585800171
True,False,False,False,364,14.559999465942383,0.2830071449279785,18.235942840576172,0.915773868560791,78.60951232910156,5.399004936218262,0.33745118975639343,0.2984069585800171
True,False,False,False,364,14.559999465942383,0.2830071449279785,18.235942840576172,0.915773868560791,78.60951232910156,5.399004936218262,0.33745118975639343,0.2984069585800171
True,False,False,False,364,14.559999465942383,0.28259173035621643,18.235816955566406,0.915780246257782,78.609375,5.398995876312256,0.33745118975639343,0.29840439558029175
True,False,False,False,364,14.559999465942383,0.28259173035621643,18.235816955566406,0.915780246257782,78.609375,5.398995876312256,0.33745118975639343,0.29840439558029175
True,False,False,False,364,14.559999465942383,0.28259173035621643,18.235816955566406,0.915780246257782,78.609375,5.398995876312256,0.33745118975639343,0.29840439558029175
True,False,False,False,364,14.559999465942383,0.28259173035621643,18.235816955566406,0.915780246257782,78.609375,5.398995876312256,0.33745118975639343,0.29840439558029175
True,False,False,False,364,14.559999465942383,0.28259173035621643,18.235816955566406,0.915780246257782,78.609375,5.398995876312256,0.33745118975639343,0.29840439558029175
True,False,False,False,364,14.559999465942383,0.2826608717441559,18.235700607299805,0.91578608751297,78.60936737060547,5.398995399475098,0.33748170733451843,0.2984059154987335
True,False,False,False,364,14.559999465942383,0.2826608717441559,18.235700607299805,0.91578608751297,78.60936737060547,5.398995399475098,0.33748170733451843,0.2984059154987335
True,False,False,False,364,14.559999465942383,0.2827300429344177,18.235692977905273,0.9157864451408386,78.60938262939453,5.398996353149414,0.33746644854545593,0.2984061539173126
True,False,False,False,364,14.559999465942383,0.2827300429344177,18.235692977905273,0.9157864451408386,78.60938262939453,5.398996353149414,0.33746644854545593,0.2984061539173126
True,False,False,False,364,14.559999465942383,0.2826867997646332,18.23569679260254,0.9157862663269043,78.60938262939453,5.398996353149414,0.3374931514263153,0.2984059154987335
True,False,False,False,364,14.559999465942383,0.2826867997646332,18.23569679260254,0.9157862663269043,78.60938262939453,5.398996353149414,0.3374931514263153,0.2984059154987335
True,False,False,False,364,14.559999465942383,0.2827300429344177,18.235692977905273,0.9157864451408386,78.60938262939453,5.398996353149414,0.33746644854545593,0.2984061539173126
True,False,False,False,364,14.559999465942383,0.2827300429344177,18.235692977905273,0.9157864451408386,78.60938262939453,5.398996353149414,0.33746644854545593,0.2984061539173126
True,False,False,False,364,14.559999465942383,0.2826608717441559,18.235700607299805,0.91578608751297,78.60936737060547,5.398995399475098,0.33748170733451843,0.2984059154987335
True,False,False,False,364,14.559999465942383,0.2826608717441559,18.235700607299805,0.91578608751297,78.60936737060547,5.398995399475098,0.33748170733451843,0.2984059154987335
True,False,False,False,364,14.559999465942383,0.28259173035621643,18.235816955566406,0.915780246257782,78.609375,5.398995876312256,0.33745118975639343,0.29840439558029175
True,False,False,False,364,14.559999465942383,0.28259173035621643,18.235816955566406,0.915780246257782,78.609375,5.398995876312256,0.33745118975639343,0.29840439558029175
True,False,False,False,364,14.559999465942383,0.28259173035621643,18.235816955566406,0.915780246257782,78.609375,5.398995876312256,0.33745118975639343,0.29840439558029175
True,False,False,False,364,14.559999465942383,0.28259173035621643,18.235816955566406,0.915780246257782,78.609375,5.398995876312256,0.33745118975639343,0.29840439558029175
True,False,False,False,364,14.559999465942383,0.28259173035621643,18.235816955566406,0.915780246257782,78.609375,5.398995876312256,0.33745118975639343,0.29840439558029175
True,False,False,False,364,14.559999465942383,0.2830071449279785,18.235942840576172,0.915773868560791,78.60951232910156,5.399004936218262,0.33745118975639343,0.2984069585800171
True,False,False,False,364,14.559999465942383,0.2830071449279785,18.235942840576172,0.915773868560791,78.60951232910156,5.399004936218262,0.33745118975639343,0.2984069585800171
True,False,False,False,364,14.559999465942383,0.2830071449279785,18.235942840576172,0.915773868560791,78.60951232910156,5.399004936218262,0.33745118975639343,0.2984069585800171
True,False,False,False,364,14.559999465942383,0.2830071449279785,18.235942840576172,0.915773868560791,78.60951232910156,5.399004936218262,0.33745118975639343,0.2984069585800171
True,False,False,False,364,14.559999465942383,0.2830071449279785,18.235942840576172,0.915773868560791,78.60951232910156,5.399004936218262,0.33745118975639343,0.2984069585800171
True,False,False,False,364,14.559999465942383,0.2830071449279785,18.235942840576172,0.915773868560791,78.60951232910156,5.399004936218262,0.33745118975639343,0.2984069585800171
