goal_reached,collision,out_of_bounds,time_out,episode_steps,duration_s,final_distance_to_goal_m,path_length_m,trajectory_efficiency,command_variation_mps,command_variation_rate_mps2,min_clearance_m,mean_residual_mps
True,False,False,False,406,16.239999771118164,0.27551552653312683,19.597694396972656,0.8607754111289978,134.549560546875,8.28507137298584,0.3359929621219635,0.0
True,False,False,False,407,16.279998779296875,0.29889294505119324,19.651321411132812,0.8459643125534058,142.4263458251953,8.748547554016113,0.44044801592826843,0.0
True,False,False,False,408,16.31999969482422,0.28995293378829956,19.35611343383789,0.8541374802589417,139.68130493164062,8.558903694152832,0.339001327753067,0.0
True,False,False,False,408,16.31999969482422,0.28140220046043396,19.656936645507812,0.8557280898094177,137.8729248046875,8.44809627532959,0.43333742022514343,0.0
True,False,False,False,412,16.479999542236328,0.28497299551963806,19.639259338378906,0.854766845703125,143.0047607421875,8.677474021911621,0.3422500789165497,0.0
True,False,False,False,414,16.559999465942383,0.26857098937034607,19.392919540405273,0.8494700193405151,142.9591064453125,8.632796287536621,0.33302614092826843,0.0
True,False,False,False,416,16.639999389648438,0.2815161645412445,19.550756454467773,0.848220705986023,145.502197265625,8.744122505187988,0.33391115069389343,0.0
True,False,False,False,416,16.639999389648438,0.29501253366470337,19.44236946105957,0.8601727485656738,142.9591064453125,8.591292381286621,0.33360597491264343,0.0
True,False,False,False,416,16.639999389648438,0.29071474075317383,19.61925506591797,0.8446527123451233,147.10858154296875,8.840660095214844,0.34634652733802795,0.0
True,False,False,False,416,16.639999389648438,0.2872106432914734,19.666484832763672,0.8433316349983215,141.3983154296875,8.497495651245117,0.43378809094429016,0.0
True,False,False,False,418,16.719999313354492,0.2914811968803406,19.311857223510742,0.8527588248252869,145.502197265625,8.702284812927246,0.33464357256889343,0.0
True,False,False,False,418,16.719999313354492,0.2904094159603119,19.55446434020996,0.8475971817970276,144.72190856933594,8.655616760253906,0.33345338702201843,0.0
True,False,False,False,419,16.760000228881836,0.265273779630661,19.847490310668945,0.8473467826843262,147.84329223632812,8.821198463439941,0.33327028155326843,0.0
True,False,False,False,421,16.84000015258789,0.2526167035102844,20.46779441833496,0.810858428478241,177.71168518066406,10.552949905395508,0.33311769366264343,0.0
True,False,False,False,422,16.8799991607666,0.2806590497493744,19.897459030151367,0.8274985551834106,162.4015350341797,9.620944023132324,0.33415529131889343,0.0
True,False,False,False,425,17.0,0.27959609031677246,19.925527572631836,0.8256940841674805,149.85357666015625,8.814916610717773,0.33281251788139343,0.0
True,False,False,False,425,17.0,0.27255481481552124,19.891944885253906,0.8360273241996765,157.32652282714844,9.254501342773438,0.3321993052959442,0.0
True,False,False,False,425,17.0,0.2728290855884552,19.664155960083008,0.8480780124664307,148.24609375,8.720358848571777,0.33748170733451843,0.0
True,False,False,False,425,17.0,0.2620782256126404,19.8994197845459,0.839989185333252,140.79110717773438,8.281829833984375,0.43329736590385437,0.0
True,False,False,False,426,17.03999900817871,0.25940030813217163,20.029762268066406,0.8423740267753601,145.4871063232422,8.537976264953613,0.43719789385795593,0.0
True,False,False,False,426,17.03999900817871,0.27966639399528503,19.92094612121582,0.838860273361206,145.50209045410156,8.53885555267334,0.43254396319389343,0.0
True,False,False,False,426,17.03999900817871,0.2970857620239258,19.968093872070312,0.8389394283294678,153.95745849609375,9.035062789916992,0.33798906207084656,0.0
True,False,False,False,426,17.03999900817871,0.28811049461364746,19.554412841796875,0.8471466302871704,145.50209045410156,8.53885555267334,0.43806764483451843,0.0
True,False,False,False,428,17.119998931884766,0.29869434237480164,19.878860473632812,0.8377653360366821,148.82557678222656,8.693083763122559,0.3345072567462921,0.0
True,False,False,False,428,17.119998931884766,0.2848539650440216,20.17068099975586,0.840605616569519,151.93199157714844,8.874532699584961,0.43513795733451843,0.0
True,False,False,False,428,17.119998931884766,0.28728625178337097,19.440502166748047,0.8521252274513245,150.38636779785156,8.78425121307373,0.33604738116264343,0.0
True,False,False,False,430,17.19999885559082,0.2758124768733978,19.90888214111328,0.8476057052612305,147.84310913085938,8.59553050994873,0.4370710551738739,0.0
True,False,False,False,430,17.19999885559082,0.2815149128437042,19.663928985595703,0.8449482321739197,150.3862762451172,8.743389129638672,0.4339848458766937,0.0
True,False,False,False,430,17.19999885559082,0.28308066725730896,20.114774703979492,0.8209863901138306,170.96316528320312,9.939719200134277,0.43588563799858093,0.0
True,False,False,False,432,17.279998779296875,0.2606862187385559,19.981826782226562,0.8448101282119751,155.51821899414062,8.999897956848145,0.33275702595710754,0.0
True,False,False,False,432,17.279998779296875,0.29602694511413574,19.687374114990234,0.8569479584693909,149.6060028076172,8.657755851745605,0.33455201983451843,0.0
True,False,False,False,432,17.279998779296875,0.28197336196899414,19.685409545898438,0.8408790826797485,151.16671752929688,8.748074531555176,0.33455201983451843,0.0
True,False,False,False,432,17.279998779296875,0.2741621136665344,20.398494720458984,0.8195127844810486,166.50257873535156,9.635566711425781,0.43397828936576843,0.0
True,False,False,False,433,17.31999969482422,0.29979750514030457,19.459035873413086,0.8499724268913269,156.83123779296875,9.05492115020752,0.33378908038139343,0.0
True,False,False,False,433,17.31999969482422,0.26734891533851624,19.715007781982422,0.8531025648117065,145.8923797607422,8.423347473144531,0.33479616045951843,0.0
True,False,False,False,433,17.31999969482422,0.28955841064453125,19.472658157348633,0.8523024320602417,148.82554626464844,8.59269905090332,0.4358627498149872,0.0
True,False,False,False,434,17.35999870300293,0.26917019486427307,20.109407424926758,0.8335798382759094,150.3712615966797,8.66193962097168,0.43742677569389343,0.0
True,False,False,False,435,17.399999618530273,0.27054208517074585,19.90354347229004,0.8520475029945374,142.1786651611328,8.171187400817871,0.43535158038139343,0.0
True,False,False,False,435,17.399999618530273,0.2742193937301636,20.41841697692871,0.828702986240387,146.53018188476562,8.42127513885498,0.335356742143631,0.0
True,False,False,False,435,17.399999618530273,0.2573205232620239,19.588993072509766,0.8602702617645264,146.2825469970703,8.40704345703125,0.33562013506889343,0.0
True,False,False,False,435,17.399999618530273,0.2959733009338379,19.987720489501953,0.8305754661560059,152.9143524169922,8.78818130493164,0.43735048174858093,0.0
True,False,False,False,436,17.440000534057617,0.2664676308631897,19.719091415405273,0.8561204671859741,148.01268005371094,8.48696517944336,0.4337112605571747,0.0
True,False,False,False,436,17.440000534057617,0.2773883640766144,20.056455612182617,0.840216875076294,150.38636779785156,8.623071670532227,0.33580324053764343,0.0
True,False,False,False,436,17.440000534057617,0.25768762826919556,19.586605072021484,0.8622891306877136,153.29083251953125,8.78961181640625,0.33764955401420593,0.0
True,False,False,False,436,17.440000534057617,0.2939739525318146,20.06842803955078,0.8309801816940308,155.9286346435547,8.940861701965332,0.34031984210014343,0.0
True,False,False,False,436,17.440000534057617,0.25742772221565247,20.002899169921875,0.8398728966712952,150.63400268554688,8.6372709274292,0.33632203936576843,0.0
True,False,False,False,436,17.440000534057617,0.2782049775123596,19.732311248779297,0.8440871238708496,156.25289916992188,8.959454536437988,0.33494874835014343,0.0
True,False,False,False,437,17.479999542236328,0.262777715921402,19.83582878112793,0.832135021686554,151.3687286376953,8.659538269042969,0.3349621593952179,0.0
True,False,False,False,437,17.479999542236328,0.2738761603832245,19.91758155822754,0.8413814306259155,153.74046325683594,8.795221328735352,0.34187623858451843,0.0
True,False,False,False,438,17.520000457763672,0.2878054082393646,20.047828674316406,0.8227901458740234,163.7257843017578,9.345078468322754,0.33408281207084656,0.0
True,False,False,False,438,17.520000457763672,0.26671102643013,19.600690841674805,0.8601273894309998,155.30126953125,8.864227294921875,0.33642885088920593,0.0
True,False,False,False,438,17.520000457763672,0.256994366645813,20.1189022064209,0.8250760436058044,181.29287719726562,10.347766876220703,0.3303944170475006,0.0
True,False,False,False,438,17.520000457763672,0.2830080986022949,19.80497932434082,0.8381518721580505,151.4141845703125,8.642361640930176,0.43345949053764343,0.0
True,False,False,False,438,17.520000457763672,0.2824086546897888,19.50250816345215,0.8453152179718018,157.0788116455078,8.96568489074707,0.4340127408504486,0.0
True,False,False,False,439,17.559999465942383,0.25876739621162415,19.804574966430664,0.8420731425285339,151.94715881347656,8.653027534484863,0.33406373858451843,0.0
True,False,False,False,439,17.559999465942383,0.27697446942329407,19.91082000732422,0.8303857445716858,153.75537109375,8.756000518798828,0.43101808428764343,0.0
True,False,False,False,439,17.559999465942383,0.27964773774147034,19.325700759887695,0.8579242825508118,152.9295196533203,8.70897102355957,0.3350822627544403,0.0
True,False,False,False,439,17.559999465942383,0.273997038602829,19.82712173461914,0.8329852223396301,163.7257537841797,9.323790550231934,0.33195802569389343,0.0
True,False,False,False,439,17.559999465942383,0.29079774022102356,20.054677963256836,0.8304111957550049,155.4726104736328,8.853793144226074,0.3323356807231903,0.0
True,False,False,False,440,17.600000381469727,0.2964085340499878,20.204748153686523,0.8359109163284302,149.5909881591797,8.49948787689209,0.43315431475639343,0.0
True,False,False,False,440,17.600000381469727,0.28589436411857605,19.74543571472168,0.8413700461387634,150.37144470214844,8.543831825256348,0.33690187335014343,0.0
True,False,False,False,440,17.600000381469727,0.2845129072666168,19.992389678955078,0.8322741389274597,167.82958984375,9.535772323608398,0.33137819170951843,0.0
True,False,False,False,440,17.600000381469727,0.26757505536079407,19.842744827270508,0.8306243419647217,154.47512817382812,8.776995658874512,0.33487245440483093,0.0
True,False,False,False,440,17.600000381469727,0.2967429757118225,19.96150016784668,0.8481447100639343,156.05091857910156,8.86652946472168,0.33482667803764343,0.0
True,False,False,False,440,17.600000381469727,0.2618604600429535,19.659423828125,0.8574760556221008,148.62371826171875,8.44452953338623,0.33644697070121765,0.0
True,False,False,False,441,17.639999389648438,0.2627805769443512,19.782455444335938,0.839870274066925,151.36871337890625,8.580992698669434,0.33543702960014343,0.0
True,False,False,False,441,17.639999389648438,0.2733486294746399,19.82020378112793,0.8362664580345154,160.35671997070312,9.090517044067383,0.33827516436576843,0.0
True,False,False,False,441,17.639999389648438,0.27878352999687195,19.67522430419922,0.8369110822677612,161.19224548339844,9.137883186340332,0.33600160479545593,0.0
True,False,False,False,441,17.639999389648438,0.2932407855987549,19.930768966674805,0.8474857807159424,148.04527282714844,8.392589569091797,0.33392640948295593,0.0
True,False,False,False,441,17.639999389648438,0.2938030958175659,19.97007179260254,0.8324906826019287,158.41957092285156,8.980701446533203,0.33482107520103455,0.0
True,False,False,False,442,17.68000030517578,0.27757781744003296,19.65919303894043,0.8413872718811035,158.3929901123047,8.958879470825195,0.33461305499076843,0.0
True,False,False,False,442,17.68000030517578,0.2755313813686371,19.57926368713379,0.8452751040458679,153.47776794433594,8.680869102478027,0.33507081866264343,0.0
True,False,False,False,442,17.68000030517578,0.2918897569179535,19.43474006652832,0.8477441668510437,155.47251892089844,8.793694496154785,0.3375808894634247,0.0
True,False,False,False,442,17.68000030517578,0.2880561351776123,20.427661895751953,0.8189807534217834,170.00735473632812,9.615800857543945,0.43195459246635437,0.0
True,False,False,False,442,17.68000030517578,0.26333069801330566,20.05720329284668,0.8322925567626953,151.3687286376953,8.561579704284668,0.33552858233451843,0.0
True,False,False,False,442,17.68000030517578,0.28417858481407166,20.272327423095703,0.8257085680961609,177.28443908691406,10.027400016784668,0.33327028155326843,0.0
True,False,False,False,443,17.719999313354492,0.2942853569984436,20.988117218017578,0.8031384944915771,178.9737548828125,10.100099563598633,0.3344070613384247,0.0
True,False,False,False,443,17.719999313354492,0.279148668050766,20.629819869995117,0.817587673664093,171.16122436523438,9.659212112426758,0.43617555499076843,0.0
True,False,False,False,443,17.719999313354492,0.28013306856155396,19.691312789916992,0.8569301962852478,152.14915466308594,8.586296081542969,0.33545228838920593,0.0
True,False,False,False,443,17.719999313354492,0.2764299809932709,19.838268280029297,0.837276816368103,154.4900665283203,8.718400955200195,0.43173620104789734,0.0
True,False,False,False,444,17.760000228881836,0.2685251533985138,19.92477798461914,0.8302024602890015,154.73782348632812,8.712715148925781,0.33510133624076843,0.0
True,False,False,False,444,17.760000228881836,0.27552440762519836,20.09174156188965,0.8210723400115967,159.2137451171875,8.964737892150879,0.33380433917045593,0.0
True,False,False,False,444,17.760000228881836,0.2963416278362274,19.87738037109375,0.8356581330299377,151.3687286376953,8.523014068603516,0.3347969949245453,0.0
True,False,False,False,445,17.799999237060547,0.28009292483329773,19.688751220703125,0.8360951542854309,159.16737365722656,8.941987991333008,0.3351242244243622,0.0
True,False,False,False,445,17.799999237060547,0.26886308193206787,20.12001609802246,0.822466254234314,162.1650848388672,9.110398292541504,0.33360597491264343,0.0
True,False,False,False,445,17.799999237060547,0.2975812256336212,20.06764030456543,0.8308126330375671,161.13694763183594,9.052638053894043,0.43446657061576843,0.0
True,False,False,False,446,17.84000015258789,0.2586492896080017,19.62497901916504,0.8498817086219788,157.98301696777344,8.855549812316895,0.43184134364128113,0.0
True,False,False,False,446,17.84000015258789,0.2764861285686493,19.89388656616211,0.8326442241668701,156.8313446044922,8.790994644165039,0.34144899249076843,0.0
True,False,False,False,446,17.84000015258789,0.2944818437099457,19.67844009399414,0.8369526863098145,157.6254425048828,8.835506439208984,0.33583375811576843,0.0
True,False,False,False,447,17.8799991607666,0.26077792048454285,20.114437103271484,0.8408083319664001,149.59095764160156,8.366385459899902,0.43916627764701843,0.0
True,False,False,False,447,17.8799991607666,0.2715437710285187,20.26845359802246,0.8299200534820557,166.02113342285156,9.285298347473145,0.4390823543071747,0.0
True,False,False,False,448,17.920000076293945,0.28608831763267517,20.274307250976562,0.8325850367546082,152.13400268554688,8.489620208740234,0.4366163909435272,0.0
True,False,False,False,448,17.920000076293945,0.28647375106811523,20.345748901367188,0.8281163573265076,167.82958984375,9.365490913391113,0.3337539732456207,0.0
True,False,False,False,448,17.920000076293945,0.2815472185611725,20.00650978088379,0.8314821124076843,155.4725341796875,8.675922393798828,0.33264848589897156,0.0
True,False,False,False,449,17.959999084472656,0.2612030804157257,20.309738159179688,0.8307198286056519,154.97438049316406,8.628863334655762,0.33314821124076843,0.0
True,False,False,False,449,17.959999084472656,0.2644674777984619,20.28252601623535,0.834943413734436,151.3687286376953,8.42810344696045,0.33386537432670593,0.0
True,False,False,False,449,17.959999084472656,0.2843361794948578,19.95301055908203,0.8440256714820862,152.1490936279297,8.471553802490234,0.33394166827201843,0.0
True,False,False,False,449,17.959999084472656,0.29783061146736145,20.18021583557129,0.8267602324485779,157.01817321777344,8.742660522460938,0.438463419675827,0.0
True,False,False,False,449,17.959999084472656,0.29369014501571655,20.24839973449707,0.816605269908905,168.2017364501953,9.36535358428955,0.33256837725639343,0.0
True,False,False,False,450,18.0,0.26758942008018494,20.09891700744629,0.8270977735519409,156.4854278564453,8.693634986877441,0.43740639090538025,0.0
True,False,False,False,450,18.0,0.2741125226020813,20.214670181274414,0.8366976380348206,159.57635498046875,8.865352630615234,0.33482667803764343,0.0
True,False,False,False,450,18.0,0.2892778515815735,19.919769287109375,0.8308926224708557,164.07220458984375,9.11512279510498,0.33763429522514343,0.0
True,False,False,False,450,18.0,0.27707672119140625,20.199735641479492,0.8287530541419983,151.36862182617188,8.409367561340332,0.43446382880210876,0.0
True,False,False,False,450,18.0,0.2604371905326843,19.49050521850586,0.8476250171661377,158.73348999023438,8.818527221679688,0.33607789874076843,0.0
True,False,False,False,450,18.0,0.29107430577278137,20.03961944580078,0.8457313179969788,152.39666748046875,8.46648120880127,0.33653566241264343,0.0
True,False,False,False,450,18.0,0.28122448921203613,20.08578109741211,0.8392202258110046,157.28097534179688,8.737832069396973,0.33461305499076843,0.0
True,False,False,False,451,18.03999900817871,0.28201064467430115,20.126726150512695,0.8350317478179932,158.79605102539062,8.80244255065918,0.33619996905326843,0.0
True,False,False,False,451,18.03999900817871,0.2931252121925354,20.007156372070312,0.8322128057479858,156.23780822753906,8.660633087158203,0.4362642467021942,0.0
True,False,False,False,451,18.03999900817871,0.29165899753570557,19.736339569091797,0.8417145609855652,160.35671997070312,8.888954162597656,0.3348707854747772,0.0
True,False,False,False,451,18.03999900817871,0.29855668544769287,19.099262237548828,0.8621433973312378,159.5763397216797,8.845695495605469,0.3368065059185028,0.0
True,False,False,False,451,18.03999900817871,0.2724803388118744,19.508434295654297,0.8469323515892029,157.81369018554688,8.747987747192383,0.33507081866264343,0.0
True,False,False,False,452,18.079999923706055,0.27825918793678284,20.74302864074707,0.7948194146156311,193.12562561035156,10.681727409362793,0.43728944659233093,0.0
True,False,False,False,452,18.079999923706055,0.29247742891311646,20.190750122070312,0.8171659111976624,162.16505432128906,8.969305992126465,0.33643099665641785,0.0
True,False,False,False,452,18.079999923706055,0.2723281681537628,20.670612335205078,0.8034440875053406,173.35133361816406,9.588016510009766,0.43554577231407166,0.0
True,False,False,False,452,18.079999923706055,0.2865692973136902,21.16755485534668,0.7981311678886414,173.1531982421875,9.577057838439941,0.3371221721172333,0.0
True,False,False,False,453,18.119998931884766,0.27422377467155457,20.533964157104492,0.8242071270942688,183.7179412841797,10.138959884643555,0.43912050127983093,0.0
True,False,False,False,453,18.119998931884766,0.2978919446468353,20.836668014526367,0.7967127561569214,179.41845703125,9.901681900024414,0.43342897295951843,0.0
True,False,False,False,453,18.119998931884766,0.27383628487586975,20.23345184326172,0.8284971714019775,162.16505432128906,8.949506759643555,0.3367336690425873,0.0
True,False,False,False,453,18.119998931884766,0.2885349988937378,19.704986572265625,0.841387152671814,177.3502960205078,9.787544250488281,0.3332931697368622,0.0
True,False,False,False,454,18.15999984741211,0.27326154708862305,19.850799560546875,0.8314515352249146,157.03326416015625,8.64720630645752,0.33595582842826843,0.0
True,False,False,False,454,18.15999984741211,0.2644559442996979,19.989116668701172,0.8312447667121887,162.11941528320312,8.92728042602539,0.33449098467826843,0.0
True,False,False,False,454,18.15999984741211,0.2654564678668976,19.88933563232422,0.8302066326141357,168.20167541503906,9.26220703125,0.33488771319389343,0.0
True,False,False,False,454,18.15999984741211,0.2685842514038086,19.883678436279297,0.84001225233078,156.0508575439453,8.593109130859375,0.33940431475639343,0.0
True,False,False,False,454,18.15999984741211,0.2682439386844635,19.54197883605957,0.8479979634284973,165.24087524414062,9.099166870117188,0.33355483412742615,0.0
True,False,False,False,454,18.15999984741211,0.2927475869655609,20.73305320739746,0.8161601424217224,179.61509704589844,9.89069938659668,0.43535158038139343,0.0
True,False,False,False,455,18.19999885559082,0.2645242214202881,20.231576919555664,0.8331483006477356,161.6213836669922,8.88029670715332,0.33372804522514343,0.0
True,False,False,False,455,18.19999885559082,0.28769591450691223,20.14923095703125,0.8393083810806274,158.01568603515625,8.682181358337402,0.33763620257377625,0.0
True,False,False,False,455,18.19999885559082,0.2971954643726349,19.739885330200195,0.8429452776908875,160.35670471191406,8.810808181762695,0.33705446124076843,0.0
True,False,False,False,455,18.19999885559082,0.27081120014190674,19.89781951904297,0.8440096378326416,157.85928344726562,8.673587799072266,0.34166452288627625,0.0
True,False,False,False,455,18.19999885559082,0.26221880316734314,20.34114646911621,0.8241605162620544,161.12196350097656,8.852855682373047,0.43266603350639343,0.0
True,False,False,False,455,18.19999885559082,0.2988426983356476,20.426517486572266,0.8249216675758362,162.11941528320312,8.907660484313965,0.33482667803764343,0.0
True,False,False,False,456,18.239999771118164,0.28591296076774597,19.53133201599121,0.8459725975990295,158.59400939941406,8.694847106933594,0.33558961749076843,0.0
True,False,False,False,456,18.239999771118164,0.2622581422328949,20.545198440551758,0.8219253420829773,166.80148315429688,9.144818305969238,0.4380333125591278,0.0
True,False,False,False,456,18.239999771118164,0.292536199092865,19.926132202148438,0.8437868356704712,163.89938354492188,8.985712051391602,0.3331863582134247,0.0
True,False,False,False,456,18.239999771118164,0.29282283782958984,20.26012420654297,0.8148875832557678,181.714599609375,9.962423324584961,0.33200380206108093,0.0
True,False,False,False,456,18.239999771118164,0.27741122245788574,19.997661590576172,0.8261065483093262,159.82388305664062,8.762274742126465,0.43794557452201843,0.0
True,False,False,False,456,18.239999771118164,0.27808859944343567,19.741640090942383,0.8416013121604919,162.69786071777344,8.919838905334473,0.33484193682670593,0.0
True,False,False,False,456,18.239999771118164,0.27060332894325256,19.938383102416992,0.8342783451080322,158.06117248535156,8.665634155273438,0.4332687556743622,0.0
True,False,False,False,456,18.239999771118164,0.2748802900314331,19.927879333496094,0.8472251892089844,152.1490936279297,8.341506958007812,0.33403322100639343,0.0
True,False,False,False,457,18.279998779296875,0.27321407198905945,19.894914627075195,0.8317490816116333,162.40158081054688,8.884113311767578,0.3355390727519989,0.0
True,False,False,False,458,18.31999969482422,0.2592245638370514,19.639806747436523,0.8412190675735474,162.1194305419922,8.849313735961914,0.33433839678764343,0.0
True,False,False,False,458,18.31999969482422,0.29226788878440857,20.644386291503906,0.8200862407684326,167.04917907714844,9.11840534210205,0.4339086711406708,0.0
True,False,False,False,458,18.31999969482422,0.25976938009262085,19.99044418334961,0.8314927816390991,158.79595947265625,8.667901992797852,0.33323976397514343,0.0
True,False,False,False,458,18.31999969482422,0.2713056802749634,20.576133728027344,0.8107760548591614,190.8242950439453,10.416173934936523,0.33354493975639343,0.0
True,False,False,False,458,18.31999969482422,0.2676229178905487,20.255409240722656,0.8364335894584656,163.7257080078125,8.936992645263672,0.43269655108451843,0.0
True,False,False,False,458,18.31999969482422,0.28612005710601807,20.271818161010742,0.8355188965797424,154.6921844482422,8.443896293640137,0.33487245440483093,0.0
True,False,False,False,458,18.31999969482422,0.275981605052948,19.582849502563477,0.8421716690063477,156.25289916992188,8.529088973999023,0.33619996905326843,0.0
True,False,False,False,458,18.31999969482422,0.277980238199234,20.404878616333008,0.8272091746330261,155.47247314453125,8.486489295959473,0.33413419127464294,0.0
True,False,False,False,458,18.31999969482422,0.2806607484817505,20.17080307006836,0.8309952020645142,158.01560974121094,8.625306129455566,0.33462831377983093,0.0
True,False,False,False,458,18.31999969482422,0.26031461358070374,20.492145538330078,0.8244158029556274,164.47616577148438,8.977956771850586,0.34027406573295593,0.0
True,False,False,False,458,18.31999969482422,0.2851399779319763,20.00823211669922,0.8284636735916138,166.2232208251953,9.073320388793945,0.33328554034233093,0.0
True,False,False,False,458,18.31999969482422,0.2768886685371399,20.075153350830078,0.838581383228302,151.3687286376953,8.26248550415039,0.33339235186576843,0.0
True,False,False,False,458,18.31999969482422,0.2695038318634033,20.223405838012695,0.8210508227348328,163.61013793945312,8.930684089660645,0.43315431475639343,0.0
True,False,False,False,458,18.31999969482422,0.26272231340408325,20.533855438232422,0.8245075345039368,183.66624450683594,10.025449752807617,0.33455201983451843,0.0
True,False,False,False,459,18.35999870300293,0.27326467633247375,20.217411041259766,0.8375540971755981,156.25289916992188,8.510506629943848,0.3337356746196747,0.0
True,False,False,False,459,18.35999870300293,0.29586267471313477,20.04922866821289,0.8306782841682434,162.11941528320312,8.830034255981445,0.33583375811576843,0.0
True,False,False,False,459,18.35999870300293,0.2666529417037964,20.123727798461914,0.82416832447052,165.7361602783203,9.027024269104004,0.33318349719047546,0.0
True,False,False,False,460,18.399999618530273,0.29223474860191345,20.303892135620117,0.8260020017623901,155.47254943847656,8.44959545135498,0.335039347410202,0.0
True,False,False,False,460,18.399999618530273,0.2883315980434418,20.53264045715332,0.8257379531860352,170.57037353515625,9.270129203796387,0.43690797686576843,0.0
True,False,False,False,460,18.399999618530273,0.2717803418636322,19.8952693939209,0.8335689902305603,162.89971923828125,8.853245735168457,0.33601686358451843,0.0
True,False,False,False,460,18.399999618530273,0.29437577724456787,20.463022232055664,0.8259005546569824,173.73069763183594,9.441885948181152,0.33232423663139343,0.0
True,False,False,False,460,18.399999618530273,0.2878464162349701,20.10961151123047,0.8212252259254456,167.78384399414062,9.118687629699707,0.43522223830223083,0.0
True,False,False,False,460,18.399999618530273,0.2786036729812622,20.29816436767578,0.8338342308998108,175.0092010498047,9.511369705200195,0.33282777667045593,0.0
True,False,False,False,460,18.399999618530273,0.27403002977371216,20.109237670898438,0.8333601951599121,154.69224548339844,8.407187461853027,0.33433839678764343,0.0
True,False,False,False,461,18.440000534057617,0.26080796122550964,20.105926513671875,0.8190928101539612,165.44287109375,8.971956253051758,0.33354493975639343,0.0
True,False,False,False,461,18.440000534057617,0.280730664730072,20.042448043823242,0.8300080299377441,160.3267822265625,8.694510459899902,0.33540651202201843,0.0
True,False,False,False,461,18.440000534057617,0.28973329067230225,19.70348358154297,0.8504422903060913,170.70333862304688,9.257230758666992,0.33455201983451843,0.0
True,False,False,False,461,18.440000534057617,0.28032973408699036,20.175622940063477,0.8330433964729309,155.45748901367188,8.430449485778809,0.43570879101753235,0.0
True,False,False,False,461,18.440000534057617,0.2752150297164917,19.39651107788086,0.8740034699440002,162.36805725097656,8.805209159851074,0.33894655108451843,0.0
True,False,False,False,461,18.440000534057617,0.2971251606941223,20.0823974609375,0.8416110277175903,178.923095703125,9.702987670898438,0.4376785457134247,0.0
True,False,False,False,461,18.440000534057617,0.28681328892707825,20.0694637298584,0.8380618691444397,155.47254943847656,8.431265830993652,0.33372804522514343,0.0
True,False,False,False,462,18.479999542236328,0.27045124769210815,20.060152053833008,0.8436263799667358,159.57626342773438,8.635079383850098,0.43435975909233093,0.0
True,False,False,False,462,18.479999542236328,0.27003413438796997,20.120141983032227,0.8402904272079468,157.01815795898438,8.49665355682373,0.43904420733451843,0.0
True,False,False,False,462,18.479999542236328,0.29671746492385864,19.910249710083008,0.8278660774230957,162.1193084716797,8.772689819335938,0.43545839190483093,0.0
True,False,False,False,462,18.479999542236328,0.2607710063457489,20.54056167602539,0.8145747780799866,166.26895141601562,8.997238159179688,0.34218141436576843,0.0
True,False,False,False,462,18.479999542236328,0.2803645431995392,20.460607528686523,0.8264150619506836,177.01959228515625,9.57898235321045,0.33248427510261536,0.0
True,False,False,False,462,18.479999542236328,0.2594877779483795,20.200088500976562,0.8286599516868591,158.7808837890625,8.592039108276367,0.43526002764701843,0.0
True,False,False,False,463,18.520000457763672,0.2755143642425537,20.429716110229492,0.8290271162986755,158.015625,8.532160758972168,0.33406373858451843,0.0
True,False,False,False,463,18.520000457763672,0.28163132071495056,19.94721221923828,0.8358709216117859,161.3390655517578,8.711612701416016,0.33562013506889343,0.0
True,False,False,False,463,18.520000457763672,0.29186877608299255,19.93461799621582,0.8339603543281555,170.12503051757812,9.186016082763672,0.33233949542045593,0.0
True,False,False,False,463,18.520000457763672,0.2687278985977173,20.077449798583984,0.8265382647514343,167.28575134277344,9.032708168029785,0.33412477374076843,0.0
True,False,False,False,463,18.520000457763672,0.2898408770561218,20.670255661010742,0.7968104481697083,185.2805938720703,10.004351615905762,0.43605348467826843,0.0
True,False,False,False,463,18.520000457763672,0.2737930715084076,20.009859085083008,0.833528459072113,162.89979553222656,8.79588508605957,0.33497926592826843,0.0
True,False,False,False,464,18.559999465942383,0.2572300136089325,21.246570587158203,0.7973797917366028,183.92083740234375,9.909527778625488,0.4355423152446747,0.0
True,False,False,False,464,18.559999465942383,0.2762828767299652,20.601022720336914,0.8107904195785522,194.70143127441406,10.490379333496094,0.43962404131889343,0.0
True,False,False,False,464,18.559999465942383,0.2583915591239929,20.620162963867188,0.8177738189697266,172.91578674316406,9.316583633422852,0.33235475420951843,0.0
True,False,False,False,464,18.559999465942383,0.27244991064071655,20.051944732666016,0.8219703435897827,172.10926818847656,9.273128509521484,0.33580324053764343,0.0
True,False,False,False,464,18.559999465942383,0.2997586727142334,20.176422119140625,0.8309282064437866,159.576416015625,8.597867965698242,0.3346969783306122,0.0
True,False,False,False,464,18.559999465942383,0.2938404977321625,20.03696060180664,0.8226457238197327,176.8340606689453,9.527697563171387,0.4343101680278778,0.0
True,False,False,False,464,18.559999465942383,0.27631875872612,20.155132293701172,0.8397876620292664,161.9174346923828,8.723999977111816,0.3348037898540497,0.0
True,False,False,False,464,18.559999465942383,0.2802748382091522,20.602441787719727,0.8202424049377441,166.68603515625,8.980928421020508,0.33725282549858093,0.0
True,False,False,False,464,18.559999465942383,0.28078949451446533,20.14068031311035,0.8313559889793396,165.61244201660156,8.923084259033203,0.3372214734554291,0.0
True,False,False,False,464,18.559999465942383,0.28638169169425964,20.18760871887207,0.8227012157440186,163.68011474609375,8.818971633911133,0.33449098467826843,0.0
True,False,False,False,464,18.559999465942383,0.29015886783599854,19.810951232910156,0.8387041091918945,185.02528381347656,9.969035148620605,0.3347400724887848,0.0
True,False,False,False,464,18.559999465942383,0.27325010299682617,19.999330520629883,0.8433858752250671,154.6921844482422,8.334708213806152,0.33633729815483093,0.0
True,False,False,False,464,18.559999465942383,0.26714977622032166,19.945240020751953,0.8446779251098633,161.33905029296875,8.69283676147461,0.33547136187553406,0.0
True,False,False,False,464,18.559999465942383,0.26831895112991333,21.298568725585938,0.7922893166542053,205.13795471191406,11.052691459655762,0.43652650713920593,0.0
True,False,False,False,465,18.600000381469727,0.2654997706413269,20.473207473754883,0.8203662633895874,164.4605712890625,8.841965675354004,0.33380433917045593,0.0
True,False,False,False,465,18.600000381469727,0.2892173230648041,19.57305908203125,0.8595985174179077,159.57632446289062,8.57937240600586,0.3357956111431122,0.0
True,False,False,False,465,18.600000381469727,0.2770777642726898,19.93672752380371,0.835076630115509,177.80001831054688,9.5591402053833,0.33372804522514343,0.0
True,False,False,False,465,18.600000381469727,0.26795098185539246,20.977340698242188,0.7929528951644897,210.98666381835938,11.343368530273438,0.4353477656841278,0.0
True,False,False,False,465,18.600000381469727,0.2672809958457947,19.907793045043945,0.837522566318512,161.3390655517578,8.674142837524414,0.3351608216762543,0.0
True,False,False,False,465,18.600000381469727,0.2761556804180145,20.024185180664062,0.8227351903915405,160.35671997070312,8.621329307556152,0.33513185381889343,0.0
True,False,False,False,466,18.639999389648438,0.26574134826660156,20.327739715576172,0.8308472037315369,162.899658203125,8.739252090454102,0.43603822588920593,0.0
True,False,False,False,466,18.639999389648438,0.2857665717601776,20.0197811126709,0.8350977897644043,172.13539123535156,9.234731674194336,0.3345222771167755,0.0
True,False,False,False,466,18.639999389648438,0.25975847244262695,19.89291000366211,0.8285601735115051,164.4454803466797,8.822182655334473,0.43323060870170593,0.0
True,False,False,False,466,18.639999389648438,0.2946934998035431,20.060556411743164,0.8443446755409241,164.7081298828125,8.836273193359375,0.33436891436576843,0.0
True,False,False,False,466,18.639999389648438,0.26428964734077454,19.973674774169922,0.8336769342422485,158.01548767089844,8.477226257324219,0.43674394488334656,0.0
True,False,False,False,466,18.639999389648438,0.26612645387649536,20.390546798706055,0.8252286911010742,168.8119659423828,9.056436538696289,0.33391115069389343,0.0
True,False,False,False,467,18.68000030517578,0.2972157299518585,20.215002059936523,0.81659996509552,171.59161376953125,9.185846328735352,0.33475038409233093,0.0
True,False,False,False,467,18.68000030517578,0.2638852894306183,20.720571517944336,0.8040255904197693,200.09487915039062,10.711716651916504,0.33517763018608093,0.0
True,False,False,False,467,18.68000030517578,0.2893234193325043,20.002578735351562,0.8374541997909546,163.9126739501953,8.774767875671387,0.43861696124076843,0.0
True,False,False,False,467,18.68000030517578,0.2763378918170929,19.903629302978516,0.8421149253845215,162.94544982910156,8.722990036010742,0.33653566241264343,0.0
True,False,False,False,467,18.68000030517578,0.2945363521575928,19.718093872070312,0.8527365922927856,157.6116943359375,8.437457084655762,0.33676454424858093,0.0
True,False,False,False,468,18.719999313354492,0.26461711525917053,20.568437576293945,0.8063822388648987,198.42759704589844,10.599764823913574,0.43587037920951843,0.0
True,False,False,False,468,18.719999313354492,0.2945437729358673,19.967832565307617,0.8481048941612244,163.68014526367188,8.743597984313965,0.3347122371196747,0.0
True,False,False,False,468,18.719999313354492,0.2790398597717285,20.39616584777832,0.827215313911438,177.77149963378906,9.49634075164795,0.33135828375816345,0.0
True,False,False,False,468,18.719999313354492,0.2687563896179199,19.90650177001953,0.8303691744804382,164.2284698486328,8.772889137268066,0.33531877398490906,0.0
True,False,False,False,468,18.719999313354492,0.2909901440143585,20.081525802612305,0.834702730178833,163.9277801513672,8.756826400756836,0.33674928545951843,0.0
True,False,False,False,469,18.760000228881836,0.2979670464992523,19.41888427734375,0.8501676917076111,157.81356811523438,8.412237167358398,0.33985045552253723,0.0
True,False,False,False,469,18.760000228881836,0.2900904715061188,20.18740463256836,0.8337908387184143,169.5466766357422,9.03766918182373,0.33346864581108093,0.0
True,False,False,False,469,18.760000228881836,0.2997162938117981,20.094738006591797,0.833732545375824,178.33267211914062,9.506006240844727,0.33540651202201843,0.0
True,False,False,False,470,18.799999237060547,0.27022361755371094,19.447389602661133,0.8528177738189697,158.5938262939453,8.435842514038086,0.4355332553386688,0.0
True,False,False,False,470,18.799999237060547,0.2848789095878601,20.236204147338867,0.8306538462638855,172.91580200195312,9.197649002075195,0.3335983455181122,0.0
True,False,False,False,470,18.799999237060547,0.25846871733665466,19.764657974243164,0.8455272912979126,178.01905822753906,9.469099044799805,0.33281251788139343,0.0
True,False,False,False,470,18.799999237060547,0.26697075366973877,19.759450912475586,0.8404481410980225,164.22860717773438,8.735564231872559,0.33583375811576843,0.0
True,False,False,False,470,18.799999237060547,0.2812732458114624,19.65746307373047,0.8431950211524963,161.6854705810547,8.60029125213623,0.33626100420951843,0.0
True,False,False,False,470,18.799999237060547,0.27836328744888306,21.51464080810547,0.7659582495689392,226.5115203857422,12.04848575592041,0.43537065386772156,0.0
True,False,False,False,471,18.84000015258789,0.26469656825065613,19.496105194091797,0.8470680713653564,159.57623291015625,8.470075607299805,0.43471071124076843,0.0
True,False,False,False,471,18.84000015258789,0.2937633991241455,19.798616409301758,0.84757399559021,166.95611572265625,8.86178970336914,0.3402698338031769,0.0
True,False,False,False,471,18.84000015258789,0.2846435606479645,19.804412841796875,0.8542628884315491,161.10708618164062,8.551331520080566,0.33613893389701843,0.0
True,False,False,False,472,18.8799991607666,0.29198384284973145,19.925382614135742,0.8390241861343384,161.91734313964844,8.576130867004395,0.4343021810054779,0.0
True,False,False,False,472,18.8799991607666,0.2734723687171936,22.051122665405273,0.7613071799278259,175.62464904785156,9.302153587341309,0.4386531412601471,0.0
True,False,False,False,472,18.8799991607666,0.27883321046829224,19.857763290405273,0.833098828792572,167.00360107421875,8.84553050994873,0.33439943194389343,0.0
True,False,False,False,472,18.8799991607666,0.279928982257843,20.98080062866211,0.7933599352836609,194.195068359375,10.28575611114502,0.3307991921901703,0.0
True,False,False,False,472,18.8799991607666,0.2814249098300934,20.334009170532227,0.8117205500602722,172.3721160888672,9.129878997802734,0.33484193682670593,0.0
True,False,False,False,472,18.8799991607666,0.2757442891597748,20.440128326416016,0.8296539187431335,163.14736938476562,8.641280174255371,0.33409425616264343,0.0
True,False,False,False,473,18.920000076293945,0.2758147716522217,20.391952514648438,0.819404125213623,162.36700439453125,8.581765174865723,0.3339216411113739,0.0
True,False,False,False,473,18.920000076293945,0.26508092880249023,19.789295196533203,0.849740207195282,171.685791015625,9.074301719665527,0.33589479327201843,0.0
True,False,False,False,473,18.920000076293945,0.2881214916706085,19.68337631225586,0.8402869701385498,161.5272216796875,8.537379264831543,0.43457338213920593,0.0
True,False,False,False,473,18.920000076293945,0.2965657114982605,20.57583236694336,0.8229599595069885,168.2079620361328,8.890483856201172,0.4301712214946747,0.0
True,False,False,False,474,18.959999084472656,0.2885593771934509,21.948596954345703,0.7575878500938416,191.51898193359375,10.101212501525879,0.4389946162700653,0.0
True,False,False,False,474,18.959999084472656,0.2920839786529541,19.67389678955078,0.8600677847862244,162.11940002441406,8.550601959228516,0.33731386065483093,0.0
True,False,False,False,474,18.959999084472656,0.26520270109176636,21.226760864257812,0.7857165932655334,200.57228088378906,10.578707695007324,0.43634340167045593,0.0
True,False,False,False,474,18.959999084472656,0.26771265268325806,20.483125686645508,0.8251163959503174,182.43649291992188,9.622178077697754,0.33189699053764343,0.0
True,False,False,False,474,18.959999084472656,0.26411932706832886,19.479774475097656,0.8588632941246033,165.61233520507812,8.734827995300293,0.33647462725639343,0.0
True,False,False,False,474,18.959999084472656,0.29400160908699036,20.360206604003906,0.8278606534004211,165.2408905029297,8.715237617492676,0.33452150225639343,0.0
True,False,False,False,474,18.959999084472656,0.26592597365379333,20.502927780151367,0.8165517449378967,174.43084716796875,9.199939727783203,0.33299562335014343,0.0
True,False,False,False,474,18.959999084472656,0.2975335717201233,21.079492568969727,0.795819103717804,213.21060180664062,11.245285034179688,0.44374391436576843,0.0
True,False,False,False,474,18.959999084472656,0.2929266095161438,20.32307243347168,0.8332576155662537,170.3270263671875,8.98349380493164,0.33336183428764343,0.0
True,False,False,False,475,19.0,0.28589102625846863,21.05501365661621,0.793185293674469,199.19309997558594,10.483847618103027,0.43434450030326843,0.0
True,False,False,False,475,19.0,0.2927247881889343,20.242862701416016,0.8355658054351807,166.47080993652344,8.761621475219727,0.43699952960014343,0.0
True,False,False,False,475,19.0,0.296999454498291,19.70969581604004,0.8363866209983826,167.00355529785156,8.789660453796387,0.43606874346733093,0.0
True,False,False,False,476,19.03999900817871,0.2884053885936737,19.440040588378906,0.8576915860176086,161.91744995117188,8.504068374633789,0.33659669756889343,0.0
True,False,False,False,476,19.03999900817871,0.2722449004650116,19.966373443603516,0.82666015625,194.50857543945312,10.215786933898926,0.3396713435649872,0.0
True,False,False,False,476,19.03999900817871,0.2907024323940277,20.49236297607422,0.8253669738769531,181.6561737060547,9.540765762329102,0.33172914385795593,0.0
True,False,False,False,476,19.03999900817871,0.28334853053092957,20.07267189025879,0.8391647338867188,169.54666137695312,8.904762268066406,0.33406373858451843,0.0
True,False,False,False,476,19.03999900817871,0.2769807279109955,19.908864974975586,0.8263102173805237,167.9860076904297,8.822794914245605,0.3362031877040863,0.0
True,False,False,False,476,19.03999900817871,0.2738235294818878,20.170873641967773,0.827572762966156,167.37863159179688,8.790894508361816,0.4356442987918854,0.0
True,False,False,False,476,19.03999900817871,0.26022037863731384,20.192123413085938,0.8355513215065002,176.7719268798828,9.28424072265625,0.33599427342414856,0.0
True,False,False,False,478,19.119998931884766,0.2707864046096802,20.19684410095215,0.8247416615486145,176.48684692382812,9.230484008789062,0.33775636553764343,0.0
True,False,False,False,478,19.119998931884766,0.26982542872428894,19.962358474731445,0.828853189945221,175.21119689941406,9.163765907287598,0.33442994952201843,0.0
True,False,False,False,478,19.119998931884766,0.2987096309661865,20.69862937927246,0.8092927932739258,179.06459045410156,9.365303039550781,0.33284303545951843,0.0
True,False,False,False,478,19.119998931884766,0.2923855781555176,20.30933380126953,0.8102004528045654,184.8853759765625,9.669737815856934,0.33885499835014343,0.0
True,False,False,False,478,19.119998931884766,0.2964209020137787,20.032114028930664,0.8396790027618408,167.5819091796875,8.764744758605957,0.33565065264701843,0.0
True,False,False,False,478,19.119998931884766,0.2821052670478821,21.1074275970459,0.7942071557044983,176.0375213623047,9.20698356628418,0.43091127276420593,0.0
True,False,False,False,479,19.15999984741211,0.294189453125,19.86937141418457,0.8469762802124023,165.2408905029297,8.624263763427734,0.3358462154865265,0.0
True,False,False,False,479,19.15999984741211,0.2803024351596832,20.204330444335938,0.8275351524353027,179.98370361328125,9.393721580505371,0.3341274559497833,0.0
True,False,False,False,479,19.15999984741211,0.269711971282959,20.705223083496094,0.8150195479393005,163.14730834960938,8.514995574951172,0.4374658763408661,0.0
True,False,False,False,479,19.15999984741211,0.26318415999412537,19.930471420288086,0.8348537087440491,164.4304656982422,8.581965446472168,0.33592525124549866,0.0
True,False,False,False,479,19.15999984741211,0.2944440245628357,19.495595932006836,0.8621805310249329,178.91104125976562,9.337737083435059,0.33650514483451843,0.0
True,False,False,False,479,19.15999984741211,0.2797735333442688,20.22803497314453,0.8281996250152588,164.94454956054688,8.608797073364258,0.43422242999076843,0.0
True,False,False,False,479,19.15999984741211,0.2707211375236511,21.738807678222656,0.7732717990875244,189.28182983398438,9.879010200500488,0.33277371525764465,0.0
True,False,False,False,479,19.15999984741211,0.29176196455955505,20.934206008911133,0.8029561042785645,176.23907470703125,9.198281288146973,0.43577882647514343,0.0
True,False,False,False,480,19.19999885559082,0.29943782091140747,22.263822555541992,0.7563002705574036,198.53750610351562,10.340496063232422,0.3323500454425812,0.0
True,False,False,False,480,19.19999885559082,0.2930654287338257,20.3190975189209,0.8174573183059692,175.4437713623047,9.137697219848633,0.43822404742240906,0.0
True,False,False,False,480,19.19999885559082,0.26464325189590454,20.423599243164062,0.824589192867279,168.8119659423828,8.792290687561035,0.33388349413871765,0.0
True,False,False,False,480,19.19999885559082,0.29510849714279175,20.269617080688477,0.8282896280288696,168.75128173828125,8.789130210876465,0.43722841143608093,0.0
True,False,False,False,480,19.19999885559082,0.2713519036769867,21.237985610961914,0.7961994409561157,197.2294464111328,10.272367477416992,0.43635866045951843,0.0
True,False,False,False,480,19.19999885559082,0.27115505933761597,21.282485961914062,0.7936251163482666,177.1972198486328,9.229022026062012,0.43825075030326843,0.0
True,False,False,False,480,19.19999885559082,0.26865798234939575,19.25364112854004,0.8583723902702332,166.22325134277344,8.657461166381836,0.33674928545951843,0.0
True,False,False,False,480,19.19999885559082,0.2792188823223114,20.504840850830078,0.816990852355957,169.59234619140625,8.832935333251953,0.33528444170951843,0.0
True,False,False,False,480,19.19999885559082,0.2805979549884796,19.878746032714844,0.8475239276885986,161.3846435546875,8.405450820922852,0.33685198426246643,0.0
True,False,False,False,481,19.239999771118164,0.2664867639541626,20.601726531982422,0.8134617805480957,163.1473388671875,8.479591369628906,0.43956300616264343,0.0
True,False,False,False,481,19.239999771118164,0.2925699055194855,19.882427215576172,0.8374279737472534,168.76629638671875,8.771636962890625,0.3373825252056122,0.0
True,False,False,False,481,19.239999771118164,0.286781370639801,20.124374389648438,0.8375008702278137,165.44287109375,8.598901748657227,0.33458253741264343,0.0
True,False,False,False,481,19.239999771118164,0.2899247705936432,20.295499801635742,0.8227198123931885,170.8112030029297,8.877921104431152,0.33507081866264343,0.0
True,False,False,False,481,19.239999771118164,0.29945021867752075,20.125516891479492,0.8416348695755005,188.4725341796875,9.795869827270508,0.33388063311576843,0.0
True,False,False,False,481,19.239999771118164,0.2613123655319214,20.017101287841797,0.8273594975471497,167.9858856201172,8.731075286865234,0.33523866534233093,0.0
True,False,False,False,481,19.239999771118164,0.289760947227478,20.48261833190918,0.8227080702781677,164.6624298095703,8.558338165283203,0.3342343866825104,0.0
True,False,False,False,481,19.239999771118164,0.2896023392677307,20.20497703552246,0.8255753517150879,175.02296447753906,9.096827507019043,0.33342286944389343,0.0
True,False,False,False,481,19.239999771118164,0.27799153327941895,20.794403076171875,0.8025557994842529,177.684326171875,9.235152244567871,0.43241360783576965,0.0
True,False,False,False,481,19.239999771118164,0.2999541461467743,19.882200241088867,0.833974301815033,167.98587036132812,8.731074333190918,0.33507081866264343,0.0
True,False,False,False,481,19.239999771118164,0.29613828659057617,20.305505752563477,0.8348792791366577,162.8846893310547,8.465940475463867,0.4345504939556122,0.0
True,False,False,False,482,19.279998779296875,0.2998965382575989,21.447818756103516,0.7707385420799255,215.9523162841797,11.200846672058105,0.44386598467826843,0.0
True,False,False,False,482,19.279998779296875,0.26112911105155945,19.91377830505371,0.8375179171562195,183.63790893554688,9.524788856506348,0.33505555987358093,0.0
True,False,False,False,482,19.279998779296875,0.2922405004501343,20.429182052612305,0.823687732219696,178.0365447998047,9.234261512756348,0.33293458819389343,0.0
True,False,False,False,482,19.279998779296875,0.26665258407592773,20.038349151611328,0.8394913673400879,169.34469604492188,8.783438682556152,0.34739992022514343,0.0
True,False,False,False,482,19.279998779296875,0.284751832485199,19.742794036865234,0.8390419483184814,165.22576904296875,8.569802284240723,0.4351761043071747,0.0
True,False,False,False,482,19.279998779296875,0.2714681625366211,20.167585372924805,0.8201740384101868,167.2512969970703,8.674860000610352,0.33522549271583557,0.0
True,False,False,False,482,19.279998779296875,0.2867787778377533,19.79882049560547,0.8310829401016235,173.24656677246094,8.985817909240723,0.33623048663139343,0.0
True,False,False,False,482,19.279998779296875,0.2834304869174957,21.354522705078125,0.7867401838302612,199.35533142089844,10.340007781982422,0.3301078975200653,0.0
True,False,False,False,482,19.279998779296875,0.29342883825302124,19.851425170898438,0.8395512104034424,167.0035858154297,8.662012100219727,0.33516237139701843,0.0
True,False,False,False,482,19.279998779296875,0.26770079135894775,20.173200607299805,0.8330353498458862,173.24159240722656,8.985560417175293,0.33475038409233093,0.0
True,False,False,False,483,19.31999969482422,0.28502535820007324,20.240751266479492,0.8253006935119629,173.6961669921875,8.990485191345215,0.33578798174858093,0.0
True,False,False,False,483,19.31999969482422,0.2787937819957733,20.0477294921875,0.8314691185951233,168.76620483398438,8.735310554504395,0.4368850886821747,0.0
True,False,False,False,483,19.31999969482422,0.2648501992225647,20.119945526123047,0.8259722590446472,174.1519012451172,9.014073371887207,0.33650514483451843,0.0
True,False,False,False,483,19.31999969482422,0.2820435166358948,20.07522964477539,0.8357890844345093,169.3447265625,8.765254974365234,0.3385269343852997,0.0
True,False,False,False,483,19.31999969482422,0.2919560670852661,20.064441680908203,0.8307509422302246,169.59234619140625,8.778072357177734,0.33861085772514343,0.0
True,False,False,False,483,19.31999969482422,0.26580044627189636,19.89362335205078,0.8495904207229614,157.03317260742188,8.128010749816895,0.43654176592826843,0.0
True,False,False,False,483,19.31999969482422,0.29214349389076233,20.223691940307617,0.8333483338356018,166.22323608398438,8.603687286376953,0.33449098467826843,0.0
True,False,False,False,483,19.31999969482422,0.29963335394859314,19.815866470336914,0.8331456184387207,171.30938720703125,8.866945266723633,0.33473512530326843,0.0
True,False,False,False,483,19.31999969482422,0.26021379232406616,20.177824020385742,0.8366314768791199,174.430908203125,9.028514862060547,0.33951112627983093,0.0
True,False,False,False,483,19.31999969482422,0.28436702489852905,20.501249313354492,0.8270808458328247,168.0511016845703,8.698297500610352,0.43271180987358093,0.0
True,False,False,False,484,19.35999870300293,0.2848309576511383,21.061647415161133,0.7902500629425049,208.23497009277344,10.755939483642578,0.43771669268608093,0.0
True,False,False,False,484,19.35999870300293,0.2717837989330292,21.040517807006836,0.7888709306716919,207.01849365234375,10.69310474395752,0.43646928668022156,0.0
True,False,False,False,485,19.399999618530273,0.28252941370010376,20.523834228515625,0.8039316534996033,193.2631072998047,9.962016105651855,0.33499208092689514,0.0
True,False,False,False,485,19.399999618530273,0.27353981137275696,20.123489379882812,0.8250471353530884,171.90838623046875,8.861257553100586,0.3351547420024872,0.0
True,False,False,False,485,19.399999618530273,0.2738755941390991,20.15549087524414,0.8178845643997192,185.4180908203125,9.557633399963379,0.3349868953227997,0.0
True,False,False,False,485,19.399999618530273,0.27955177426338196,20.836992263793945,0.8016660809516907,174.07127380371094,8.972745895385742,0.43147948384284973,0.0
True,False,False,False,485,19.399999618530273,0.26160839200019836,19.896806716918945,0.8386663794517517,165.44287109375,8.527983665466309,0.33649465441703796,0.0
True,False,False,False,485,19.399999618530273,0.26811283826828003,19.81595802307129,0.8396348357200623,177.75428771972656,9.162591934204102,0.33442994952201843,0.0
True,False,False,False,486,19.439998626708984,0.28309816122055054,20.478557586669922,0.814368724822998,189.81536865234375,9.764165878295898,0.3321983516216278,0.0
True,False,False,False,486,19.439998626708984,0.29876038432121277,20.308305740356445,0.8303269743919373,167.00367736816406,8.59072494506836,0.33720704913139343,0.0
True,False,False,False,486,19.439998626708984,0.28808149695396423,22.31534767150879,0.7540491223335266,199.8427276611328,10.279976844787598,0.3306114375591278,0.0
True,False,False,False,486,19.439998626708984,0.2808588743209839,20.072242736816406,0.8280340433120728,168.7663116455078,8.681395530700684,0.33424684405326843,0.0
True,False,False,False,487,19.479999542236328,0.2903936505317688,20.008323669433594,0.8347657322883606,180.46681213378906,9.26421070098877,0.43565675616264343,0.0
True,False,False,False,488,19.520000457763672,0.26987460255622864,20.112712860107422,0.8323639035224915,168.0316162109375,8.608177185058594,0.33710023760795593,0.0
True,False,False,False,489,19.559999465942383,0.27244916558265686,20.435903549194336,0.8226203322410583,194.7105712890625,9.95452880859375,0.3346082270145416,0.0
True,False,False,False,489,19.559999465942383,0.2947060763835907,21.853057861328125,0.763313889503479,198.69866943359375,10.158418655395508,0.33095094561576843,0.0
True,False,False,False,489,19.559999465942383,0.2936134338378906,20.182157516479492,0.8287856578826904,173.2416229248047,8.85693359375,0.33977439999580383,0.0
True,False,False,False,489,19.559999465942383,0.2910553514957428,20.043067932128906,0.8218671083450317,178.78700256347656,9.140439987182617,0.33460161089897156,0.0
True,False,False,False,490,19.600000381469727,0.29226645827293396,19.827701568603516,0.8325881958007812,172.87020874023438,8.819908142089844,0.33668825030326843,0.0
True,False,False,False,490,19.600000381469727,0.2652096748352051,20.233736038208008,0.8142187595367432,178.78221130371094,9.121541023254395,0.43738099932670593,0.0
True,False,False,False,490,19.600000381469727,0.29046139121055603,20.331830978393555,0.8290505409240723,170.12506103515625,8.679849624633789,0.33885499835014343,0.0
True,False,False,False,491,19.639999389648438,0.2650028467178345,19.81304931640625,0.8404943346977234,172.08973693847656,8.76220703125,0.33812257647514343,0.0
True,False,False,False,491,19.639999389648438,0.2992439568042755,21.277626037597656,0.7833545207977295,207.04928588867188,10.542224884033203,0.43522951006889343,0.0
True,False,False,False,491,19.639999389648438,0.26481786370277405,19.921018600463867,0.8299593925476074,175.41322326660156,8.931427001953125,0.33455201983451843,0.0
True,False,False,False,491,19.639999389648438,0.27508118748664856,19.86172103881836,0.833060085773468,176.1935577392578,8.971158981323242,0.33604738116264343,0.0
True,False,False,False,491,19.639999389648438,0.2907589375972748,20.00114631652832,0.828873336315155,173.6204833984375,8.840147018432617,0.33732911944389343,0.0
True,False,False,False,491,19.639999389648438,0.2678374648094177,20.993436813354492,0.7902609705924988,185.04238891601562,9.421710968017578,0.33674928545951843,0.0
True,False,False,False,491,19.639999389648438,0.29777994751930237,19.92047882080078,0.8330621719360352,177.22161865234375,9.023504257202148,0.33763429522514343,0.0
True,False,False,False,491,19.639999389648438,0.2793782949447632,20.85078239440918,0.7940694093704224,180.04701232910156,9.167363166809082,0.33220216631889343,0.0
True,False,False,False,491,19.639999389648438,0.29511362314224243,19.827922821044922,0.8489481210708618,165.44288635253906,8.423772811889648,0.33558961749076843,0.0
True,False,False,False,491,19.639999389648438,0.2839922308921814,20.90250015258789,0.788180410861969,195.42489624023438,9.95035171508789,0.33284303545951843,0.0
True,False,False,False,491,19.639999389648438,0.2650797367095947,20.942516326904297,0.8072806596755981,204.084716796875,10.391279220581055,0.43822023272514343,0.0
True,False,False,False,491,19.639999389648438,0.28576919436454773,19.661815643310547,0.8561561107635498,163.68017578125,8.33402156829834,0.33806154131889343,0.0
True,False,False,False,492,19.68000030517578,0.2962500751018524,21.403390884399414,0.7727903127670288,198.2814483642578,10.075276374816895,0.43721315264701843,0.0
True,False,False,False,492,19.68000030517578,0.2909986674785614,21.55583381652832,0.783774733543396,191.7585906982422,9.743830680847168,0.33215638995170593,0.0
True,False,False,False,492,19.68000030517578,0.2933729887008667,20.73957633972168,0.811440646648407,179.2490997314453,9.108185768127441,0.33446046710014343,0.0
True,False,False,False,492,19.68000030517578,0.2881070077419281,20.456615447998047,0.8274103999137878,171.30938720703125,8.704745292663574,0.3364669978618622,0.0
True,False,False,False,493,19.719999313354492,0.28373414278030396,20.613819122314453,0.8148638606071472,187.20892333984375,9.493353843688965,0.44295045733451843,0.0
True,False,False,False,493,19.719999313354492,0.29563575983047485,20.31498146057129,0.8152711987495422,198.07046508789062,10.04414176940918,0.43371888995170593,0.0
True,False,False,False,493,19.719999313354492,0.27996352314949036,19.468395233154297,0.8575640916824341,167.5820770263672,8.498077392578125,0.3407890498638153,0.0
True,False,False,False,493,19.719999313354492,0.2893812656402588,19.916019439697266,0.8497499227523804,179.11305236816406,9.082812309265137,0.33618786931037903,0.0
True,False,False,False,493,19.719999313354492,0.2859521508216858,20.173837661743164,0.8273555636405945,188.00682067871094,9.533814430236816,0.33330079913139343,0.0
True,False,False,False,493,19.719999313354492,0.27222567796707153,19.471376419067383,0.8609769344329834,162.11944580078125,8.221067428588867,0.33822622895240784,0.0
True,False,False,False,493,19.719999313354492,0.29516470432281494,20.82829475402832,0.79780513048172,203.32260131835938,10.310477256774902,0.33624574542045593,0.0
True,False,False,False,494,19.760000228881836,0.2750169634819031,20.942907333374023,0.8064656257629395,199.51649475097656,10.096988677978516,0.3319046199321747,0.0
True,False,False,False,494,19.760000228881836,0.2664807140827179,20.5172176361084,0.8238760828971863,198.12925720214844,10.02678394317627,0.43693849444389343,0.0
True,False,False,False,494,19.760000228881836,0.27083417773246765,20.84742546081543,0.797403872013092,202.68292236328125,10.257232666015625,0.43614503741264343,0.0
True,False,False,False,494,19.760000228881836,0.2989104986190796,20.558177947998047,0.80113685131073,204.05763244628906,10.326803207397461,0.44150087237358093,0.0
True,False,False,False,495,19.799999237060547,0.2937191426753998,19.938129425048828,0.8452649712562561,168.5643310546875,8.513350486755371,0.33481141924858093,0.0
True,False,False,False,495,19.799999237060547,0.2796718180179596,20.38698387145996,0.8085905313491821,201.10977172851562,10.157059669494629,0.33275148272514343,0.0
True,False,False,False,495,19.799999237060547,0.2730138897895813,20.9574031829834,0.7955331206321716,204.0576171875,10.305940628051758,0.43371835350990295,0.0
True,False,False,False,495,19.799999237060547,0.2751123309135437,20.58772850036621,0.8142770528793335,174.43087768554688,8.809640884399414,0.33633920550346375,0.0
True,False,False,False,496,19.84000015258789,0.2834678590297699,20.450349807739258,0.8153693079948425,180.343017578125,9.089869499206543,0.33531495928764343,0.0
True,False,False,False,496,19.84000015258789,0.28362658619880676,19.97368812561035,0.8382130861282349,176.19357299804688,8.88072395324707,0.3346998393535614,0.0
True,False,False,False,496,19.84000015258789,0.28780120611190796,20.986894607543945,0.7886988520622253,207.0334930419922,10.435155868530273,0.43693849444389343,0.0
True,False,False,False,496,19.84000015258789,0.27309927344322205,20.452289581298828,0.8131356239318848,180.5795440673828,9.101791381835938,0.43731996417045593,0.0
True,False,False,False,496,19.84000015258789,0.2836594581604004,19.970056533813477,0.8406165838241577,168.76634216308594,8.506367683410645,0.33476564288139343,0.0
True,False,False,False,496,19.84000015258789,0.288565456867218,20.02373504638672,0.8459181189537048,168.76626586914062,8.506363868713379,0.33629110455513,0.0
True,False,False,False,496,19.84000015258789,0.29498350620269775,20.293119430541992,0.8351567387580872,171.30938720703125,8.63454532623291,0.33427736163139343,0.0
True,False,False,False,496,19.84000015258789,0.2991968095302582,20.512592315673828,0.8046684861183167,186.4461669921875,9.397488594055176,0.33438798785209656,0.0
True,False,False,False,497,19.8799991607666,0.29369139671325684,20.003273010253906,0.8235147595405579,172.13536071777344,8.658720970153809,0.43612977862358093,0.0
True,False,False,False,497,19.8799991607666,0.2863211929798126,20.902420043945312,0.795979917049408,206.05807495117188,10.365095138549805,0.33208009600639343,0.0
True,False,False,False,497,19.8799991607666,0.27508312463760376,20.547313690185547,0.8250447511672974,197.1822052001953,9.918622016906738,0.43486329913139343,0.0
True,False,False,False,497,19.8799991607666,0.26356881856918335,20.048202514648438,0.8448997139930725,166.98851013183594,8.399825096130371,0.43493959307670593,0.0
True,False,False,False,498,19.920000076293945,0.29888761043548584,20.11528205871582,0.8338235020637512,172.08970642089844,8.639041900634766,0.33790895342826843,0.0
True,False,False,False,498,19.920000076293945,0.27393993735313416,20.149112701416016,0.8392937183380127,175.02310180664062,8.786300659179688,0.33473512530326843,0.0
True,False,False,False,498,19.920000076293945,0.2663525640964508,20.494070053100586,0.8044524788856506,202.8296356201172,10.182210922241211,0.43724367022514343,0.0
True,False,False,False,499,19.959999084472656,0.2630576193332672,19.427793502807617,0.8553785681724548,172.0897674560547,8.621731758117676,0.33833619952201843,0.0
True,False,False,False,499,19.959999084472656,0.28564149141311646,21.15961456298828,0.7952155470848083,203.095947265625,10.175148010253906,0.43554994463920593,0.0
True,False,False,False,499,19.959999084472656,0.267882764339447,20.321857452392578,0.8101040124893188,196.6246795654297,9.850935935974121,0.43596193194389343,0.0
True,False,False,False,499,19.959999084472656,0.2983472943305969,19.864870071411133,0.833451509475708,174.63290405273438,8.749143600463867,0.33601686358451843,0.0
True,False,False,False,499,19.959999084472656,0.27052953839302063,19.82249641418457,0.8515071868896484,163.72581481933594,8.202696800231934,0.3374159038066864,0.0
True,False,False,False,499,19.959999084472656,0.26387259364128113,19.867406845092773,0.8343105316162109,170.87545776367188,8.560894966125488,0.33911439776420593,0.0
True,False,False,False,499,19.959999084472656,0.2753576636314392,20.37103843688965,0.8298898339271545,172.07460021972656,8.620972633361816,0.43847963213920593,0.0
True,False,False,False,499,19.959999084472656,0.2715207636356354,20.363998413085938,0.8303930759429932,170.04806518554688,8.519442558288574,0.33508607745170593,0.0
True,False,False,False,499,19.959999084472656,0.2863547205924988,20.472766876220703,0.8203279972076416,171.30938720703125,8.582634925842285,0.33558961749076843,0.0
True,False,False,False,500,20.0,0.29110679030418396,19.228679656982422,0.8588331341743469,171.6558074951172,8.58279037475586,0.34572145342826843,0.0
True,False,False,False,500,20.0,0.2613115608692169,20.62410545349121,0.816162109375,181.3253936767578,9.066269874572754,0.33363649249076843,0.0
True,False,False,False,500,20.0,0.2777441143989563,20.37859535217285,0.8174455165863037,184.28561401367188,9.21428108215332,0.3336937129497528,0.0
True,False,False,False,500,20.0,0.2866493761539459,21.168739318847656,0.7823367714881897,201.2417755126953,10.062088966369629,0.3347395956516266,0.0
True,False,False,False,500,20.0,0.29683321714401245,22.052783966064453,0.7572705149650574,186.8824920654297,9.344124794006348,0.4345047175884247,0.0
True,False,False,False,500,20.0,0.27379658818244934,20.11284065246582,0.8377047181129456,171.88784790039062,8.594392776489258,0.3359787166118622,0.0
True,False,False,False,500,20.0,0.28044724464416504,20.43426513671875,0.8230314254760742,194.9956512451172,9.74978256225586,0.33388063311576843,0.0
True,False,False,False,500,20.0,0.27453115582466125,20.309932708740234,0.8198726177215576,183.12255859375,9.1561279296875,0.43742677569389343,0.0
True,False,False,False,501,20.03999900817871,0.28081265091896057,19.880943298339844,0.8410568237304688,171.107421875,8.538294792175293,0.33674928545951843,0.0
True,False,False,False,501,20.03999900817871,0.2926081120967865,21.12161636352539,0.798311173915863,197.00595092773438,9.830636978149414,0.33195802569389343,0.0
True,False,False,False,501,20.03999900817871,0.2776675522327423,20.94756507873535,0.804158627986908,212.93453979492188,10.625476837158203,0.43611451983451843,0.0
True,False,False,False,501,20.03999900817871,0.2606644034385681,21.38508415222168,0.7851393818855286,207.6193389892578,10.360246658325195,0.33822938799858093,0.0
True,False,False,False,501,20.03999900817871,0.2860758602619171,20.057024002075195,0.8267847895622253,179.5170440673828,8.957937240600586,0.33558961749076843,0.0
True,False,False,False,501,20.03999900817871,0.27766522765159607,20.244230270385742,0.8341310620307922,174.40084838867188,8.702637672424316,0.43417665362358093,0.0
True,False,False,False,501,20.03999900817871,0.2712635397911072,20.074581146240234,0.819858729839325,182.34243774414062,9.09892463684082,0.33403322100639343,0.0
True,False,False,False,501,20.03999900817871,0.2784840762615204,19.99561309814453,0.8299558758735657,176.1936492919922,8.792098999023438,0.33476564288139343,0.0
True,False,False,False,501,20.03999900817871,0.2985664904117584,19.644424438476562,0.840116560459137,172.0897674560547,8.58731460571289,0.33607789874076843,0.0
True,False,False,False,502,20.079999923706055,0.26095739006996155,21.22391128540039,0.7912362813949585,198.58937072753906,9.889908790588379,0.43353578448295593,0.0
True,False,False,False,502,20.079999923706055,0.28315186500549316,20.64838981628418,0.8107637763023376,198.2061004638672,9.870821952819824,0.43565675616264343,0.0
True,False,False,False,502,20.079999923706055,0.2781873345375061,19.92961883544922,0.8499678373336792,169.5467071533203,8.443561553955078,0.33536073565483093,0.0
True,False,False,False,502,20.079999923706055,0.28305721282958984,19.870067596435547,0.848362386226654,172.66822814941406,8.599015235900879,0.33918508887290955,0.0
True,False,False,False,502,20.079999923706055,0.2848641276359558,19.177804946899414,0.863372266292572,172.4511260986328,8.588203430175781,0.33796998858451843,0.0
True,False,False,False,502,20.079999923706055,0.2690865397453308,19.94148826599121,0.831301212310791,179.51708984375,8.940093994140625,0.33488771319389343,0.0
True,False,False,False,502,20.079999923706055,0.26290905475616455,20.029691696166992,0.843765377998352,174.43087768554688,8.686797142028809,0.33574220538139343,0.0
True,False,False,False,502,20.079999923706055,0.2653466761112213,20.365867614746094,0.8215621709823608,182.71107482910156,9.099157333374023,0.33832475543022156,0.0
True,False,False,False,503,20.119998931884766,0.29700058698654175,19.923479080200195,0.8442749381065369,181.90379333496094,9.04094409942627,0.3348419964313507,0.0
True,False,False,False,503,20.119998931884766,0.2861470580101013,20.450115203857422,0.8162695169448853,182.1057586669922,9.050982475280762,0.33573833107948303,0.0
True,False,False,False,503,20.119998931884766,0.2668111026287079,20.078899383544922,0.8344700336456299,175.99148559570312,8.747092247009277,0.43741151690483093,0.0
True,False,False,False,503,20.119998931884766,0.26946160197257996,20.3775691986084,0.8297919631004333,175.69552612304688,8.732382774353027,0.33616945147514343,0.0
True,False,False,False,503,20.119998931884766,0.2689247131347656,20.353069305419922,0.8143042922019958,203.924072265625,10.135392189025879,0.33368584513664246,0.0
True,False,False,False,503,20.119998931884766,0.26442310214042664,19.694839477539062,0.8491194248199463,187.32069396972656,9.310173988342285,0.33438417315483093,0.0
True,False,False,False,504,20.15999984741211,0.2715654671192169,19.81847381591797,0.8436393737792969,166.22314453125,8.245195388793945,0.43696901202201843,0.0
True,False,False,False,505,20.19999885559082,0.28789764642715454,19.171689987182617,0.862569272518158,171.30938720703125,8.480663299560547,0.3373672664165497,0.0
True,False,False,False,505,20.19999885559082,0.2983984053134918,20.25348663330078,0.8258703351020813,185.96197509765625,9.206038475036621,0.3342370092868805,0.0
True,False,False,False,505,20.19999885559082,0.295821875333786,20.259418487548828,0.8328959941864014,176.9739227294922,8.761085510253906,0.43876954913139343,0.0
True,False,False,False,505,20.19999885559082,0.2947002351284027,19.818134307861328,0.8326244950294495,180.29737854003906,8.925613403320312,0.33504030108451843,0.0
True,False,False,False,506,20.239999771118164,0.2714790105819702,21.60333824157715,0.78143310546875,187.64735412597656,9.271114349365234,0.33638307452201843,0.0
True,False,False,False,506,20.239999771118164,0.2790289521217346,19.8529052734375,0.8345914483070374,179.51702880859375,8.869418144226074,0.33650514483451843,0.0
True,False,False,False,506,20.239999771118164,0.27038338780403137,19.944843292236328,0.8378846049308777,175.4132080078125,8.66666030883789,0.33796998858451843,0.0
True,False,False,False,506,20.239999771118164,0.2701771557331085,19.872657775878906,0.834169328212738,176.17848205566406,8.70447063446045,0.43629762530326843,0.0
True,False,False,False,507,20.279998779296875,0.2982657551765442,19.293411254882812,0.8674718141555786,170.32705688476562,8.398770332336426,0.3374176323413849,0.0
True,False,False,False,507,20.279998779296875,0.2824403643608093,21.13789176940918,0.7935093641281128,185.5205535888672,9.147956848144531,0.33677980303764343,0.0
True,False,False,False,507,20.279998779296875,0.27231889963150024,20.709869384765625,0.8040953874588013,198.52105712890625,9.789007186889648,0.33470460772514343,0.0
True,False,False,False,507,20.279998779296875,0.2685781717300415,20.017541885375977,0.8242421746253967,183.07534790039062,9.027384757995605,0.3422863185405731,0.0
True,False,False,False,507,20.279998779296875,0.292240172624588,20.017148971557617,0.8280996084213257,175.41322326660156,8.649567604064941,0.3358566462993622,0.0
True,False,False,False,507,20.279998779296875,0.2759636342525482,20.183269500732422,0.8292890191078186,172.08970642089844,8.485686302185059,0.33581849932670593,0.0
True,False,False,False,507,20.279998779296875,0.28221240639686584,20.96217918395996,0.8076466917991638,188.78729248046875,9.309039115905762,0.33452150225639343,0.0
True,False,False,False,507,20.279998779296875,0.2722201645374298,20.157485961914062,0.8209764361381531,187.72467041015625,9.256641387939453,0.3343167006969452,0.0
True,False,False,False,508,20.31999969482422,0.28222206234931946,20.37168312072754,0.8305156230926514,186.20957946777344,9.163857460021973,0.3348939120769501,0.0
True,False,False,False,508,20.31999969482422,0.2909250557422638,19.932703018188477,0.8294150829315186,193.43495178222656,9.519436836242676,0.33479616045951843,0.0
True,False,False,False,508,20.31999969482422,0.2854951024055481,20.616783142089844,0.8009849190711975,202.24862670898438,9.953180313110352,0.43312761187553406,0.0
True,False,False,False,508,20.31999969482422,0.281538724899292,19.69117546081543,0.8367246985435486,179.3150177001953,8.82455825805664,0.34053346514701843,0.0
True,False,False,False,508,20.31999969482422,0.26311013102531433,21.06275749206543,0.7974047064781189,191.0937957763672,9.40422248840332,0.33375856280326843,0.0
True,False,False,False,509,20.35999870300293,0.27485206723213196,20.808469772338867,0.8090159296989441,214.74459838867188,10.547377586364746,0.43612155318260193,0.0
True,False,False,False,509,20.35999870300293,0.28528961539268494,20.188045501708984,0.8258499503135681,181.153076171875,8.897499084472656,0.43559572100639343,0.0
True,False,False,False,509,20.35999870300293,0.2892919182777405,20.225574493408203,0.8332233428955078,176.94395446777344,8.690764427185059,0.3361961543560028,0.0
True,False,False,False,509,20.35999870300293,0.2795519232749939,20.142837524414062,0.8227865099906921,182.06004333496094,8.942046165466309,0.43670961260795593,0.0
True,False,False,False,509,20.35999870300293,0.2690504193305969,19.86675453186035,0.8302018046379089,188.78729248046875,9.2724609375,0.3349749743938446,0.0
True,False,False,False,509,20.35999870300293,0.2869963049888611,20.264156341552734,0.8268790245056152,177.95635986328125,8.740489959716797,0.33574220538139343,0.0
True,False,False,False,510,20.399999618530273,0.2769603431224823,21.71141815185547,0.7652106881141663,203.4172821044922,9.971435546875,0.33821412920951843,0.0
True,False,False,False,510,20.399999618530273,0.2758943438529968,19.975297927856445,0.828487753868103,200.45326232910156,9.826140403747559,0.33374711871147156,0.0
True,False,False,False,510,20.399999618530273,0.28653648495674133,19.937759399414062,0.8397873640060425,194.5864715576172,9.538552284240723,0.4438551366329193,0.0
True,False,False,False,510,20.399999618530273,0.2903146743774414,19.524587631225586,0.8573437333106995,175.9764862060547,8.626298904418945,0.4400358498096466,0.0
True,False,False,False,511,20.439998626708984,0.2934362292289734,19.87580108642578,0.8415375351905823,180.34303283691406,8.823044776916504,0.33590200543403625,0.0
True,False,False,False,511,20.439998626708984,0.2720215916633606,20.128082275390625,0.8234218955039978,183.41891479492188,8.973528861999512,0.33549806475639343,0.0
True,False,False,False,511,20.439998626708984,0.27731457352638245,20.165681838989258,0.8272698521614075,187.02467346191406,9.149935722351074,0.34343263506889343,0.0
True,False,False,False,511,20.439998626708984,0.2602926790714264,21.274011611938477,0.779717743396759,200.94842529296875,9.831136703491211,0.43901368975639343,0.0
True,False,False,False,511,20.439998626708984,0.2763550281524658,19.89216423034668,0.8294424414634705,175.41322326660156,8.581860542297363,0.33571168780326843,0.0
True,False,False,False,511,20.439998626708984,0.2813219726085663,19.888452529907227,0.8316596746444702,176.97393798828125,8.65821647644043,0.33690187335014343,0.0
True,False,False,False,511,20.439998626708984,0.26870983839035034,21.005474090576172,0.7901007533073425,205.83526611328125,10.070219039916992,0.43422242999076843,0.0
True,False,False,False,511,20.439998626708984,0.2858637571334839,19.65450668334961,0.841913640499115,180.46685791015625,8.829103469848633,0.33699342608451843,0.0
True,False,False,False,512,20.479999542236328,0.29256072640419006,21.119304656982422,0.7944197058677673,213.06629943847656,10.4036283493042,0.4368067681789398,0.0
True,False,False,False,512,20.479999542236328,0.29951557517051697,20.425434112548828,0.8272963166236877,174.0406036376953,8.498076438903809,0.3348695933818817,0.0
True,False,False,False,512,20.479999542236328,0.28594931960105896,20.756132125854492,0.8154353499412537,188.5050506591797,9.20434856414795,0.33557435870170593,0.0
True,False,False,False,513,20.520000457763672,0.29866936802864075,20.70365333557129,0.810310959815979,186.9899139404297,9.112568855285645,0.33787843585014343,0.0
True,False,False,False,513,20.520000457763672,0.27526089549064636,19.86803436279297,0.8486732244491577,170.90545654296875,8.328725814819336,0.3403322398662567,0.0
True,False,False,False,513,20.520000457763672,0.2786732017993927,19.58675193786621,0.8642718195915222,172.135498046875,8.38866901397705,0.33769533038139343,0.0
True,False,False,False,513,20.520000457763672,0.29685160517692566,20.040205001831055,0.8398258686065674,176.19358825683594,8.586432456970215,0.33642885088920593,0.0
True,False,False,False,513,20.520000457763672,0.299058735370636,19.736425399780273,0.8545240163803101,171.69956970214844,8.367424964904785,0.33693280816078186,0.0
True,False,False,False,514,20.559999465942383,0.27469390630722046,19.686763763427734,0.8486948609352112,175.41326904296875,8.531773567199707,0.33684083819389343,0.0
True,False,False,False,514,20.559999465942383,0.28742414712905884,19.888425827026367,0.8289494514465332,182.06005859375,8.855061531066895,0.3356172740459442,0.0
True,False,False,False,514,20.559999465942383,0.2842250466346741,20.349332809448242,0.8246507048606873,175.41322326660156,8.531771659851074,0.33746644854545593,0.0
True,False,False,False,514,20.559999465942383,0.2951924800872803,20.06240463256836,0.8379998803138733,176.17849731445312,8.56899356842041,0.43716171383857727,0.0
True,False,False,False,514,20.559999465942383,0.27976226806640625,20.826377868652344,0.813822329044342,192.11065673828125,9.343903541564941,0.33320924639701843,0.0
True,False,False,False,515,20.600000381469727,0.2781763970851898,20.080598831176758,0.8411686420440674,181.12339782714844,8.792397499084473,0.33720704913139343,0.0
True,False,False,False,515,20.600000381469727,0.2748076915740967,19.837739944458008,0.8334357738494873,171.3094024658203,8.315990447998047,0.33565065264701843,0.0
True,False,False,False,516,20.639999389648438,0.26785367727279663,19.55229377746582,0.8428694009780884,173.63548278808594,8.412571907043457,0.43664494156837463,0.0
True,False,False,False,516,20.639999389648438,0.29669350385665894,20.526887893676758,0.8137499690055847,196.21453857421875,9.506518363952637,0.43608400225639343,0.0
True,False,False,False,516,20.639999389648438,0.2780797779560089,20.415781021118164,0.8281800150871277,187.72457885742188,9.095183372497559,0.4371483027935028,0.0
True,False,False,False,517,20.68000030517578,0.28357598185539246,20.15831184387207,0.8297544121742249,176.97386169433594,8.557729721069336,0.4374859035015106,0.0
True,False,False,False,517,20.68000030517578,0.29286688566207886,22.416669845581055,0.7547292113304138,239.98106384277344,11.604499816894531,0.33616945147514343,0.0
True,False,False,False,517,20.68000030517578,0.28446778655052185,19.900455474853516,0.832378089427948,178.7215576171875,8.642241477966309,0.43533632159233093,0.0
True,False,False,False,517,20.68000030517578,0.2803875803947449,20.702836990356445,0.8163876533508301,189.28530883789062,9.153060913085938,0.43751832842826843,0.0
True,False,False,False,517,20.68000030517578,0.27502062916755676,20.048030853271484,0.8274148106575012,197.01551818847656,9.526862144470215,0.33610841631889343,0.0
True,False,False,False,517,20.68000030517578,0.2873697876930237,20.600296020507812,0.8134766817092896,200.32933044433594,9.687105178833008,0.33545228838920593,0.0
True,False,False,False,518,20.719999313354492,0.2709721028804779,21.111474990844727,0.7998464703559875,210.5231475830078,10.160384178161621,0.4362289607524872,0.0
True,False,False,False,518,20.719999313354492,0.2989024817943573,20.418550491333008,0.8199936747550964,201.0641326904297,9.70386791229248,0.33467409014701843,0.0
True,False,False,False,518,20.719999313354492,0.2755811810493469,20.295045852661133,0.8299025893211365,179.50189208984375,8.663219451904297,0.43593141436576843,0.0
True,False,False,False,519,20.760000228881836,0.2916516661643982,19.626903533935547,0.8565204739570618,180.54507446289062,8.696776390075684,0.33781740069389343,0.0
True,False,False,False,519,20.760000228881836,0.2925463616847992,19.625024795532227,0.8580969572067261,179.31507873535156,8.637527465820312,0.33761903643608093,0.0
True,False,False,False,519,20.760000228881836,0.2929823100566864,21.295326232910156,0.7737419605255127,190.9781951904297,9.199335098266602,0.33900758624076843,0.0
True,False,False,False,519,20.760000228881836,0.2806071937084198,19.926374435424805,0.8284974098205566,197.00436401367188,9.489612579345703,0.33726808428764343,0.0
True,False,False,False,519,20.760000228881836,0.2718079090118408,23.186275482177734,0.7233313918113708,243.5492706298828,11.731659889221191,0.43574830889701843,0.0
True,False,False,False,519,20.760000228881836,0.26826155185699463,20.405040740966797,0.8223203420639038,198.75755310058594,9.574063301086426,0.3344070613384247,0.0
True,False,False,False,519,20.760000228881836,0.2798513174057007,20.199533462524414,0.8300202488899231,186.74232482910156,8.995294570922852,0.33479616045951843,0.0
True,False,False,False,520,20.799999237060547,0.28111645579338074,20.251766204833984,0.8370225429534912,205.70892333984375,9.889852523803711,0.33427736163139343,0.0
True,False,False,False,520,20.799999237060547,0.2774728536605835,20.957550048828125,0.7864829301834106,191.82545471191406,9.22237777709961,0.43759462237358093,0.0
True,False,False,False,520,20.799999237060547,0.2807552218437195,19.967113494873047,0.8482173085212708,172.8701934814453,8.311067581176758,0.3378344476222992,0.0
True,False,False,False,520,20.799999237060547,0.28306564688682556,20.52109718322754,0.8226369619369507,178.78233337402344,8.595304489135742,0.33804628252983093,0.0
True,False,False,False,520,20.799999237060547,0.29833734035491943,21.255664825439453,0.7954221367835999,216.3898162841797,10.403356552124023,0.43472597002983093,0.0
True,False,False,False,520,20.799999237060547,0.270018607378006,20.160240173339844,0.8237533569335938,185.63124084472656,8.924579620361328,0.33662721514701843,0.0
True,False,False,False,520,20.799999237060547,0.28093066811561584,19.62510108947754,0.8443725109100342,179.90724182128906,8.64938735961914,0.33708497881889343,0.0
True,False,False,False,520,20.799999237060547,0.2938644289970398,20.951831817626953,0.8058849573135376,182.84033203125,8.790400505065918,0.4365188777446747,0.0
True,False,False,False,520,20.799999237060547,0.26808446645736694,19.804664611816406,0.8446272015571594,178.7823486328125,8.595305442810059,0.33726808428764343,0.0
True,False,False,False,520,20.799999237060547,0.2805712819099426,20.424455642700195,0.8144404292106628,189.56692504882812,9.113795280456543,0.33931270241737366,0.0
True,False,False,False,521,20.84000015258789,0.2757549285888672,20.858022689819336,0.8081710934638977,217.68272399902344,10.445427894592285,0.43605390191078186,0.0
True,False,False,False,521,20.84000015258789,0.2776297628879547,19.90481185913086,0.8283827304840088,186.14886474609375,8.932287216186523,0.4371636211872101,0.0
True,False,False,False,521,20.84000015258789,0.27326375246047974,19.948503494262695,0.8378700613975525,178.98439025878906,8.588501930236816,0.3364364802837372,0.0
True,False,False,False,521,20.84000015258789,0.2951613962650299,19.8438720703125,0.8430203795433044,176.94395446777344,8.490592956542969,0.33880922198295593,0.0
True,False,False,False,522,20.8799991607666,0.2877531051635742,19.994529724121094,0.8343418836593628,181.27975463867188,8.681981086730957,0.3375694453716278,0.0
True,False,False,False,522,20.8799991607666,0.2913450002670288,19.60544776916504,0.840663731098175,184.44691467285156,8.833664894104004,0.3427078425884247,0.0
True,False,False,False,522,20.8799991607666,0.2915518879890442,21.606897354125977,0.7778769731521606,216.62109375,10.374573707580566,0.33333131670951843,0.0
True,False,False,False,522,20.8799991607666,0.26246345043182373,20.356563568115234,0.8323080539703369,185.9619598388672,8.906224250793457,0.33415529131889343,0.0
True,False,False,False,522,20.8799991607666,0.276538610458374,19.681570053100586,0.8612741231918335,175.7596435546875,8.417608261108398,0.3383025825023651,0.0
True,False,False,False,522,20.8799991607666,0.26848843693733215,19.763935089111328,0.8494502902030945,188.7983856201172,9.042068481445312,0.33631059527397156,0.0
True,False,False,False,523,20.920000076293945,0.28567180037498474,19.906105041503906,0.8274770975112915,181.27976989746094,8.665380477905273,0.33595582842826843,0.0
True,False,False,False,523,20.920000076293945,0.2926267683506012,20.320953369140625,0.8138336539268494,207.99522399902344,9.942410469055176,0.43675538897514343,0.0
True,False,False,False,524,20.959999084472656,0.2741312086582184,20.244888305664062,0.8336616158485413,171.3094024658203,8.173158645629883,0.33752331137657166,0.0
True,False,False,False,524,20.959999084472656,0.26299405097961426,20.161418914794922,0.8363641500473022,199.0049285888672,9.494510650634766,0.33453676104545593,0.0
True,False,False,False,524,20.959999084472656,0.27419233322143555,19.9483699798584,0.8304569125175476,182.044921875,8.685349464416504,0.43585512042045593,0.0
True,False,False,False,525,21.0,0.2660602629184723,23.797786712646484,0.699496865272522,225.4761962890625,10.736961364746094,0.33140870928764343,0.0
True,False,False,False,525,21.0,0.270267128944397,19.661075592041016,0.8400363326072693,184.1992645263672,8.771393775939941,0.33844301104545593,0.0
True,False,False,False,525,21.0,0.2734341323375702,19.859027862548828,0.8377505540847778,180.29739379882812,8.585590362548828,0.33540651202201843,0.0
True,False,False,False,525,21.0,0.29404810070991516,19.968082427978516,0.8245661854743958,192.24563598632812,9.15455436706543,0.3376477062702179,0.0
True,False,False,False,525,21.0,0.29920509457588196,20.634531021118164,0.8047183752059937,218.30795288085938,10.39561653137207,0.43483278155326843,0.0
True,False,False,False,525,21.0,0.289929062128067,20.521581649780273,0.8096650242805481,189.5330047607422,9.025381088256836,0.43666383624076843,0.0
True,False,False,False,525,21.0,0.2975673973560333,19.64170265197754,0.8481605052947998,177.956298828125,8.474109649658203,0.33778688311576843,0.0
True,False,False,False,525,21.0,0.27565982937812805,20.321735382080078,0.8172850608825684,193.09300231933594,9.194905281066895,0.3351920545101166,0.0
True,False,False,False,526,21.03999900817871,0.2937238812446594,20.300142288208008,0.8214679956436157,183.66647338867188,8.729395866394043,0.3367255628108978,0.0
True,False,False,False,526,21.03999900817871,0.27408817410469055,20.048595428466797,0.8371394276618958,176.77191162109375,8.401707649230957,0.4359206259250641,0.0
True,False,False,False,526,21.03999900817871,0.258992075920105,22.171489715576172,0.7548131942749023,211.67889404296875,10.060784339904785,0.33323976397514343,0.0
True,False,False,False,526,21.03999900817871,0.2685415744781494,20.28241729736328,0.8288364410400391,216.93258666992188,10.310484886169434,0.3349296748638153,0.0
True,False,False,False,527,21.079999923706055,0.2986651062965393,20.166061401367188,0.8314157128334045,186.44610595703125,8.84469223022461,0.3348709046840668,0.0
True,False,False,False,527,21.079999923706055,0.26692822575569153,20.439027786254883,0.8292131423950195,179.56272888183594,8.518156051635742,0.33648064732551575,0.0
True,False,False,False,527,21.079999923706055,0.2644810378551483,21.089916229248047,0.7848399877548218,203.1656951904297,9.63784122467041,0.44255372881889343,0.0
True,False,False,False,527,21.079999923706055,0.2663952112197876,20.074737548828125,0.8347015380859375,187.14947509765625,8.878058433532715,0.33632203936576843,0.0
True,False,False,False,527,21.079999923706055,0.2869952619075775,20.530128479003906,0.8088151812553406,219.14962768554688,10.396092414855957,0.34123536944389343,0.0
True,False,False,False,527,21.079999923706055,0.2675972878932953,20.999759674072266,0.8034502267837524,203.2267303466797,9.64073657989502,0.43370363116264343,0.0
True,False,False,False,527,21.079999923706055,0.2787846326828003,19.65504264831543,0.8426556587219238,179.5019073486328,8.515271186828613,0.43809816241264343,0.0
True,False,False,False,528,21.119998931884766,0.27200639247894287,20.195621490478516,0.8238595128059387,179.51695251464844,8.499855995178223,0.43452760577201843,0.0
True,False,False,False,528,21.119998931884766,0.2685677707195282,20.367860794067383,0.8225903511047363,188.5050506591797,8.925429344177246,0.33504030108451843,0.0
True,False,False,False,528,21.119998931884766,0.27458885312080383,21.029796600341797,0.798707902431488,214.62698364257812,10.162262916564941,0.43631288409233093,0.0
True,False,False,False,528,21.119998931884766,0.272948682308197,20.369970321655273,0.8269117474555969,182.0450439453125,8.61955738067627,0.43686220049858093,0.0
True,False,False,False,528,21.119998931884766,0.2982829511165619,22.601985931396484,0.7281206846237183,201.98472595214844,9.563671112060547,0.33734437823295593,0.0
True,False,False,False,528,21.119998931884766,0.2881123423576355,20.729257583618164,0.8098608255386353,186.19451904296875,8.816028594970703,0.43513795733451843,0.0
True,False,False,False,528,21.119998931884766,0.27299630641937256,19.998313903808594,0.8361020088195801,178.73667907714844,8.462911605834961,0.3361198604106903,0.0
True,False,False,False,528,21.119998931884766,0.27064335346221924,22.3369083404541,0.743631899356842,229.08029174804688,10.84660530090332,0.33734437823295593,0.0
True,False,False,False,528,21.119998931884766,0.2846548557281494,20.032743453979492,0.8339785933494568,184.40122985839844,8.731119155883789,0.33479616045951843,0.0
True,False,False,False,529,21.15999984741211,0.29612186551094055,20.02518081665039,0.8355937600135803,178.53463745117188,8.43736457824707,0.33761903643608093,0.0
True,False,False,False,529,21.15999984741211,0.27291372418403625,19.728883743286133,0.8468196392059326,176.9739532470703,8.363608360290527,0.3371087610721588,0.0
True,False,False,False,529,21.15999984741211,0.2889406085014343,20.029205322265625,0.8380420804023743,178.7366180419922,8.44690990447998,0.3376787602901459,0.0
True,False,False,False,529,21.15999984741211,0.2666841745376587,19.85630989074707,0.8295601606369019,189.75225830078125,8.967497825622559,0.3372947871685028,0.0
True,False,False,False,529,21.15999984741211,0.28758588433265686,20.352445602416992,0.8171680569648743,194.1511688232422,9.175386428833008,0.33810731768608093,0.0
True,False,False,False,529,21.15999984741211,0.2882552742958069,19.544527053833008,0.8570017218589783,179.31500244140625,8.474244117736816,0.33766481280326843,0.0
True,False,False,False,530,21.19999885559082,0.2928306758403778,19.780790328979492,0.8417937755584717,182.06011962890625,8.58774185180664,0.33612367510795593,0.0
True,False,False,False,530,21.19999885559082,0.29679885506629944,19.604721069335938,0.8426874876022339,179.51702880859375,8.467784881591797,0.44092103838920593,0.0
True,False,False,False,530,21.19999885559082,0.28998124599456787,20.151996612548828,0.8345108032226562,174.6328582763672,8.237399101257324,0.33700868487358093,0.0
True,False,False,False,530,21.19999885559082,0.27256107330322266,20.186904907226562,0.8383982181549072,180.29739379882812,8.504594802856445,0.336349219083786,0.0
True,False,False,False,530,21.19999885559082,0.2658267319202423,19.950332641601562,0.8300448656082153,188.47508239746094,8.890334129333496,0.33809205889701843,0.0
True,False,False,False,530,21.19999885559082,0.2722536623477936,19.9632625579834,0.8447697758674622,181.06268310546875,8.540693283081055,0.43806764483451843,0.0
True,False,False,False,530,21.19999885559082,0.2606138288974762,21.82236099243164,0.7541607022285461,259.195556640625,12.226205825805664,0.3365761935710907,0.0
True,False,False,False,530,21.19999885559082,0.27734556794166565,19.978668212890625,0.8296413421630859,183.4188232421875,8.65183162689209,0.33694764971733093,0.0
True,False,False,False,530,21.19999885559082,0.29365187883377075,19.57486915588379,0.8592966794967651,179.08309936523438,8.44731616973877,0.33858034014701843,0.0
True,False,False,False,530,21.19999885559082,0.2991807758808136,20.870168685913086,0.8111519813537598,193.18714904785156,9.112602233886719,0.33566591143608093,0.0
True,False,False,False,531,21.239999771118164,0.2825673818588257,20.124967575073242,0.8375762104988098,185.77377319335938,8.746411323547363,0.33621522784233093,0.0
True,False,False,False,531,21.239999771118164,0.2736877202987671,20.245283126831055,0.8126127123832703,218.00929260253906,10.264091491699219,0.3331863582134247,0.0
True,False,False,False,531,21.239999771118164,0.2780447006225586,21.14215087890625,0.8014155030250549,205.05233764648438,9.654065132141113,0.33391115069389343,0.0
True,False,False,False,532,21.279998779296875,0.2728671431541443,19.794544219970703,0.8354359269142151,186.16395568847656,8.748306274414062,0.33798524737358093,0.0
True,False,False,False,532,21.279998779296875,0.2848784923553467,20.105606079101562,0.8319478631019592,189.28541564941406,8.894991874694824,0.33816173672676086,0.0
True,False,False,False,533,21.31999969482422,0.2895562946796417,21.793943405151367,0.7572804689407349,245.79689025878906,11.528935432434082,0.44514772295951843,0.0
True,False,False,False,533,21.31999969482422,0.2700226604938507,19.834047317504883,0.8302479982376099,185.96197509765625,8.722418785095215,0.33711549639701843,0.0
True,False,False,False,533,21.31999969482422,0.2801319658756256,19.811206817626953,0.8418974876403809,182.10585021972656,8.541550636291504,0.33800050616264343,0.0
True,False,False,False,533,21.31999969482422,0.2708931565284729,20.976804733276367,0.7901512980461121,214.3558807373047,10.054216384887695,0.43364259600639343,0.0
True,False,False,False,533,21.31999969482422,0.28040072321891785,20.24968147277832,0.8302616477012634,185.3834991455078,8.69528579711914,0.4372970163822174,0.0
True,False,False,False,533,21.31999969482422,0.26538997888565063,19.99547576904297,0.8414044380187988,178.53472900390625,8.374049186706543,0.33728334307670593,0.0
True,False,False,False,534,21.35999870300293,0.26486027240753174,20.720916748046875,0.8180205821990967,205.53945922851562,9.622634887695312,0.33420106768608093,0.0
True,False,False,False,535,21.399999618530273,0.27501922845840454,20.77029037475586,0.7989152073860168,200.18759155273438,9.354560852050781,0.43181154131889343,0.0
True,False,False,False,535,21.399999618530273,0.2978280782699585,20.220300674438477,0.8213098645210266,200.15768432617188,9.35316276550293,0.3391105830669403,0.0
True,False,False,False,535,21.399999618530273,0.29233086109161377,20.096662521362305,0.8274327516555786,197.98825073242188,9.251787185668945,0.44201579689979553,0.0
True,False,False,False,536,21.439998626708984,0.2975876033306122,21.296672821044922,0.783921480178833,221.8486328125,10.347417831420898,0.33363649249076843,0.0
True,False,False,False,536,21.439998626708984,0.2678675651550293,21.026798248291016,0.803715169429779,209.14512634277344,9.754903793334961,0.33270570635795593,0.0
True,False,False,False,536,21.439998626708984,0.2936299741268158,20.479707717895508,0.8104783892631531,191.25013732910156,8.920249938964844,0.3348352611064911,0.0
True,False,False,False,536,21.439998626708984,0.2739458978176117,20.27944564819336,0.8227216601371765,190.12522888183594,8.867781639099121,0.33592531085014343,0.0
True,False,False,False,536,21.439998626708984,0.28106889128685,19.844383239746094,0.8432922959327698,186.51034545898438,8.699176788330078,0.3391312062740326,0.0
True,False,False,False,536,21.439998626708984,0.2693224549293518,20.233219146728516,0.8296905755996704,185.36849975585938,8.645919799804688,0.43716737627983093,0.0
True,False,False,False,536,21.439998626708984,0.2693786919116974,21.475767135620117,0.7710980772972107,222.9161834716797,10.397211074829102,0.43599244952201843,0.0
True,False,False,False,537,21.479999542236328,0.2671703100204468,21.07920265197754,0.7871527671813965,213.3616485595703,9.933037757873535,0.3355667293071747,0.0
True,False,False,False,537,21.479999542236328,0.2917080521583557,21.08684730529785,0.7989476323127747,219.72821044921875,10.229433059692383,0.43587037920951843,0.0
True,False,False,False,537,21.479999542236328,0.29129019379615784,20.19028091430664,0.82656329870224,184.867919921875,8.606513977050781,0.43721315264701843,0.0
True,False,False,False,537,21.479999542236328,0.29901987314224243,19.9853572845459,0.8329501748085022,197.4930419921875,9.194275856018066,0.33579275012016296,0.0
True,False,False,False,538,21.520000457763672,0.2789382338523865,20.267396926879883,0.8354114890098572,183.38897705078125,8.5217924118042,0.33690187335014343,0.0
True,False,False,False,538,21.520000457763672,0.27533721923828125,20.463211059570312,0.8238089680671692,191.61256408691406,8.903929710388184,0.33690187335014343,0.0
True,False,False,False,538,21.520000457763672,0.2945528030395508,19.804471969604492,0.8483790159225464,187.52264404296875,8.71387767791748,0.33735963702201843,0.0
True,False,False,False,539,21.559999465942383,0.2777426242828369,20.18217658996582,0.8157730102539062,197.16238403320312,9.14482307434082,0.33519288897514343,0.0
True,False,False,False,539,21.559999465942383,0.286685973405838,19.985519409179688,0.8395382761955261,194.00836181640625,8.998533248901367,0.33705446124076843,0.0
True,False,False,False,539,21.559999465942383,0.2826199531555176,20.817249298095703,0.8087106347084045,213.09983825683594,9.884037017822266,0.33403322100639343,0.0
True,False,False,False,540,21.600000381469727,0.2898806631565094,20.672704696655273,0.8054731488227844,214.26287841796875,9.919577598571777,0.43472597002983093,0.0
True,False,False,False,540,21.600000381469727,0.29517146944999695,20.380022048950195,0.8313305974006653,183.40383911132812,8.490918159484863,0.3387995660305023,0.0
True,False,False,False,540,21.600000381469727,0.2732476592063904,20.425445556640625,0.8165422677993774,194.37161254882812,8.998685836791992,0.33705446124076843,0.0
True,False,False,False,540,21.600000381469727,0.2771602272987366,20.850168228149414,0.8082627654075623,204.12608337402344,9.450281143188477,0.33618471026420593,0.0
True,False,False,False,540,21.600000381469727,0.27422550320625305,20.005441665649414,0.8396133780479431,186.94432067871094,8.654829978942871,0.33586427569389343,0.0
True,False,False,False,540,21.600000381469727,0.2815781533718109,20.23296546936035,0.8370671272277832,187.72467041015625,8.690957069396973,0.3379356563091278,0.0
True,False,False,False,540,21.600000381469727,0.29851531982421875,21.157888412475586,0.7918059825897217,197.54696655273438,9.145692825317383,0.33764955401420593,0.0
True,False,False,False,540,21.600000381469727,0.274226576089859,21.962604522705078,0.7645401358604431,244.60641479492188,11.324370384216309,0.43579408526420593,0.0
True,False,False,False,541,21.639999389648438,0.28121837973594666,20.147384643554688,0.8368992805480957,178.73660278320312,8.259547233581543,0.33754274249076843,0.0
True,False,False,False,541,21.639999389648438,0.2958640456199646,20.73396110534668,0.8043533563613892,215.60369873046875,9.963202476501465,0.43547365069389343,0.0
True,False,False,False,541,21.639999389648438,0.26032957434654236,22.011320114135742,0.7492635846138,220.7409210205078,10.200597763061523,0.3333389461040497,0.0
True,False,False,False,541,21.639999389648438,0.279358446598053,19.986312866210938,0.8340606093406677,182.04502868652344,8.412432670593262,0.4375704824924469,0.0
True,False,False,False,541,21.639999389648438,0.2787246108055115,20.340621948242188,0.830903172492981,184.09124755859375,8.506989479064941,0.43419191241264343,0.0
True,False,False,False,542,21.68000030517578,0.2813129425048828,20.549415588378906,0.824508547782898,186.16403198242188,8.586901664733887,0.33574220538139343,0.0
True,False,False,False,542,21.68000030517578,0.28291648626327515,21.04863739013672,0.795176088809967,215.3533935546875,9.933274269104004,0.33314821124076843,0.0
True,False,False,False,542,21.68000030517578,0.2838345468044281,20.24236297607422,0.8336595296859741,186.16395568847656,8.586897850036621,0.33708372712135315,0.0
True,False,False,False,543,21.719999313354492,0.2921210825443268,20.172515869140625,0.820715606212616,200.53146362304688,9.232572555541992,0.33534547686576843,0.0
True,False,False,False,543,21.719999313354492,0.2760705053806305,19.720666885375977,0.8370944261550903,189.48741149902344,8.724098205566406,0.33679506182670593,0.0
True,False,False,False,543,21.719999313354492,0.28780248761177063,19.929367065429688,0.8408157229423523,193.37420654296875,8.903048515319824,0.43863222002983093,0.0
True,False,False,False,543,21.719999313354492,0.2734113931655884,19.907943725585938,0.8457081317901611,186.53543090820312,8.588188171386719,0.33635255694389343,0.0
True,False,False,False,543,21.719999313354492,0.2975568473339081,24.034351348876953,0.7041003704071045,239.5838165283203,11.030562400817871,0.33084413409233093,0.0
True,False,False,False,543,21.719999313354492,0.28735584020614624,20.155744552612305,0.8246979713439941,200.28378295898438,9.221168518066406,0.3358137309551239,0.0
True,False,False,False,543,21.719999313354492,0.2805696129798889,23.662097930908203,0.6991775035858154,233.217041015625,10.737433433532715,0.33325818181037903,0.0
True,False,False,False,543,21.719999313354492,0.29354915022850037,20.4123477935791,0.8153699636459351,215.56202697753906,9.92458724975586,0.43655702471733093,0.0
True,False,False,False,543,21.719999313354492,0.27048012614250183,20.32407569885254,0.8199842572212219,187.72463989257812,8.642939567565918,0.33644410967826843,0.0
True,False,False,False,543,21.719999313354492,0.2759256660938263,19.6914005279541,0.8440423607826233,183.62081909179688,8.453997611999512,0.33745118975639343,0.0
True,False,False,False,544,21.760000228881836,0.27864670753479004,19.966413497924805,0.8474189043045044,178.7366485595703,8.214000701904297,0.33769533038139343,0.0
True,False,False,False,544,21.760000228881836,0.29295551776885986,20.11185646057129,0.8326423168182373,186.14886474609375,8.554635047912598,0.43834230303764343,0.0
True,False,False,False,544,21.760000228881836,0.2993532717227936,20.344324111938477,0.8289533853530884,185.38360595703125,8.5194673538208,0.3371545374393463,0.0
True,False,False,False,544,21.760000228881836,0.2990751564502716,19.962318420410156,0.8248476982116699,194.37167358398438,8.93252182006836,0.3379928767681122,0.0
True,False,False,False,544,21.760000228881836,0.28578928112983704,19.260534286499023,0.8607394695281982,193.2005615234375,8.878702163696289,0.33951112627983093,0.0
True,False,False,False,545,21.799999237060547,0.28508666157722473,20.746829986572266,0.8161593079566956,195.9320526123047,8.987709045410156,0.4377090632915497,0.0
True,False,False,False,545,21.799999237060547,0.2965054512023926,20.84163475036621,0.8082283735275269,194.07537841796875,8.90254020690918,0.33629152178764343,0.0
True,False,False,False,545,21.799999237060547,0.26809218525886536,21.23215675354004,0.7981089949607849,214.04025268554688,9.818360328674316,0.43745729327201843,0.0
True,False,False,False,545,21.799999237060547,0.29445475339889526,20.771364212036133,0.7925853729248047,226.95921325683594,10.41097354888916,0.43571779131889343,0.0
True,False,False,False,547,21.8799991607666,0.27965614199638367,20.982357025146484,0.7993122935295105,201.46627807617188,9.207782745361328,0.3362724483013153,0.0
True,False,False,False,547,21.8799991607666,0.2849535644054413,20.8748722076416,0.8001821041107178,228.2671661376953,10.432685852050781,0.43937990069389343,0.0
True,False,False,False,547,21.8799991607666,0.28169286251068115,19.677547454833984,0.838337779045105,190.26779174804688,8.695968627929688,0.33906862139701843,0.0
True,False,False,False,547,21.8799991607666,0.2940601408481598,19.83492660522461,0.8370241522789001,188.70712280273438,8.624640464782715,0.33647462725639343,0.0
True,False,False,False,547,21.8799991607666,0.27620887756347656,24.386484146118164,0.6808235049247742,272.11944580078125,12.436903953552246,0.32982179522514343,0.0
True,False,False,False,548,21.920000076293945,0.27335184812545776,20.31424903869629,0.8339924812316895,186.42872619628906,8.504960060119629,0.34654542803764343,0.0
True,False,False,False,548,21.920000076293945,0.28103405237197876,19.91221809387207,0.8338563442230225,191.0938720703125,8.717785835266113,0.33780214190483093,0.0
True,False,False,False,548,21.920000076293945,0.2872261106967926,21.173770904541016,0.7928547859191895,232.55226135253906,10.609135627746582,0.43670961260795593,0.0
True,False,False,False,549,21.959999084472656,0.2907271087169647,19.97661018371582,0.8304725885391235,184.603271484375,8.406342506408691,0.33629152178764343,0.0
True,False,False,False,549,21.959999084472656,0.2816171646118164,20.57477378845215,0.8149634599685669,202.08090209960938,9.202227592468262,0.43721315264701843,0.0
True,False,False,False,549,21.959999084472656,0.2845377027988434,19.45954704284668,0.85325688123703,189.4874267578125,8.628753662109375,0.33839723467826843,0.0
True,False,False,False,549,21.959999084472656,0.29658257961273193,20.25202178955078,0.8330761194229126,189.48741149902344,8.628752708435059,0.33589479327201843,0.0
True,False,False,False,550,22.0,0.2698679268360138,20.85276222229004,0.8048021197319031,200.72235107421875,9.123743057250977,0.3359939754009247,0.0
True,False,False,False,550,22.0,0.29349687695503235,23.688364028930664,0.7126480937004089,271.6307678222656,12.346853256225586,0.43629762530326843,0.0
True,False,False,False,550,22.0,0.2816829979419708,20.147676467895508,0.8338870406150818,195.30638122558594,8.877562522888184,0.34179994463920593,0.0
True,False,False,False,550,22.0,0.28454890847206116,19.74562644958496,0.842728853225708,188.49012756347656,8.567732810974121,0.33850404620170593,0.0
True,False,False,False,550,22.0,0.28517258167266846,19.957107543945312,0.8467395305633545,190.26771545410156,8.64853286743164,0.33892616629600525,0.0
True,False,False,False,550,22.0,0.2822314202785492,21.271390914916992,0.7869336605072021,231.1578826904297,10.507176399230957,0.43968507647514343,0.0
True,False,False,False,551,22.03999900817871,0.2938867211341858,20.357994079589844,0.828948974609375,193.60682678222656,8.78433895111084,0.3369129002094269,0.0
True,False,False,False,551,22.03999900817871,0.2695777118206024,19.847410202026367,0.8421146273612976,200.03607177734375,9.07604694366455,0.33703920245170593,0.0
True,False,False,False,552,22.079999923706055,0.2943279445171356,19.80235481262207,0.8370485901832581,193.07553100585938,8.744362831115723,0.4363701045513153,0.0
True,False,False,False,552,22.079999923706055,0.2799859941005707,20.372116088867188,0.829237163066864,191.578125,8.676545143127441,0.3373214900493622,0.0
True,False,False,False,552,22.079999923706055,0.2795720398426056,20.305601119995117,0.8346388339996338,198.50595092773438,8.99030590057373,0.4377700984477997,0.0
True,False,False,False,552,22.079999923706055,0.2712416350841522,19.654800415039062,0.8484322428703308,191.0938720703125,8.654613494873047,0.33844301104545593,0.0
True,False,False,False,552,22.079999923706055,0.26724135875701904,21.383834838867188,0.7849528789520264,231.7657928466797,10.496639251708984,0.33336183428764343,0.0
True,False,False,False,552,22.079999923706055,0.2986266314983368,21.795886993408203,0.7631303071975708,244.94737243652344,11.09363079071045,0.4419967830181122,0.0
True,False,False,False,553,22.119998931884766,0.2834312915802002,19.838651657104492,0.8495113253593445,185.18161010742188,8.371682167053223,0.33838197588920593,0.0
True,False,False,False,553,22.119998931884766,0.2910231649875641,21.1226749420166,0.7900593876838684,226.45492553710938,10.237565040588379,0.43651124835014343,0.0
True,False,False,False,553,22.119998931884766,0.2805275619029999,21.920913696289062,0.7707329988479614,221.76092529296875,10.025359153747559,0.33319398760795593,0.0
True,False,False,False,553,22.119998931884766,0.2896011769771576,20.223833084106445,0.8178983926773071,198.3328094482422,8.966221809387207,0.33966371417045593,0.0
True,False,False,False,553,22.119998931884766,0.26409241557121277,20.294801712036133,0.8264074921607971,203.65286254882812,9.206729888916016,0.33601686358451843,0.0
True,False,False,False,553,22.119998931884766,0.28967899084091187,19.905519485473633,0.8383517861366272,190.85995483398438,8.628389358520508,0.33674928545951843,0.0
True,False,False,False,554,22.15999984741211,0.2999667525291443,20.311059951782227,0.8331589102745056,194.8558349609375,8.793133735656738,0.33638307452201843,0.0
True,False,False,False,554,22.15999984741211,0.2992188334465027,20.297868728637695,0.8346847891807556,187.1769561767578,8.446613311767578,0.43696901202201843,0.0
True,False,False,False,554,22.15999984741211,0.29561784863471985,22.974952697753906,0.7242862582206726,257.1451721191406,11.604023933410645,0.3394577205181122,0.0
True,False,False,False,554,22.15999984741211,0.2902698814868927,20.553325653076172,0.8172330856323242,202.8913116455078,9.155745506286621,0.33839723467826843,0.0
True,False,False,False,554,22.15999984741211,0.2712991535663605,21.267597198486328,0.7937629222869873,215.4207000732422,9.721150398254395,0.33339235186576843,0.0
True,False,False,False,555,22.19999885559082,0.2681424915790558,19.609466552734375,0.8430866003036499,195.54209899902344,8.808202743530273,0.33772584795951843,0.0
True,False,False,False,555,22.19999885559082,0.2988404929637909,20.63203239440918,0.7995680570602417,217.5891876220703,9.801315307617188,0.44545289874076843,0.0
True,False,False,False,555,22.19999885559082,0.2872579097747803,22.35203742980957,0.7554255127906799,202.49041748046875,9.121190071105957,0.43489381670951843,0.0
True,False,False,False,555,22.19999885559082,0.27569419145584106,20.44282341003418,0.8259202837944031,187.92674255371094,8.465168952941895,0.33740541338920593,0.0
True,False,False,False,555,22.19999885559082,0.2835758328437805,19.978052139282227,0.8378006815910339,191.0331573486328,8.605097770690918,0.33873292803764343,0.0
True,False,False,False,555,22.19999885559082,0.26812684535980225,20.689462661743164,0.8154540061950684,187.19187927246094,8.432066917419434,0.4382278621196747,0.0
True,False,False,False,555,22.19999885559082,0.29846614599227905,19.719388961791992,0.8439096212387085,189.47232055664062,8.5347900390625,0.4398680627346039,0.0
True,False,False,False,555,22.19999885559082,0.2922585606575012,21.033384323120117,0.7984249591827393,227.7395782470703,10.258540153503418,0.43608400225639343,0.0
True,False,False,False,555,22.19999885559082,0.2795250713825226,20.275304794311523,0.8241580128669739,226.16952514648438,10.187816619873047,0.3385064899921417,0.0
True,False,False,False,556,22.239999771118164,0.26999902725219727,19.7386474609375,0.8374451994895935,193.59130859375,8.704645156860352,0.3371879756450653,0.0
True,False,False,False,556,22.239999771118164,0.288847416639328,20.615800857543945,0.8022176027297974,202.0009307861328,9.082776069641113,0.33523866534233093,0.0
True,False,False,False,556,22.239999771118164,0.2964553236961365,19.802236557006836,0.8326590657234192,192.03050231933594,8.634465217590332,0.33659669756889343,0.0
True,False,False,False,556,22.239999771118164,0.26754868030548096,20.9642391204834,0.8055117726325989,203.854736328125,9.166130065917969,0.3354022800922394,0.0
True,False,False,False,557,22.279998779296875,0.26924529671669006,20.50664520263672,0.8139792084693909,200.72238159179688,9.00908374786377,0.33601686358451843,0.0
True,False,False,False,557,22.279998779296875,0.29463085532188416,20.48965835571289,0.8158530592918396,198.49107360839844,8.908935546875,0.34189215302467346,0.0
True,False,False,False,557,22.279998779296875,0.2954927980899811,20.296939849853516,0.8299148678779602,195.15196228027344,8.759065628051758,0.3379424512386322,0.0
True,False,False,False,558,22.31999969482422,0.2891498804092407,19.94166374206543,0.8342289924621582,198.72303771972656,8.903362274169922,0.33668825030326843,0.0
True,False,False,False,558,22.31999969482422,0.2677305042743683,20.319517135620117,0.8324803113937378,187.92674255371094,8.419656753540039,0.33830568194389343,0.0
True,False,False,False,559,22.35999870300293,0.27343830466270447,20.909719467163086,0.798718273639679,240.38232421875,10.7505521774292,0.4393417537212372,0.0
True,False,False,False,559,22.35999870300293,0.27581703662872314,19.92123794555664,0.8341657519340515,188.75271606445312,8.441534996032715,0.33784791827201843,0.0
True,False,False,False,560,22.399999618530273,0.2694384753704071,19.961374282836914,0.8277772068977356,200.23814392089844,8.939203262329102,0.33833619952201843,0.0
True,False,False,False,560,22.399999618530273,0.28881582617759705,19.700885772705078,0.8377679586410522,202.56411743164062,9.043041229248047,0.43748781085014343,0.0
True,False,False,False,561,22.439998626708984,0.294929176568985,20.706222534179688,0.8082930445671082,223.903076171875,9.977855682373047,0.4379444420337677,0.0
True,False,False,False,561,22.439998626708984,0.2796960473060608,20.468339920043945,0.824542760848999,194.85580444335938,8.683414459228516,0.43730470538139343,0.0
True,False,False,False,561,22.439998626708984,0.28973332047462463,20.612655639648438,0.8028179407119751,226.84703063964844,10.109047889709473,0.33540651202201843,0.0
True,False,False,False,561,22.439998626708984,0.2731044888496399,20.263708114624023,0.8248439431190491,205.5400848388672,9.159541130065918,0.33594056963920593,0.0
True,False,False,False,562,22.479999542236328,0.2900140583515167,20.177457809448242,0.8251729011535645,196.13430786132812,8.724836349487305,0.33850404620170593,0.0
True,False,False,False,562,22.479999542236328,0.29480189085006714,20.079259872436523,0.8285507559776306,199.50338745117188,8.874706268310547,0.43646547198295593,0.0
True,False,False,False,564,22.559999465942383,0.29889005422592163,20.267187118530273,0.8351356387138367,188.70704650878906,8.36467456817627,0.33621522784233093,0.0
True,False,False,False,564,22.559999465942383,0.2773926556110382,20.051477432250977,0.829246461391449,204.5271759033203,9.06592082977295,0.33761903643608093,0.0
True,False,False,False,565,22.600000381469727,0.2676790654659271,20.477516174316406,0.8258535265922546,207.07015991210938,9.162396430969238,0.33778688311576843,0.0
True,False,False,False,565,22.600000381469727,0.281065970659256,19.91054344177246,0.8393738269805908,193.59117126464844,8.565980911254883,0.33717653155326843,0.0
True,False,False,False,565,22.600000381469727,0.2793779671192169,20.535642623901367,0.8120939135551453,198.9596405029297,8.803524017333984,0.3363606631755829,0.0
True,False,False,False,565,22.600000381469727,0.29801684617996216,20.0331974029541,0.8221864700317383,198.92498779296875,8.801990509033203,0.33653566241264343,0.0
True,False,False,False,566,22.639999389648438,0.2675516903400421,20.13010025024414,0.8197523951530457,238.7483673095703,10.545422554016113,0.3348037898540497,0.0
True,False,False,False,566,22.639999389648438,0.2670179307460785,20.19278907775879,0.832247257232666,196.9146728515625,8.69764518737793,0.3368942439556122,0.0
True,False,False,False,567,22.68000030517578,0.29867348074913025,19.681396484375,0.8473610877990723,194.91998291015625,8.594355583190918,0.34108278155326843,0.0
True,False,False,False,567,22.68000030517578,0.2851162254810333,21.370235443115234,0.7919497489929199,230.89675903320312,10.180632591247559,0.43788453936576843,0.0
True,False,False,False,568,22.719999313354492,0.2704113721847534,20.030092239379883,0.8331777453422546,204.3418731689453,8.99392032623291,0.33699342608451843,0.0
True,False,False,False,569,22.760000228881836,0.2935168445110321,21.863719940185547,0.7715930938720703,231.36688232421875,10.165504455566406,0.43382570147514343,0.0
True,False,False,False,569,22.760000228881836,0.27757728099823,20.239667892456055,0.8371255993843079,196.13430786132812,8.617500305175781,0.33955690264701843,0.0
True,False,False,False,569,22.760000228881836,0.28710126876831055,20.15519142150879,0.8216292262077332,201.5026092529297,8.853365898132324,0.4359571635723114,0.0
True,False,False,False,569,22.760000228881836,0.2900136709213257,20.4272403717041,0.809724748134613,202.00071716308594,8.875250816345215,0.4389602839946747,0.0
True,False,False,False,570,22.799999237060547,0.2735883593559265,19.974700927734375,0.8247877955436707,209.47361755371094,9.187439918518066,0.44024035334587097,0.0
True,False,False,False,570,22.799999237060547,0.29965609312057495,20.516626358032227,0.8251596689224243,194.07534790039062,8.512077331542969,0.43599244952201843,0.0
True,False,False,False,570,22.799999237060547,0.2807769477367401,20.751920700073242,0.795386791229248,250.9517059326172,11.006653785705566,0.43779298663139343,0.0
True,False,False,False,570,22.799999237060547,0.2769211232662201,19.83295440673828,0.8392719626426697,196.13424682617188,8.60237979888916,0.33731386065483093,0.0
True,False,False,False,570,22.799999237060547,0.281274676322937,20.114912033081055,0.823047935962677,212.83184814453125,9.33473014831543,0.3360048830509186,0.0
True,False,False,False,570,22.799999237060547,0.2661840319633484,20.732519149780273,0.8171634078025818,190.51544189453125,8.355940818786621,0.33671244978904724,0.0
True,False,False,False,570,22.799999237060547,0.2970581352710724,21.170995712280273,0.7927582263946533,223.80218505859375,9.815885543823242,0.4401962459087372,0.0
True,False,False,False,571,22.84000015258789,0.2834332585334778,20.34343147277832,0.8232633471488953,200.25376892089844,8.767678260803223,0.33848878741264343,0.0
True,False,False,False,571,22.84000015258789,0.26910197734832764,20.21767234802246,0.8356155157089233,192.03050231933594,8.40764045715332,0.337481826543808,0.0
True,False,False,False,571,22.84000015258789,0.291032075881958,20.092304229736328,0.834200918674469,191.25013732910156,8.373473167419434,0.33746644854545593,0.0
True,False,False,False,571,22.84000015258789,0.2722148895263672,20.443359375,0.8287101984024048,200.23812866210938,8.766993522644043,0.33809205889701843,0.0
True,False,False,False,571,22.84000015258789,0.29576799273490906,20.03772735595703,0.8452770709991455,201.0185089111328,8.80116081237793,0.33673402667045593,0.0
True,False,False,False,571,22.84000015258789,0.2859499752521515,20.532365798950195,0.8018627762794495,210.47683715820312,9.215272903442383,0.3354904353618622,0.0
True,False,False,False,572,22.8799991607666,0.29738691449165344,19.627668380737305,0.8444177508354187,199.3014373779297,8.71072769165039,0.33839723467826843,0.0
True,False,False,False,572,22.8799991607666,0.2874983847141266,21.127140045166016,0.7997074127197266,201.97650146484375,8.827644348144531,0.43483278155326843,0.0
True,False,False,False,572,22.8799991607666,0.29523947834968567,21.088706970214844,0.8006476759910583,232.86026000976562,10.177459716796875,0.43825456500053406,0.0
True,False,False,False,573,22.920000076293945,0.27093738317489624,20.095266342163086,0.8240710496902466,202.7812042236328,8.847347259521484,0.33751222491264343,0.0
True,False,False,False,573,22.920000076293945,0.2922188639640808,21.2109317779541,0.7989416718482971,219.67713928222656,9.584517478942871,0.4342624843120575,0.0
True,False,False,False,573,22.920000076293945,0.296440452337265,19.768489837646484,0.8458154201507568,191.59652709960938,8.359359741210938,0.34080812335014343,0.0
True,False,False,False,573,22.920000076293945,0.29767921566963196,20.98095703125,0.7971856594085693,230.87660217285156,10.073149681091309,0.33439943194389343,0.0
True,False,False,False,574,22.959999084472656,0.2866358160972595,21.145809173583984,0.787564754486084,216.05052185058594,9.409866333007812,0.4335738718509674,0.0
True,False,False,False,575,23.0,0.28433412313461304,20.038307189941406,0.8274555802345276,206.88504028320312,8.995001792907715,0.33906862139701843,0.0
True,False,False,False,575,23.0,0.27171000838279724,20.22471809387207,0.836297333240509,198.67739868164062,8.638147354125977,0.33687135577201843,0.0
True,False,False,False,575,23.0,0.28051847219467163,20.26288604736328,0.8330034017562866,194.8559112548828,8.471996307373047,0.33668825030326843,0.0
True,False,False,False,576,23.03999900817871,0.2777487635612488,20.34593391418457,0.8297992944717407,209.79052734375,9.105491638183594,0.3387713134288788,0.0
True,False,False,False,576,23.03999900817871,0.27985531091690063,20.66602897644043,0.799017071723938,211.4730987548828,9.178520202636719,0.33602556586265564,0.0
True,False,False,False,576,23.03999900817871,0.29871687293052673,19.926969528198242,0.8329627513885498,201.22048950195312,8.733528137207031,0.3371143043041229,0.0
True,False,False,False,576,23.03999900817871,0.26943498849868774,20.518146514892578,0.8199525475502014,206.96530151367188,8.982869148254395,0.34497377276420593,0.0
True,False,False,False,576,23.03999900817871,0.28153789043426514,21.524394989013672,0.7684570550918579,237.05384826660156,10.288795471191406,0.4372245967388153,0.0
True,False,False,False,576,23.03999900817871,0.2916237413883209,24.025941848754883,0.6963003277778625,250.25149536132812,10.861610412597656,0.33201906085014343,0.0
True,False,False,False,576,23.03999900817871,0.29666200280189514,20.301721572875977,0.8281030654907227,207.2129364013672,8.993617057800293,0.3378860652446747,0.0
True,False,False,False,577,23.079999923706055,0.2897709012031555,25.574480056762695,0.6470932960510254,273.14337158203125,11.834634780883789,0.3296615779399872,0.0
True,False,False,False,577,23.079999923706055,0.2696838974952698,22.05056381225586,0.7578538060188293,250.81057739257812,10.867009162902832,0.33906278014183044,0.0
True,False,False,False,577,23.079999923706055,0.2801152169704437,20.32865333557129,0.8214043378829956,215.54440307617188,9.339012145996094,0.3464204967021942,0.0
True,False,False,False,577,23.079999923706055,0.27173519134521484,24.981674194335938,0.6676074266433716,261.1599426269531,11.315422058105469,0.33246538043022156,0.0
True,False,False,False,578,23.119998931884766,0.2872414290904999,21.391746520996094,0.7768757343292236,233.0394744873047,10.079562187194824,0.3354699909687042,0.0
True,False,False,False,579,23.15999984741211,0.28695371747016907,19.979442596435547,0.8282647132873535,214.1103057861328,9.244832038879395,0.3359024226665497,0.0
True,False,False,False,579,23.15999984741211,0.2898921072483063,20.38153648376465,0.8224825859069824,204.86129760742188,8.845479011535645,0.43565675616264343,0.0
True,False,False,False,579,23.15999984741211,0.2771896719932556,20.27518653869629,0.8223819136619568,208.19528198242188,8.989433288574219,0.337369829416275,0.0
True,False,False,False,580,23.19999885559082,0.29718291759490967,21.11297607421875,0.7855629920959473,233.62107849121094,10.06987476348877,0.43574830889701843,0.0
True,False,False,False,580,23.19999885559082,0.2846511900424957,20.192169189453125,0.8389549851417542,201.28318786621094,8.675999641418457,0.33995363116264343,0.0
True,False,False,False,580,23.19999885559082,0.28398412466049194,21.89407730102539,0.7659348845481873,223.7255859375,9.64334487915039,0.4438888728618622,0.0
True,False,False,False,580,23.19999885559082,0.27074316143989563,20.47840690612793,0.8085153102874756,214.68370056152344,9.253608703613281,0.33598634600639343,0.0
True,False,False,False,580,23.19999885559082,0.27129825949668884,20.390247344970703,0.8319448828697205,199.48838806152344,8.598637580871582,0.4364020526409149,0.0
True,False,False,False,580,23.19999885559082,0.28299662470817566,20.196678161621094,0.8369717597961426,201.76885986328125,8.69693374633789,0.3381074368953705,0.0
True,False,False,False,580,23.19999885559082,0.2760237455368042,20.38963508605957,0.8123846054077148,204.5894012451172,8.818509101867676,0.43794557452201843,0.0
True,False,False,False,581,23.239999771118164,0.27956777811050415,19.853845596313477,0.8329024910926819,201.22048950195312,8.658369064331055,0.33859559893608093,0.0
True,False,False,False,581,23.239999771118164,0.28854918479919434,19.99419403076172,0.8301466703414917,201.98574829101562,8.69129753112793,0.43797609210014343,0.0
True,False,False,False,581,23.239999771118164,0.27505362033843994,20.648361206054688,0.8063003420829773,223.9821319580078,9.637785911560059,0.33706972002983093,0.0
True,False,False,False,582,23.279998779296875,0.2998853325843811,20.505823135375977,0.8240007162094116,204.0458984375,8.76485824584961,0.3360750377178192,0.0
True,False,False,False,582,23.279998779296875,0.26957330107688904,20.427846908569336,0.8073021173477173,234.760498046875,10.084214210510254,0.34221193194389343,0.0
True,False,False,False,583,23.31999969482422,0.2978520393371582,22.875139236450195,0.7254661917686462,283.3748474121094,12.151579856872559,0.44125768542289734,0.0
True,False,False,False,583,23.31999969482422,0.28249892592430115,20.172536849975586,0.820184588432312,210.5364532470703,9.028149604797363,0.3403770625591278,0.0
True,False,False,False,584,23.35999870300293,0.26876509189605713,20.591455459594727,0.8024813532829285,213.03358459472656,9.119588851928711,0.43858644366264343,0.0
True,False,False,False,585,23.399999618530273,0.2730579376220703,22.351072311401367,0.7558149099349976,220.14776611328125,9.408024787902832,0.33778688311576843,0.0
True,False,False,False,586,23.439998626708984,0.2811580300331116,20.60234832763672,0.8089041709899902,212.29910278320312,9.057129859924316,0.33763429522514343,0.0
True,False,False,False,586,23.439998626708984,0.2802931070327759,20.101089477539062,0.8222946524620056,202.0008544921875,8.61778450012207,0.33690187335014343,0.0
True,False,False,False,586,23.439998626708984,0.2954503893852234,26.5871639251709,0.6359965801239014,264.99566650390625,11.305276870727539,0.43059083819389343,0.0
True,False,False,False,586,23.439998626708984,0.2835828363895416,24.609508514404297,0.6741843223571777,246.37948608398438,10.51107120513916,0.3363907039165497,0.0
True,False,False,False,587,23.479999542236328,0.28449007868766785,20.14759635925293,0.8211131691932678,208.4319610595703,8.876999855041504,0.33665773272514343,0.0
True,False,False,False,588,23.51999855041504,0.283584326505661,20.2205867767334,0.8192112445831299,232.71023559570312,9.894143104553223,0.33572694659233093,0.0
True,False,False,False,588,23.51999855041504,0.2918517589569092,20.076704025268555,0.8230087161064148,222.26942443847656,9.450231552124023,0.33662721514701843,0.0
True,False,False,False,588,23.51999855041504,0.29723963141441345,20.069643020629883,0.8278975486755371,215.09266662597656,9.145096778869629,0.33848878741264343,0.0
True,False,False,False,589,23.559999465942383,0.2885594069957733,22.35293960571289,0.7500759959220886,250.46182250976562,10.630807876586914,0.3397934138774872,0.0
True,False,False,False,589,23.559999465942383,0.2684624493122101,20.58232307434082,0.8236158490180969,213.32972717285156,9.054742813110352,0.43764349818229675,0.0
True,False,False,False,589,23.559999465942383,0.28785213828086853,20.001230239868164,0.8284027576446533,206.8699951171875,8.780560493469238,0.43793031573295593,0.0
True,False,False,False,589,23.559999465942383,0.29654982686042786,20.35837173461914,0.8225760459899902,204.311767578125,8.671977043151855,0.43864747881889343,0.0
True,False,False,False,589,23.559999465942383,0.28780999779701233,20.861465454101562,0.7968983054161072,237.4073944091797,10.076714515686035,0.43463441729545593,0.0
True,False,False,False,590,23.600000381469727,0.261097252368927,25.69805908203125,0.6500977277755737,268.6722106933594,11.384415626525879,0.33708497881889343,0.0
True,False,False,False,590,23.600000381469727,0.27981576323509216,20.698074340820312,0.7982093691825867,238.29417419433594,10.097210884094238,0.43703004717826843,0.0
True,False,False,False,591,23.639999389648438,0.2920963764190674,20.697351455688477,0.8185873031616211,212.81289672851562,9.002238273620605,0.4357902705669403,0.0
True,False,False,False,592,23.68000030517578,0.28555604815483093,20.24687957763672,0.8305104374885559,209.8183135986328,8.860570907592773,0.33716127276420593,0.0
True,False,False,False,593,23.719999313354492,0.2984354496002197,21.406713485717773,0.7704268097877502,267.6461181640625,11.283563613891602,0.33407899737358093,0.0
True,False,False,False,593,23.719999313354492,0.273703932762146,26.3818302154541,0.6385778188705444,279.9361877441406,11.801694869995117,0.3392007052898407,0.0
True,False,False,False,593,23.719999313354492,0.27349981665611267,20.077552795410156,0.8294485807418823,217.1376190185547,9.154199600219727,0.33648988604545593,0.0
True,False,False,False,593,23.719999313354492,0.2946088910102844,20.988969802856445,0.7987436652183533,230.6941375732422,9.725722312927246,0.43500062823295593,0.0
True,False,False,False,593,23.719999313354492,0.2960406541824341,21.36631965637207,0.784366250038147,224.2583770751953,9.454401016235352,0.33652040362358093,0.0
True,False,False,False,594,23.760000228881836,0.2749423682689667,20.541046142578125,0.8055644631385803,233.78944396972656,9.839622497558594,0.33528444170951843,0.0
True,False,False,False,594,23.760000228881836,0.27436351776123047,20.850582122802734,0.8064098954200745,223.34588623046875,9.400079727172852,0.33891603350639343,0.0
True,False,False,False,594,23.760000228881836,0.29395362734794617,21.32887840270996,0.7934132814407349,237.676025390625,10.003199577331543,0.33628007769584656,0.0
True,False,False,False,597,23.8799991607666,0.2930659055709839,19.860315322875977,0.8358350396156311,210.00648498535156,8.794241905212402,0.33908388018608093,0.0
True,False,False,False,597,23.8799991607666,0.2742314636707306,19.92000389099121,0.8263130784034729,212.83181762695312,8.912555694580078,0.33865663409233093,0.0
True,False,False,False,597,23.8799991607666,0.2776862382888794,20.29735565185547,0.8160380721092224,204.58950805664062,8.567399978637695,0.33790895342826843,0.0
True,False,False,False,597,23.8799991607666,0.29437488317489624,21.952024459838867,0.7648898959159851,263.77349853515625,11.045791625976562,0.43736574053764343,0.0
True,False,False,False,598,23.920000076293945,0.29846423864364624,20.41853141784668,0.8150981068611145,218.36859130859375,9.129121780395508,0.33815309405326843,0.0
True,False,False,False,599,23.959999084472656,0.2696814239025116,20.203487396240234,0.8213137984275818,210.98892211914062,8.80588150024414,0.33745118975639343,0.0
True,False,False,False,600,24.0,0.2746550440788269,25.852069854736328,0.6413911581039429,293.9876403808594,12.24948501586914,0.33143922686576843,0.0
True,False,False,False,600,24.0,0.2963208258152008,26.837417602539062,0.6182888746261597,282.2432556152344,11.760135650634766,0.33650514483451843,0.0
True,False,False,False,600,24.0,0.2929406464099884,20.41071128845215,0.8305184245109558,206.08963012695312,8.587067604064941,0.43807050585746765,0.0
True,False,False,False,600,24.0,0.2738322913646698,20.051010131835938,0.8234869837760925,207.6502227783203,8.652092933654785,0.4372217357158661,0.0
True,False,False,False,601,24.03999900817871,0.2726077139377594,22.634567260742188,0.7298022508621216,244.10203552246094,10.153995513916016,0.33360978960990906,0.0
True,False,False,False,602,24.079999923706055,0.28986141085624695,21.067546844482422,0.7930358052253723,244.35679626464844,10.14770793914795,0.4393637478351593,0.0
True,False,False,False,603,24.119998931884766,0.2708432078361511,20.410432815551758,0.8288336396217346,216.12533569335938,8.960420608520508,0.33742067217826843,0.0
True,False,False,False,603,24.119998931884766,0.2787392735481262,20.552019119262695,0.8148238062858582,235.1246337890625,9.748119354248047,0.3360244929790497,0.0
True,False,False,False,603,24.119998931884766,0.27922990918159485,20.16556167602539,0.8247402310371399,209.42811584472656,8.682758331298828,0.33728334307670593,0.0
True,False,False,False,604,24.15999984741211,0.2852504253387451,20.82439613342285,0.7972223162651062,221.0048370361328,9.147551536560059,0.33687135577201843,0.0
True,False,False,False,605,24.19999885559082,0.2820826470851898,26.755477905273438,0.619931697845459,270.3205871582031,11.170272827148438,0.4354725182056427,0.0
True,False,False,False,605,24.19999885559082,0.2716861069202423,20.561506271362305,0.8148157596588135,217.60325622558594,8.991870880126953,0.3382103145122528,0.0
True,False,False,False,606,24.239999771118164,0.2924426794052124,21.055734634399414,0.803000807762146,243.8372802734375,10.059293746948242,0.33864137530326843,0.0
True,False,False,False,607,24.279998779296875,0.29662248492240906,25.29766845703125,0.6645212173461914,294.7002258300781,12.137571334838867,0.4355771839618683,0.0
True,False,False,False,608,24.31999969482422,0.2698095738887787,21.417327880859375,0.7858229279518127,238.16961669921875,9.793158531188965,0.43471071124076843,0.0
True,False,False,False,608,24.31999969482422,0.28158265352249146,20.587404251098633,0.8158000111579895,232.2568817138672,9.550036430358887,0.3386261761188507,0.0
True,False,False,False,608,24.31999969482422,0.2894727885723114,20.71965789794922,0.8115052580833435,218.1200714111328,8.96875286102295,0.33677980303764343,0.0
True,False,False,False,608,24.31999969482422,0.28926292061805725,21.574745178222656,0.7838706970214844,235.9803009033203,9.703137397766113,0.3351242244243622,0.0
True,False,False,False,608,24.31999969482422,0.2714419960975647,20.1691837310791,0.823130190372467,214.79653930664062,8.832094192504883,0.33804628252983093,0.0
True,False,False,False,608,24.31999969482422,0.27438485622406006,20.512283325195312,0.8123626112937927,228.43194580078125,9.39276123046875,0.43802186846733093,0.0
True,False,False,False,609,24.35999870300293,0.269602507352829,20.32183837890625,0.8271650075912476,216.02734375,8.868118286132812,0.43677064776420593,0.0
True,False,False,False,609,24.35999870300293,0.28771787881851196,21.180404663085938,0.7998861074447632,238.35482788085938,9.78468132019043,0.43693849444389343,0.0
True,False,False,False,610,24.399999618530273,0.2953415513038635,20.86517333984375,0.8125193119049072,210.6292724609375,8.632347106933594,0.43672487139701843,0.0
True,False,False,False,610,24.399999618530273,0.28596800565719604,21.2252197265625,0.7947695255279541,213.10614013671875,8.733858108520508,0.33912965655326843,0.0
True,False,False,False,610,24.399999618530273,0.2896782457828522,20.602867126464844,0.8116471171379089,218.6180419921875,8.959755897521973,0.33687135577201843,0.0
True,False,False,False,612,24.479999542236328,0.2842136025428772,21.193967819213867,0.7881504893302917,235.36395263671875,9.614541053771973,0.43715211749076843,0.0
True,False,False,False,612,24.479999542236328,0.2878803610801697,20.985870361328125,0.8037540912628174,218.9114532470703,8.942461967468262,0.3397934138774872,0.0
True,False,False,False,613,24.51999855041504,0.2879146337509155,20.899925231933594,0.7940247058868408,217.38516235351562,8.86562728881836,0.3367111384868622,0.0
True,False,False,False,614,24.559999465942383,0.2810703217983246,21.360210418701172,0.7792908549308777,245.56614685058594,9.998621940612793,0.43947145342826843,0.0
True,False,False,False,615,24.600000381469727,0.28793036937713623,21.525957107543945,0.7873533368110657,233.891845703125,9.507798194885254,0.33631810545921326,0.0
True,False,False,False,615,24.600000381469727,0.27121827006340027,21.20136833190918,0.7924283742904663,243.4559783935547,9.896584510803223,0.438827246427536,0.0
True,False,False,False,616,24.639999389648438,0.29423320293426514,20.634380340576172,0.8130828142166138,219.962890625,8.9270658493042,0.43594667315483093,0.0
True,False,False,False,617,24.68000030517578,0.29317620396614075,20.614545822143555,0.817024290561676,222.767578125,9.026238441467285,0.33787837624549866,0.0
True,False,False,False,617,24.68000030517578,0.27523908019065857,21.332799911499023,0.7753583788871765,261.2713928222656,10.586360931396484,0.4379417598247528,0.0
True,False,False,False,618,24.719999313354492,0.286460816860199,21.842161178588867,0.7612258791923523,264.2780456542969,10.6908597946167,0.43784812092781067,0.0
True,False,False,False,618,24.719999313354492,0.2730552852153778,21.749954223632812,0.7739867568016052,237.50657653808594,9.607871055603027,0.33464357256889343,0.0
True,False,False,False,618,24.719999313354492,0.29589495062828064,22.97934913635254,0.737058162689209,260.7931213378906,10.549883842468262,0.33436891436576843,0.0
True,False,False,False,621,24.84000015258789,0.2969895303249359,21.104454040527344,0.797042727470398,222.18911743164062,8.944811820983887,0.33636781573295593,0.0
True,False,False,False,621,24.84000015258789,0.2720475196838379,21.238048553466797,0.790461540222168,253.70790100097656,10.213683128356934,0.33673402667045593,0.0
True,False,False,False,622,24.8799991607666,0.2968962490558624,26.573625564575195,0.6198244690895081,296.4667053222656,11.915864944458008,0.3328087627887726,0.0
True,False,False,False,622,24.8799991607666,0.29445186257362366,21.509380340576172,0.7719263434410095,254.3013458251953,10.221115112304688,0.3353836238384247,0.0
True,False,False,False,622,24.8799991607666,0.2980051636695862,22.121482849121094,0.7558650374412537,276.33892822265625,11.106870651245117,0.44737550616264343,0.0
True,False,False,False,623,24.920000076293945,0.2967219054698944,21.473909378051758,0.7812285423278809,270.7842102050781,10.866140365600586,0.43774721026420593,0.0
True,False,False,False,623,24.920000076293945,0.2821350693702698,27.717607498168945,0.6101740002632141,273.0945129394531,10.95884895324707,0.33298829197883606,0.0
True,False,False,False,623,24.920000076293945,0.27181679010391235,20.501401901245117,0.8131251931190491,221.70819091796875,8.896797180175781,0.33841249346733093,0.0
True,False,False,False,623,24.920000076293945,0.28180888295173645,20.150222778320312,0.8320934772491455,223.73609924316406,8.978174209594727,0.33909913897514343,0.0
True,False,False,False,626,25.03999900817871,0.2863314151763916,20.634258270263672,0.8151825070381165,223.78494262695312,8.937098503112793,0.437168687582016,0.0
True,False,False,False,627,25.079999923706055,0.2945045530796051,20.354297637939453,0.8115392923355103,228.09042358398438,9.094514846801758,0.33763429522514343,0.0
True,False,False,False,628,25.119998931884766,0.28375980257987976,21.032203674316406,0.7937102317810059,236.3436737060547,9.408586502075195,0.33745118975639343,0.0
True,False,False,False,629,25.15999984741211,0.29948151111602783,23.194028854370117,0.7244448661804199,242.842041015625,9.651909828186035,0.44584962725639343,0.0
True,False,False,False,630,25.19999885559082,0.27165085077285767,21.491512298583984,0.7717779874801636,244.45263671875,9.700501441955566,0.33721521496772766,0.0
True,False,False,False,631,25.239999771118164,0.2800624966621399,21.566974639892578,0.7640601396560669,264.1771545410156,10.466607093811035,0.43814393877983093,0.0
True,False,False,False,633,25.31999969482422,0.27745741605758667,20.641353607177734,0.8053521513938904,230.13531494140625,9.089072227478027,0.33690187335014343,0.0
True,False,False,False,634,25.35999870300293,0.2572442889213562,27.504623413085938,0.6046883463859558,317.4176940917969,12.516470909118652,0.3304092586040497,0.0
True,False,False,False,635,25.399999618530273,0.28509894013404846,20.884441375732422,0.8000050783157349,237.6082000732422,9.354653358459473,0.33803102374076843,0.0
True,False,False,False,635,25.399999618530273,0.2804800868034363,21.51299476623535,0.7818819284439087,240.58206176757812,9.471735000610352,0.4425671398639679,0.0
True,False,False,False,638,25.51999855041504,0.2953725755214691,20.676443099975586,0.8159405589103699,227.60609436035156,8.918734550476074,0.3365280330181122,0.0
True,False,False,False,639,25.559999465942383,0.29354599118232727,20.305622100830078,0.81556236743927,241.23239135742188,9.437887191772461,0.33831241726875305,0.0
True,False,False,False,639,25.559999465942383,0.2699117958545685,25.17706298828125,0.6699669361114502,272.3094177246094,10.653733253479004,0.34051820635795593,0.0
True,False,False,False,642,25.68000030517578,0.2735806703567505,20.936481475830078,0.7994107007980347,242.63343811035156,9.448342323303223,0.33691713213920593,0.0
True,False,False,False,643,25.719999313354492,0.2720530033111572,21.622657775878906,0.7806965708732605,282.1217956542969,10.968965530395508,0.44615480303764343,0.0
True,False,False,False,649,25.959999084472656,0.28943005204200745,20.937549591064453,0.7956029176712036,241.18186950683594,9.290518760681152,0.43724367022514343,0.0
True,False,False,False,652,26.079999923706055,0.28012701869010925,21.93783950805664,0.7730374932289124,256.5559997558594,9.83726978302002,0.33591005206108093,0.0
True,False,False,False,653,26.119998931884766,0.2958887219429016,21.40959930419922,0.7857296466827393,241.42971801757812,9.243098258972168,0.33603212237358093,0.0
True,False,False,False,655,26.19999885559082,0.2954695224761963,24.80911636352539,0.6731550693511963,245.88499450683594,9.384923934936523,0.33806154131889343,0.0
True,False,False,False,656,26.239999771118164,0.276530921459198,24.103612899780273,0.6887109279632568,296.73681640625,11.308568000793457,0.44087526202201843,0.0
True,False,False,False,657,26.279998779296875,0.2770195007324219,25.782855987548828,0.6439276933670044,267.00885009765625,10.160154342651367,0.43480226397514343,0.0
True,False,False,False,660,26.399999618530273,0.2755321264266968,24.344329833984375,0.6949251294136047,262.47247314453125,9.942139625549316,0.4350871741771698,0.0
True,False,False,False,660,26.399999618530273,0.2934226095676422,25.588058471679688,0.6534103155136108,269.1538391113281,10.195220947265625,0.33841249346733093,0.0
True,False,False,False,660,26.399999618530273,0.27111271023750305,21.15496826171875,0.7830350995063782,253.98892211914062,9.620792388916016,0.33633729815483093,0.0
True,False,False,False,661,26.439998626708984,0.27669087052345276,21.54087257385254,0.7680076956748962,287.47589111328125,10.872764587402344,0.4431282579898834,0.0
True,False,False,False,661,26.439998626708984,0.2709468901157379,23.443208694458008,0.7088990211486816,281.4733581542969,10.645740509033203,0.33685609698295593,0.0
True,False,False,False,668,26.719999313354492,0.2991953492164612,21.078645706176758,0.7891923189163208,252.94677734375,9.466570854187012,0.43728944659233093,0.0
True,False,False,False,668,26.719999313354492,0.26607394218444824,23.58892059326172,0.6994300484657288,264.1748352050781,9.8867826461792,0.33476564288139343,0.0
True,False,False,False,670,26.799999237060547,0.27955755591392517,21.065324783325195,0.7998288869857788,238.06060791015625,8.882859230041504,0.33677980303764343,0.0
True,False,False,False,672,26.8799991607666,0.2686169445514679,21.98356819152832,0.7643497586250305,267.5087585449219,9.951963424682617,0.44023212790489197,0.0
True,False,False,False,677,27.079999923706055,0.2978212833404541,24.252349853515625,0.6901068091392517,285.35693359375,10.537552833557129,0.43555715680122375,0.0
True,False,False,False,680,27.19999885559082,0.2943529188632965,25.001035690307617,0.6647992730140686,319.2256774902344,11.736238479614258,0.33516237139701843,0.0
True,False,False,False,684,27.35999870300293,0.29611727595329285,25.166170120239258,0.6634953022003174,314.8991394042969,11.509471893310547,0.3370313346385956,0.0
True,False,False,False,684,27.35999870300293,0.29381656646728516,27.932361602783203,0.5953444242477417,381.2993469238281,13.936380386352539,0.33522340655326843,0.0
True,False,False,False,686,27.439998626708984,0.2732387185096741,24.928987503051758,0.6721899509429932,300.1651916503906,10.93896484375,0.33479616045951843,0.0
True,False,False,False,695,27.799999237060547,0.29039210081100464,28.845914840698242,0.5781197547912598,330.7342224121094,11.8969144821167,0.43401166796684265,0.0
True,False,False,False,701,28.03999900817871,0.2771604359149933,26.925918579101562,0.6175569295883179,293.4521789550781,10.465484619140625,0.33848878741264343,0.0
True,False,False,False,705,28.19999885559082,0.2842451333999634,26.01791000366211,0.6467657685279846,288.5975646972656,10.233956336975098,0.3350784480571747,0.0
True,False,False,False,709,28.35999870300293,0.2755608558654785,23.884414672851562,0.6916602849960327,311.830322265625,10.995428085327148,0.43963930010795593,0.0
True,False,False,False,711,28.439998626708984,0.28249168395996094,31.281749725341797,0.538032054901123,342.1618957519531,12.031009674072266,0.43608400225639343,0.0
True,False,False,False,724,28.959999084472656,0.2938254475593567,28.60340690612793,0.582098662853241,363.8623352050781,12.56430721282959,0.33562013506889343,0.0
True,False,False,False,726,29.03999900817871,0.280715674161911,23.9458065032959,0.6960115432739258,278.2274169921875,9.58083438873291,0.4364626109600067,0.0
True,False,False,False,734,29.35999870300293,0.29099178314208984,27.475082397460938,0.6167736053466797,323.4193420410156,11.015645980834961,0.33874818682670593,0.0
True,False,False,False,750,30.0,0.29070189595222473,27.08789825439453,0.625750720500946,306.9051513671875,10.230172157287598,0.43504640460014343,0.0
True,False,False,False,778,31.119998931884766,0.27361252903938293,28.14933204650879,0.5921739935874939,350.45556640625,11.261425971984863,0.4364958107471466,0.0
True,False,False,False,794,31.760000228881836,0.2773112952709198,31.457828521728516,0.5297979712486267,401.7778015136719,12.650434494018555,0.4390709102153778,0.0
True,False,False,False,812,32.47999954223633,0.27972882986068726,29.08476448059082,0.5821545124053955,393.7339172363281,12.122349739074707,0.33404847979545593,0.0
True,False,False,False,845,33.79999923706055,0.28005000948905945,31.384586334228516,0.5292432308197021,421.9468078613281,12.483633995056152,0.33879396319389343,0.0
True,False,False,False,846,33.84000015258789,0.28972887992858887,35.92631530761719,0.4689720571041107,378.3537292480469,11.180665969848633,0.3362438380718231,0.0
True,False,False,False,438,17.520000457763672,0.25893256068229675,20.0094051361084,0.838546097278595,151.3687286376953,8.63976764678955,0.3354974091053009,0.0
True,False,False,False,422,16.8799991607666,0.2968756854534149,20.00615692138672,0.8454200029373169,147.0629119873047,8.712258338928223,0.33389589190483093,0.0
True,False,False,False,855,34.20000076293945,0.2770939767360687,29.516942977905273,0.5610754489898682,407.16259765625,11.905339241027832,0.43802186846733093,0.0
True,False,False,False,451,18.03999900817871,0.2691054344177246,19.84731101989746,0.8445479273796082,152.91433715820312,8.476405143737793,0.43847450613975525,0.0
True,False,False,False,412,16.479999542236328,0.27231186628341675,19.665224075317383,0.8521389365196228,141.94676208496094,8.613274574279785,0.33415529131889343,0.0
True,False,False,False,438,17.520000457763672,0.27847015857696533,20.21169662475586,0.8366827368736267,162.94541931152344,9.300537109375,0.3327896296977997,0.0
True,False,False,False,444,17.760000228881836,0.2918779253959656,19.915956497192383,0.8284096717834473,166.08062744140625,9.351387023925781,0.33691850304603577,0.0
True,False,False,False,439,17.559999465942383,0.2968328893184662,19.84540367126465,0.8413071036338806,154.73780822753906,8.811948776245117,0.33470460772514343,0.0
True,False,False,False,432,17.279998779296875,0.26980969309806824,19.317554473876953,0.8568288683891296,146.08041381835938,8.453728675842285,0.43310949206352234,0.0
True,False,False,False,460,18.399999618530273,0.26909777522087097,20.044574737548828,0.8260127902030945,166.0419158935547,9.024017333984375,0.3390762507915497,0.0
True,False,False,False,450,18.0,0.2858111262321472,19.81619644165039,0.8551063537597656,158.76348876953125,8.820194244384766,0.33732911944389343,0.0
True,False,False,False,451,18.03999900817871,0.273690789937973,19.773332595825195,0.8455771207809448,152.92942810058594,8.477241516113281,0.4401504695415497,0.0
True,False,False,False,433,17.31999969482422,0.26264968514442444,19.882850646972656,0.8416039943695068,160.93499755859375,9.291858673095703,0.33204957842826843,0.0
True,False,False,False,443,17.719999313354492,0.28918778896331787,20.15742301940918,0.8299761414527893,151.36862182617188,8.542247772216797,0.43361207842826843,0.0
True,False,False,False,438,17.520000457763672,0.26997554302215576,20.152517318725586,0.8376297354698181,148.82569885253906,8.494617462158203,0.33436891436576843,0.0
True,False,False,False,440,17.600000381469727,0.26028546690940857,19.969297409057617,0.8325200080871582,148.04527282714844,8.411663055419922,0.33395692706108093,0.0
True,False,False,False,429,17.15999984741211,0.29592010378837585,19.225751876831055,0.8558410406112671,145.502197265625,8.479148864746094,0.33485648036003113,0.0
True,False,False,False,417,16.68000030517578,0.2780187726020813,19.575672149658203,0.8487082719802856,139.6357421875,8.371447563171387,0.33424684405326843,0.0
True,False,False,False,471,18.84000015258789,0.2716442346572876,20.545421600341797,0.821352481842041,176.4582061767578,9.3661470413208,0.33455201983451843,0.0
True,False,False,False,427,17.079999923706055,0.29390621185302734,19.710803985595703,0.8433020710945129,149.60597229003906,8.75913143157959,0.3331482708454132,0.0
True,False,False,False,437,17.479999542236328,0.25787466764450073,20.040367126464844,0.8373736143112183,151.9470977783203,8.692625999450684,0.33436891436576843,0.0
True,False,False,False,425,17.0,0.28560593724250793,19.801054000854492,0.8556803464889526,139.63555908203125,8.21385669708252,0.43419191241264343,0.0
True,False,False,False,437,17.479999542236328,0.28088119626045227,19.879682540893555,0.8317452669143677,150.37127685546875,8.602476119995117,0.43287965655326843,0.0
True,False,False,False,463,18.520000457763672,0.2589307129383087,20.221973419189453,0.8296471238136292,161.3390655517578,8.711612701416016,0.3368031084537506,0.0
True,False,False,False,448,17.920000076293945,0.2644810080528259,20.126636505126953,0.8415114879608154,175.9591064453125,9.819146156311035,0.33119508624076843,0.0
True,False,False,False,455,18.19999885559082,0.2983715534210205,19.66729164123535,0.8512219190597534,153.70982360839844,8.445594787597656,0.33558961749076843,0.0
True,False,False,False,437,17.479999542236328,0.2682238817214966,19.98609161376953,0.8389379978179932,150.38636779785156,8.603339195251465,0.3329528868198395,0.0
True,False,False,False,431,17.239999771118164,0.26932284235954285,20.14107894897461,0.8402083516120911,144.76747131347656,8.397185325622559,0.33461305499076843,0.0
True,False,False,False,480,19.19999885559082,0.28552162647247314,20.23491668701172,0.8159453272819519,190.64404296875,9.929377555847168,0.4400741755962372,0.0
True,False,False,False,892,35.68000030517578,0.2796790599822998,31.02735137939453,0.5392425060272217,397.1642150878906,11.1312837600708,0.33665773272514343,0.0
True,False,False,False,426,17.03999900817871,0.2624056041240692,19.326444625854492,0.8543886542320251,153.50990295410156,9.008797645568848,0.3370145261287689,0.0
True,False,False,False,426,17.03999900817871,0.2572726309299469,19.618093490600586,0.8636934757232666,142.17860412597656,8.343814849853516,0.3365776240825653,0.0
True,False,False,False,425,17.0,0.26806625723838806,19.816123962402344,0.8483688235282898,141.19638061523438,8.305669784545898,0.3346737325191498,0.0
True,False,False,False,460,18.399999618530273,0.2887061834335327,20.949630737304688,0.7949858903884888,194.00083923339844,10.543523788452148,0.43306276202201843,0.0
True,False,False,False,463,18.520000457763672,0.27363136410713196,20.306846618652344,0.832480251789093,161.33908081054688,8.711613655090332,0.33380433917045593,0.0
True,False,False,False,455,18.19999885559082,0.29898279905319214,20.1568660736084,0.8230221271514893,179.01541137695312,9.83601188659668,0.4336870014667511,0.0
True,False,False,False,432,17.279998779296875,0.29130780696868896,19.51138687133789,0.8482438921928406,153.91395568847656,8.907058715820312,0.44151613116264343,0.0
True,False,False,False,446,17.84000015258789,0.2789173424243927,19.849334716796875,0.8344453573226929,173.2463836669922,9.711119651794434,0.44401219487190247,0.0
True,False,False,False,898,35.91999816894531,0.29782530665397644,34.16472625732422,0.4837830662727356,495.9216003417969,13.806281089782715,0.33893129229545593,0.0
True,False,False,False,450,18.0,0.28272074460983276,20.167997360229492,0.8401931524276733,162.6977996826172,9.038766860961914,0.3347457945346832,0.0
True,False,False,False,474,18.959999084472656,0.2640673518180847,21.092212677001953,0.7861495018005371,195.17933654785156,10.294269561767578,0.43553468585014343,0.0
True,False,False,False,498,19.920000076293945,0.29184818267822266,19.698076248168945,0.8366534113883972,194.33900451660156,9.755973815917969,0.3336784541606903,0.0
True,False,False,False,441,17.639999389648438,0.2629263699054718,20.229656219482422,0.8154954314231873,181.17567443847656,10.270730018615723,0.43321534991264343,0.0
True,False,False,False,465,18.600000381469727,0.2828837037086487,19.837038040161133,0.836563229560852,159.57640075683594,8.579376220703125,0.3366459310054779,0.0
True,False,False,False,455,18.19999885559082,0.29576927423477173,20.856151580810547,0.7957659959793091,187.44039916992188,10.29892349243164,0.43907472491264343,0.0
True,False,False,False,472,18.8799991607666,0.2586204409599304,21.038166046142578,0.7973604202270508,199.92800903320312,10.589407920837402,0.43611451983451843,0.0
True,False,False,False,465,18.600000381469727,0.2662305235862732,20.039148330688477,0.837364673614502,160.9488983154297,8.653166770935059,0.33421632647514343,0.0
True,False,False,False,435,17.399999618530273,0.2806149125099182,20.234268188476562,0.8280988335609436,167.875244140625,9.648002624511719,0.33372804522514343,0.0
True,False,False,False,452,18.079999923706055,0.25886228680610657,20.12641143798828,0.8271607756614685,158.79591369628906,8.782959938049316,0.33378908038139343,0.0
True,False,False,False,485,19.399999618530273,0.2854633629322052,19.80708885192871,0.8407797813415527,167.9858856201172,8.659066200256348,0.33577272295951843,0.0
True,False,False,False,446,17.84000015258789,0.2922173738479614,19.594036102294922,0.8494652509689331,156.29861450195312,8.761133193969727,0.34117433428764343,0.0
True,False,False,False,446,17.84000015258789,0.288713276386261,20.042282104492188,0.8281320333480835,154.1940460205078,8.643163681030273,0.33342286944389343,0.0
True,False,False,False,478,19.119998931884766,0.279398113489151,20.712247848510742,0.7997868061065674,207.98077392578125,10.877655982971191,0.33189699053764343,0.0
True,False,False,False,411,16.440000534057617,0.28169798851013184,19.91156005859375,0.848649799823761,143.00473022460938,8.69858455657959,0.33449098467826843,0.0
True,False,False,False,453,18.119998931884766,0.28911104798316956,19.99000358581543,0.8460394144058228,157.03334045410156,8.666299819946289,0.33455201983451843,0.0
True,False,False,False,493,19.719999313354492,0.26803451776504517,21.6639461517334,0.7728288769721985,207.5572052001953,10.525213241577148,0.43641969561576843,0.0
True,False,False,False,437,17.479999542236328,0.29857179522514343,19.738996505737305,0.8386468291282654,152.929443359375,8.748824119567871,0.33336183428764343,0.0
True,False,False,False,491,19.639999389648438,0.2706531584262848,21.305492401123047,0.7906111478805542,202.5916748046875,10.315258979797363,0.4355880916118622,0.0
True,False,False,False,449,17.959999084472656,0.27452537417411804,20.23173713684082,0.837777853012085,151.36874389648438,8.428104400634766,0.3352648913860321,0.0
True,False,False,False,471,18.84000015258789,0.27973672747612,20.122655868530273,0.8374302983283997,162.89971923828125,8.64648151397705,0.33421632647514343,0.0
True,False,False,False,436,17.440000534057617,0.29063236713409424,19.62944984436035,0.8399820923805237,164.25852966308594,9.418493270874023,0.33537599444389343,0.0
True,False,False,False,432,17.279998779296875,0.26152119040489197,19.712047576904297,0.8428850769996643,147.06285095214844,8.510581970214844,0.33665773272514343,0.0
True,False,False,False,453,18.119998931884766,0.2905856966972351,19.616432189941406,0.8501955270767212,160.40243530273438,8.852231979370117,0.3369247615337372,0.0
True,False,False,False,435,17.399999618530273,0.29537251591682434,19.4493350982666,0.8509300947189331,154.89231872558594,8.901857376098633,0.33629152178764343,0.0
True,False,False,False,462,18.479999542236328,0.2835935056209564,20.187301635742188,0.8375944495201111,156.222900390625,8.453619956970215,0.33702394366264343,0.0
True,False,False,False,445,17.799999237060547,0.2682507634162903,20.030929565429688,0.8351516127586365,151.3687286376953,8.503861427307129,0.3348953425884247,0.0
True,False,False,False,476,19.03999900817871,0.2788172662258148,20.681377410888672,0.8123956322669983,171.1381378173828,8.988348007202148,0.34208986163139343,0.0
True,False,False,False,428,17.119998931884766,0.29687127470970154,19.61338996887207,0.8446989059448242,145.50210571289062,8.498955726623535,0.33314821124076843,0.0
True,False,False,False,477,19.079999923706055,0.2881602644920349,19.710004806518555,0.8502848744392395,162.89987182617188,8.537729263305664,0.33607229590415955,0.0
True,False,False,False,436,17.440000534057617,0.2697514593601227,20.37601661682129,0.8289315700531006,149.8536834716797,8.592527389526367,0.33671143651008606,0.0
True,False,False,False,445,17.799999237060547,0.28101247549057007,20.955337524414062,0.7934215068817139,199.22296142578125,11.192301750183105,0.43501588702201843,0.0
True,False,False,False,446,17.84000015258789,0.2742505669593811,20.128862380981445,0.8230718374252319,160.35659790039062,8.988598823547363,0.43507692217826843,0.0
True,False,False,False,920,36.79999923706055,0.2713225781917572,31.026119232177734,0.5465379357337952,401.5450134277344,10.91154956817627,0.33647671341896057,0.0
True,False,False,False,472,18.8799991607666,0.2677564024925232,20.057987213134766,0.8396335244178772,158.28030395507812,8.383491516113281,0.43420717120170593,0.0
True,False,False,False,457,18.279998779296875,0.27688735723495483,20.346967697143555,0.8218318819999695,164.09713745117188,8.97686767578125,0.43342897295951843,0.0
True,False,False,False,474,18.959999084472656,0.2696922719478607,20.360916137695312,0.8279213309288025,159.5613250732422,8.415681838989258,0.43698808550834656,0.0
True,False,False,False,445,17.799999237060547,0.2964269518852234,19.85256576538086,0.8388419151306152,157.0489044189453,8.822972297668457,0.33551332354545593,0.0
True,False,False,False,415,16.600000381469727,0.26044410467147827,19.578771591186523,0.8437782526016235,151.94708251953125,9.153438568115234,0.33311769366264343,0.0
True,False,False,False,432,17.279998779296875,0.27477848529815674,19.473546981811523,0.8537570238113403,149.40391540527344,8.646060943603516,0.43570253252983093,0.0
True,False,False,False,464,18.559999465942383,0.25819131731987,21.348556518554688,0.7893213033676147,192.4030303955078,10.36654281616211,0.43959882855415344,0.0
True,False,False,False,488,19.520000457763672,0.28661248087882996,20.15419578552246,0.8199694156646729,177.22166442871094,9.078978538513184,0.33461305499076843,0.0
True,False,False,False,456,18.239999771118164,0.2640639841556549,20.27193260192871,0.8349785804748535,165.0339813232422,9.0479154586792,0.3346664607524872,0.0
True,False,False,False,468,18.719999313354492,0.2613500952720642,20.401268005371094,0.8134682178497314,168.031494140625,8.976041793823242,0.3330618441104889,0.0
True,False,False,False,464,18.559999465942383,0.27080482244491577,20.2874813079834,0.8178466558456421,200.36219787597656,10.795377731323242,0.33391115069389343,0.0
True,False,False,False,423,16.920000076293945,0.29894521832466125,19.78712272644043,0.8439334630966187,151.947021484375,8.98031997680664,0.3321792781352997,0.0
True,False,False,False,473,18.920000076293945,0.2644978165626526,22.328569412231445,0.7518273591995239,202.76531982421875,10.7169828414917,0.33592531085014343,0.0
True,False,False,False,458,18.31999969482422,0.26902469992637634,20.27184295654297,0.8209706544876099,161.3390655517578,8.806717872619629,0.33499452471733093,0.0
True,False,False,False,476,19.03999900817871,0.2907206416130066,19.79325294494629,0.8352196216583252,167.59584045410156,8.802303314208984,0.33502504229545593,0.0
True,False,False,False,522,20.8799991607666,0.2674039602279663,19.878246307373047,0.8387316465377808,181.84315490722656,8.708963394165039,0.33681032061576843,0.0
True,False,False,False,514,20.559999465942383,0.2778128385543823,20.129831314086914,0.8402850031852722,176.19349670410156,8.569723129272461,0.33519288897514343,0.0
True,False,False,False,454,18.15999984741211,0.2848580479621887,19.821208953857422,0.8323842287063599,166.02122497558594,9.142138481140137,0.33391115069389343,0.0
True,False,False,False,435,17.399999618530273,0.29680705070495605,19.964618682861328,0.8459587693214417,163.72567749023438,9.40952205657959,0.33214113116264343,0.0
True,False,False,False,425,17.0,0.28036269545555115,19.43808364868164,0.857180655002594,147.06292724609375,8.650760650634766,0.33546754717826843,0.0
True,False,False,False,474,18.959999084472656,0.27409452199935913,20.176280975341797,0.8379505276679993,158.7959747314453,8.37531566619873,0.33595946431159973,0.0
True,False,False,False,496,19.84000015258789,0.26613205671310425,20.587724685668945,0.8221465349197388,175.2111053466797,8.831204414367676,0.4378947913646698,0.0
True,False,False,False,475,19.0,0.26149776577949524,20.331424713134766,0.8244405388832092,165.4427490234375,8.707512855529785,0.4360325038433075,0.0
True,False,False,False,460,18.399999618530273,0.26653045415878296,20.11553382873535,0.8375917673110962,158.79605102539062,8.630220413208008,0.3363581597805023,0.0
True,False,False,False,460,18.399999618530273,0.29130250215530396,20.613122940063477,0.8106175065040588,199.4384002685547,10.839043617248535,0.3291970193386078,0.0
True,False,False,False,502,20.079999923706055,0.28687870502471924,19.82508659362793,0.8350812196731567,178.53466796875,8.891168594360352,0.33430787920951843,0.0
True,False,False,False,462,18.479999542236328,0.2938781976699829,19.73590087890625,0.8380197286605835,159.57623291015625,8.635077476501465,0.43333742022514343,0.0
True,False,False,False,473,18.920000076293945,0.29150670766830444,20.36561393737793,0.8183732628822327,183.46444702148438,9.696852684020996,0.33226320147514343,0.0
True,False,False,False,494,19.760000228881836,0.2676839232444763,20.426082611083984,0.8230823278427124,172.0897674560547,8.708995819091797,0.33647462725639343,0.0
True,False,False,False,507,20.279998779296875,0.29669031500816345,19.557180404663086,0.8463060855865479,177.01966857910156,8.728780746459961,0.3391258418560028,0.0
True,False,False,False,457,18.279998779296875,0.27183133363723755,20.148712158203125,0.8364668488502502,157.7985382080078,8.632306098937988,0.43715110421180725,0.0
True,False,False,False,464,18.559999465942383,0.28609699010849,19.46441078186035,0.849402904510498,163.84962463378906,8.828104972839355,0.43466874957084656,0.0
True,False,False,False,452,18.079999923706055,0.2766590416431427,19.99468421936035,0.8291693329811096,169.7161407470703,9.386954307556152,0.33229371905326843,0.0
True,False,False,False,423,16.920000076293945,0.29937201738357544,19.308603286743164,0.8560417294502258,146.3280487060547,8.648229598999023,0.43568727374076843,0.0
True,False,False,False,437,17.479999542236328,0.27213895320892334,19.902040481567383,0.8325826525688171,154.91127014160156,8.862200736999512,0.33861085772514343,0.0
True,False,False,False,485,19.399999618530273,0.28965696692466736,19.71615982055664,0.8363393545150757,182.6385498046875,9.414358139038086,0.33482667803764343,0.0
True,False,False,False,448,17.920000076293945,0.28092268109321594,19.854307174682617,0.8290151953697205,161.33905029296875,9.003294944763184,0.33693239092826843,0.0
True,False,False,False,429,17.15999984741211,0.29499825835227966,19.726144790649414,0.843390703201294,148.6504364013672,8.662612915039062,0.43056032061576843,0.0
True,False,False,False,475,19.0,0.2869534492492676,21.093740463256836,0.7937344312667847,193.4016876220703,10.179036140441895,0.435328871011734,0.0
True,False,False,False,940,37.599998474121094,0.2716657519340515,32.608524322509766,0.5156558752059937,428.3955078125,11.393498420715332,0.43934938311576843,0.0
True,False,False,False,465,18.600000381469727,0.2728169858455658,20.099916458129883,0.8348892331123352,162.89968872070312,8.758048057556152,0.43503114581108093,0.0
True,False,False,False,483,19.31999969482422,0.2977448105812073,20.16269302368164,0.8405585289001465,165.44277954101562,8.5632905960083,0.43481752276420593,0.0
True,False,False,False,449,17.959999084472656,0.27858787775039673,19.479324340820312,0.8472874760627747,155.4725341796875,8.656599998474121,0.3353683650493622,0.0
True,False,False,False,470,18.799999237060547,0.26861828565597534,19.7503719329834,0.8403566479682922,184.6163787841797,9.82002067565918,0.33314821124076843,0.0
True,False,False,False,942,37.68000030517578,0.29954057931900024,36.53718948364258,0.4608410596847534,483.3703308105469,12.828299522399902,0.33472469449043274,0.0
True,False,False,False,445,17.799999237060547,0.2752093970775604,20.143171310424805,0.8386691808700562,151.00543212890625,8.483451843261719,0.43608400225639343,0.0
True,False,False,False,466,18.639999389648438,0.2977311611175537,20.060440063476562,0.8378845453262329,163.6802215576172,8.7811279296875,0.33311769366264343,0.0
True,False,False,False,462,18.479999542236328,0.29900407791137695,19.91801643371582,0.8426705598831177,166.4114990234375,9.004951477050781,0.3440748155117035,0.0
True,False,False,False,487,19.479999542236328,0.28717517852783203,19.7219181060791,0.8400170803070068,171.88778686523438,8.823808670043945,0.3357383906841278,0.0
True,False,False,False,477,19.079999923706055,0.28925538063049316,19.931140899658203,0.8391734957695007,168.0204620361328,8.806103706359863,0.3348790109157562,0.0
True,False,False,False,436,17.440000534057617,0.27863967418670654,20.245376586914062,0.8362565040588379,148.81063842773438,8.532719612121582,0.4358322322368622,0.0
True,False,False,False,424,16.959999084472656,0.2820153534412384,19.625511169433594,0.8454892635345459,162.49566650390625,9.5811128616333,0.43939849734306335,0.0
True,False,False,False,529,21.15999984741211,0.2717178761959076,19.569486618041992,0.8545534014701843,181.2473602294922,8.56556510925293,0.33928224444389343,0.0
True,False,False,False,466,18.639999389648438,0.2840580344200134,19.86760711669922,0.8374440670013428,159.57635498046875,8.56096363067627,0.33661195635795593,0.0
True,False,False,False,489,19.559999465942383,0.26877760887145996,19.855932235717773,0.8305270671844482,177.01956176757812,9.050080299377441,0.33659788966178894,0.0
True,False,False,False,457,18.279998779296875,0.26515746116638184,19.66050148010254,0.8547425866127014,154.4901885986328,8.451323509216309,0.33856847882270813,0.0
True,False,False,False,483,19.31999969482422,0.2843438684940338,20.094629287719727,0.822555661201477,183.66644287109375,9.506545066833496,0.33391115069389343,0.0
True,False,False,False,494,19.760000228881836,0.27365756034851074,19.89276123046875,0.8343917727470398,176.7718505859375,8.945943832397461,0.4360315501689911,0.0
True,False,False,False,477,19.079999923706055,0.2697148323059082,20.19575309753418,0.8323609232902527,169.54666137695312,8.886093139648438,0.3358871638774872,0.0
