goal_reached,collision,out_of_bounds,time_out,episode_steps,duration_s,final_distance_to_goal_m,path_length_m,trajectory_efficiency,command_variation_mps,command_variation_rate_mps2,min_clearance_m,mean_residual_mps
True,False,False,False,500,20.0,0.2830944359302521,20.01243019104004,0.8344813585281372,171.30938720703125,8.565469741821289,0.3353094160556793,0.0
True,False,False,False,500,20.0,0.2830944359302521,20.01243019104004,0.8344813585281372,171.30938720703125,8.565469741821289,0.3353094160556793,0.0
True,False,False,False,500,20.0,0.2830944359302521,20.01243019104004,0.8344813585281372,171.30938720703125,8.565469741821289,0.3353094160556793,0.0
True,False,False,False,500,20.0,0.2830944359302521,20.01243019104004,0.8344813585281372,171.30938720703125,8.565469741821289,0.3353094160556793,0.0
True,False,False,False,500,20.0,0.2830944359302521,20.01243019104004,0.8344813585281372,171.30938720703125,8.565469741821289,0.3353094160556793,0.0
True,False,False,False,500,20.0,0.2830944359302521,20.01243019104004,0.8344813585281372,171.30938720703125,8.565469741821289,0.3353094160556793,0.0
True,False,False,False,500,20.0,0.2817176580429077,20.01456642150879,0.8343923687934875,171.30938720703125,8.565469741821289,0.3353094160556793,0.0
True,False,False,False,500,20.0,0.2817176580429077,20.01456642150879,0.8343923687934875,171.30938720703125,8.565469741821289,0.3353094160556793,0.0
True,False,False,False,500,20.0,0.2817176580429077,20.01456642150879,0.8343923687934875,171.30938720703125,8.565469741821289,0.3353094160556793,0.0
True,False,False,False,500,20.0,0.2817176580429077,20.01456642150879,0.8343923687934875,171.30938720703125,8.565469741821289,0.3353094160556793,0.0
True,False,False,False,500,20.0,0.2817176580429077,20.01456642150879,0.8343923687934875,171.30938720703125,8.565469741821289,0.3353094160556793,0.0
True,False,False,False,500,20.0,0.281920462846756,20.016489028930664,0.8343121409416199,171.30938720703125,8.565469741821289,0.3357972800731659,0.0
True,False,False,False,500,20.0,0.281920462846756,20.016489028930664,0.8343121409416199,171.30938720703125,8.565469741821289,0.3357972800731659,0.0
True,False,False,False,500,20.0,0.28205642104148865,20.014070510864258,0.8344129920005798,171.30938720703125,8.565469741821289,0.3353094160556793,0.0
True,False,False,False,500,20.0,0.28205642104148865,20.014070510864258,0.8344129920005798,171.30938720703125,8.565469741821289,0.3353094160556793,0.0
True,False,False,False,500,20.0,0.28204789757728577,20.014841079711914,0.8343809247016907,171.30938720703125,8.565469741821289,0.335492342710495,0.0
True,False,False,False,500,20.0,0.28204789757728577,20.014841079711914,0.8343809247016907,171.30938720703125,8.565469741821289,0.335492342710495,0.0
True,False,False,False,500,20.0,0.28205642104148865,20.014070510864258,0.8344129920005798,171.30938720703125,8.565469741821289,0.3353094160556793,0.0
True,False,False,False,500,20.0,0.28205642104148865,20.014070510864258,0.8344129920005798,171.30938720703125,8.565469741821289,0.3353094160556793,0.0
True,False,False,False,500,20.0,0.281920462846756,20.016489028930664,0.8343121409416199,171.30938720703125,8.565469741821289,0.3357972800731659,0.0
True,False,False,False,500,20.0,0.281920462846756,20.016489028930664,0.8343121409416199,171.30938720703125,8.565469741821289,0.3357972800731659,0.0
True,False,False,False,500,20.0,0.2817176580429077,20.01456642150879,0.8343923687934875,171.30938720703125,8.565469741821289,0.3353094160556793,0.0
True,False,False,False,500,20.0,0.2817176580429077,20.01456642150879,0.8343923687934875,171.30938720703125,8.565469741821289,0.3353094160556793,0.0
True,False,False,False,500,20.0,0.2817176580429077,20.01456642150879,0.8343923687934875,171.30938720703125,8.565469741821289,0.3353094160556793,0.0
True,False,False,False,500,20.0,0.2817176580429077,20.01456642150879,0.8343923687934875,171.30938720703125,8.565469741821289,0.3353094160556793,0.0
True,False,False,False,500,20.0,0.2817176580429077,20.01456642150879,0.8343923687934875,171.30938720703125,8.565469741821289,0.3353094160556793,0.0
True,False,False,False,500,20.0,0.2830944359302521,20.01243019104004,0.8344813585281372,171.30938720703125,8.565469741821289,0.3353094160556793,0.0
True,False,False,False,500,20.0,0.2830944359302521,20.01243019104004,0.8344813585281372,171.30938720703125,8.565469741821289,0.3353094160556793,0.0
True,False,False,False,500,20.0,0.2830944359302521,20.01243019104004,0.8344813585281372,171.30938720703125,8.565469741821289,0.3353094160556793,0.0
True,False,False,False,500,20.0,0.2830944359302521,20.01243019104004,0.8344813585281372,171.30938720703125,8.565469741821289,0.3353094160556793,0.0
True,False,False,False,500,20.0,0.2830944359302521,20.01243019104004,0.8344813585281372,171.30938720703125,8.565469741821289,0.3353094160556793,0.0
True,False,False,False,500,20.0,0.2830944359302521,20.01243019104004,0.8344813585281372,171.30938720703125,8.565469741821289,0.3353094160556793,0.0
True,False,False,False,500,20.0,0.2830944359302521,20.01243019104004,0.8344813585281372,171.30938720703125,8.565469741821289,0.3353094160556793,0.0
True,False,False,False,500,20.0,0.2830944359302521,20.01243019104004,0.8344813585281372,171.30938720703125,8.565469741821289,0.3353094160556793,0.0
True,False,False,False,500,20.0,0.2830944359302521,20.01243019104004,0.8344813585281372,171.30938720703125,8.565469741821289,0.3353094160556793,0.0
True,False,False,False,500,20.0,0.2830944359302521,20.01243019104004,0.8344813585281372,171.30938720703125,8.565469741821289,0.3353094160556793,0.0
True,False,False,False,500,20.0,0.2830944359302521,20.01243019104004,0.8344813585281372,171.30938720703125,8.565469741821289,0.3353094160556793,0.0
True,False,False,False,500,20.0,0.2830944359302521,20.01243019104004,0.8344813585281372,171.30938720703125,8.565469741821289,0.3353094160556793,0.0
True,False,False,False,500,20.0,0.2817176580429077,20.01456642150879,0.8343923687934875,171.30938720703125,8.565469741821289,0.3353094160556793,0.0
True,False,False,False,500,20.0,0.2817176580429077,20.01456642150879,0.8343923687934875,171.30938720703125,8.565469741821289,0.3353094160556793,0.0
True,False,False,False,500,20.0,0.2817176580429077,20.01456642150879,0.8343923687934875,171.30938720703125,8.565469741821289,0.3353094160556793,0.0
True,False,False,False,500,20.0,0.2817176580429077,20.01456642150879,0.8343923687934875,171.30938720703125,8.565469741821289,0.3353094160556793,0.0
True,False,False,False,500,20.0,0.2817176580429077,20.01456642150879,0.8343923687934875,171.30938720703125,8.565469741821289,0.3353094160556793,0.0
True,False,False,False,500,20.0,0.281920462846756,20.016489028930664,0.8343121409416199,171.30938720703125,8.565469741821289,0.3357972800731659,0.0
True,False,False,False,500,20.0,0.281920462846756,20.016489028930664,0.8343121409416199,171.30938720703125,8.565469741821289,0.3357972800731659,0.0
True,False,False,False,500,20.0,0.28205642104148865,20.014070510864258,0.8344129920005798,171.30938720703125,8.565469741821289,0.3353094160556793,0.0
True,False,False,False,500,20.0,0.28205642104148865,20.014070510864258,0.8344129920005798,171.30938720703125,8.565469741821289,0.3353094160556793,0.0
True,False,False,False,500,20.0,0.28204789757728577,20.014841079711914,0.8343809247016907,171.30938720703125,8.565469741821289,0.335492342710495,0.0
True,False,False,False,500,20.0,0.28204789757728577,20.014841079711914,0.8343809247016907,171.30938720703125,8.565469741821289,0.335492342710495,0.0
True,False,False,False,500,20.0,0.28205642104148865,20.014070510864258,0.8344129920005798,171.30938720703125,8.565469741821289,0.3353094160556793,0.0
True,False,False,False,500,20.0,0.28205642104148865,20.014070510864258,0.8344129920005798,171.30938720703125,8.565469741821289,0.3353094160556793,0.0
True,False,False,False,500,20.0,0.281920462846756,20.016489028930664,0.8343121409416199,171.30938720703125,8.565469741821289,0.3357972800731659,0.0
True,False,False,False,500,20.0,0.281920462846756,20.016489028930664,0.8343121409416199,171.30938720703125,8.565469741821289,0.3357972800731659,0.0
True,False,False,False,500,20.0,0.2817176580429077,20.01456642150879,0.8343923687934875,171.30938720703125,8.565469741821289,0.3353094160556793,0.0
True,False,False,False,500,20.0,0.2817176580429077,20.01456642150879,0.8343923687934875,171.30938720703125,8.565469741821289,0.3353094160556793,0.0
True,False,False,False,500,20.0,0.2817176580429077,20.01456642150879,0.8343923687934875,171.30938720703125,8.565469741821289,0.3353094160556793,0.0
True,False,False,False,500,20.0,0.2817176580429077,20.01456642150879,0.8343923687934875,171.30938720703125,8.565469741821289,0.3353094160556793,0.0
True,False,False,False,500,20.0,0.2817176580429077,20.01456642150879,0.8343923687934875,171.30938720703125,8.565469741821289,0.3353094160556793,0.0
True,False,False,False,500,20.0,0.2830944359302521,20.01243019104004,0.8344813585281372,171.30938720703125,8.565469741821289,0.3353094160556793,0.0
True,False,False,False,500,20.0,0.2830944359302521,20.01243019104004,0.8344813585281372,171.30938720703125,8.565469741821289,0.3353094160556793,0.0
True,False,False,False,500,20.0,0.2830944359302521,20.01243019104004,0.8344813585281372,171.30938720703125,8.565469741821289,0.3353094160556793,0.0
True,False,False,False,500,20.0,0.2830944359302521,20.01243019104004,0.8344813585281372,171.30938720703125,8.565469741821289,0.3353094160556793,0.0
True,False,False,False,500,20.0,0.2830944359302521,20.01243019104004,0.8344813585281372,171.30938720703125,8.565469741821289,0.3353094160556793,0.0
True,False,False,False,500,20.0,0.2830944359302521,20.01243019104004,0.8344813585281372,171.30938720703125,8.565469741821289,0.3353094160556793,0.0
True,False,False,False,500,20.0,0.2830944359302521,20.01243019104004,0.8344813585281372,171.30938720703125,8.565469741821289,0.3353094160556793,0.0
True,False,False,False,500,20.0,0.2830944359302521,20.01243019104004,0.8344813585281372,171.30938720703125,8.565469741821289,0.3353094160556793,0.0
True,False,False,False,500,20.0,0.2830944359302521,20.01243019104004,0.8344813585281372,171.30938720703125,8.565469741821289,0.3353094160556793,0.0
True,False,False,False,500,20.0,0.2830944359302521,20.01243019104004,0.8344813585281372,171.30938720703125,8.565469741821289,0.3353094160556793,0.0
True,False,False,False,500,20.0,0.2830944359302521,20.01243019104004,0.8344813585281372,171.30938720703125,8.565469741821289,0.3353094160556793,0.0
True,False,False,False,500,20.0,0.2830944359302521,20.01243019104004,0.8344813585281372,171.30938720703125,8.565469741821289,0.3353094160556793,0.0
True,False,False,False,500,20.0,0.2817176580429077,20.01456642150879,0.8343923687934875,171.30938720703125,8.565469741821289,0.3353094160556793,0.0
True,False,False,False,500,20.0,0.2817176580429077,20.01456642150879,0.8343923687934875,171.30938720703125,8.565469741821289,0.3353094160556793,0.0
True,False,False,False,500,20.0,0.2817176580429077,20.01456642150879,0.8343923687934875,171.30938720703125,8.565469741821289,0.3353094160556793,0.0
True,False,False,False,500,20.0,0.2817176580429077,20.01456642150879,0.8343923687934875,171.30938720703125,8.565469741821289,0.3353094160556793,0.0
True,False,False,False,500,20.0,0.2817176580429077,20.01456642150879,0.8343923687934875,171.30938720703125,8.565469741821289,0.3353094160556793,0.0
True,False,False,False,500,20.0,0.281920462846756,20.016489028930664,0.8343121409416199,171.30938720703125,8.565469741821289,0.3357972800731659,0.0
True,False,False,False,500,20.0,0.281920462846756,20.016489028930664,0.8343121409416199,171.30938720703125,8.565469741821289,0.3357972800731659,0.0
True,False,False,False,500,20.0,0.28205642104148865,20.014070510864258,0.8344129920005798,171.30938720703125,8.565469741821289,0.3353094160556793,0.0
True,False,False,False,500,20.0,0.28205642104148865,20.014070510864258,0.8344129920005798,171.30938720703125,8.565469741821289,0.3353094160556793,0.0
True,False,False,False,500,20.0,0.28204789757728577,20.014841079711914,0.8343809247016907,171.30938720703125,8.565469741821289,0.335492342710495,0.0
True,False,False,False,500,20.0,0.28204789757728577,20.014841079711914,0.8343809247016907,171.30938720703125,8.565469741821289,0.335492342710495,0.0
True,False,False,False,500,20.0,0.28205642104148865,20.014070510864258,0.8344129920005798,171.30938720703125,8.565469741821289,0.3353094160556793,0.0
True,False,False,False,500,20.0,0.28205642104148865,20.014070510864258,0.8344129920005798,171.30938720703125,8.565469741821289,0.3353094160556793,0.0
True,False,False,False,500,20.0,0.281920462846756,20.016489028930664,0.8343121409416199,171.30938720703125,8.565469741821289,0.3357972800731659,0.0
True,False,False,False,500,20.0,0.281920462846756,20.016489028930664,0.8343121409416199,171.30938720703125,8.565469741821289,0.3357972800731659,0.0
True,False,False,False,500,20.0,0.2817176580429077,20.01456642150879,0.8343923687934875,171.30938720703125,8.565469741821289,0.3353094160556793,0.0
True,False,False,False,500,20.0,0.2817176580429077,20.01456642150879,0.8343923687934875,171.30938720703125,8.565469741821289,0.3353094160556793,0.0
True,False,False,False,500,20.0,0.2817176580429077,20.01456642150879,0.8343923687934875,171.30938720703125,8.565469741821289,0.3353094160556793,0.0
True,False,False,False,500,20.0,0.2817176580429077,20.01456642150879,0.8343923687934875,171.30938720703125,8.565469741821289,0.3353094160556793,0.0
True,False,False,False,500,20.0,0.2817176580429077,20.01456642150879,0.8343923687934875,171.30938720703125,8.565469741821289,0.3353094160556793,0.0
True,False,False,False,500,20.0,0.2830944359302521,20.01243019104004,0.8344813585281372,171.30938720703125,8.565469741821289,0.3353094160556793,0.0
True,False,False,False,500,20.0,0.2830944359302521,20.01243019104004,0.8344813585281372,171.30938720703125,8.565469741821289,0.3353094160556793,0.0
True,False,False,False,500,20.0,0.2830944359302521,20.01243019104004,0.8344813585281372,171.30938720703125,8.565469741821289,0.3353094160556793,0.0
True,False,False,False,500,20.0,0.2830944359302521,20.01243019104004,0.8344813585281372,171.30938720703125,8.565469741821289,0.3353094160556793,0.0
True,False,False,False,500,20.0,0.2830944359302521,20.01243019104004,0.8344813585281372,171.30938720703125,8.565469741821289,0.3353094160556793,0.0
True,False,False,False,500,20.0,0.2830944359302521,20.01243019104004,0.8344813585281372,171.30938720703125,8.565469741821289,0.3353094160556793,0.0
True,False,False,False,500,20.0,0.2830944359302521,20.01243019104004,0.8344813585281372,171.30938720703125,8.565469741821289,0.3353094160556793,0.0
True,False,False,False,500,20.0,0.2830944359302521,20.01243019104004,0.8344813585281372,171.30938720703125,8.565469741821289,0.3353094160556793,0.0
True,False,False,False,500,20.0,0.2830944359302521,20.01243019104004,0.8344813585281372,171.30938720703125,8.565469741821289,0.3353094160556793,0.0
True,False,False,False,500,20.0,0.2830944359302521,20.01243019104004,0.8344813585281372,171.30938720703125,8.565469741821289,0.3353094160556793,0.0
True,False,False,False,500,20.0,0.2830944359302521,20.01243019104004,0.8344813585281372,171.30938720703125,8.565469741821289,0.3353094160556793,0.0
True,False,False,False,500,20.0,0.2830944359302521,20.01243019104004,0.8344813585281372,171.30938720703125,8.565469741821289,0.3353094160556793,0.0
True,False,False,False,500,20.0,0.2817176580429077,20.01456642150879,0.8343923687934875,171.30938720703125,8.565469741821289,0.3353094160556793,0.0
True,False,False,False,500,20.0,0.2817176580429077,20.01456642150879,0.8343923687934875,171.30938720703125,8.565469741821289,0.3353094160556793,0.0
True,False,False,False,500,20.0,0.2817176580429077,20.01456642150879,0.8343923687934875,171.30938720703125,8.565469741821289,0.3353094160556793,0.0
True,False,False,False,500,20.0,0.2817176580429077,20.01456642150879,0.8343923687934875,171.30938720703125,8.565469741821289,0.3353094160556793,0.0
True,False,False,False,500,20.0,0.2817176580429077,20.01456642150879,0.8343923687934875,171.30938720703125,8.565469741821289,0.3353094160556793,0.0
True,False,False,False,500,20.0,0.281920462846756,20.016489028930664,0.8343121409416199,171.30938720703125,8.565469741821289,0.3357972800731659,0.0
True,False,False,False,500,20.0,0.281920462846756,20.016489028930664,0.8343121409416199,171.30938720703125,8.565469741821289,0.3357972800731659,0.0
True,False,False,False,500,20.0,0.28205642104148865,20.014070510864258,0.8344129920005798,171.30938720703125,8.565469741821289,0.3353094160556793,0.0
True,False,False,False,500,20.0,0.28205642104148865,20.014070510864258,0.8344129920005798,171.30938720703125,8.565469741821289,0.3353094160556793,0.0
True,False,False,False,500,20.0,0.28204789757728577,20.014841079711914,0.8343809247016907,171.30938720703125,8.565469741821289,0.335492342710495,0.0
True,False,False,False,500,20.0,0.28204789757728577,20.014841079711914,0.8343809247016907,171.30938720703125,8.565469741821289,0.335492342710495,0.0
True,False,False,False,500,20.0,0.28205642104148865,20.014070510864258,0.8344129920005798,171.30938720703125,8.565469741821289,0.3353094160556793,0.0
True,False,False,False,500,20.0,0.28205642104148865,20.014070510864258,0.8344129920005798,171.30938720703125,8.565469741821289,0.3353094160556793,0.0
True,False,False,False,500,20.0,0.281920462846756,20.016489028930664,0.8343121409416199,171.30938720703125,8.565469741821289,0.3357972800731659,0.0
True,False,False,False,500,20.0,0.281920462846756,20.016489028930664,0.8343121409416199,171.30938720703125,8.565469741821289,0.3357972800731659,0.0
True,False,False,False,500,20.0,0.2817176580429077,20.01456642150879,0.8343923687934875,171.30938720703125,8.565469741821289,0.3353094160556793,0.0
True,False,False,False,500,20.0,0.2817176580429077,20.01456642150879,0.8343923687934875,171.30938720703125,8.565469741821289,0.3353094160556793,0.0
True,False,False,False,500,20.0,0.2817176580429077,20.01456642150879,0.8343923687934875,171.30938720703125,8.565469741821289,0.3353094160556793,0.0
True,False,False,False,500,20.0,0.2817176580429077,20.01456642150879,0.8343923687934875,171.30938720703125,8.565469741821289,0.3353094160556793,0.0
True,False,False,False,500,20.0,0.2817176580429077,20.01456642150879,0.8343923687934875,171.30938720703125,8.565469741821289,0.3353094160556793,0.0
True,False,False,False,500,20.0,0.2830944359302521,20.01243019104004,0.8344813585281372,171.30938720703125,8.565469741821289,0.3353094160556793,0.0
True,False,False,False,500,20.0,0.2830944359302521,20.01243019104004,0.8344813585281372,171.30938720703125,8.565469741821289,0.3353094160556793,0.0
True,False,False,False,500,20.0,0.2830944359302521,20.01243019104004,0.8344813585281372,171.30938720703125,8.565469741821289,0.3353094160556793,0.0
True,False,False,False,500,20.0,0.2830944359302521,20.01243019104004,0.8344813585281372,171.30938720703125,8.565469741821289,0.3353094160556793,0.0
True,False,False,False,500,20.0,0.2830944359302521,20.01243019104004,0.8344813585281372,171.30938720703125,8.565469741821289,0.3353094160556793,0.0
True,False,False,False,500,20.0,0.2830944359302521,20.01243019104004,0.8344813585281372,171.30938720703125,8.565469741821289,0.3353094160556793,0.0
True,False,False,False,500,20.0,0.2830944359302521,20.01243019104004,0.8344813585281372,171.30938720703125,8.565469741821289,0.3353094160556793,0.0
True,False,False,False,500,20.0,0.2830944359302521,20.01243019104004,0.8344813585281372,171.30938720703125,8.565469741821289,0.3353094160556793,0.0
True,False,False,False,500,20.0,0.2830944359302521,20.01243019104004,0.8344813585281372,171.30938720703125,8.565469741821289,0.3353094160556793,0.0
True,False,False,False,500,20.0,0.2830944359302521,20.01243019104004,0.8344813585281372,171.30938720703125,8.565469741821289,0.3353094160556793,0.0
True,False,False,False,500,20.0,0.2830944359302521,20.01243019104004,0.8344813585281372,171.30938720703125,8.565469741821289,0.3353094160556793,0.0
True,False,False,False,500,20.0,0.2830944359302521,20.01243019104004,0.8344813585281372,171.30938720703125,8.565469741821289,0.3353094160556793,0.0
True,False,False,False,500,20.0,0.2817176580429077,20.01456642150879,0.8343923687934875,171.30938720703125,8.565469741821289,0.3353094160556793,0.0
True,False,False,False,500,20.0,0.2817176580429077,20.01456642150879,0.8343923687934875,171.30938720703125,8.565469741821289,0.3353094160556793,0.0
True,False,False,False,500,20.0,0.2817176580429077,20.01456642150879,0.8343923687934875,171.30938720703125,8.565469741821289,0.3353094160556793,0.0
True,False,False,False,500,20.0,0.2817176580429077,20.01456642150879,0.8343923687934875,171.30938720703125,8.565469741821289,0.3353094160556793,0.0
True,False,False,False,500,20.0,0.2817176580429077,20.01456642150879,0.8343923687934875,171.30938720703125,8.565469741821289,0.3353094160556793,0.0
True,False,False,False,500,20.0,0.281920462846756,20.016489028930664,0.8343121409416199,171.30938720703125,8.565469741821289,0.3357972800731659,0.0
True,False,False,False,500,20.0,0.281920462846756,20.016489028930664,0.8343121409416199,171.30938720703125,8.565469741821289,0.3357972800731659,0.0
True,False,False,False,500,20.0,0.28205642104148865,20.014070510864258,0.8344129920005798,171.30938720703125,8.565469741821289,0.3353094160556793,0.0
True,False,False,False,500,20.0,0.28205642104148865,20.014070510864258,0.8344129920005798,171.30938720703125,8.565469741821289,0.3353094160556793,0.0
True,False,False,False,500,20.0,0.28204789757728577,20.014841079711914,0.8343809247016907,171.30938720703125,8.565469741821289,0.335492342710495,0.0
True,False,False,False,500,20.0,0.28204789757728577,20.014841079711914,0.8343809247016907,171.30938720703125,8.565469741821289,0.335492342710495,0.0
True,False,False,False,500,20.0,0.28205642104148865,20.014070510864258,0.8344129920005798,171.30938720703125,8.565469741821289,0.3353094160556793,0.0
True,False,False,False,500,20.0,0.28205642104148865,20.014070510864258,0.8344129920005798,171.30938720703125,8.565469741821289,0.3353094160556793,0.0
True,False,False,False,500,20.0,0.281920462846756,20.016489028930664,0.8343121409416199,171.30938720703125,8.565469741821289,0.3357972800731659,0.0
True,False,False,False,500,20.0,0.281920462846756,20.016489028930664,0.8343121409416199,171.30938720703125,8.565469741821289,0.3357972800731659,0.0
True,False,False,False,500,20.0,0.2817176580429077,20.01456642150879,0.8343923687934875,171.30938720703125,8.565469741821289,0.3353094160556793,0.0
True,False,False,False,500,20.0,0.2817176580429077,20.01456642150879,0.8343923687934875,171.30938720703125,8.565469741821289,0.3353094160556793,0.0
True,False,False,False,500,20.0,0.2817176580429077,20.01456642150879,0.8343923687934875,171.30938720703125,8.565469741821289,0.3353094160556793,0.0
True,False,False,False,500,20.0,0.2817176580429077,20.01456642150879,0.8343923687934875,171.30938720703125,8.565469741821289,0.3353094160556793,0.0
True,False,False,False,500,20.0,0.2817176580429077,20.01456642150879,0.8343923687934875,171.30938720703125,8.565469741821289,0.3353094160556793,0.0
True,False,False,False,500,20.0,0.2830944359302521,20.01243019104004,0.8344813585281372,171.30938720703125,8.565469741821289,0.3353094160556793,0.0
True,False,False,False,500,20.0,0.2830944359302521,20.01243019104004,0.8344813585281372,171.30938720703125,8.565469741821289,0.3353094160556793,0.0
True,False,False,False,500,20.0,0.2830944359302521,20.01243019104004,0.8344813585281372,171.30938720703125,8.565469741821289,0.3353094160556793,0.0
True,False,False,False,500,20.0,0.2830944359302521,20.01243019104004,0.8344813585281372,171.30938720703125,8.565469741821289,0.3353094160556793,0.0
True,False,False,False,500,20.0,0.2830944359302521,20.01243019104004,0.8344813585281372,171.30938720703125,8.565469741821289,0.3353094160556793,0.0
True,False,False,False,500,20.0,0.2830944359302521,20.01243019104004,0.8344813585281372,171.30938720703125,8.565469741821289,0.3353094160556793,0.0
True,False,False,False,500,20.0,0.2861800193786621,20.00937843322754,0.8346086740493774,171.30938720703125,8.565469741821289,0.335187166929245,0.0
True,False,False,False,500,20.0,0.2861800193786621,20.00937843322754,0.8346086740493774,171.30938720703125,8.565469741821289,0.335187166929245,0.0
True,False,False,False,500,20.0,0.2861800193786621,20.00937843322754,0.8346086740493774,171.30938720703125,8.565469741821289,0.335187166929245,0.0
True,False,False,False,500,20.0,0.2861800193786621,20.00937843322754,0.8346086740493774,171.30938720703125,8.565469741821289,0.335187166929245,0.0
True,False,False,False,500,20.0,0.2861800193786621,20.00937843322754,0.8346086740493774,171.30938720703125,8.565469741821289,0.335187166929245,0.0
True,False,False,False,500,20.0,0.2861800193786621,20.00937843322754,0.8346086740493774,171.30938720703125,8.565469741821289,0.335187166929245,0.0
True,False,False,False,500,20.0,0.284818172454834,20.011516571044922,0.8345195055007935,171.30938720703125,8.565469741821289,0.335187166929245,0.0
True,False,False,False,500,20.0,0.284818172454834,20.011516571044922,0.8345195055007935,171.30938720703125,8.565469741821289,0.335187166929245,0.0
True,False,False,False,500,20.0,0.284818172454834,20.011516571044922,0.8345195055007935,171.30938720703125,8.565469741821289,0.335187166929245,0.0
True,False,False,False,500,20.0,0.284818172454834,20.011516571044922,0.8345195055007935,171.30938720703125,8.565469741821289,0.335187166929245,0.0
True,False,False,False,500,20.0,0.284818172454834,20.011516571044922,0.8345195055007935,171.30938720703125,8.565469741821289,0.335187166929245,0.0
True,False,False,False,500,20.0,0.28501877188682556,20.013437271118164,0.8344393968582153,171.30938720703125,8.565469741821289,0.33567509055137634,0.0
True,False,False,False,500,20.0,0.28501877188682556,20.013437271118164,0.8344393968582153,171.30938720703125,8.565469741821289,0.33567509055137634,0.0
True,False,False,False,500,20.0,0.28515323996543884,20.011018753051758,0.8345402479171753,171.30938720703125,8.565469741821289,0.335187166929245,0.0
True,False,False,False,500,20.0,0.28515323996543884,20.011018753051758,0.8345402479171753,171.30938720703125,8.565469741821289,0.335187166929245,0.0
True,False,False,False,500,20.0,0.2851448357105255,20.011789321899414,0.8345081210136414,171.30938720703125,8.565469741821289,0.33537009358406067,0.0
True,False,False,False,500,20.0,0.2851448357105255,20.011789321899414,0.8345081210136414,171.30938720703125,8.565469741821289,0.33537009358406067,0.0
True,False,False,False,500,20.0,0.28515323996543884,20.011018753051758,0.8345402479171753,171.30938720703125,8.565469741821289,0.335187166929245,0.0
True,False,False,False,500,20.0,0.28515323996543884,20.011018753051758,0.8345402479171753,171.30938720703125,8.565469741821289,0.335187166929245,0.0
True,False,False,False,500,20.0,0.28501877188682556,20.013437271118164,0.8344393968582153,171.30938720703125,8.565469741821289,0.33567509055137634,0.0
True,False,False,False,500,20.0,0.28501877188682556,20.013437271118164,0.8344393968582153,171.30938720703125,8.565469741821289,0.33567509055137634,0.0
True,False,False,False,500,20.0,0.284818172454834,20.011516571044922,0.8345195055007935,171.30938720703125,8.565469741821289,0.335187166929245,0.0
True,False,False,False,500,20.0,0.284818172454834,20.011516571044922,0.8345195055007935,171.30938720703125,8.565469741821289,0.335187166929245,0.0
True,False,False,False,500,20.0,0.284818172454834,20.011516571044922,0.8345195055007935,171.30938720703125,8.565469741821289,0.335187166929245,0.0
True,False,False,False,500,20.0,0.284818172454834,20.011516571044922,0.8345195055007935,171.30938720703125,8.565469741821289,0.335187166929245,0.0
True,False,False,False,500,20.0,0.284818172454834,20.011516571044922,0.8345195055007935,171.30938720703125,8.565469741821289,0.335187166929245,0.0
True,False,False,False,500,20.0,0.2861800193786621,20.00937843322754,0.8346086740493774,171.30938720703125,8.565469741821289,0.335187166929245,0.0
True,False,False,False,500,20.0,0.2861800193786621,20.00937843322754,0.8346086740493774,171.30938720703125,8.565469741821289,0.335187166929245,0.0
True,False,False,False,500,20.0,0.2861800193786621,20.00937843322754,0.8346086740493774,171.30938720703125,8.565469741821289,0.335187166929245,0.0
True,False,False,False,500,20.0,0.2861800193786621,20.00937843322754,0.8346086740493774,171.30938720703125,8.565469741821289,0.335187166929245,0.0
True,False,False,False,500,20.0,0.2861800193786621,20.00937843322754,0.8346086740493774,171.30938720703125,8.565469741821289,0.335187166929245,0.0
True,False,False,False,500,20.0,0.2861800193786621,20.00937843322754,0.8346086740493774,171.30938720703125,8.565469741821289,0.335187166929245,0.0
True,False,False,False,500,20.0,0.28573280572891235,20.00981330871582,0.834590494632721,171.30938720703125,8.565469741821289,0.3353094160556793,0.0
True,False,False,False,500,20.0,0.28573280572891235,20.00981330871582,0.834590494632721,171.30938720703125,8.565469741821289,0.3353094160556793,0.0
True,False,False,False,500,20.0,0.28573280572891235,20.00981330871582,0.834590494632721,171.30938720703125,8.565469741821289,0.3353094160556793,0.0
True,False,False,False,500,20.0,0.28573280572891235,20.00981330871582,0.834590494632721,171.30938720703125,8.565469741821289,0.3353094160556793,0.0
True,False,False,False,500,20.0,0.28573280572891235,20.00981330871582,0.834590494632721,171.30938720703125,8.565469741821289,0.3353094160556793,0.0
True,False,False,False,500,20.0,0.28573280572891235,20.00981330871582,0.834590494632721,171.30938720703125,8.565469741821289,0.3353094160556793,0.0
True,False,False,False,500,20.0,0.2843688130378723,20.011890411376953,0.8345038890838623,171.30938720703125,8.565469741821289,0.3353094160556793,0.0
True,False,False,False,500,20.0,0.2843688130378723,20.011890411376953,0.8345038890838623,171.30938720703125,8.565469741821289,0.3353094160556793,0.0
True,False,False,False,500,20.0,0.2843688130378723,20.011890411376953,0.8345038890838623,171.30938720703125,8.565469741821289,0.3353094160556793,0.0
True,False,False,False,500,20.0,0.2843688130378723,20.011890411376953,0.8345038890838623,171.30938720703125,8.565469741821289,0.3353094160556793,0.0
True,False,False,False,500,20.0,0.2843688130378723,20.011890411376953,0.8345038890838623,171.30938720703125,8.565469741821289,0.3353094160556793,0.0
True,False,False,False,500,20.0,0.28456974029541016,20.013813018798828,0.8344237208366394,171.30938720703125,8.565469741821289,0.3357972800731659,0.0
True,False,False,False,500,20.0,0.28456974029541016,20.013813018798828,0.8344237208366394,171.30938720703125,8.565469741821289,0.3357972800731659,0.0
True,False,False,False,500,20.0,0.28470441699028015,20.011394500732422,0.8345245718955994,171.30938720703125,8.565469741821289,0.3353094160556793,0.0
True,False,False,False,500,20.0,0.28470441699028015,20.011394500732422,0.8345245718955994,171.30938720703125,8.565469741821289,0.3353094160556793,0.0
True,False,False,False,500,20.0,0.28469598293304443,20.012224197387695,0.8344900012016296,171.30938720703125,8.565469741821289,0.335492342710495,0.0
True,False,False,False,500,20.0,0.28469598293304443,20.012224197387695,0.8344900012016296,171.30938720703125,8.565469741821289,0.335492342710495,0.0
True,False,False,False,500,20.0,0.28470441699028015,20.011394500732422,0.8345245718955994,171.30938720703125,8.565469741821289,0.3353094160556793,0.0
True,False,False,False,500,20.0,0.28470441699028015,20.011394500732422,0.8345245718955994,171.30938720703125,8.565469741821289,0.3353094160556793,0.0
True,False,False,False,500,20.0,0.28456974029541016,20.013813018798828,0.8344237208366394,171.30938720703125,8.565469741821289,0.3357972800731659,0.0
True,False,False,False,500,20.0,0.28456974029541016,20.013813018798828,0.8344237208366394,171.30938720703125,8.565469741821289,0.3357972800731659,0.0
True,False,False,False,500,20.0,0.2843688130378723,20.011890411376953,0.8345038890838623,171.30938720703125,8.565469741821289,0.3353094160556793,0.0
True,False,False,False,500,20.0,0.2843688130378723,20.011890411376953,0.8345038890838623,171.30938720703125,8.565469741821289,0.3353094160556793,0.0
True,False,False,False,500,20.0,0.2843688130378723,20.011890411376953,0.8345038890838623,171.30938720703125,8.565469741821289,0.3353094160556793,0.0
True,False,False,False,500,20.0,0.2843688130378723,20.011890411376953,0.8345038890838623,171.30938720703125,8.565469741821289,0.3353094160556793,0.0
True,False,False,False,500,20.0,0.2843688130378723,20.011890411376953,0.8345038890838623,171.30938720703125,8.565469741821289,0.3353094160556793,0.0
True,False,False,False,500,20.0,0.28573280572891235,20.00981330871582,0.834590494632721,171.30938720703125,8.565469741821289,0.3353094160556793,0.0
True,False,False,False,500,20.0,0.28573280572891235,20.00981330871582,0.834590494632721,171.30938720703125,8.565469741821289,0.3353094160556793,0.0
True,False,False,False,500,20.0,0.28573280572891235,20.00981330871582,0.834590494632721,171.30938720703125,8.565469741821289,0.3353094160556793,0.0
True,False,False,False,500,20.0,0.28573280572891235,20.00981330871582,0.834590494632721,171.30938720703125,8.565469741821289,0.3353094160556793,0.0
True,False,False,False,500,20.0,0.28573280572891235,20.00981330871582,0.834590494632721,171.30938720703125,8.565469741821289,0.3353094160556793,0.0
True,False,False,False,500,20.0,0.28573280572891235,20.00981330871582,0.834590494632721,171.30938720703125,8.565469741821289,0.3353094160556793,0.0
True,False,False,False,500,20.0,0.2830944359302521,20.01243019104004,0.8344813585281372,171.30938720703125,8.565469741821289,0.3353094160556793,0.0
True,False,False,False,500,20.0,0.2830944359302521,20.01243019104004,0.8344813585281372,171.30938720703125,8.565469741821289,0.3353094160556793,0.0
True,False,False,False,500,20.0,0.2830944359302521,20.01243019104004,0.8344813585281372,171.30938720703125,8.565469741821289,0.3353094160556793,0.0
True,False,False,False,500,20.0,0.2830944359302521,20.01243019104004,0.8344813585281372,171.30938720703125,8.565469741821289,0.3353094160556793,0.0
True,False,False,False,500,20.0,0.2830944359302521,20.01243019104004,0.8344813585281372,171.30938720703125,8.565469741821289,0.3353094160556793,0.0
True,False,False,False,500,20.0,0.2830944359302521,20.01243019104004,0.8344813585281372,171.30938720703125,8.565469741821289,0.3353094160556793,0.0
True,False,False,False,500,20.0,0.2817176580429077,20.01456642150879,0.8343923687934875,171.30938720703125,8.565469741821289,0.3353094160556793,0.0
True,False,False,False,500,20.0,0.2817176580429077,20.01456642150879,0.8343923687934875,171.30938720703125,8.565469741821289,0.3353094160556793,0.0
True,False,False,False,500,20.0,0.2817176580429077,20.01456642150879,0.8343923687934875,171.30938720703125,8.565469741821289,0.3353094160556793,0.0
True,False,False,False,500,20.0,0.2817176580429077,20.01456642150879,0.8343923687934875,171.30938720703125,8.565469741821289,0.3353094160556793,0.0
True,False,False,False,500,20.0,0.2817176580429077,20.01456642150879,0.8343923687934875,171.30938720703125,8.565469741821289,0.3353094160556793,0.0
True,False,False,False,500,20.0,0.281920462846756,20.016489028930664,0.8343121409416199,171.30938720703125,8.565469741821289,0.3357972800731659,0.0
True,False,False,False,500,20.0,0.281920462846756,20.016489028930664,0.8343121409416199,171.30938720703125,8.565469741821289,0.3357972800731659,0.0
True,False,False,False,500,20.0,0.28205642104148865,20.014070510864258,0.8344129920005798,171.30938720703125,8.565469741821289,0.3353094160556793,0.0
True,False,False,False,500,20.0,0.28205642104148865,20.014070510864258,0.8344129920005798,171.30938720703125,8.565469741821289,0.3353094160556793,0.0
True,False,False,False,500,20.0,0.28204789757728577,20.014841079711914,0.8343809247016907,171.30938720703125,8.565469741821289,0.335492342710495,0.0
True,False,False,False,500,20.0,0.28204789757728577,20.014841079711914,0.8343809247016907,171.30938720703125,8.565469741821289,0.335492342710495,0.0
True,False,False,False,500,20.0,0.28205642104148865,20.014070510864258,0.8344129920005798,171.30938720703125,8.565469741821289,0.3353094160556793,0.0
True,False,False,False,500,20.0,0.28205642104148865,20.014070510864258,0.8344129920005798,171.30938720703125,8.565469741821289,0.3353094160556793,0.0
True,False,False,False,500,20.0,0.281920462846756,20.016489028930664,0.8343121409416199,171.30938720703125,8.565469741821289,0.3357972800731659,0.0
True,False,False,False,500,20.0,0.281920462846756,20.016489028930664,0.8343121409416199,171.30938720703125,8.565469741821289,0.3357972800731659,0.0
True,False,False,False,500,20.0,0.2817176580429077,20.01456642150879,0.8343923687934875,171.30938720703125,8.565469741821289,0.3353094160556793,0.0
True,False,False,False,500,20.0,0.2817176580429077,20.01456642150879,0.8343923687934875,171.30938720703125,8.565469741821289,0.3353094160556793,0.0
True,False,False,False,500,20.0,0.2817176580429077,20.01456642150879,0.8343923687934875,171.30938720703125,8.565469741821289,0.3353094160556793,0.0
True,False,False,False,500,20.0,0.2817176580429077,20.01456642150879,0.8343923687934875,171.30938720703125,8.565469741821289,0.3353094160556793,0.0
True,False,False,False,500,20.0,0.2817176580429077,20.01456642150879,0.8343923687934875,171.30938720703125,8.565469741821289,0.3353094160556793,0.0
True,False,False,False,500,20.0,0.2830944359302521,20.01243019104004,0.8344813585281372,171.30938720703125,8.565469741821289,0.3353094160556793,0.0
True,False,False,False,500,20.0,0.2830944359302521,20.01243019104004,0.8344813585281372,171.30938720703125,8.565469741821289,0.3353094160556793,0.0
True,False,False,False,500,20.0,0.2830944359302521,20.01243019104004,0.8344813585281372,171.30938720703125,8.565469741821289,0.3353094160556793,0.0
True,False,False,False,500,20.0,0.2830944359302521,20.01243019104004,0.8344813585281372,171.30938720703125,8.565469741821289,0.3353094160556793,0.0
True,False,False,False,500,20.0,0.2830944359302521,20.01243019104004,0.8344813585281372,171.30938720703125,8.565469741821289,0.3353094160556793,0.0
True,False,False,False,500,20.0,0.2830944359302521,20.01243019104004,0.8344813585281372,171.30938720703125,8.565469741821289,0.3353094160556793,0.0
True,False,False,False,500,20.0,0.2830944359302521,20.01243019104004,0.8344813585281372,171.30938720703125,8.565469741821289,0.3353094160556793,0.0
True,False,False,False,500,20.0,0.2830944359302521,20.01243019104004,0.8344813585281372,171.30938720703125,8.565469741821289,0.3353094160556793,0.0
True,False,False,False,500,20.0,0.2830944359302521,20.01243019104004,0.8344813585281372,171.30938720703125,8.565469741821289,0.3353094160556793,0.0
True,False,False,False,500,20.0,0.2830944359302521,20.01243019104004,0.8344813585281372,171.30938720703125,8.565469741821289,0.3353094160556793,0.0
True,False,False,False,500,20.0,0.2830944359302521,20.01243019104004,0.8344813585281372,171.30938720703125,8.565469741821289,0.3353094160556793,0.0
True,False,False,False,500,20.0,0.2830944359302521,20.01243019104004,0.8344813585281372,171.30938720703125,8.565469741821289,0.3353094160556793,0.0
True,False,False,False,500,20.0,0.2817176580429077,20.01456642150879,0.8343923687934875,171.30938720703125,8.565469741821289,0.3353094160556793,0.0
True,False,False,False,500,20.0,0.2817176580429077,20.01456642150879,0.8343923687934875,171.30938720703125,8.565469741821289,0.3353094160556793,0.0
True,False,False,False,500,20.0,0.2817176580429077,20.01456642150879,0.8343923687934875,171.30938720703125,8.565469741821289,0.3353094160556793,0.0
True,False,False,False,500,20.0,0.2817176580429077,20.01456642150879,0.8343923687934875,171.30938720703125,8.565469741821289,0.3353094160556793,0.0
True,False,False,False,500,20.0,0.2817176580429077,20.01456642150879,0.8343923687934875,171.30938720703125,8.565469741821289,0.3353094160556793,0.0
True,False,False,False,500,20.0,0.281920462846756,20.016489028930664,0.8343121409416199,171.30938720703125,8.565469741821289,0.3357972800731659,0.0
True,False,False,False,500,20.0,0.281920462846756,20.016489028930664,0.8343121409416199,171.30938720703125,8.565469741821289,0.3357972800731659,0.0
True,False,False,False,500,20.0,0.28205642104148865,20.014070510864258,0.8344129920005798,171.30938720703125,8.565469741821289,0.3353094160556793,0.0
True,False,False,False,500,20.0,0.28205642104148865,20.014070510864258,0.8344129920005798,171.30938720703125,8.565469741821289,0.3353094160556793,0.0
True,False,False,False,500,20.0,0.28204789757728577,20.014841079711914,0.8343809247016907,171.30938720703125,8.565469741821289,0.335492342710495,0.0
True,False,False,False,500,20.0,0.28204789757728577,20.014841079711914,0.8343809247016907,171.30938720703125,8.565469741821289,0.335492342710495,0.0
True,False,False,False,500,20.0,0.28205642104148865,20.014070510864258,0.8344129920005798,171.30938720703125,8.565469741821289,0.3353094160556793,0.0
True,False,False,False,500,20.0,0.28205642104148865,20.014070510864258,0.8344129920005798,171.30938720703125,8.565469741821289,0.3353094160556793,0.0
True,False,False,False,500,20.0,0.281920462846756,20.016489028930664,0.8343121409416199,171.30938720703125,8.565469741821289,0.3357972800731659,0.0
True,False,False,False,500,20.0,0.281920462846756,20.016489028930664,0.8343121409416199,171.30938720703125,8.565469741821289,0.3357972800731659,0.0
True,False,False,False,500,20.0,0.2817176580429077,20.01456642150879,0.8343923687934875,171.30938720703125,8.565469741821289,0.3353094160556793,0.0
True,False,False,False,500,20.0,0.2817176580429077,20.01456642150879,0.8343923687934875,171.30938720703125,8.565469741821289,0.3353094160556793,0.0
True,False,False,False,500,20.0,0.2817176580429077,20.01456642150879,0.8343923687934875,171.30938720703125,8.565469741821289,0.3353094160556793,0.0
True,False,False,False,500,20.0,0.2817176580429077,20.01456642150879,0.8343923687934875,171.30938720703125,8.565469741821289,0.3353094160556793,0.0
True,False,False,False,500,20.0,0.2817176580429077,20.01456642150879,0.8343923687934875,171.30938720703125,8.565469741821289,0.3353094160556793,0.0
True,False,False,False,500,20.0,0.2830944359302521,20.01243019104004,0.8344813585281372,171.30938720703125,8.565469741821289,0.3353094160556793,0.0
True,False,False,False,500,20.0,0.2830944359302521,20.01243019104004,0.8344813585281372,171.30938720703125,8.565469741821289,0.3353094160556793,0.0
True,False,False,False,500,20.0,0.2830944359302521,20.01243019104004,0.8344813585281372,171.30938720703125,8.565469741821289,0.3353094160556793,0.0
True,False,False,False,500,20.0,0.2830944359302521,20.01243019104004,0.8344813585281372,171.30938720703125,8.565469741821289,0.3353094160556793,0.0
True,False,False,False,500,20.0,0.2830944359302521,20.01243019104004,0.8344813585281372,171.30938720703125,8.565469741821289,0.3353094160556793,0.0
True,False,False,False,500,20.0,0.2830944359302521,20.01243019104004,0.8344813585281372,171.30938720703125,8.565469741821289,0.3353094160556793,0.0
True,False,False,False,500,20.0,0.2830944359302521,20.01243019104004,0.8344813585281372,171.30938720703125,8.565469741821289,0.3353094160556793,0.0
True,False,False,False,500,20.0,0.2830944359302521,20.01243019104004,0.8344813585281372,171.30938720703125,8.565469741821289,0.3353094160556793,0.0
True,False,False,False,500,20.0,0.2830944359302521,20.01243019104004,0.8344813585281372,171.30938720703125,8.565469741821289,0.3353094160556793,0.0
True,False,False,False,500,20.0,0.2830944359302521,20.01243019104004,0.8344813585281372,171.30938720703125,8.565469741821289,0.3353094160556793,0.0
True,False,False,False,500,20.0,0.2830944359302521,20.01243019104004,0.8344813585281372,171.30938720703125,8.565469741821289,0.3353094160556793,0.0
True,False,False,False,500,20.0,0.2830944359302521,20.01243019104004,0.8344813585281372,171.30938720703125,8.565469741821289,0.3353094160556793,0.0
True,False,False,False,500,20.0,0.2817176580429077,20.01456642150879,0.8343923687934875,171.30938720703125,8.565469741821289,0.3353094160556793,0.0
True,False,False,False,500,20.0,0.2817176580429077,20.01456642150879,0.8343923687934875,171.30938720703125,8.565469741821289,0.3353094160556793,0.0
True,False,False,False,500,20.0,0.2817176580429077,20.01456642150879,0.8343923687934875,171.30938720703125,8.565469741821289,0.3353094160556793,0.0
True,False,False,False,500,20.0,0.2817176580429077,20.01456642150879,0.8343923687934875,171.30938720703125,8.565469741821289,0.3353094160556793,0.0
True,False,False,False,500,20.0,0.2817176580429077,20.01456642150879,0.8343923687934875,171.30938720703125,8.565469741821289,0.3353094160556793,0.0
True,False,False,False,500,20.0,0.281920462846756,20.016489028930664,0.8343121409416199,171.30938720703125,8.565469741821289,0.3357972800731659,0.0
True,False,False,False,500,20.0,0.281920462846756,20.016489028930664,0.8343121409416199,171.30938720703125,8.565469741821289,0.3357972800731659,0.0
True,False,False,False,500,20.0,0.28205642104148865,20.014070510864258,0.8344129920005798,171.30938720703125,8.565469741821289,0.3353094160556793,0.0
True,False,False,False,500,20.0,0.28205642104148865,20.014070510864258,0.8344129920005798,171.30938720703125,8.565469741821289,0.3353094160556793,0.0
True,False,False,False,500,20.0,0.28204789757728577,20.014841079711914,0.8343809247016907,171.30938720703125,8.565469741821289,0.335492342710495,0.0
True,False,False,False,500,20.0,0.28204789757728577,20.014841079711914,0.8343809247016907,171.30938720703125,8.565469741821289,0.335492342710495,0.0
True,False,False,False,500,20.0,0.28205642104148865,20.014070510864258,0.8344129920005798,171.30938720703125,8.565469741821289,0.3353094160556793,0.0
True,False,False,False,500,20.0,0.28205642104148865,20.014070510864258,0.8344129920005798,171.30938720703125,8.565469741821289,0.3353094160556793,0.0
True,False,False,False,500,20.0,0.281920462846756,20.016489028930664,0.8343121409416199,171.30938720703125,8.565469741821289,0.3357972800731659,0.0
True,False,False,False,500,20.0,0.281920462846756,20.016489028930664,0.8343121409416199,171.30938720703125,8.565469741821289,0.3357972800731659,0.0
True,False,False,False,500,20.0,0.2817176580429077,20.01456642150879,0.8343923687934875,171.30938720703125,8.565469741821289,0.3353094160556793,0.0
True,False,False,False,500,20.0,0.2817176580429077,20.01456642150879,0.8343923687934875,171.30938720703125,8.565469741821289,0.3353094160556793,0.0
True,False,False,False,500,20.0,0.2817176580429077,20.01456642150879,0.8343923687934875,171.30938720703125,8.565469741821289,0.3353094160556793,0.0
True,False,False,False,500,20.0,0.2817176580429077,20.01456642150879,0.8343923687934875,171.30938720703125,8.565469741821289,0.3353094160556793,0.0
True,False,False,False,500,20.0,0.2817176580429077,20.01456642150879,0.8343923687934875,171.30938720703125,8.565469741821289,0.3353094160556793,0.0
True,False,False,False,500,20.0,0.2830944359302521,20.01243019104004,0.8344813585281372,171.30938720703125,8.565469741821289,0.3353094160556793,0.0
True,False,False,False,500,20.0,0.2830944359302521,20.01243019104004,0.8344813585281372,171.30938720703125,8.565469741821289,0.3353094160556793,0.0
True,False,False,False,500,20.0,0.2830944359302521,20.01243019104004,0.8344813585281372,171.30938720703125,8.565469741821289,0.3353094160556793,0.0
True,False,False,False,500,20.0,0.2830944359302521,20.01243019104004,0.8344813585281372,171.30938720703125,8.565469741821289,0.3353094160556793,0.0
True,False,False,False,500,20.0,0.2830944359302521,20.01243019104004,0.8344813585281372,171.30938720703125,8.565469741821289,0.3353094160556793,0.0
True,False,False,False,500,20.0,0.2830944359302521,20.01243019104004,0.8344813585281372,171.30938720703125,8.565469741821289,0.3353094160556793,0.0
True,False,False,False,500,20.0,0.2830944359302521,20.01243019104004,0.8344813585281372,171.30938720703125,8.565469741821289,0.3353094160556793,0.0
True,False,False,False,500,20.0,0.2830944359302521,20.01243019104004,0.8344813585281372,171.30938720703125,8.565469741821289,0.3353094160556793,0.0
True,False,False,False,500,20.0,0.2830944359302521,20.01243019104004,0.8344813585281372,171.30938720703125,8.565469741821289,0.3353094160556793,0.0
True,False,False,False,500,20.0,0.2830944359302521,20.01243019104004,0.8344813585281372,171.30938720703125,8.565469741821289,0.3353094160556793,0.0
True,False,False,False,500,20.0,0.2830944359302521,20.01243019104004,0.8344813585281372,171.30938720703125,8.565469741821289,0.3353094160556793,0.0
True,False,False,False,500,20.0,0.2830944359302521,20.01243019104004,0.8344813585281372,171.30938720703125,8.565469741821289,0.3353094160556793,0.0
True,False,False,False,500,20.0,0.2817176580429077,20.01456642150879,0.8343923687934875,171.30938720703125,8.565469741821289,0.3353094160556793,0.0
True,False,False,False,500,20.0,0.2817176580429077,20.01456642150879,0.8343923687934875,171.30938720703125,8.565469741821289,0.3353094160556793,0.0
True,False,False,False,500,20.0,0.2817176580429077,20.01456642150879,0.8343923687934875,171.30938720703125,8.565469741821289,0.3353094160556793,0.0
True,False,False,False,500,20.0,0.2817176580429077,20.01456642150879,0.8343923687934875,171.30938720703125,8.565469741821289,0.3353094160556793,0.0
True,False,False,False,500,20.0,0.2817176580429077,20.01456642150879,0.8343923687934875,171.30938720703125,8.565469741821289,0.3353094160556793,0.0
True,False,False,False,500,20.0,0.281920462846756,20.016489028930664,0.8343121409416199,171.30938720703125,8.565469741821289,0.3357972800731659,0.0
True,False,False,False,500,20.0,0.281920462846756,20.016489028930664,0.8343121409416199,171.30938720703125,8.565469741821289,0.3357972800731659,0.0
True,False,False,False,500,20.0,0.28205642104148865,20.014070510864258,0.8344129920005798,171.30938720703125,8.565469741821289,0.3353094160556793,0.0
True,False,False,False,500,20.0,0.28205642104148865,20.014070510864258,0.8344129920005798,171.30938720703125,8.565469741821289,0.3353094160556793,0.0
True,False,False,False,500,20.0,0.28204789757728577,20.014841079711914,0.8343809247016907,171.30938720703125,8.565469741821289,0.335492342710495,0.0
True,False,False,False,500,20.0,0.28204789757728577,20.014841079711914,0.8343809247016907,171.30938720703125,8.565469741821289,0.335492342710495,0.0
True,False,False,False,500,20.0,0.28205642104148865,20.014070510864258,0.8344129920005798,171.30938720703125,8.565469741821289,0.3353094160556793,0.0
True,False,False,False,500,20.0,0.28205642104148865,20.014070510864258,0.8344129920005798,171.30938720703125,8.565469741821289,0.3353094160556793,0.0
True,False,False,False,500,20.0,0.281920462846756,20.016489028930664,0.8343121409416199,171.30938720703125,8.565469741821289,0.3357972800731659,0.0
True,False,False,False,500,20.0,0.281920462846756,20.016489028930664,0.8343121409416199,171.30938720703125,8.565469741821289,0.3357972800731659,0.0
True,False,False,False,500,20.0,0.2817176580429077,20.01456642150879,0.8343923687934875,171.30938720703125,8.565469741821289,0.3353094160556793,0.0
True,False,False,False,500,20.0,0.2817176580429077,20.01456642150879,0.8343923687934875,171.30938720703125,8.565469741821289,0.3353094160556793,0.0
True,False,False,False,500,20.0,0.2817176580429077,20.01456642150879,0.8343923687934875,171.30938720703125,8.565469741821289,0.3353094160556793,0.0
True,False,False,False,500,20.0,0.2817176580429077,20.01456642150879,0.8343923687934875,171.30938720703125,8.565469741821289,0.3353094160556793,0.0
True,False,False,False,500,20.0,0.2817176580429077,20.01456642150879,0.8343923687934875,171.30938720703125,8.565469741821289,0.3353094160556793,0.0
True,False,False,False,500,20.0,0.2830944359302521,20.01243019104004,0.8344813585281372,171.30938720703125,8.565469741821289,0.3353094160556793,0.0
True,False,False,False,500,20.0,0.2830944359302521,20.01243019104004,0.8344813585281372,171.30938720703125,8.565469741821289,0.3353094160556793,0.0
True,False,False,False,500,20.0,0.2830944359302521,20.01243019104004,0.8344813585281372,171.30938720703125,8.565469741821289,0.3353094160556793,0.0
True,False,False,False,500,20.0,0.2830944359302521,20.01243019104004,0.8344813585281372,171.30938720703125,8.565469741821289,0.3353094160556793,0.0
True,False,False,False,500,20.0,0.2830944359302521,20.01243019104004,0.8344813585281372,171.30938720703125,8.565469741821289,0.3353094160556793,0.0
True,False,False,False,500,20.0,0.2830944359302521,20.01243019104004,0.8344813585281372,171.30938720703125,8.565469741821289,0.3353094160556793,0.0
True,False,False,False,500,20.0,0.2830944359302521,20.01243019104004,0.8344813585281372,171.30938720703125,8.565469741821289,0.3353094160556793,0.0
True,False,False,False,500,20.0,0.2830944359302521,20.01243019104004,0.8344813585281372,171.30938720703125,8.565469741821289,0.3353094160556793,0.0
True,False,False,False,500,20.0,0.2830944359302521,20.01243019104004,0.8344813585281372,171.30938720703125,8.565469741821289,0.3353094160556793,0.0
True,False,False,False,500,20.0,0.2830944359302521,20.01243019104004,0.8344813585281372,171.30938720703125,8.565469741821289,0.3353094160556793,0.0
True,False,False,False,500,20.0,0.2830944359302521,20.01243019104004,0.8344813585281372,171.30938720703125,8.565469741821289,0.3353094160556793,0.0
True,False,False,False,500,20.0,0.2830944359302521,20.01243019104004,0.8344813585281372,171.30938720703125,8.565469741821289,0.3353094160556793,0.0
True,False,False,False,500,20.0,0.2817176580429077,20.01456642150879,0.8343923687934875,171.30938720703125,8.565469741821289,0.3353094160556793,0.0
True,False,False,False,500,20.0,0.2817176580429077,20.01456642150879,0.8343923687934875,171.30938720703125,8.565469741821289,0.3353094160556793,0.0
True,False,False,False,500,20.0,0.2817176580429077,20.01456642150879,0.8343923687934875,171.30938720703125,8.565469741821289,0.3353094160556793,0.0
True,False,False,False,500,20.0,0.2817176580429077,20.01456642150879,0.8343923687934875,171.30938720703125,8.565469741821289,0.3353094160556793,0.0
True,False,False,False,500,20.0,0.2817176580429077,20.01456642150879,0.8343923687934875,171.30938720703125,8.565469741821289,0.3353094160556793,0.0
True,False,False,False,500,20.0,0.281920462846756,20.016489028930664,0.8343121409416199,171.30938720703125,8.565469741821289,0.3357972800731659,0.0
True,False,False,False,500,20.0,0.281920462846756,20.016489028930664,0.8343121409416199,171.30938720703125,8.565469741821289,0.3357972800731659,0.0
True,False,False,False,500,20.0,0.28205642104148865,20.014070510864258,0.8344129920005798,171.30938720703125,8.565469741821289,0.3353094160556793,0.0
True,False,False,False,500,20.0,0.28205642104148865,20.014070510864258,0.8344129920005798,171.30938720703125,8.565469741821289,0.3353094160556793,0.0
True,False,False,False,500,20.0,0.28204789757728577,20.014841079711914,0.8343809247016907,171.30938720703125,8.565469741821289,0.335492342710495,0.0
True,False,False,False,500,20.0,0.28204789757728577,20.014841079711914,0.8343809247016907,171.30938720703125,8.565469741821289,0.335492342710495,0.0
True,False,False,False,500,20.0,0.28205642104148865,20.014070510864258,0.8344129920005798,171.30938720703125,8.565469741821289,0.3353094160556793,0.0
True,False,False,False,500,20.0,0.28205642104148865,20.014070510864258,0.8344129920005798,171.30938720703125,8.565469741821289,0.3353094160556793,0.0
True,False,False,False,500,20.0,0.281920462846756,20.016489028930664,0.8343121409416199,171.30938720703125,8.565469741821289,0.3357972800731659,0.0
True,False,False,False,500,20.0,0.281920462846756,20.016489028930664,0.8343121409416199,171.30938720703125,8.565469741821289,0.3357972800731659,0.0
True,False,False,False,500,20.0,0.2817176580429077,20.01456642150879,0.8343923687934875,171.30938720703125,8.565469741821289,0.3353094160556793,0.0
True,False,False,False,500,20.0,0.2817176580429077,20.01456642150879,0.8343923687934875,171.30938720703125,8.565469741821289,0.3353094160556793,0.0
True,False,False,False,500,20.0,0.2817176580429077,20.01456642150879,0.8343923687934875,171.30938720703125,8.565469741821289,0.3353094160556793,0.0
True,False,False,False,500,20.0,0.2817176580429077,20.01456642150879,0.8343923687934875,171.30938720703125,8.565469741821289,0.3353094160556793,0.0
True,False,False,False,500,20.0,0.2817176580429077,20.01456642150879,0.8343923687934875,171.30938720703125,8.565469741821289,0.3353094160556793,0.0
True,False,False,False,500,20.0,0.2830944359302521,20.01243019104004,0.8344813585281372,171.30938720703125,8.565469741821289,0.3353094160556793,0.0
True,False,False,False,500,20.0,0.2830944359302521,20.01243019104004,0.8344813585281372,171.30938720703125,8.565469741821289,0.3353094160556793,0.0
True,False,False,False,500,20.0,0.2830944359302521,20.01243019104004,0.8344813585281372,171.30938720703125,8.565469741821289,0.3353094160556793,0.0
True,False,False,False,500,20.0,0.2830944359302521,20.01243019104004,0.8344813585281372,171.30938720703125,8.565469741821289,0.3353094160556793,0.0
True,False,False,False,500,20.0,0.2830944359302521,20.01243019104004,0.8344813585281372,171.30938720703125,8.565469741821289,0.3353094160556793,0.0
True,False,False,False,500,20.0,0.2830944359302521,20.01243019104004,0.8344813585281372,171.30938720703125,8.565469741821289,0.3353094160556793,0.0
True,False,False,False,502,20.079999923706055,0.28469008207321167,20.066972732543945,0.8322132229804993,174.63284301757812,8.696854591369629,0.3352925479412079,0.0
True,False,False,False,502,20.079999923706055,0.28469008207321167,20.066972732543945,0.8322132229804993,174.63284301757812,8.696854591369629,0.3352925479412079,0.0
True,False,False,False,502,20.079999923706055,0.28469008207321167,20.066972732543945,0.8322132229804993,174.63284301757812,8.696854591369629,0.3352925479412079,0.0
True,False,False,False,502,20.079999923706055,0.28469008207321167,20.066972732543945,0.8322132229804993,174.63284301757812,8.696854591369629,0.3352925479412079,0.0
True,False,False,False,502,20.079999923706055,0.28469008207321167,20.066972732543945,0.8322132229804993,174.63284301757812,8.696854591369629,0.3352925479412079,0.0
True,False,False,False,502,20.079999923706055,0.28469008207321167,20.066972732543945,0.8322132229804993,174.63284301757812,8.696854591369629,0.3352925479412079,0.0
True,False,False,False,502,20.079999923706055,0.28331616520881653,20.068971633911133,0.8321303725242615,174.63284301757812,8.696854591369629,0.3352925479412079,0.0
True,False,False,False,502,20.079999923706055,0.28331616520881653,20.068971633911133,0.8321303725242615,174.63284301757812,8.696854591369629,0.3352925479412079,0.0
True,False,False,False,502,20.079999923706055,0.28331616520881653,20.068971633911133,0.8321303725242615,174.63284301757812,8.696854591369629,0.3352925479412079,0.0
True,False,False,False,502,20.079999923706055,0.28331616520881653,20.068971633911133,0.8321303725242615,174.63284301757812,8.696854591369629,0.3352925479412079,0.0
True,False,False,False,502,20.079999923706055,0.28331616520881653,20.068971633911133,0.8321303725242615,174.63284301757812,8.696854591369629,0.3352925479412079,0.0
True,False,False,False,502,20.079999923706055,0.2835210859775543,20.070924758911133,0.8320493698120117,174.63284301757812,8.696854591369629,0.33578041195869446,0.0
True,False,False,False,502,20.079999923706055,0.2835210859775543,20.070924758911133,0.8320493698120117,174.63284301757812,8.696854591369629,0.33578041195869446,0.0
True,False,False,False,502,20.079999923706055,0.2836548984050751,20.068477630615234,0.8321508765220642,174.63284301757812,8.696854591369629,0.3352925479412079,0.0
True,False,False,False,502,20.079999923706055,0.2836548984050751,20.068477630615234,0.8321508765220642,174.63284301757812,8.696854591369629,0.3352925479412079,0.0
True,False,False,False,502,20.079999923706055,0.28364717960357666,20.0693359375,0.8321152925491333,174.63284301757812,8.696854591369629,0.33547547459602356,0.0
True,False,False,False,502,20.079999923706055,0.28364717960357666,20.0693359375,0.8321152925491333,174.63284301757812,8.696854591369629,0.33547547459602356,0.0
True,False,False,False,502,20.079999923706055,0.2836548984050751,20.068477630615234,0.8321508765220642,174.63284301757812,8.696854591369629,0.3352925479412079,0.0
True,False,False,False,502,20.079999923706055,0.2836548984050751,20.068477630615234,0.8321508765220642,174.63284301757812,8.696854591369629,0.3352925479412079,0.0
True,False,False,False,502,20.079999923706055,0.2835210859775543,20.070924758911133,0.8320493698120117,174.63284301757812,8.696854591369629,0.33578041195869446,0.0
True,False,False,False,502,20.079999923706055,0.2835210859775543,20.070924758911133,0.8320493698120117,174.63284301757812,8.696854591369629,0.33578041195869446,0.0
True,False,False,False,502,20.079999923706055,0.28331616520881653,20.068971633911133,0.8321303725242615,174.63284301757812,8.696854591369629,0.3352925479412079,0.0
True,False,False,False,502,20.079999923706055,0.28331616520881653,20.068971633911133,0.8321303725242615,174.63284301757812,8.696854591369629,0.3352925479412079,0.0
True,False,False,False,502,20.079999923706055,0.28331616520881653,20.068971633911133,0.8321303725242615,174.63284301757812,8.696854591369629,0.3352925479412079,0.0
True,False,False,False,502,20.079999923706055,0.28331616520881653,20.068971633911133,0.8321303725242615,174.63284301757812,8.696854591369629,0.3352925479412079,0.0
True,False,False,False,502,20.079999923706055,0.28331616520881653,20.068971633911133,0.8321303725242615,174.63284301757812,8.696854591369629,0.3352925479412079,0.0
True,False,False,False,502,20.079999923706055,0.28469008207321167,20.066972732543945,0.8322132229804993,174.63284301757812,8.696854591369629,0.3352925479412079,0.0
True,False,False,False,502,20.079999923706055,0.28469008207321167,20.066972732543945,0.8322132229804993,174.63284301757812,8.696854591369629,0.3352925479412079,0.0
True,False,False,False,502,20.079999923706055,0.28469008207321167,20.066972732543945,0.8322132229804993,174.63284301757812,8.696854591369629,0.3352925479412079,0.0
True,False,False,False,502,20.079999923706055,0.28469008207321167,20.066972732543945,0.8322132229804993,174.63284301757812,8.696854591369629,0.3352925479412079,0.0
True,False,False,False,502,20.079999923706055,0.28469008207321167,20.066972732543945,0.8322132229804993,174.63284301757812,8.696854591369629,0.3352925479412079,0.0
True,False,False,False,502,20.079999923706055,0.28469008207321167,20.066972732543945,0.8322132229804993,174.63284301757812,8.696854591369629,0.3352925479412079,0.0
True,False,False,False,502,20.079999923706055,0.28469008207321167,20.066972732543945,0.8322132229804993,174.63284301757812,8.696854591369629,0.3352925479412079,0.0
True,False,False,False,502,20.079999923706055,0.28469008207321167,20.066972732543945,0.8322132229804993,174.63284301757812,8.696854591369629,0.3352925479412079,0.0
True,False,False,False,502,20.079999923706055,0.28469008207321167,20.066972732543945,0.8322132229804993,174.63284301757812,8.696854591369629,0.3352925479412079,0.0
True,False,False,False,502,20.079999923706055,0.28469008207321167,20.066972732543945,0.8322132229804993,174.63284301757812,8.696854591369629,0.3352925479412079,0.0
True,False,False,False,502,20.079999923706055,0.28469008207321167,20.066972732543945,0.8322132229804993,174.63284301757812,8.696854591369629,0.3352925479412079,0.0
True,False,False,False,502,20.079999923706055,0.28469008207321167,20.066972732543945,0.8322132229804993,174.63284301757812,8.696854591369629,0.3352925479412079,0.0
True,False,False,False,502,20.079999923706055,0.28331616520881653,20.068971633911133,0.8321303725242615,174.63284301757812,8.696854591369629,0.3352925479412079,0.0
True,False,False,False,502,20.079999923706055,0.28331616520881653,20.068971633911133,0.8321303725242615,174.63284301757812,8.696854591369629,0.3352925479412079,0.0
True,False,False,False,502,20.079999923706055,0.28331616520881653,20.068971633911133,0.8321303725242615,174.63284301757812,8.696854591369629,0.3352925479412079,0.0
True,False,False,False,502,20.079999923706055,0.28331616520881653,20.068971633911133,0.8321303725242615,174.63284301757812,8.696854591369629,0.3352925479412079,0.0
True,False,False,False,502,20.079999923706055,0.28331616520881653,20.068971633911133,0.8321303725242615,174.63284301757812,8.696854591369629,0.3352925479412079,0.0
True,False,False,False,502,20.079999923706055,0.2835210859775543,20.070924758911133,0.8320493698120117,174.63284301757812,8.696854591369629,0.33578041195869446,0.0
True,False,False,False,502,20.079999923706055,0.2835210859775543,20.070924758911133,0.8320493698120117,174.63284301757812,8.696854591369629,0.33578041195869446,0.0
True,False,False,False,502,20.079999923706055,0.2836548984050751,20.068477630615234,0.8321508765220642,174.63284301757812,8.696854591369629,0.3352925479412079,0.0
True,False,False,False,502,20.079999923706055,0.2836548984050751,20.068477630615234,0.8321508765220642,174.63284301757812,8.696854591369629,0.3352925479412079,0.0
True,False,False,False,502,20.079999923706055,0.28364717960357666,20.0693359375,0.8321152925491333,174.63284301757812,8.696854591369629,0.33547547459602356,0.0
True,False,False,False,502,20.079999923706055,0.28364717960357666,20.0693359375,0.8321152925491333,174.63284301757812,8.696854591369629,0.33547547459602356,0.0
True,False,False,False,502,20.079999923706055,0.2836548984050751,20.068477630615234,0.8321508765220642,174.63284301757812,8.696854591369629,0.3352925479412079,0.0
True,False,False,False,502,20.079999923706055,0.2836548984050751,20.068477630615234,0.8321508765220642,174.63284301757812,8.696854591369629,0.3352925479412079,0.0
True,False,False,False,502,20.079999923706055,0.2835210859775543,20.070924758911133,0.8320493698120117,174.63284301757812,8.696854591369629,0.33578041195869446,0.0
True,False,False,False,502,20.079999923706055,0.2835210859775543,20.070924758911133,0.8320493698120117,174.63284301757812,8.696854591369629,0.33578041195869446,0.0
True,False,False,False,502,20.079999923706055,0.28331616520881653,20.068971633911133,0.8321303725242615,174.63284301757812,8.696854591369629,0.3352925479412079,0.0
True,False,False,False,502,20.079999923706055,0.28331616520881653,20.068971633911133,0.8321303725242615,174.63284301757812,8.696854591369629,0.3352925479412079,0.0
True,False,False,False,502,20.079999923706055,0.28331616520881653,20.068971633911133,0.8321303725242615,174.63284301757812,8.696854591369629,0.3352925479412079,0.0
True,False,False,False,502,20.079999923706055,0.28331616520881653,20.068971633911133,0.8321303725242615,174.63284301757812,8.696854591369629,0.3352925479412079,0.0
True,False,False,False,502,20.079999923706055,0.28331616520881653,20.068971633911133,0.8321303725242615,174.63284301757812,8.696854591369629,0.3352925479412079,0.0
True,False,False,False,502,20.079999923706055,0.28469008207321167,20.066972732543945,0.8322132229804993,174.63284301757812,8.696854591369629,0.3352925479412079,0.0
True,False,False,False,502,20.079999923706055,0.28469008207321167,20.066972732543945,0.8322132229804993,174.63284301757812,8.696854591369629,0.3352925479412079,0.0
True,False,False,False,502,20.079999923706055,0.28469008207321167,20.066972732543945,0.8322132229804993,174.63284301757812,8.696854591369629,0.3352925479412079,0.0
True,False,False,False,502,20.079999923706055,0.28469008207321167,20.066972732543945,0.8322132229804993,174.63284301757812,8.696854591369629,0.3352925479412079,0.0
True,False,False,False,502,20.079999923706055,0.28469008207321167,20.066972732543945,0.8322132229804993,174.63284301757812,8.696854591369629,0.3352925479412079,0.0
True,False,False,False,502,20.079999923706055,0.28469008207321167,20.066972732543945,0.8322132229804993,174.63284301757812,8.696854591369629,0.3352925479412079,0.0
True,False,False,False,502,20.079999923706055,0.28469008207321167,20.066972732543945,0.8322132229804993,174.63284301757812,8.696854591369629,0.3352925479412079,0.0
True,False,False,False,502,20.079999923706055,0.28469008207321167,20.066972732543945,0.8322132229804993,174.63284301757812,8.696854591369629,0.3352925479412079,0.0
True,False,False,False,502,20.079999923706055,0.28469008207321167,20.066972732543945,0.8322132229804993,174.63284301757812,8.696854591369629,0.3352925479412079,0.0
True,False,False,False,502,20.079999923706055,0.28469008207321167,20.066972732543945,0.8322132229804993,174.63284301757812,8.696854591369629,0.3352925479412079,0.0
True,False,False,False,502,20.079999923706055,0.28469008207321167,20.066972732543945,0.8322132229804993,174.63284301757812,8.696854591369629,0.3352925479412079,0.0
True,False,False,False,502,20.079999923706055,0.28469008207321167,20.066972732543945,0.8322132229804993,174.63284301757812,8.696854591369629,0.3352925479412079,0.0
True,False,False,False,502,20.079999923706055,0.28331616520881653,20.068971633911133,0.8321303725242615,174.63284301757812,8.696854591369629,0.3352925479412079,0.0
True,False,False,False,502,20.079999923706055,0.28331616520881653,20.068971633911133,0.8321303725242615,174.63284301757812,8.696854591369629,0.3352925479412079,0.0
True,False,False,False,502,20.079999923706055,0.28331616520881653,20.068971633911133,0.8321303725242615,174.63284301757812,8.696854591369629,0.3352925479412079,0.0
True,False,False,False,502,20.079999923706055,0.28331616520881653,20.068971633911133,0.8321303725242615,174.63284301757812,8.696854591369629,0.3352925479412079,0.0
True,False,False,False,502,20.079999923706055,0.28331616520881653,20.068971633911133,0.8321303725242615,174.63284301757812,8.696854591369629,0.3352925479412079,0.0
True,False,False,False,502,20.079999923706055,0.2835210859775543,20.070924758911133,0.8320493698120117,174.63284301757812,8.696854591369629,0.33578041195869446,0.0
True,False,False,False,502,20.079999923706055,0.2835210859775543,20.070924758911133,0.8320493698120117,174.63284301757812,8.696854591369629,0.33578041195869446,0.0
True,False,False,False,502,20.079999923706055,0.2836548984050751,20.068477630615234,0.8321508765220642,174.63284301757812,8.696854591369629,0.3352925479412079,0.0
True,False,False,False,502,20.079999923706055,0.2836548984050751,20.068477630615234,0.8321508765220642,174.63284301757812,8.696854591369629,0.3352925479412079,0.0
True,False,False,False,502,20.079999923706055,0.28364717960357666,20.0693359375,0.8321152925491333,174.63284301757812,8.696854591369629,0.33547547459602356,0.0
True,False,False,False,502,20.079999923706055,0.28364717960357666,20.0693359375,0.8321152925491333,174.63284301757812,8.696854591369629,0.33547547459602356,0.0
True,False,False,False,502,20.079999923706055,0.2836548984050751,20.068477630615234,0.8321508765220642,174.63284301757812,8.696854591369629,0.3352925479412079,0.0
True,False,False,False,502,20.079999923706055,0.2836548984050751,20.068477630615234,0.8321508765220642,174.63284301757812,8.696854591369629,0.3352925479412079,0.0
True,False,False,False,502,20.079999923706055,0.2835210859775543,20.070924758911133,0.8320493698120117,174.63284301757812,8.696854591369629,0.33578041195869446,0.0
True,False,False,False,502,20.079999923706055,0.2835210859775543,20.070924758911133,0.8320493698120117,174.63284301757812,8.696854591369629,0.33578041195869446,0.0
True,False,False,False,502,20.079999923706055,0.28331616520881653,20.068971633911133,0.8321303725242615,174.63284301757812,8.696854591369629,0.3352925479412079,0.0
True,False,False,False,502,20.079999923706055,0.28331616520881653,20.068971633911133,0.8321303725242615,174.63284301757812,8.696854591369629,0.3352925479412079,0.0
True,False,False,False,502,20.079999923706055,0.28331616520881653,20.068971633911133,0.8321303725242615,174.63284301757812,8.696854591369629,0.3352925479412079,0.0
True,False,False,False,502,20.079999923706055,0.28331616520881653,20.068971633911133,0.8321303725242615,174.63284301757812,8.696854591369629,0.3352925479412079,0.0
True,False,False,False,502,20.079999923706055,0.28331616520881653,20.068971633911133,0.8321303725242615,174.63284301757812,8.696854591369629,0.3352925479412079,0.0
True,False,False,False,502,20.079999923706055,0.28469008207321167,20.066972732543945,0.8322132229804993,174.63284301757812,8.696854591369629,0.3352925479412079,0.0
True,False,False,False,502,20.079999923706055,0.28469008207321167,20.066972732543945,0.8322132229804993,174.63284301757812,8.696854591369629,0.3352925479412079,0.0
True,False,False,False,502,20.079999923706055,0.28469008207321167,20.066972732543945,0.8322132229804993,174.63284301757812,8.696854591369629,0.3352925479412079,0.0
True,False,False,False,502,20.079999923706055,0.28469008207321167,20.066972732543945,0.8322132229804993,174.63284301757812,8.696854591369629,0.3352925479412079,0.0
True,False,False,False,502,20.079999923706055,0.28469008207321167,20.066972732543945,0.8322132229804993,174.63284301757812,8.696854591369629,0.3352925479412079,0.0
True,False,False,False,502,20.079999923706055,0.28469008207321167,20.066972732543945,0.8322132229804993,174.63284301757812,8.696854591369629,0.3352925479412079,0.0
True,False,False,False,502,20.079999923706055,0.28469008207321167,20.066972732543945,0.8322132229804993,174.63284301757812,8.696854591369629,0.3352925479412079,0.0
True,False,False,False,502,20.079999923706055,0.28469008207321167,20.066972732543945,0.8322132229804993,174.63284301757812,8.696854591369629,0.3352925479412079,0.0
True,False,False,False,502,20.079999923706055,0.28469008207321167,20.066972732543945,0.8322132229804993,174.63284301757812,8.696854591369629,0.3352925479412079,0.0
True,False,False,False,502,20.079999923706055,0.28469008207321167,20.066972732543945,0.8322132229804993,174.63284301757812,8.696854591369629,0.3352925479412079,0.0
True,False,False,False,502,20.079999923706055,0.28469008207321167,20.066972732543945,0.8322132229804993,174.63284301757812,8.696854591369629,0.3352925479412079,0.0
True,False,False,False,502,20.079999923706055,0.28469008207321167,20.066972732543945,0.8322132229804993,174.63284301757812,8.696854591369629,0.3352925479412079,0.0
True,False,False,False,502,20.079999923706055,0.28331616520881653,20.068971633911133,0.8321303725242615,174.63284301757812,8.696854591369629,0.3352925479412079,0.0
True,False,False,False,502,20.079999923706055,0.28331616520881653,20.068971633911133,0.8321303725242615,174.63284301757812,8.696854591369629,0.3352925479412079,0.0
True,False,False,False,502,20.079999923706055,0.28331616520881653,20.068971633911133,0.8321303725242615,174.63284301757812,8.696854591369629,0.3352925479412079,0.0
True,False,False,False,502,20.079999923706055,0.28331616520881653,20.068971633911133,0.8321303725242615,174.63284301757812,8.696854591369629,0.3352925479412079,0.0
True,False,False,False,502,20.079999923706055,0.28331616520881653,20.068971633911133,0.8321303725242615,174.63284301757812,8.696854591369629,0.3352925479412079,0.0
True,False,False,False,502,20.079999923706055,0.2835210859775543,20.070924758911133,0.8320493698120117,174.63284301757812,8.696854591369629,0.33578041195869446,0.0
True,False,False,False,502,20.079999923706055,0.2835210859775543,20.070924758911133,0.8320493698120117,174.63284301757812,8.696854591369629,0.33578041195869446,0.0
True,False,False,False,502,20.079999923706055,0.2836548984050751,20.068477630615234,0.8321508765220642,174.63284301757812,8.696854591369629,0.3352925479412079,0.0
True,False,False,False,502,20.079999923706055,0.2836548984050751,20.068477630615234,0.8321508765220642,174.63284301757812,8.696854591369629,0.3352925479412079,0.0
True,False,False,False,502,20.079999923706055,0.28364717960357666,20.0693359375,0.8321152925491333,174.63284301757812,8.696854591369629,0.33547547459602356,0.0
True,False,False,False,502,20.079999923706055,0.28364717960357666,20.0693359375,0.8321152925491333,174.63284301757812,8.696854591369629,0.33547547459602356,0.0
True,False,False,False,502,20.079999923706055,0.2836548984050751,20.068477630615234,0.8321508765220642,174.63284301757812,8.696854591369629,0.3352925479412079,0.0
True,False,False,False,502,20.079999923706055,0.2836548984050751,20.068477630615234,0.8321508765220642,174.63284301757812,8.696854591369629,0.3352925479412079,0.0
True,False,False,False,502,20.079999923706055,0.2835210859775543,20.070924758911133,0.8320493698120117,174.63284301757812,8.696854591369629,0.33578041195869446,0.0
True,False,False,False,502,20.079999923706055,0.2835210859775543,20.070924758911133,0.8320493698120117,174.63284301757812,8.696854591369629,0.33578041195869446,0.0
True,False,False,False,502,20.079999923706055,0.28331616520881653,20.068971633911133,0.8321303725242615,174.63284301757812,8.696854591369629,0.3352925479412079,0.0
True,False,False,False,502,20.079999923706055,0.28331616520881653,20.068971633911133,0.8321303725242615,174.63284301757812,8.696854591369629,0.3352925479412079,0.0
True,False,False,False,502,20.079999923706055,0.28331616520881653,20.068971633911133,0.8321303725242615,174.63284301757812,8.696854591369629,0.3352925479412079,0.0
True,False,False,False,502,20.079999923706055,0.28331616520881653,20.068971633911133,0.8321303725242615,174.63284301757812,8.696854591369629,0.3352925479412079,0.0
True,False,False,False,502,20.079999923706055,0.28331616520881653,20.068971633911133,0.8321303725242615,174.63284301757812,8.696854591369629,0.3352925479412079,0.0
True,False,False,False,502,20.079999923706055,0.28469008207321167,20.066972732543945,0.8322132229804993,174.63284301757812,8.696854591369629,0.3352925479412079,0.0
True,False,False,False,502,20.079999923706055,0.28469008207321167,20.066972732543945,0.8322132229804993,174.63284301757812,8.696854591369629,0.3352925479412079,0.0
True,False,False,False,502,20.079999923706055,0.28469008207321167,20.066972732543945,0.8322132229804993,174.63284301757812,8.696854591369629,0.3352925479412079,0.0
True,False,False,False,502,20.079999923706055,0.28469008207321167,20.066972732543945,0.8322132229804993,174.63284301757812,8.696854591369629,0.3352925479412079,0.0
True,False,False,False,502,20.079999923706055,0.28469008207321167,20.066972732543945,0.8322132229804993,174.63284301757812,8.696854591369629,0.3352925479412079,0.0
True,False,False,False,502,20.079999923706055,0.28469008207321167,20.066972732543945,0.8322132229804993,174.63284301757812,8.696854591369629,0.3352925479412079,0.0
True,False,False,False,502,20.079999923706055,0.28469008207321167,20.066972732543945,0.8322132229804993,174.63284301757812,8.696854591369629,0.3352925479412079,0.0
True,False,False,False,502,20.079999923706055,0.28469008207321167,20.066972732543945,0.8322132229804993,174.63284301757812,8.696854591369629,0.3352925479412079,0.0
True,False,False,False,502,20.079999923706055,0.28469008207321167,20.066972732543945,0.8322132229804993,174.63284301757812,8.696854591369629,0.3352925479412079,0.0
True,False,False,False,502,20.079999923706055,0.28469008207321167,20.066972732543945,0.8322132229804993,174.63284301757812,8.696854591369629,0.3352925479412079,0.0
True,False,False,False,502,20.079999923706055,0.28469008207321167,20.066972732543945,0.8322132229804993,174.63284301757812,8.696854591369629,0.3352925479412079,0.0
True,False,False,False,502,20.079999923706055,0.28469008207321167,20.066972732543945,0.8322132229804993,174.63284301757812,8.696854591369629,0.3352925479412079,0.0
True,False,False,False,502,20.079999923706055,0.28331616520881653,20.068971633911133,0.8321303725242615,174.63284301757812,8.696854591369629,0.3352925479412079,0.0
True,False,False,False,502,20.079999923706055,0.28331616520881653,20.068971633911133,0.8321303725242615,174.63284301757812,8.696854591369629,0.3352925479412079,0.0
True,False,False,False,502,20.079999923706055,0.28331616520881653,20.068971633911133,0.8321303725242615,174.63284301757812,8.696854591369629,0.3352925479412079,0.0
True,False,False,False,502,20.079999923706055,0.28331616520881653,20.068971633911133,0.8321303725242615,174.63284301757812,8.696854591369629,0.3352925479412079,0.0
True,False,False,False,502,20.079999923706055,0.28331616520881653,20.068971633911133,0.8321303725242615,174.63284301757812,8.696854591369629,0.3352925479412079,0.0
True,False,False,False,502,20.079999923706055,0.2835210859775543,20.070924758911133,0.8320493698120117,174.63284301757812,8.696854591369629,0.33578041195869446,0.0
True,False,False,False,502,20.079999923706055,0.2835210859775543,20.070924758911133,0.8320493698120117,174.63284301757812,8.696854591369629,0.33578041195869446,0.0
True,False,False,False,502,20.079999923706055,0.2836548984050751,20.068477630615234,0.8321508765220642,174.63284301757812,8.696854591369629,0.3352925479412079,0.0
True,False,False,False,502,20.079999923706055,0.2836548984050751,20.068477630615234,0.8321508765220642,174.63284301757812,8.696854591369629,0.3352925479412079,0.0
True,False,False,False,502,20.079999923706055,0.28364717960357666,20.0693359375,0.8321152925491333,174.63284301757812,8.696854591369629,0.33547547459602356,0.0
True,False,False,False,502,20.079999923706055,0.28364717960357666,20.0693359375,0.8321152925491333,174.63284301757812,8.696854591369629,0.33547547459602356,0.0
True,False,False,False,502,20.079999923706055,0.2836548984050751,20.068477630615234,0.8321508765220642,174.63284301757812,8.696854591369629,0.3352925479412079,0.0
True,False,False,False,502,20.079999923706055,0.2836548984050751,20.068477630615234,0.8321508765220642,174.63284301757812,8.696854591369629,0.3352925479412079,0.0
True,False,False,False,502,20.079999923706055,0.2835210859775543,20.070924758911133,0.8320493698120117,174.63284301757812,8.696854591369629,0.33578041195869446,0.0
True,False,False,False,502,20.079999923706055,0.2835210859775543,20.070924758911133,0.8320493698120117,174.63284301757812,8.696854591369629,0.33578041195869446,0.0
True,False,False,False,502,20.079999923706055,0.28331616520881653,20.068971633911133,0.8321303725242615,174.63284301757812,8.696854591369629,0.3352925479412079,0.0
True,False,False,False,502,20.079999923706055,0.28331616520881653,20.068971633911133,0.8321303725242615,174.63284301757812,8.696854591369629,0.3352925479412079,0.0
True,False,False,False,502,20.079999923706055,0.28331616520881653,20.068971633911133,0.8321303725242615,174.63284301757812,8.696854591369629,0.3352925479412079,0.0
True,False,False,False,502,20.079999923706055,0.28331616520881653,20.068971633911133,0.8321303725242615,174.63284301757812,8.696854591369629,0.3352925479412079,0.0
True,False,False,False,502,20.079999923706055,0.28331616520881653,20.068971633911133,0.8321303725242615,174.63284301757812,8.696854591369629,0.3352925479412079,0.0
True,False,False,False,502,20.079999923706055,0.28469008207321167,20.066972732543945,0.8322132229804993,174.63284301757812,8.696854591369629,0.3352925479412079,0.0
True,False,False,False,502,20.079999923706055,0.28469008207321167,20.066972732543945,0.8322132229804993,174.63284301757812,8.696854591369629,0.3352925479412079,0.0
True,False,False,False,502,20.079999923706055,0.28469008207321167,20.066972732543945,0.8322132229804993,174.63284301757812,8.696854591369629,0.3352925479412079,0.0
True,False,False,False,502,20.079999923706055,0.28469008207321167,20.066972732543945,0.8322132229804993,174.63284301757812,8.696854591369629,0.3352925479412079,0.0
True,False,False,False,502,20.079999923706055,0.28469008207321167,20.066972732543945,0.8322132229804993,174.63284301757812,8.696854591369629,0.3352925479412079,0.0
True,False,False,False,502,20.079999923706055,0.28469008207321167,20.066972732543945,0.8322132229804993,174.63284301757812,8.696854591369629,0.3352925479412079,0.0
True,False,False,False,502,20.079999923706055,0.26639416813850403,20.079736709594727,0.8316842317581177,174.63290405273438,8.696857452392578,0.3349219262599945,0.0
True,False,False,False,502,20.079999923706055,0.26639416813850403,20.079736709594727,0.8316842317581177,174.63290405273438,8.696857452392578,0.3349219262599945,0.0
True,False,False,False,502,20.079999923706055,0.26639416813850403,20.079736709594727,0.8316842317581177,174.63290405273438,8.696857452392578,0.3349219262599945,0.0
True,False,False,False,502,20.079999923706055,0.26639416813850403,20.079736709594727,0.8316842317581177,174.63290405273438,8.696857452392578,0.3349219262599945,0.0
True,False,False,False,502,20.079999923706055,0.26639416813850403,20.079736709594727,0.8316842317581177,174.63290405273438,8.696857452392578,0.3349219262599945,0.0
True,False,False,False,502,20.079999923706055,0.26639416813850403,20.079736709594727,0.8316842317581177,174.63290405273438,8.696857452392578,0.3349219262599945,0.0
True,False,False,False,502,20.079999923706055,0.267290860414505,20.081806182861328,0.8315985202789307,174.63290405273438,8.696857452392578,0.3349219262599945,0.0
True,False,False,False,502,20.079999923706055,0.267290860414505,20.081806182861328,0.8315985202789307,174.63290405273438,8.696857452392578,0.3349219262599945,0.0
True,False,False,False,502,20.079999923706055,0.267290860414505,20.081806182861328,0.8315985202789307,174.63290405273438,8.696857452392578,0.3349219262599945,0.0
True,False,False,False,502,20.079999923706055,0.267290860414505,20.081806182861328,0.8315985202789307,174.63290405273438,8.696857452392578,0.3349219262599945,0.0
True,False,False,False,502,20.079999923706055,0.267290860414505,20.081806182861328,0.8315985202789307,174.63290405273438,8.696857452392578,0.3349219262599945,0.0
True,False,False,False,502,20.079999923706055,0.26753824949264526,20.083759307861328,0.8315176367759705,174.63290405273438,8.696857452392578,0.33541008830070496,0.0
True,False,False,False,502,20.079999923706055,0.26753824949264526,20.083759307861328,0.8315176367759705,174.63290405273438,8.696857452392578,0.33541008830070496,0.0
True,False,False,False,502,20.079999923706055,0.2677021026611328,20.081247329711914,0.8316216468811035,174.63290405273438,8.696857452392578,0.3349219262599945,0.0
True,False,False,False,502,20.079999923706055,0.2677021026611328,20.081247329711914,0.8316216468811035,174.63290405273438,8.696857452392578,0.3349219262599945,0.0
True,False,False,False,502,20.079999923706055,0.2676922082901001,20.08217430114746,0.8315832614898682,174.63290405273438,8.696857452392578,0.33510497212409973,0.0
True,False,False,False,502,20.079999923706055,0.2676922082901001,20.08217430114746,0.8315832614898682,174.63290405273438,8.696857452392578,0.33510497212409973,0.0
True,False,False,False,502,20.079999923706055,0.2677021026611328,20.081247329711914,0.8316216468811035,174.63290405273438,8.696857452392578,0.3349219262599945,0.0
True,False,False,False,502,20.079999923706055,0.2677021026611328,20.081247329711914,0.8316216468811035,174.63290405273438,8.696857452392578,0.3349219262599945,0.0
True,False,False,False,502,20.079999923706055,0.26753824949264526,20.083759307861328,0.8315176367759705,174.63290405273438,8.696857452392578,0.33541008830070496,0.0
True,False,False,False,502,20.079999923706055,0.26753824949264526,20.083759307861328,0.8315176367759705,174.63290405273438,8.696857452392578,0.33541008830070496,0.0
True,False,False,False,502,20.079999923706055,0.267290860414505,20.081806182861328,0.8315985202789307,174.63290405273438,8.696857452392578,0.3349219262599945,0.0
True,False,False,False,502,20.079999923706055,0.267290860414505,20.081806182861328,0.8315985202789307,174.63290405273438,8.696857452392578,0.3349219262599945,0.0
True,False,False,False,502,20.079999923706055,0.267290860414505,20.081806182861328,0.8315985202789307,174.63290405273438,8.696857452392578,0.3349219262599945,0.0
True,False,False,False,502,20.079999923706055,0.267290860414505,20.081806182861328,0.8315985202789307,174.63290405273438,8.696857452392578,0.3349219262599945,0.0
True,False,False,False,502,20.079999923706055,0.267290860414505,20.081806182861328,0.8315985202789307,174.63290405273438,8.696857452392578,0.3349219262599945,0.0
True,False,False,False,502,20.079999923706055,0.26639416813850403,20.079736709594727,0.8316842317581177,174.63290405273438,8.696857452392578,0.3349219262599945,0.0
True,False,False,False,502,20.079999923706055,0.26639416813850403,20.079736709594727,0.8316842317581177,174.63290405273438,8.696857452392578,0.3349219262599945,0.0
True,False,False,False,502,20.079999923706055,0.26639416813850403,20.079736709594727,0.8316842317581177,174.63290405273438,8.696857452392578,0.3349219262599945,0.0
True,False,False,False,502,20.079999923706055,0.26639416813850403,20.079736709594727,0.8316842317581177,174.63290405273438,8.696857452392578,0.3349219262599945,0.0
True,False,False,False,502,20.079999923706055,0.26639416813850403,20.079736709594727,0.8316842317581177,174.63290405273438,8.696857452392578,0.3349219262599945,0.0
True,False,False,False,502,20.079999923706055,0.26639416813850403,20.079736709594727,0.8316842317581177,174.63290405273438,8.696857452392578,0.3349219262599945,0.0
True,False,False,False,502,20.079999923706055,0.26639416813850403,20.079736709594727,0.8316842317581177,174.63290405273438,8.696857452392578,0.3349219262599945,0.0
True,False,False,False,502,20.079999923706055,0.26639416813850403,20.079736709594727,0.8316842317581177,174.63290405273438,8.696857452392578,0.3349219262599945,0.0
True,False,False,False,502,20.079999923706055,0.26639416813850403,20.079736709594727,0.8316842317581177,174.63290405273438,8.696857452392578,0.3349219262599945,0.0
True,False,False,False,502,20.079999923706055,0.26639416813850403,20.079736709594727,0.8316842317581177,174.63290405273438,8.696857452392578,0.3349219262599945,0.0
True,False,False,False,502,20.079999923706055,0.26639416813850403,20.079736709594727,0.8316842317581177,174.63290405273438,8.696857452392578,0.3349219262599945,0.0
True,False,False,False,502,20.079999923706055,0.26639416813850403,20.079736709594727,0.8316842317581177,174.63290405273438,8.696857452392578,0.3349219262599945,0.0
True,False,False,False,502,20.079999923706055,0.267290860414505,20.081806182861328,0.8315985202789307,174.63290405273438,8.696857452392578,0.3349219262599945,0.0
True,False,False,False,502,20.079999923706055,0.267290860414505,20.081806182861328,0.8315985202789307,174.63290405273438,8.696857452392578,0.3349219262599945,0.0
True,False,False,False,502,20.079999923706055,0.267290860414505,20.081806182861328,0.8315985202789307,174.63290405273438,8.696857452392578,0.3349219262599945,0.0
True,False,False,False,502,20.079999923706055,0.267290860414505,20.081806182861328,0.8315985202789307,174.63290405273438,8.696857452392578,0.3349219262599945,0.0
True,False,False,False,502,20.079999923706055,0.267290860414505,20.081806182861328,0.8315985202789307,174.63290405273438,8.696857452392578,0.3349219262599945,0.0
True,False,False,False,502,20.079999923706055,0.26753824949264526,20.083759307861328,0.8315176367759705,174.63290405273438,8.696857452392578,0.33541008830070496,0.0
True,False,False,False,502,20.079999923706055,0.26753824949264526,20.083759307861328,0.8315176367759705,174.63290405273438,8.696857452392578,0.33541008830070496,0.0
True,False,False,False,502,20.079999923706055,0.2677021026611328,20.081247329711914,0.8316216468811035,174.63290405273438,8.696857452392578,0.3349219262599945,0.0
True,False,False,False,502,20.079999923706055,0.2677021026611328,20.081247329711914,0.8316216468811035,174.63290405273438,8.696857452392578,0.3349219262599945,0.0
True,False,False,False,502,20.079999923706055,0.2676922082901001,20.08217430114746,0.8315832614898682,174.63290405273438,8.696857452392578,0.33510497212409973,0.0
True,False,False,False,502,20.079999923706055,0.2676922082901001,20.08217430114746,0.8315832614898682,174.63290405273438,8.696857452392578,0.33510497212409973,0.0
True,False,False,False,502,20.079999923706055,0.2677021026611328,20.081247329711914,0.8316216468811035,174.63290405273438,8.696857452392578,0.3349219262599945,0.0
True,False,False,False,502,20.079999923706055,0.2677021026611328,20.081247329711914,0.8316216468811035,174.63290405273438,8.696857452392578,0.3349219262599945,0.0
True,False,False,False,502,20.079999923706055,0.26753824949264526,20.083759307861328,0.8315176367759705,174.63290405273438,8.696857452392578,0.33541008830070496,0.0
True,False,False,False,502,20.079999923706055,0.26753824949264526,20.083759307861328,0.8315176367759705,174.63290405273438,8.696857452392578,0.33541008830070496,0.0
True,False,False,False,502,20.079999923706055,0.267290860414505,20.081806182861328,0.8315985202789307,174.63290405273438,8.696857452392578,0.3349219262599945,0.0
True,False,False,False,502,20.079999923706055,0.267290860414505,20.081806182861328,0.8315985202789307,174.63290405273438,8.696857452392578,0.3349219262599945,0.0
True,False,False,False,502,20.079999923706055,0.267290860414505,20.081806182861328,0.8315985202789307,174.63290405273438,8.696857452392578,0.3349219262599945,0.0
True,False,False,False,502,20.079999923706055,0.267290860414505,20.081806182861328,0.8315985202789307,174.63290405273438,8.696857452392578,0.3349219262599945,0.0
True,False,False,False,502,20.079999923706055,0.267290860414505,20.081806182861328,0.8315985202789307,174.63290405273438,8.696857452392578,0.3349219262599945,0.0
True,False,False,False,502,20.079999923706055,0.26639416813850403,20.079736709594727,0.8316842317581177,174.63290405273438,8.696857452392578,0.3349219262599945,0.0
True,False,False,False,502,20.079999923706055,0.26639416813850403,20.079736709594727,0.8316842317581177,174.63290405273438,8.696857452392578,0.3349219262599945,0.0
True,False,False,False,502,20.079999923706055,0.26639416813850403,20.079736709594727,0.8316842317581177,174.63290405273438,8.696857452392578,0.3349219262599945,0.0
True,False,False,False,502,20.079999923706055,0.26639416813850403,20.079736709594727,0.8316842317581177,174.63290405273438,8.696857452392578,0.3349219262599945,0.0
True,False,False,False,502,20.079999923706055,0.26639416813850403,20.079736709594727,0.8316842317581177,174.63290405273438,8.696857452392578,0.3349219262599945,0.0
True,False,False,False,502,20.079999923706055,0.26639416813850403,20.079736709594727,0.8316842317581177,174.63290405273438,8.696857452392578,0.3349219262599945,0.0
True,False,False,False,502,20.079999923706055,0.2678937613964081,20.078149795532227,0.8317499756813049,174.63290405273438,8.696857452392578,0.33488985896110535,0.0
True,False,False,False,502,20.079999923706055,0.2678937613964081,20.078149795532227,0.8317499756813049,174.63290405273438,8.696857452392578,0.33488985896110535,0.0
True,False,False,False,502,20.079999923706055,0.2678937613964081,20.078149795532227,0.8317499756813049,174.63290405273438,8.696857452392578,0.33488985896110535,0.0
True,False,False,False,502,20.079999923706055,0.2678937613964081,20.078149795532227,0.8317499756813049,174.63290405273438,8.696857452392578,0.33488985896110535,0.0
True,False,False,False,502,20.079999923706055,0.2678937613964081,20.078149795532227,0.8317499756813049,174.63290405273438,8.696857452392578,0.33488985896110535,0.0
True,False,False,False,502,20.079999923706055,0.2678937613964081,20.078149795532227,0.8317499756813049,174.63290405273438,8.696857452392578,0.33488985896110535,0.0
True,False,False,False,502,20.079999923706055,0.268767386674881,20.080219268798828,0.8316642642021179,174.63290405273438,8.696857452392578,0.33488985896110535,0.0
True,False,False,False,502,20.079999923706055,0.268767386674881,20.080219268798828,0.8316642642021179,174.63290405273438,8.696857452392578,0.33488985896110535,0.0
True,False,False,False,502,20.079999923706055,0.268767386674881,20.080219268798828,0.8316642642021179,174.63290405273438,8.696857452392578,0.33488985896110535,0.0
True,False,False,False,502,20.079999923706055,0.268767386674881,20.080219268798828,0.8316642642021179,174.63290405273438,8.696857452392578,0.33488985896110535,0.0
True,False,False,False,502,20.079999923706055,0.268767386674881,20.080219268798828,0.8316642642021179,174.63290405273438,8.696857452392578,0.33488985896110535,0.0
True,False,False,False,502,20.079999923706055,0.2690134346485138,20.082172393798828,0.8315833210945129,174.63290405273438,8.696857452392578,0.3353780210018158,0.0
True,False,False,False,502,20.079999923706055,0.2690134346485138,20.082172393798828,0.8315833210945129,174.63290405273438,8.696857452392578,0.3353780210018158,0.0
True,False,False,False,502,20.079999923706055,0.2691763937473297,20.079660415649414,0.8316874504089355,174.63290405273438,8.696857452392578,0.33488985896110535,0.0
True,False,False,False,502,20.079999923706055,0.2691763937473297,20.079660415649414,0.8316874504089355,174.63290405273438,8.696857452392578,0.33488985896110535,0.0
True,False,False,False,502,20.079999923706055,0.2691665589809418,20.08058738708496,0.8316490650177002,174.63290405273438,8.696857452392578,0.33507290482521057,0.0
True,False,False,False,502,20.079999923706055,0.2691665589809418,20.08058738708496,0.8316490650177002,174.63290405273438,8.696857452392578,0.33507290482521057,0.0
True,False,False,False,502,20.079999923706055,0.2691763937473297,20.079660415649414,0.8316874504089355,174.63290405273438,8.696857452392578,0.33488985896110535,0.0
True,False,False,False,502,20.079999923706055,0.2691763937473297,20.079660415649414,0.8316874504089355,174.63290405273438,8.696857452392578,0.33488985896110535,0.0
True,False,False,False,502,20.079999923706055,0.2690134346485138,20.082172393798828,0.8315833210945129,174.63290405273438,8.696857452392578,0.3353780210018158,0.0
True,False,False,False,502,20.079999923706055,0.2690134346485138,20.082172393798828,0.8315833210945129,174.63290405273438,8.696857452392578,0.3353780210018158,0.0
True,False,False,False,502,20.079999923706055,0.268767386674881,20.080219268798828,0.8316642642021179,174.63290405273438,8.696857452392578,0.33488985896110535,0.0
True,False,False,False,502,20.079999923706055,0.268767386674881,20.080219268798828,0.8316642642021179,174.63290405273438,8.696857452392578,0.33488985896110535,0.0
True,False,False,False,502,20.079999923706055,0.268767386674881,20.080219268798828,0.8316642642021179,174.63290405273438,8.696857452392578,0.33488985896110535,0.0
True,False,False,False,502,20.079999923706055,0.268767386674881,20.080219268798828,0.8316642642021179,174.63290405273438,8.696857452392578,0.33488985896110535,0.0
True,False,False,False,502,20.079999923706055,0.268767386674881,20.080219268798828,0.8316642642021179,174.63290405273438,8.696857452392578,0.33488985896110535,0.0
True,False,False,False,502,20.079999923706055,0.2678937613964081,20.078149795532227,0.8317499756813049,174.63290405273438,8.696857452392578,0.33488985896110535,0.0
True,False,False,False,502,20.079999923706055,0.2678937613964081,20.078149795532227,0.8317499756813049,174.63290405273438,8.696857452392578,0.33488985896110535,0.0
True,False,False,False,502,20.079999923706055,0.2678937613964081,20.078149795532227,0.8317499756813049,174.63290405273438,8.696857452392578,0.33488985896110535,0.0
True,False,False,False,502,20.079999923706055,0.2678937613964081,20.078149795532227,0.8317499756813049,174.63290405273438,8.696857452392578,0.33488985896110535,0.0
True,False,False,False,502,20.079999923706055,0.2678937613964081,20.078149795532227,0.8317499756813049,174.63290405273438,8.696857452392578,0.33488985896110535,0.0
True,False,False,False,502,20.079999923706055,0.2678937613964081,20.078149795532227,0.8317499756813049,174.63290405273438,8.696857452392578,0.33488985896110535,0.0
True,False,False,False,502,20.079999923706055,0.26885315775871277,20.07713508605957,0.8317919969558716,174.63290405273438,8.696857452392578,0.3348747789859772,0.0
True,False,False,False,502,20.079999923706055,0.26885315775871277,20.07713508605957,0.8317919969558716,174.63290405273438,8.696857452392578,0.3348747789859772,0.0
True,False,False,False,502,20.079999923706055,0.26885315775871277,20.07713508605957,0.8317919969558716,174.63290405273438,8.696857452392578,0.3348747789859772,0.0
True,False,False,False,502,20.079999923706055,0.26885315775871277,20.07713508605957,0.8317919969558716,174.63290405273438,8.696857452392578,0.3348747789859772,0.0
True,False,False,False,502,20.079999923706055,0.26885315775871277,20.07713508605957,0.8317919969558716,174.63290405273438,8.696857452392578,0.3348747789859772,0.0
True,False,False,False,502,20.079999923706055,0.26885315775871277,20.07713508605957,0.8317919969558716,174.63290405273438,8.696857452392578,0.3348747789859772,0.0
True,False,False,False,502,20.079999923706055,0.269726425409317,20.07918930053711,0.8317068815231323,174.63290405273438,8.696857452392578,0.3348747789859772,0.0
True,False,False,False,502,20.079999923706055,0.269726425409317,20.07918930053711,0.8317068815231323,174.63290405273438,8.696857452392578,0.3348747789859772,0.0
True,False,False,False,502,20.079999923706055,0.269726425409317,20.07918930053711,0.8317068815231323,174.63290405273438,8.696857452392578,0.3348747789859772,0.0
True,False,False,False,502,20.079999923706055,0.269726425409317,20.07918930053711,0.8317068815231323,174.63290405273438,8.696857452392578,0.3348747789859772,0.0
True,False,False,False,502,20.079999923706055,0.269726425409317,20.07918930053711,0.8317068815231323,174.63290405273438,8.696857452392578,0.3348747789859772,0.0
True,False,False,False,502,20.079999923706055,0.2699716091156006,20.08114242553711,0.8316259980201721,174.63290405273438,8.696857452392578,0.3353630006313324,0.0
True,False,False,False,502,20.079999923706055,0.2699716091156006,20.08114242553711,0.8316259980201721,174.63290405273438,8.696857452392578,0.3353630006313324,0.0
True,False,False,False,502,20.079999923706055,0.27013397216796875,20.078630447387695,0.83173006772995,174.63290405273438,8.696857452392578,0.3348747789859772,0.0
True,False,False,False,502,20.079999923706055,0.27013397216796875,20.078630447387695,0.83173006772995,174.63290405273438,8.696857452392578,0.3348747789859772,0.0
True,False,False,False,502,20.079999923706055,0.2701241672039032,20.079557418823242,0.8316916823387146,174.63290405273438,8.696857452392578,0.3350578844547272,0.0
True,False,False,False,502,20.079999923706055,0.2701241672039032,20.079557418823242,0.8316916823387146,174.63290405273438,8.696857452392578,0.3350578844547272,0.0
True,False,False,False,502,20.079999923706055,0.27013397216796875,20.078630447387695,0.83173006772995,174.63290405273438,8.696857452392578,0.3348747789859772,0.0
True,False,False,False,502,20.079999923706055,0.27013397216796875,20.078630447387695,0.83173006772995,174.63290405273438,8.696857452392578,0.3348747789859772,0.0
True,False,False,False,502,20.079999923706055,0.2699716091156006,20.08114242553711,0.8316259980201721,174.63290405273438,8.696857452392578,0.3353630006313324,0.0
True,False,False,False,502,20.079999923706055,0.2699716091156006,20.08114242553711,0.8316259980201721,174.63290405273438,8.696857452392578,0.3353630006313324,0.0
True,False,False,False,502,20.079999923706055,0.269726425409317,20.07918930053711,0.8317068815231323,174.63290405273438,8.696857452392578,0.3348747789859772,0.0
True,False,False,False,502,20.079999923706055,0.269726425409317,20.07918930053711,0.8317068815231323,174.63290405273438,8.696857452392578,0.3348747789859772,0.0
True,False,False,False,502,20.079999923706055,0.269726425409317,20.07918930053711,0.8317068815231323,174.63290405273438,8.696857452392578,0.3348747789859772,0.0
True,False,False,False,502,20.079999923706055,0.269726425409317,20.07918930053711,0.8317068815231323,174.63290405273438,8.696857452392578,0.3348747789859772,0.0
True,False,False,False,502,20.079999923706055,0.269726425409317,20.07918930053711,0.8317068815231323,174.63290405273438,8.696857452392578,0.3348747789859772,0.0
True,False,False,False,502,20.079999923706055,0.26885315775871277,20.07713508605957,0.8317919969558716,174.63290405273438,8.696857452392578,0.3348747789859772,0.0
True,False,False,False,502,20.079999923706055,0.26885315775871277,20.07713508605957,0.8317919969558716,174.63290405273438,8.696857452392578,0.3348747789859772,0.0
True,False,False,False,502,20.079999923706055,0.26885315775871277,20.07713508605957,0.8317919969558716,174.63290405273438,8.696857452392578,0.3348747789859772,0.0
True,False,False,False,502,20.079999923706055,0.26885315775871277,20.07713508605957,0.8317919969558716,174.63290405273438,8.696857452392578,0.3348747789859772,0.0
True,False,False,False,502,20.079999923706055,0.26885315775871277,20.07713508605957,0.8317919969558716,174.63290405273438,8.696857452392578,0.3348747789859772,0.0
True,False,False,False,502,20.079999923706055,0.26885315775871277,20.07713508605957,0.8317919969558716,174.63290405273438,8.696857452392578,0.3348747789859772,0.0
True,False,False,False,502,20.079999923706055,0.2681317627429962,20.078203201293945,0.8317477703094482,174.63290405273438,8.696857452392578,0.334887832403183,0.0
True,False,False,False,502,20.079999923706055,0.2681317627429962,20.078203201293945,0.8317477703094482,174.63290405273438,8.696857452392578,0.334887832403183,0.0
True,False,False,False,502,20.079999923706055,0.2681317627429962,20.078203201293945,0.8317477703094482,174.63290405273438,8.696857452392578,0.334887832403183,0.0
True,False,False,False,502,20.079999923706055,0.2681317627429962,20.078203201293945,0.8317477703094482,174.63290405273438,8.696857452392578,0.334887832403183,0.0
True,False,False,False,502,20.079999923706055,0.2681317627429962,20.078203201293945,0.8317477703094482,174.63290405273438,8.696857452392578,0.334887832403183,0.0
True,False,False,False,502,20.079999923706055,0.2681317627429962,20.078203201293945,0.8317477703094482,174.63290405273438,8.696857452392578,0.334887832403183,0.0
True,False,False,False,502,20.079999923706055,0.2690088748931885,20.080270767211914,0.831662118434906,174.63290405273438,8.696857452392578,0.334887832403183,0.0
True,False,False,False,502,20.079999923706055,0.2690088748931885,20.080270767211914,0.831662118434906,174.63290405273438,8.696857452392578,0.334887832403183,0.0
True,False,False,False,502,20.079999923706055,0.2690088748931885,20.080270767211914,0.831662118434906,174.63290405273438,8.696857452392578,0.334887832403183,0.0
True,False,False,False,502,20.079999923706055,0.2690088748931885,20.080270767211914,0.831662118434906,174.63290405273438,8.696857452392578,0.334887832403183,0.0
True,False,False,False,502,20.079999923706055,0.2690088748931885,20.080270767211914,0.831662118434906,174.63290405273438,8.696857452392578,0.334887832403183,0.0
True,False,False,False,502,20.079999923706055,0.2692547142505646,20.08222198486328,0.8315812945365906,174.63290405273438,8.696857452392578,0.33537599444389343,0.0
True,False,False,False,502,20.079999923706055,0.2692547142505646,20.08222198486328,0.8315812945365906,174.63290405273438,8.696857452392578,0.33537599444389343,0.0
True,False,False,False,502,20.079999923706055,0.26941752433776855,20.079702377319336,0.8316856622695923,174.63290405273438,8.696857452392578,0.334887832403183,0.0
True,False,False,False,502,20.079999923706055,0.26941752433776855,20.079702377319336,0.8316856622695923,174.63290405273438,8.696857452392578,0.334887832403183,0.0
True,False,False,False,502,20.079999923706055,0.2694076895713806,20.08062744140625,0.8316473364830017,174.63290405273438,8.696857452392578,0.3350708782672882,0.0
True,False,False,False,502,20.079999923706055,0.2694076895713806,20.08062744140625,0.8316473364830017,174.63290405273438,8.696857452392578,0.3350708782672882,0.0
True,False,False,False,502,20.079999923706055,0.26941752433776855,20.079702377319336,0.8316856622695923,174.63290405273438,8.696857452392578,0.334887832403183,0.0
True,False,False,False,502,20.079999923706055,0.26941752433776855,20.079702377319336,0.8316856622695923,174.63290405273438,8.696857452392578,0.334887832403183,0.0
True,False,False,False,502,20.079999923706055,0.2692547142505646,20.08222198486328,0.8315812945365906,174.63290405273438,8.696857452392578,0.33537599444389343,0.0
True,False,False,False,502,20.079999923706055,0.2692547142505646,20.08222198486328,0.8315812945365906,174.63290405273438,8.696857452392578,0.33537599444389343,0.0
True,False,False,False,502,20.079999923706055,0.2690088748931885,20.080270767211914,0.831662118434906,174.63290405273438,8.696857452392578,0.334887832403183,0.0
True,False,False,False,502,20.079999923706055,0.2690088748931885,20.080270767211914,0.831662118434906,174.63290405273438,8.696857452392578,0.334887832403183,0.0
True,False,False,False,502,20.079999923706055,0.2690088748931885,20.080270767211914,0.831662118434906,174.63290405273438,8.696857452392578,0.334887832403183,0.0
True,False,False,False,502,20.079999923706055,0.2690088748931885,20.080270767211914,0.831662118434906,174.63290405273438,8.696857452392578,0.334887832403183,0.0
True,False,False,False,502,20.079999923706055,0.2690088748931885,20.080270767211914,0.831662118434906,174.63290405273438,8.696857452392578,0.334887832403183,0.0
True,False,False,False,502,20.079999923706055,0.2681317627429962,20.078203201293945,0.8317477703094482,174.63290405273438,8.696857452392578,0.334887832403183,0.0
True,False,False,False,502,20.079999923706055,0.2681317627429962,20.078203201293945,0.8317477703094482,174.63290405273438,8.696857452392578,0.334887832403183,0.0
True,False,False,False,502,20.079999923706055,0.2681317627429962,20.078203201293945,0.8317477703094482,174.63290405273438,8.696857452392578,0.334887832403183,0.0
True,False,False,False,502,20.079999923706055,0.2681317627429962,20.078203201293945,0.8317477703094482,174.63290405273438,8.696857452392578,0.334887832403183,0.0
True,False,False,False,502,20.079999923706055,0.2681317627429962,20.078203201293945,0.8317477703094482,174.63290405273438,8.696857452392578,0.334887832403183,0.0
True,False,False,False,502,20.079999923706055,0.2681317627429962,20.078203201293945,0.8317477703094482,174.63290405273438,8.696857452392578,0.334887832403183,0.0
True,False,False,False,502,20.079999923706055,0.26808759570121765,20.078182220458984,0.8317486643791199,174.63290405273438,8.696857452392578,0.3348912298679352,0.0
True,False,False,False,502,20.079999923706055,0.26808759570121765,20.078182220458984,0.8317486643791199,174.63290405273438,8.696857452392578,0.3348912298679352,0.0
True,False,False,False,502,20.079999923706055,0.26808759570121765,20.078182220458984,0.8317486643791199,174.63290405273438,8.696857452392578,0.3348912298679352,0.0
True,False,False,False,502,20.079999923706055,0.26808759570121765,20.078182220458984,0.8317486643791199,174.63290405273438,8.696857452392578,0.3348912298679352,0.0
True,False,False,False,502,20.079999923706055,0.26808759570121765,20.078182220458984,0.8317486643791199,174.63290405273438,8.696857452392578,0.3348912298679352,0.0
True,False,False,False,502,20.079999923706055,0.26808759570121765,20.078182220458984,0.8317486643791199,174.63290405273438,8.696857452392578,0.3348912298679352,0.0
True,False,False,False,502,20.079999923706055,0.26896360516548157,20.080244064331055,0.8316632509231567,174.63290405273438,8.696857452392578,0.3348912298679352,0.0
True,False,False,False,502,20.079999923706055,0.26896360516548157,20.080244064331055,0.8316632509231567,174.63290405273438,8.696857452392578,0.3348912298679352,0.0
True,False,False,False,502,20.079999923706055,0.26896360516548157,20.080244064331055,0.8316632509231567,174.63290405273438,8.696857452392578,0.3348912298679352,0.0
True,False,False,False,502,20.079999923706055,0.26896360516548157,20.080244064331055,0.8316632509231567,174.63290405273438,8.696857452392578,0.3348912298679352,0.0
True,False,False,False,502,20.079999923706055,0.26896360516548157,20.080244064331055,0.8316632509231567,174.63290405273438,8.696857452392578,0.3348912298679352,0.0
True,False,False,False,502,20.079999923706055,0.26920947432518005,20.082197189331055,0.8315823674201965,174.63290405273438,8.696857452392578,0.33537939190864563,0.0
True,False,False,False,502,20.079999923706055,0.26920947432518005,20.082197189331055,0.8315823674201965,174.63290405273438,8.696857452392578,0.33537939190864563,0.0
True,False,False,False,502,20.079999923706055,0.2693723142147064,20.079694747924805,0.8316860198974609,174.63290405273438,8.696857452392578,0.3348912298679352,0.0
True,False,False,False,502,20.079999923706055,0.2693723142147064,20.079694747924805,0.8316860198974609,174.63290405273438,8.696857452392578,0.3348912298679352,0.0
True,False,False,False,502,20.079999923706055,0.2693624794483185,20.080612182617188,0.8316479921340942,174.63290405273438,8.696857452392578,0.3350742757320404,0.0
True,False,False,False,502,20.079999923706055,0.2693624794483185,20.080612182617188,0.8316479921340942,174.63290405273438,8.696857452392578,0.3350742757320404,0.0
True,False,False,False,502,20.079999923706055,0.2693723142147064,20.079694747924805,0.8316860198974609,174.63290405273438,8.696857452392578,0.3348912298679352,0.0
True,False,False,False,502,20.079999923706055,0.2693723142147064,20.079694747924805,0.8316860198974609,174.63290405273438,8.696857452392578,0.3348912298679352,0.0
True,False,False,False,502,20.079999923706055,0.26920947432518005,20.082197189331055,0.8315823674201965,174.63290405273438,8.696857452392578,0.33537939190864563,0.0
True,False,False,False,502,20.079999923706055,0.26920947432518005,20.082197189331055,0.8315823674201965,174.63290405273438,8.696857452392578,0.33537939190864563,0.0
True,False,False,False,502,20.079999923706055,0.26896360516548157,20.080244064331055,0.8316632509231567,174.63290405273438,8.696857452392578,0.3348912298679352,0.0
True,False,False,False,502,20.079999923706055,0.26896360516548157,20.080244064331055,0.8316632509231567,174.63290405273438,8.696857452392578,0.3348912298679352,0.0
True,False,False,False,502,20.079999923706055,0.26896360516548157,20.080244064331055,0.8316632509231567,174.63290405273438,8.696857452392578,0.3348912298679352,0.0
True,False,False,False,502,20.079999923706055,0.26896360516548157,20.080244064331055,0.8316632509231567,174.63290405273438,8.696857452392578,0.3348912298679352,0.0
True,False,False,False,502,20.079999923706055,0.26896360516548157,20.080244064331055,0.8316632509231567,174.63290405273438,8.696857452392578,0.3348912298679352,0.0
True,False,False,False,502,20.079999923706055,0.26808759570121765,20.078182220458984,0.8317486643791199,174.63290405273438,8.696857452392578,0.3348912298679352,0.0
True,False,False,False,502,20.079999923706055,0.26808759570121765,20.078182220458984,0.8317486643791199,174.63290405273438,8.696857452392578,0.3348912298679352,0.0
True,False,False,False,502,20.079999923706055,0.26808759570121765,20.078182220458984,0.8317486643791199,174.63290405273438,8.696857452392578,0.3348912298679352,0.0
True,False,False,False,502,20.079999923706055,0.26808759570121765,20.078182220458984,0.8317486643791199,174.63290405273438,8.696857452392578,0.3348912298679352,0.0
True,False,False,False,502,20.079999923706055,0.26808759570121765,20.078182220458984,0.8317486643791199,174.63290405273438,8.696857452392578,0.3348912298679352,0.0
True,False,False,False,502,20.079999923706055,0.26808759570121765,20.078182220458984,0.8317486643791199,174.63290405273438,8.696857452392578,0.3348912298679352,0.0
True,False,False,False,502,20.079999923706055,0.268939733505249,20.077058792114258,0.8317951560020447,174.63290405273438,8.696857452392578,0.33487167954444885,0.0
True,False,False,False,502,20.079999923706055,0.268939733505249,20.077058792114258,0.8317951560020447,174.63290405273438,8.696857452392578,0.33487167954444885,0.0
True,False,False,False,502,20.079999923706055,0.268939733505249,20.077058792114258,0.8317951560020447,174.63290405273438,8.696857452392578,0.33487167954444885,0.0
True,False,False,False,502,20.079999923706055,0.268939733505249,20.077058792114258,0.8317951560020447,174.63290405273438,8.696857452392578,0.33487167954444885,0.0
True,False,False,False,502,20.079999923706055,0.268939733505249,20.077058792114258,0.8317951560020447,174.63290405273438,8.696857452392578,0.33487167954444885,0.0
True,False,False,False,502,20.079999923706055,0.268939733505249,20.077058792114258,0.8317951560020447,174.63290405273438,8.696857452392578,0.33487167954444885,0.0
True,False,False,False,502,20.079999923706055,0.26980456709861755,20.079120635986328,0.8317097425460815,174.63290405273438,8.696857452392578,0.33487167954444885,0.0
True,False,False,False,502,20.079999923706055,0.26980456709861755,20.079120635986328,0.8317097425460815,174.63290405273438,8.696857452392578,0.33487167954444885,0.0
True,False,False,False,502,20.079999923706055,0.26980456709861755,20.079120635986328,0.8317097425460815,174.63290405273438,8.696857452392578,0.33487167954444885,0.0
True,False,False,False,502,20.079999923706055,0.26980456709861755,20.079120635986328,0.8317097425460815,174.63290405273438,8.696857452392578,0.33487167954444885,0.0
True,False,False,False,502,20.079999923706055,0.26980456709861755,20.079120635986328,0.8317097425460815,174.63290405273438,8.696857452392578,0.33487167954444885,0.0
True,False,False,False,502,20.079999923706055,0.27004969120025635,20.081073760986328,0.8316288590431213,174.63290405273438,8.696857452392578,0.3353599011898041,0.0
True,False,False,False,502,20.079999923706055,0.27004969120025635,20.081073760986328,0.8316288590431213,174.63290405273438,8.696857452392578,0.3353599011898041,0.0
True,False,False,False,502,20.079999923706055,0.2702120244503021,20.078561782836914,0.8317329287528992,174.63290405273438,8.696857452392578,0.33487167954444885,0.0
True,False,False,False,502,20.079999923706055,0.2702120244503021,20.078561782836914,0.8317329287528992,174.63290405273438,8.696857452392578,0.33487167954444885,0.0
True,False,False,False,502,20.079999923706055,0.2702022194862366,20.07948875427246,0.8316945433616638,174.63290405273438,8.696857452392578,0.3350547254085541,0.0
True,False,False,False,502,20.079999923706055,0.2702022194862366,20.07948875427246,0.8316945433616638,174.63290405273438,8.696857452392578,0.3350547254085541,0.0
True,False,False,False,502,20.079999923706055,0.2702120244503021,20.078561782836914,0.8317329287528992,174.63290405273438,8.696857452392578,0.33487167954444885,0.0
True,False,False,False,502,20.079999923706055,0.2702120244503021,20.078561782836914,0.8317329287528992,174.63290405273438,8.696857452392578,0.33487167954444885,0.0
True,False,False,False,502,20.079999923706055,0.27004969120025635,20.081073760986328,0.8316288590431213,174.63290405273438,8.696857452392578,0.3353599011898041,0.0
True,False,False,False,502,20.079999923706055,0.27004969120025635,20.081073760986328,0.8316288590431213,174.63290405273438,8.696857452392578,0.3353599011898041,0.0
True,False,False,False,502,20.079999923706055,0.26980456709861755,20.079120635986328,0.8317097425460815,174.63290405273438,8.696857452392578,0.33487167954444885,0.0
True,False,False,False,502,20.079999923706055,0.26980456709861755,20.079120635986328,0.8317097425460815,174.63290405273438,8.696857452392578,0.33487167954444885,0.0
True,False,False,False,502,20.079999923706055,0.26980456709861755,20.079120635986328,0.8317097425460815,174.63290405273438,8.696857452392578,0.33487167954444885,0.0
True,False,False,False,502,20.079999923706055,0.26980456709861755,20.079120635986328,0.8317097425460815,174.63290405273438,8.696857452392578,0.33487167954444885,0.0
True,False,False,False,502,20.079999923706055,0.26980456709861755,20.079120635986328,0.8317097425460815,174.63290405273438,8.696857452392578,0.33487167954444885,0.0
True,False,False,False,502,20.079999923706055,0.268939733505249,20.077058792114258,0.8317951560020447,174.63290405273438,8.696857452392578,0.33487167954444885,0.0
True,False,False,False,502,20.079999923706055,0.268939733505249,20.077058792114258,0.8317951560020447,174.63290405273438,8.696857452392578,0.33487167954444885,0.0
True,False,False,False,502,20.079999923706055,0.268939733505249,20.077058792114258,0.8317951560020447,174.63290405273438,8.696857452392578,0.33487167954444885,0.0
True,False,False,False,502,20.079999923706055,0.268939733505249,20.077058792114258,0.8317951560020447,174.63290405273438,8.696857452392578,0.33487167954444885,0.0
True,False,False,False,502,20.079999923706055,0.268939733505249,20.077058792114258,0.8317951560020447,174.63290405273438,8.696857452392578,0.33487167954444885,0.0
True,False,False,False,502,20.079999923706055,0.268939733505249,20.077058792114258,0.8317951560020447,174.63290405273438,8.696857452392578,0.33487167954444885,0.0
True,False,False,False,502,20.079999923706055,0.26785770058631897,20.078187942504883,0.8317484259605408,174.63290405273438,8.696857452392578,0.3348943889141083,0.0
True,False,False,False,502,20.079999923706055,0.26785770058631897,20.078187942504883,0.8317484259605408,174.63290405273438,8.696857452392578,0.3348943889141083,0.0
True,False,False,False,502,20.079999923706055,0.26785770058631897,20.078187942504883,0.8317484259605408,174.63290405273438,8.696857452392578,0.3348943889141083,0.0
True,False,False,False,502,20.079999923706055,0.26785770058631897,20.078187942504883,0.8317484259605408,174.63290405273438,8.696857452392578,0.3348943889141083,0.0
True,False,False,False,502,20.079999923706055,0.26785770058631897,20.078187942504883,0.8317484259605408,174.63290405273438,8.696857452392578,0.3348943889141083,0.0
True,False,False,False,502,20.079999923706055,0.26785770058631897,20.078187942504883,0.8317484259605408,174.63290405273438,8.696857452392578,0.3348943889141083,0.0
True,False,False,False,502,20.079999923706055,0.26874610781669617,20.080242156982422,0.8316633105278015,174.63290405273438,8.696857452392578,0.3348943889141083,0.0
True,False,False,False,502,20.079999923706055,0.26874610781669617,20.080242156982422,0.8316633105278015,174.63290405273438,8.696857452392578,0.3348943889141083,0.0
True,False,False,False,502,20.079999923706055,0.26874610781669617,20.080242156982422,0.8316633105278015,174.63290405273438,8.696857452392578,0.3348943889141083,0.0
True,False,False,False,502,20.079999923706055,0.26874610781669617,20.080242156982422,0.8316633105278015,174.63290405273438,8.696857452392578,0.3348943889141083,0.0
True,False,False,False,502,20.079999923706055,0.26874610781669617,20.080242156982422,0.8316633105278015,174.63290405273438,8.696857452392578,0.3348943889141083,0.0
True,False,False,False,502,20.079999923706055,0.268992155790329,20.082195281982422,0.8315824270248413,174.63290405273438,8.696857452392578,0.3353825509548187,0.0
True,False,False,False,502,20.079999923706055,0.268992155790329,20.082195281982422,0.8315824270248413,174.63290405273438,8.696857452392578,0.3353825509548187,0.0
True,False,False,False,502,20.079999923706055,0.2691551148891449,20.079683303833008,0.8316864371299744,174.63290405273438,8.696857452392578,0.3348943889141083,0.0
True,False,False,False,502,20.079999923706055,0.2691551148891449,20.079683303833008,0.8316864371299744,174.63290405273438,8.696857452392578,0.3348943889141083,0.0
True,False,False,False,502,20.079999923706055,0.26914528012275696,20.080610275268555,0.831648051738739,174.63290405273438,8.696857452392578,0.3350774347782135,0.0
True,False,False,False,502,20.079999923706055,0.26914528012275696,20.080610275268555,0.831648051738739,174.63290405273438,8.696857452392578,0.3350774347782135,0.0
True,False,False,False,502,20.079999923706055,0.2691551148891449,20.079683303833008,0.8316864371299744,174.63290405273438,8.696857452392578,0.3348943889141083,0.0
True,False,False,False,502,20.079999923706055,0.2691551148891449,20.079683303833008,0.8316864371299744,174.63290405273438,8.696857452392578,0.3348943889141083,0.0
True,False,False,False,502,20.079999923706055,0.268992155790329,20.082195281982422,0.8315824270248413,174.63290405273438,8.696857452392578,0.3353825509548187,0.0
True,False,False,False,502,20.079999923706055,0.268992155790329,20.082195281982422,0.8315824270248413,174.63290405273438,8.696857452392578,0.3353825509548187,0.0
True,False,False,False,502,20.079999923706055,0.26874610781669617,20.080242156982422,0.8316633105278015,174.63290405273438,8.696857452392578,0.3348943889141083,0.0
True,False,False,False,502,20.079999923706055,0.26874610781669617,20.080242156982422,0.8316633105278015,174.63290405273438,8.696857452392578,0.3348943889141083,0.0
True,False,False,False,502,20.079999923706055,0.26874610781669617,20.080242156982422,0.8316633105278015,174.63290405273438,8.696857452392578,0.3348943889141083,0.0
True,False,False,False,502,20.079999923706055,0.26874610781669617,20.080242156982422,0.8316633105278015,174.63290405273438,8.696857452392578,0.3348943889141083,0.0
True,False,False,False,502,20.079999923706055,0.26874610781669617,20.080242156982422,0.8316633105278015,174.63290405273438,8.696857452392578,0.3348943889141083,0.0
True,False,False,False,502,20.079999923706055,0.26785770058631897,20.078187942504883,0.8317484259605408,174.63290405273438,8.696857452392578,0.3348943889141083,0.0
True,False,False,False,502,20.079999923706055,0.26785770058631897,20.078187942504883,0.8317484259605408,174.63290405273438,8.696857452392578,0.3348943889141083,0.0
True,False,False,False,502,20.079999923706055,0.26785770058631897,20.078187942504883,0.8317484259605408,174.63290405273438,8.696857452392578,0.3348943889141083,0.0
True,False,False,False,502,20.079999923706055,0.26785770058631897,20.078187942504883,0.8317484259605408,174.63290405273438,8.696857452392578,0.3348943889141083,0.0
True,False,False,False,502,20.079999923706055,0.26785770058631897,20.078187942504883,0.8317484259605408,174.63290405273438,8.696857452392578,0.3348943889141083,0.0
True,False,False,False,502,20.079999923706055,0.26785770058631897,20.078187942504883,0.8317484259605408,174.63290405273438,8.696857452392578,0.3348943889141083,0.0
True,False,False,False,502,20.079999923706055,0.26639416813850403,20.079736709594727,0.8316842317581177,174.63290405273438,8.696857452392578,0.3349219262599945,0.0
True,False,False,False,502,20.079999923706055,0.26639416813850403,20.079736709594727,0.8316842317581177,174.63290405273438,8.696857452392578,0.3349219262599945,0.0
True,False,False,False,502,20.079999923706055,0.26639416813850403,20.079736709594727,0.8316842317581177,174.63290405273438,8.696857452392578,0.3349219262599945,0.0
True,False,False,False,502,20.079999923706055,0.26639416813850403,20.079736709594727,0.8316842317581177,174.63290405273438,8.696857452392578,0.3349219262599945,0.0
True,False,False,False,502,20.079999923706055,0.26639416813850403,20.079736709594727,0.8316842317581177,174.63290405273438,8.696857452392578,0.3349219262599945,0.0
True,False,False,False,502,20.079999923706055,0.26639416813850403,20.079736709594727,0.8316842317581177,174.63290405273438,8.696857452392578,0.3349219262599945,0.0
True,False,False,False,502,20.079999923706055,0.267290860414505,20.081806182861328,0.8315985202789307,174.63290405273438,8.696857452392578,0.3349219262599945,0.0
True,False,False,False,502,20.079999923706055,0.267290860414505,20.081806182861328,0.8315985202789307,174.63290405273438,8.696857452392578,0.3349219262599945,0.0
True,False,False,False,502,20.079999923706055,0.267290860414505,20.081806182861328,0.8315985202789307,174.63290405273438,8.696857452392578,0.3349219262599945,0.0
True,False,False,False,502,20.079999923706055,0.267290860414505,20.081806182861328,0.8315985202789307,174.63290405273438,8.696857452392578,0.3349219262599945,0.0
True,False,False,False,502,20.079999923706055,0.267290860414505,20.081806182861328,0.8315985202789307,174.63290405273438,8.696857452392578,0.3349219262599945,0.0
True,False,False,False,502,20.079999923706055,0.26753824949264526,20.083759307861328,0.8315176367759705,174.63290405273438,8.696857452392578,0.33541008830070496,0.0
True,False,False,False,502,20.079999923706055,0.26753824949264526,20.083759307861328,0.8315176367759705,174.63290405273438,8.696857452392578,0.33541008830070496,0.0
True,False,False,False,502,20.079999923706055,0.2677021026611328,20.081247329711914,0.8316216468811035,174.63290405273438,8.696857452392578,0.3349219262599945,0.0
True,False,False,False,502,20.079999923706055,0.2677021026611328,20.081247329711914,0.8316216468811035,174.63290405273438,8.696857452392578,0.3349219262599945,0.0
True,False,False,False,502,20.079999923706055,0.2676922082901001,20.08217430114746,0.8315832614898682,174.63290405273438,8.696857452392578,0.33510497212409973,0.0
True,False,False,False,502,20.079999923706055,0.2676922082901001,20.08217430114746,0.8315832614898682,174.63290405273438,8.696857452392578,0.33510497212409973,0.0
True,False,False,False,502,20.079999923706055,0.2677021026611328,20.081247329711914,0.8316216468811035,174.63290405273438,8.696857452392578,0.3349219262599945,0.0
True,False,False,False,502,20.079999923706055,0.2677021026611328,20.081247329711914,0.8316216468811035,174.63290405273438,8.696857452392578,0.3349219262599945,0.0
True,False,False,False,502,20.079999923706055,0.26753824949264526,20.083759307861328,0.8315176367759705,174.63290405273438,8.696857452392578,0.33541008830070496,0.0
True,False,False,False,502,20.079999923706055,0.26753824949264526,20.083759307861328,0.8315176367759705,174.63290405273438,8.696857452392578,0.33541008830070496,0.0
True,False,False,False,502,20.079999923706055,0.267290860414505,20.081806182861328,0.8315985202789307,174.63290405273438,8.696857452392578,0.3349219262599945,0.0
True,False,False,False,502,20.079999923706055,0.267290860414505,20.081806182861328,0.8315985202789307,174.63290405273438,8.696857452392578,0.3349219262599945,0.0
True,False,False,False,502,20.079999923706055,0.267290860414505,20.081806182861328,0.8315985202789307,174.63290405273438,8.696857452392578,0.3349219262599945,0.0
True,False,False,False,502,20.079999923706055,0.267290860414505,20.081806182861328,0.8315985202789307,174.63290405273438,8.696857452392578,0.3349219262599945,0.0
True,False,False,False,502,20.079999923706055,0.267290860414505,20.081806182861328,0.8315985202789307,174.63290405273438,8.696857452392578,0.3349219262599945,0.0
True,False,False,False,502,20.079999923706055,0.26639416813850403,20.079736709594727,0.8316842317581177,174.63290405273438,8.696857452392578,0.3349219262599945,0.0
True,False,False,False,502,20.079999923706055,0.26639416813850403,20.079736709594727,0.8316842317581177,174.63290405273438,8.696857452392578,0.3349219262599945,0.0
True,False,False,False,502,20.079999923706055,0.26639416813850403,20.079736709594727,0.8316842317581177,174.63290405273438,8.696857452392578,0.3349219262599945,0.0
True,False,False,False,502,20.079999923706055,0.26639416813850403,20.079736709594727,0.8316842317581177,174.63290405273438,8.696857452392578,0.3349219262599945,0.0
True,False,False,False,502,20.079999923706055,0.26639416813850403,20.079736709594727,0.8316842317581177,174.63290405273438,8.696857452392578,0.3349219262599945,0.0
True,False,False,False,502,20.079999923706055,0.26639416813850403,20.079736709594727,0.8316842317581177,174.63290405273438,8.696857452392578,0.3349219262599945,0.0
True,False,False,False,502,20.079999923706055,0.26639416813850403,20.079736709594727,0.8316842317581177,174.63290405273438,8.696857452392578,0.3349219262599945,0.0
True,False,False,False,502,20.079999923706055,0.26639416813850403,20.079736709594727,0.8316842317581177,174.63290405273438,8.696857452392578,0.3349219262599945,0.0
True,False,False,False,502,20.079999923706055,0.26639416813850403,20.079736709594727,0.8316842317581177,174.63290405273438,8.696857452392578,0.3349219262599945,0.0
True,False,False,False,502,20.079999923706055,0.26639416813850403,20.079736709594727,0.8316842317581177,174.63290405273438,8.696857452392578,0.3349219262599945,0.0
True,False,False,False,502,20.079999923706055,0.26639416813850403,20.079736709594727,0.8316842317581177,174.63290405273438,8.696857452392578,0.3349219262599945,0.0
True,False,False,False,502,20.079999923706055,0.26639416813850403,20.079736709594727,0.8316842317581177,174.63290405273438,8.696857452392578,0.3349219262599945,0.0
True,False,False,False,502,20.079999923706055,0.267290860414505,20.081806182861328,0.8315985202789307,174.63290405273438,8.696857452392578,0.3349219262599945,0.0
True,False,False,False,502,20.079999923706055,0.267290860414505,20.081806182861328,0.8315985202789307,174.63290405273438,8.696857452392578,0.3349219262599945,0.0
True,False,False,False,502,20.079999923706055,0.267290860414505,20.081806182861328,0.8315985202789307,174.63290405273438,8.696857452392578,0.3349219262599945,0.0
True,False,False,False,502,20.079999923706055,0.267290860414505,20.081806182861328,0.8315985202789307,174.63290405273438,8.696857452392578,0.3349219262599945,0.0
True,False,False,False,502,20.079999923706055,0.267290860414505,20.081806182861328,0.8315985202789307,174.63290405273438,8.696857452392578,0.3349219262599945,0.0
True,False,False,False,502,20.079999923706055,0.26753824949264526,20.083759307861328,0.8315176367759705,174.63290405273438,8.696857452392578,0.33541008830070496,0.0
True,False,False,False,502,20.079999923706055,0.26753824949264526,20.083759307861328,0.8315176367759705,174.63290405273438,8.696857452392578,0.33541008830070496,0.0
True,False,False,False,502,20.079999923706055,0.2677021026611328,20.081247329711914,0.8316216468811035,174.63290405273438,8.696857452392578,0.3349219262599945,0.0
True,False,False,False,502,20.079999923706055,0.2677021026611328,20.081247329711914,0.8316216468811035,174.63290405273438,8.696857452392578,0.3349219262599945,0.0
True,False,False,False,502,20.079999923706055,0.2676922082901001,20.08217430114746,0.8315832614898682,174.63290405273438,8.696857452392578,0.33510497212409973,0.0
True,False,False,False,502,20.079999923706055,0.2676922082901001,20.08217430114746,0.8315832614898682,174.63290405273438,8.696857452392578,0.33510497212409973,0.0
True,False,False,False,502,20.079999923706055,0.2677021026611328,20.081247329711914,0.8316216468811035,174.63290405273438,8.696857452392578,0.3349219262599945,0.0
True,False,False,False,502,20.079999923706055,0.2677021026611328,20.081247329711914,0.8316216468811035,174.63290405273438,8.696857452392578,0.3349219262599945,0.0
True,False,False,False,502,20.079999923706055,0.26753824949264526,20.083759307861328,0.8315176367759705,174.63290405273438,8.696857452392578,0.33541008830070496,0.0
True,False,False,False,502,20.079999923706055,0.26753824949264526,20.083759307861328,0.8315176367759705,174.63290405273438,8.696857452392578,0.33541008830070496,0.0
True,False,False,False,502,20.079999923706055,0.267290860414505,20.081806182861328,0.8315985202789307,174.63290405273438,8.696857452392578,0.3349219262599945,0.0
True,False,False,False,502,20.079999923706055,0.267290860414505,20.081806182861328,0.8315985202789307,174.63290405273438,8.696857452392578,0.3349219262599945,0.0
True,False,False,False,502,20.079999923706055,0.267290860414505,20.081806182861328,0.8315985202789307,174.63290405273438,8.696857452392578,0.3349219262599945,0.0
True,False,False,False,502,20.079999923706055,0.267290860414505,20.081806182861328,0.8315985202789307,174.63290405273438,8.696857452392578,0.3349219262599945,0.0
True,False,False,False,502,20.079999923706055,0.267290860414505,20.081806182861328,0.8315985202789307,174.63290405273438,8.696857452392578,0.3349219262599945,0.0
True,False,False,False,502,20.079999923706055,0.26639416813850403,20.079736709594727,0.8316842317581177,174.63290405273438,8.696857452392578,0.3349219262599945,0.0
True,False,False,False,502,20.079999923706055,0.26639416813850403,20.079736709594727,0.8316842317581177,174.63290405273438,8.696857452392578,0.3349219262599945,0.0
True,False,False,False,502,20.079999923706055,0.26639416813850403,20.079736709594727,0.8316842317581177,174.63290405273438,8.696857452392578,0.3349219262599945,0.0
True,False,False,False,502,20.079999923706055,0.26639416813850403,20.079736709594727,0.8316842317581177,174.63290405273438,8.696857452392578,0.3349219262599945,0.0
True,False,False,False,502,20.079999923706055,0.26639416813850403,20.079736709594727,0.8316842317581177,174.63290405273438,8.696857452392578,0.3349219262599945,0.0
True,False,False,False,502,20.079999923706055,0.26639416813850403,20.079736709594727,0.8316842317581177,174.63290405273438,8.696857452392578,0.3349219262599945,0.0
True,False,False,False,502,20.079999923706055,0.28469008207321167,20.066972732543945,0.8322132229804993,174.63284301757812,8.696854591369629,0.3352925479412079,0.0
True,False,False,False,502,20.079999923706055,0.28469008207321167,20.066972732543945,0.8322132229804993,174.63284301757812,8.696854591369629,0.3352925479412079,0.0
True,False,False,False,502,20.079999923706055,0.28469008207321167,20.066972732543945,0.8322132229804993,174.63284301757812,8.696854591369629,0.3352925479412079,0.0
True,False,False,False,502,20.079999923706055,0.28469008207321167,20.066972732543945,0.8322132229804993,174.63284301757812,8.696854591369629,0.3352925479412079,0.0
True,False,False,False,502,20.079999923706055,0.28469008207321167,20.066972732543945,0.8322132229804993,174.63284301757812,8.696854591369629,0.3352925479412079,0.0
True,False,False,False,502,20.079999923706055,0.28469008207321167,20.066972732543945,0.8322132229804993,174.63284301757812,8.696854591369629,0.3352925479412079,0.0
True,False,False,False,502,20.079999923706055,0.28331616520881653,20.068971633911133,0.8321303725242615,174.63284301757812,8.696854591369629,0.3352925479412079,0.0
True,False,False,False,502,20.079999923706055,0.28331616520881653,20.068971633911133,0.8321303725242615,174.63284301757812,8.696854591369629,0.3352925479412079,0.0
True,False,False,False,502,20.079999923706055,0.28331616520881653,20.068971633911133,0.8321303725242615,174.63284301757812,8.696854591369629,0.3352925479412079,0.0
True,False,False,False,502,20.079999923706055,0.28331616520881653,20.068971633911133,0.8321303725242615,174.63284301757812,8.696854591369629,0.3352925479412079,0.0
True,False,False,False,502,20.079999923706055,0.28331616520881653,20.068971633911133,0.8321303725242615,174.63284301757812,8.696854591369629,0.3352925479412079,0.0
True,False,False,False,502,20.079999923706055,0.2835210859775543,20.070924758911133,0.8320493698120117,174.63284301757812,8.696854591369629,0.33578041195869446,0.0
True,False,False,False,502,20.079999923706055,0.2835210859775543,20.070924758911133,0.8320493698120117,174.63284301757812,8.696854591369629,0.33578041195869446,0.0
True,False,False,False,502,20.079999923706055,0.2836548984050751,20.068477630615234,0.8321508765220642,174.63284301757812,8.696854591369629,0.3352925479412079,0.0
True,False,False,False,502,20.079999923706055,0.2836548984050751,20.068477630615234,0.8321508765220642,174.63284301757812,8.696854591369629,0.3352925479412079,0.0
True,False,False,False,502,20.079999923706055,0.28364717960357666,20.0693359375,0.8321152925491333,174.63284301757812,8.696854591369629,0.33547547459602356,0.0
True,False,False,False,502,20.079999923706055,0.28364717960357666,20.0693359375,0.8321152925491333,174.63284301757812,8.696854591369629,0.33547547459602356,0.0
True,False,False,False,502,20.079999923706055,0.2836548984050751,20.068477630615234,0.8321508765220642,174.63284301757812,8.696854591369629,0.3352925479412079,0.0
True,False,False,False,502,20.079999923706055,0.2836548984050751,20.068477630615234,0.8321508765220642,174.63284301757812,8.696854591369629,0.3352925479412079,0.0
True,False,False,False,502,20.079999923706055,0.2835210859775543,20.070924758911133,0.8320493698120117,174.63284301757812,8.696854591369629,0.33578041195869446,0.0
True,False,False,False,502,20.079999923706055,0.2835210859775543,20.070924758911133,0.8320493698120117,174.63284301757812,8.696854591369629,0.33578041195869446,0.0
True,False,False,False,502,20.079999923706055,0.28331616520881653,20.068971633911133,0.8321303725242615,174.63284301757812,8.696854591369629,0.3352925479412079,0.0
True,False,False,False,502,20.079999923706055,0.28331616520881653,20.068971633911133,0.8321303725242615,174.63284301757812,8.696854591369629,0.3352925479412079,0.0
True,False,False,False,502,20.079999923706055,0.28331616520881653,20.068971633911133,0.8321303725242615,174.63284301757812,8.696854591369629,0.3352925479412079,0.0
True,False,False,False,502,20.079999923706055,0.28331616520881653,20.068971633911133,0.8321303725242615,174.63284301757812,8.696854591369629,0.3352925479412079,0.0
True,False,False,False,502,20.079999923706055,0.28331616520881653,20.068971633911133,0.8321303725242615,174.63284301757812,8.696854591369629,0.3352925479412079,0.0
True,False,False,False,502,20.079999923706055,0.28469008207321167,20.066972732543945,0.8322132229804993,174.63284301757812,8.696854591369629,0.3352925479412079,0.0
True,False,False,False,502,20.079999923706055,0.28469008207321167,20.066972732543945,0.8322132229804993,174.63284301757812,8.696854591369629,0.3352925479412079,0.0
True,False,False,False,502,20.079999923706055,0.28469008207321167,20.066972732543945,0.8322132229804993,174.63284301757812,8.696854591369629,0.3352925479412079,0.0
True,False,False,False,502,20.079999923706055,0.28469008207321167,20.066972732543945,0.8322132229804993,174.63284301757812,8.696854591369629,0.3352925479412079,0.0
True,False,False,False,502,20.079999923706055,0.28469008207321167,20.066972732543945,0.8322132229804993,174.63284301757812,8.696854591369629,0.3352925479412079,0.0
True,False,False,False,502,20.079999923706055,0.28469008207321167,20.066972732543945,0.8322132229804993,174.63284301757812,8.696854591369629,0.3352925479412079,0.0
True,False,False,False,502,20.079999923706055,0.28469008207321167,20.066972732543945,0.8322132229804993,174.63284301757812,8.696854591369629,0.3352925479412079,0.0
True,False,False,False,502,20.079999923706055,0.28469008207321167,20.066972732543945,0.8322132229804993,174.63284301757812,8.696854591369629,0.3352925479412079,0.0
True,False,False,False,502,20.079999923706055,0.28469008207321167,20.066972732543945,0.8322132229804993,174.63284301757812,8.696854591369629,0.3352925479412079,0.0
True,False,False,False,502,20.079999923706055,0.28469008207321167,20.066972732543945,0.8322132229804993,174.63284301757812,8.696854591369629,0.3352925479412079,0.0
True,False,False,False,502,20.079999923706055,0.28469008207321167,20.066972732543945,0.8322132229804993,174.63284301757812,8.696854591369629,0.3352925479412079,0.0
True,False,False,False,502,20.079999923706055,0.28469008207321167,20.066972732543945,0.8322132229804993,174.63284301757812,8.696854591369629,0.3352925479412079,0.0
True,False,False,False,502,20.079999923706055,0.28331616520881653,20.068971633911133,0.8321303725242615,174.63284301757812,8.696854591369629,0.3352925479412079,0.0
True,False,False,False,502,20.079999923706055,0.28331616520881653,20.068971633911133,0.8321303725242615,174.63284301757812,8.696854591369629,0.3352925479412079,0.0
True,False,False,False,502,20.079999923706055,0.28331616520881653,20.068971633911133,0.8321303725242615,174.63284301757812,8.696854591369629,0.3352925479412079,0.0
True,False,False,False,502,20.079999923706055,0.28331616520881653,20.068971633911133,0.8321303725242615,174.63284301757812,8.696854591369629,0.3352925479412079,0.0
True,False,False,False,502,20.079999923706055,0.28331616520881653,20.068971633911133,0.8321303725242615,174.63284301757812,8.696854591369629,0.3352925479412079,0.0
True,False,False,False,502,20.079999923706055,0.2835210859775543,20.070924758911133,0.8320493698120117,174.63284301757812,8.696854591369629,0.33578041195869446,0.0
True,False,False,False,502,20.079999923706055,0.2835210859775543,20.070924758911133,0.8320493698120117,174.63284301757812,8.696854591369629,0.33578041195869446,0.0
True,False,False,False,502,20.079999923706055,0.2836548984050751,20.068477630615234,0.8321508765220642,174.63284301757812,8.696854591369629,0.3352925479412079,0.0
True,False,False,False,502,20.079999923706055,0.2836548984050751,20.068477630615234,0.8321508765220642,174.63284301757812,8.696854591369629,0.3352925479412079,0.0
True,False,False,False,502,20.079999923706055,0.28364717960357666,20.0693359375,0.8321152925491333,174.63284301757812,8.696854591369629,0.33547547459602356,0.0
True,False,False,False,502,20.079999923706055,0.28364717960357666,20.0693359375,0.8321152925491333,174.63284301757812,8.696854591369629,0.33547547459602356,0.0
True,False,False,False,502,20.079999923706055,0.2836548984050751,20.068477630615234,0.8321508765220642,174.63284301757812,8.696854591369629,0.3352925479412079,0.0
True,False,False,False,502,20.079999923706055,0.2836548984050751,20.068477630615234,0.8321508765220642,174.63284301757812,8.696854591369629,0.3352925479412079,0.0
True,False,False,False,502,20.079999923706055,0.2835210859775543,20.070924758911133,0.8320493698120117,174.63284301757812,8.696854591369629,0.33578041195869446,0.0
True,False,False,False,502,20.079999923706055,0.2835210859775543,20.070924758911133,0.8320493698120117,174.63284301757812,8.696854591369629,0.33578041195869446,0.0
True,False,False,False,502,20.079999923706055,0.28331616520881653,20.068971633911133,0.8321303725242615,174.63284301757812,8.696854591369629,0.3352925479412079,0.0
True,False,False,False,502,20.079999923706055,0.28331616520881653,20.068971633911133,0.8321303725242615,174.63284301757812,8.696854591369629,0.3352925479412079,0.0
True,False,False,False,502,20.079999923706055,0.28331616520881653,20.068971633911133,0.8321303725242615,174.63284301757812,8.696854591369629,0.3352925479412079,0.0
True,False,False,False,502,20.079999923706055,0.28331616520881653,20.068971633911133,0.8321303725242615,174.63284301757812,8.696854591369629,0.3352925479412079,0.0
True,False,False,False,502,20.079999923706055,0.28331616520881653,20.068971633911133,0.8321303725242615,174.63284301757812,8.696854591369629,0.3352925479412079,0.0
True,False,False,False,502,20.079999923706055,0.28469008207321167,20.066972732543945,0.8322132229804993,174.63284301757812,8.696854591369629,0.3352925479412079,0.0
True,False,False,False,502,20.079999923706055,0.28469008207321167,20.066972732543945,0.8322132229804993,174.63284301757812,8.696854591369629,0.3352925479412079,0.0
True,False,False,False,502,20.079999923706055,0.28469008207321167,20.066972732543945,0.8322132229804993,174.63284301757812,8.696854591369629,0.3352925479412079,0.0
True,False,False,False,502,20.079999923706055,0.28469008207321167,20.066972732543945,0.8322132229804993,174.63284301757812,8.696854591369629,0.3352925479412079,0.0
True,False,False,False,502,20.079999923706055,0.28469008207321167,20.066972732543945,0.8322132229804993,174.63284301757812,8.696854591369629,0.3352925479412079,0.0
True,False,False,False,502,20.079999923706055,0.28469008207321167,20.066972732543945,0.8322132229804993,174.63284301757812,8.696854591369629,0.3352925479412079,0.0
True,False,False,False,502,20.079999923706055,0.28469008207321167,20.066972732543945,0.8322132229804993,174.63284301757812,8.696854591369629,0.3352925479412079,0.0
True,False,False,False,502,20.079999923706055,0.28469008207321167,20.066972732543945,0.8322132229804993,174.63284301757812,8.696854591369629,0.3352925479412079,0.0
True,False,False,False,502,20.079999923706055,0.28469008207321167,20.066972732543945,0.8322132229804993,174.63284301757812,8.696854591369629,0.3352925479412079,0.0
True,False,False,False,502,20.079999923706055,0.28469008207321167,20.066972732543945,0.8322132229804993,174.63284301757812,8.696854591369629,0.3352925479412079,0.0
True,False,False,False,502,20.079999923706055,0.28469008207321167,20.066972732543945,0.8322132229804993,174.63284301757812,8.696854591369629,0.3352925479412079,0.0
True,False,False,False,502,20.079999923706055,0.28469008207321167,20.066972732543945,0.8322132229804993,174.63284301757812,8.696854591369629,0.3352925479412079,0.0
True,False,False,False,502,20.079999923706055,0.28331616520881653,20.068971633911133,0.8321303725242615,174.63284301757812,8.696854591369629,0.3352925479412079,0.0
True,False,False,False,502,20.079999923706055,0.28331616520881653,20.068971633911133,0.8321303725242615,174.63284301757812,8.696854591369629,0.3352925479412079,0.0
True,False,False,False,502,20.079999923706055,0.28331616520881653,20.068971633911133,0.8321303725242615,174.63284301757812,8.696854591369629,0.3352925479412079,0.0
True,False,False,False,502,20.079999923706055,0.28331616520881653,20.068971633911133,0.8321303725242615,174.63284301757812,8.696854591369629,0.3352925479412079,0.0
True,False,False,False,502,20.079999923706055,0.28331616520881653,20.068971633911133,0.8321303725242615,174.63284301757812,8.696854591369629,0.3352925479412079,0.0
True,False,False,False,502,20.079999923706055,0.2835210859775543,20.070924758911133,0.8320493698120117,174.63284301757812,8.696854591369629,0.33578041195869446,0.0
True,False,False,False,502,20.079999923706055,0.2835210859775543,20.070924758911133,0.8320493698120117,174.63284301757812,8.696854591369629,0.33578041195869446,0.0
True,False,False,False,502,20.079999923706055,0.2836548984050751,20.068477630615234,0.8321508765220642,174.63284301757812,8.696854591369629,0.3352925479412079,0.0
True,False,False,False,502,20.079999923706055,0.2836548984050751,20.068477630615234,0.8321508765220642,174.63284301757812,8.696854591369629,0.3352925479412079,0.0
True,False,False,False,502,20.079999923706055,0.28364717960357666,20.0693359375,0.8321152925491333,174.63284301757812,8.696854591369629,0.33547547459602356,0.0
True,False,False,False,502,20.079999923706055,0.28364717960357666,20.0693359375,0.8321152925491333,174.63284301757812,8.696854591369629,0.33547547459602356,0.0
True,False,False,False,502,20.079999923706055,0.2836548984050751,20.068477630615234,0.8321508765220642,174.63284301757812,8.696854591369629,0.3352925479412079,0.0
True,False,False,False,502,20.079999923706055,0.2836548984050751,20.068477630615234,0.8321508765220642,174.63284301757812,8.696854591369629,0.3352925479412079,0.0
True,False,False,False,502,20.079999923706055,0.2835210859775543,20.070924758911133,0.8320493698120117,174.63284301757812,8.696854591369629,0.33578041195869446,0.0
True,False,False,False,502,20.079999923706055,0.2835210859775543,20.070924758911133,0.8320493698120117,174.63284301757812,8.696854591369629,0.33578041195869446,0.0
True,False,False,False,502,20.079999923706055,0.28331616520881653,20.068971633911133,0.8321303725242615,174.63284301757812,8.696854591369629,0.3352925479412079,0.0
True,False,False,False,502,20.079999923706055,0.28331616520881653,20.068971633911133,0.8321303725242615,174.63284301757812,8.696854591369629,0.3352925479412079,0.0
True,False,False,False,502,20.079999923706055,0.28331616520881653,20.068971633911133,0.8321303725242615,174.63284301757812,8.696854591369629,0.3352925479412079,0.0
True,False,False,False,502,20.079999923706055,0.28331616520881653,20.068971633911133,0.8321303725242615,174.63284301757812,8.696854591369629,0.3352925479412079,0.0
True,False,False,False,502,20.079999923706055,0.28331616520881653,20.068971633911133,0.8321303725242615,174.63284301757812,8.696854591369629,0.3352925479412079,0.0
True,False,False,False,502,20.079999923706055,0.28469008207321167,20.066972732543945,0.8322132229804993,174.63284301757812,8.696854591369629,0.3352925479412079,0.0
True,False,False,False,502,20.079999923706055,0.28469008207321167,20.066972732543945,0.8322132229804993,174.63284301757812,8.696854591369629,0.3352925479412079,0.0
True,False,False,False,502,20.079999923706055,0.28469008207321167,20.066972732543945,0.8322132229804993,174.63284301757812,8.696854591369629,0.3352925479412079,0.0
True,False,False,False,502,20.079999923706055,0.28469008207321167,20.066972732543945,0.8322132229804993,174.63284301757812,8.696854591369629,0.3352925479412079,0.0
True,False,False,False,502,20.079999923706055,0.28469008207321167,20.066972732543945,0.8322132229804993,174.63284301757812,8.696854591369629,0.3352925479412079,0.0
True,False,False,False,502,20.079999923706055,0.28469008207321167,20.066972732543945,0.8322132229804993,174.63284301757812,8.696854591369629,0.3352925479412079,0.0
True,False,False,False,502,20.079999923706055,0.28469008207321167,20.066972732543945,0.8322132229804993,174.63284301757812,8.696854591369629,0.3352925479412079,0.0
True,False,False,False,502,20.079999923706055,0.28469008207321167,20.066972732543945,0.8322132229804993,174.63284301757812,8.696854591369629,0.3352925479412079,0.0
True,False,False,False,502,20.079999923706055,0.28469008207321167,20.066972732543945,0.8322132229804993,174.63284301757812,8.696854591369629,0.3352925479412079,0.0
True,False,False,False,502,20.079999923706055,0.28469008207321167,20.066972732543945,0.8322132229804993,174.63284301757812,8.696854591369629,0.3352925479412079,0.0
True,False,False,False,502,20.079999923706055,0.28469008207321167,20.066972732543945,0.8322132229804993,174.63284301757812,8.696854591369629,0.3352925479412079,0.0
True,False,False,False,502,20.079999923706055,0.28469008207321167,20.066972732543945,0.8322132229804993,174.63284301757812,8.696854591369629,0.3352925479412079,0.0
True,False,False,False,502,20.079999923706055,0.28331616520881653,20.068971633911133,0.8321303725242615,174.63284301757812,8.696854591369629,0.3352925479412079,0.0
True,False,False,False,502,20.079999923706055,0.28331616520881653,20.068971633911133,0.8321303725242615,174.63284301757812,8.696854591369629,0.3352925479412079,0.0
True,False,False,False,502,20.079999923706055,0.28331616520881653,20.068971633911133,0.8321303725242615,174.63284301757812,8.696854591369629,0.3352925479412079,0.0
True,False,False,False,502,20.079999923706055,0.28331616520881653,20.068971633911133,0.8321303725242615,174.63284301757812,8.696854591369629,0.3352925479412079,0.0
True,False,False,False,502,20.079999923706055,0.28331616520881653,20.068971633911133,0.8321303725242615,174.63284301757812,8.696854591369629,0.3352925479412079,0.0
True,False,False,False,502,20.079999923706055,0.2835210859775543,20.070924758911133,0.8320493698120117,174.63284301757812,8.696854591369629,0.33578041195869446,0.0
True,False,False,False,502,20.079999923706055,0.2835210859775543,20.070924758911133,0.8320493698120117,174.63284301757812,8.696854591369629,0.33578041195869446,0.0
True,False,False,False,502,20.079999923706055,0.2836548984050751,20.068477630615234,0.8321508765220642,174.63284301757812,8.696854591369629,0.3352925479412079,0.0
True,False,False,False,502,20.079999923706055,0.2836548984050751,20.068477630615234,0.8321508765220642,174.63284301757812,8.696854591369629,0.3352925479412079,0.0
True,False,False,False,502,20.079999923706055,0.28364717960357666,20.0693359375,0.8321152925491333,174.63284301757812,8.696854591369629,0.33547547459602356,0.0
True,False,False,False,502,20.079999923706055,0.28364717960357666,20.0693359375,0.8321152925491333,174.63284301757812,8.696854591369629,0.33547547459602356,0.0
True,False,False,False,502,20.079999923706055,0.2836548984050751,20.068477630615234,0.8321508765220642,174.63284301757812,8.696854591369629,0.3352925479412079,0.0
True,False,False,False,502,20.079999923706055,0.2836548984050751,20.068477630615234,0.8321508765220642,174.63284301757812,8.696854591369629,0.3352925479412079,0.0
True,False,False,False,502,20.079999923706055,0.2835210859775543,20.070924758911133,0.8320493698120117,174.63284301757812,8.696854591369629,0.33578041195869446,0.0
True,False,False,False,502,20.079999923706055,0.2835210859775543,20.070924758911133,0.8320493698120117,174.63284301757812,8.696854591369629,0.33578041195869446,0.0
True,False,False,False,502,20.079999923706055,0.28331616520881653,20.068971633911133,0.8321303725242615,174.63284301757812,8.696854591369629,0.3352925479412079,0.0
True,False,False,False,502,20.079999923706055,0.28331616520881653,20.068971633911133,0.8321303725242615,174.63284301757812,8.696854591369629,0.3352925479412079,0.0
True,False,False,False,502,20.079999923706055,0.28331616520881653,20.068971633911133,0.8321303725242615,174.63284301757812,8.696854591369629,0.3352925479412079,0.0
True,False,False,False,502,20.079999923706055,0.28331616520881653,20.068971633911133,0.8321303725242615,174.63284301757812,8.696854591369629,0.3352925479412079,0.0
True,False,False,False,502,20.079999923706055,0.28331616520881653,20.068971633911133,0.8321303725242615,174.63284301757812,8.696854591369629,0.3352925479412079,0.0
True,False,False,False,502,20.079999923706055,0.28469008207321167,20.066972732543945,0.8322132229804993,174.63284301757812,8.696854591369629,0.3352925479412079,0.0
True,False,False,False,502,20.079999923706055,0.28469008207321167,20.066972732543945,0.8322132229804993,174.63284301757812,8.696854591369629,0.3352925479412079,0.0
True,False,False,False,502,20.079999923706055,0.28469008207321167,20.066972732543945,0.8322132229804993,174.63284301757812,8.696854591369629,0.3352925479412079,0.0
True,False,False,False,502,20.079999923706055,0.28469008207321167,20.066972732543945,0.8322132229804993,174.63284301757812,8.696854591369629,0.3352925479412079,0.0
True,False,False,False,502,20.079999923706055,0.28469008207321167,20.066972732543945,0.8322132229804993,174.63284301757812,8.696854591369629,0.3352925479412079,0.0
True,False,False,False,502,20.079999923706055,0.28469008207321167,20.066972732543945,0.8322132229804993,174.63284301757812,8.696854591369629,0.3352925479412079,0.0
True,False,False,False,502,20.079999923706055,0.28469008207321167,20.066972732543945,0.8322132229804993,174.63284301757812,8.696854591369629,0.3352925479412079,0.0
True,False,False,False,502,20.079999923706055,0.28469008207321167,20.066972732543945,0.8322132229804993,174.63284301757812,8.696854591369629,0.3352925479412079,0.0
True,False,False,False,502,20.079999923706055,0.28469008207321167,20.066972732543945,0.8322132229804993,174.63284301757812,8.696854591369629,0.3352925479412079,0.0
True,False,False,False,502,20.079999923706055,0.28469008207321167,20.066972732543945,0.8322132229804993,174.63284301757812,8.696854591369629,0.3352925479412079,0.0
True,False,False,False,502,20.079999923706055,0.28469008207321167,20.066972732543945,0.8322132229804993,174.63284301757812,8.696854591369629,0.3352925479412079,0.0
True,False,False,False,502,20.079999923706055,0.28469008207321167,20.066972732543945,0.8322132229804993,174.63284301757812,8.696854591369629,0.3352925479412079,0.0
True,False,False,False,502,20.079999923706055,0.28331616520881653,20.068971633911133,0.8321303725242615,174.63284301757812,8.696854591369629,0.3352925479412079,0.0
True,False,False,False,502,20.079999923706055,0.28331616520881653,20.068971633911133,0.8321303725242615,174.63284301757812,8.696854591369629,0.3352925479412079,0.0
True,False,False,False,502,20.079999923706055,0.28331616520881653,20.068971633911133,0.8321303725242615,174.63284301757812,8.696854591369629,0.3352925479412079,0.0
True,False,False,False,502,20.079999923706055,0.28331616520881653,20.068971633911133,0.8321303725242615,174.63284301757812,8.696854591369629,0.3352925479412079,0.0
True,False,False,False,502,20.079999923706055,0.28331616520881653,20.068971633911133,0.8321303725242615,174.63284301757812,8.696854591369629,0.3352925479412079,0.0
True,False,False,False,502,20.079999923706055,0.2835210859775543,20.070924758911133,0.8320493698120117,174.63284301757812,8.696854591369629,0.33578041195869446,0.0
True,False,False,False,502,20.079999923706055,0.2835210859775543,20.070924758911133,0.8320493698120117,174.63284301757812,8.696854591369629,0.33578041195869446,0.0
True,False,False,False,502,20.079999923706055,0.2836548984050751,20.068477630615234,0.8321508765220642,174.63284301757812,8.696854591369629,0.3352925479412079,0.0
True,False,False,False,502,20.079999923706055,0.2836548984050751,20.068477630615234,0.8321508765220642,174.63284301757812,8.696854591369629,0.3352925479412079,0.0
True,False,False,False,502,20.079999923706055,0.28364717960357666,20.0693359375,0.8321152925491333,174.63284301757812,8.696854591369629,0.33547547459602356,0.0
True,False,False,False,502,20.079999923706055,0.28364717960357666,20.0693359375,0.8321152925491333,174.63284301757812,8.696854591369629,0.33547547459602356,0.0
True,False,False,False,502,20.079999923706055,0.2836548984050751,20.068477630615234,0.8321508765220642,174.63284301757812,8.696854591369629,0.3352925479412079,0.0
True,False,False,False,502,20.079999923706055,0.2836548984050751,20.068477630615234,0.8321508765220642,174.63284301757812,8.696854591369629,0.3352925479412079,0.0
True,False,False,False,502,20.079999923706055,0.2835210859775543,20.070924758911133,0.8320493698120117,174.63284301757812,8.696854591369629,0.33578041195869446,0.0
True,False,False,False,502,20.079999923706055,0.2835210859775543,20.070924758911133,0.8320493698120117,174.63284301757812,8.696854591369629,0.33578041195869446,0.0
True,False,False,False,502,20.079999923706055,0.28331616520881653,20.068971633911133,0.8321303725242615,174.63284301757812,8.696854591369629,0.3352925479412079,0.0
True,False,False,False,502,20.079999923706055,0.28331616520881653,20.068971633911133,0.8321303725242615,174.63284301757812,8.696854591369629,0.3352925479412079,0.0
True,False,False,False,502,20.079999923706055,0.28331616520881653,20.068971633911133,0.8321303725242615,174.63284301757812,8.696854591369629,0.3352925479412079,0.0
True,False,False,False,502,20.079999923706055,0.28331616520881653,20.068971633911133,0.8321303725242615,174.63284301757812,8.696854591369629,0.3352925479412079,0.0
True,False,False,False,502,20.079999923706055,0.28331616520881653,20.068971633911133,0.8321303725242615,174.63284301757812,8.696854591369629,0.3352925479412079,0.0
True,False,False,False,502,20.079999923706055,0.28469008207321167,20.066972732543945,0.8322132229804993,174.63284301757812,8.696854591369629,0.3352925479412079,0.0
True,False,False,False,502,20.079999923706055,0.28469008207321167,20.066972732543945,0.8322132229804993,174.63284301757812,8.696854591369629,0.3352925479412079,0.0
True,False,False,False,502,20.079999923706055,0.28469008207321167,20.066972732543945,0.8322132229804993,174.63284301757812,8.696854591369629,0.3352925479412079,0.0
True,False,False,False,502,20.079999923706055,0.28469008207321167,20.066972732543945,0.8322132229804993,174.63284301757812,8.696854591369629,0.3352925479412079,0.0
True,False,False,False,502,20.079999923706055,0.28469008207321167,20.066972732543945,0.8322132229804993,174.63284301757812,8.696854591369629,0.3352925479412079,0.0
True,False,False,False,502,20.079999923706055,0.28469008207321167,20.066972732543945,0.8322132229804993,174.63284301757812,8.696854591369629,0.3352925479412079,0.0
