goal_reached,collision,out_of_bounds,time_out,episode_steps,duration_s,final_distance_to_goal_m,path_length_m,trajectory_efficiency,command_variation_mps,command_variation_rate_mps2,min_clearance_m,mean_residual_mps
True,False,False,False,480,19.19999885559082,0.2941507399082184,19.67769432067871,0.8486766815185547,164.6160888671875,8.573755264282227,0.33543702960014343,0.04586782678961754
True,False,False,False,480,19.19999885559082,0.2941507399082184,19.67769432067871,0.8486766815185547,164.6160888671875,8.573755264282227,0.33543702960014343,0.04586782678961754
True,False,False,False,480,19.19999885559082,0.2941507399082184,19.67769432067871,0.8486766815185547,164.6160888671875,8.573755264282227,0.33543702960014343,0.04586782678961754
True,False,False,False,480,19.19999885559082,0.2941507399082184,19.67769432067871,0.8486766815185547,164.6160888671875,8.573755264282227,0.33543702960014343,0.04586782678961754
True,False,False,False,480,19.19999885559082,0.2941507399082184,19.67769432067871,0.8486766815185547,164.6160888671875,8.573755264282227,0.33543702960014343,0.04586782678961754
True,False,False,False,480,19.19999885559082,0.2940995991230011,19.67776870727539,0.8486735224723816,164.6160888671875,8.573755264282227,0.33546754717826843,0.0458679273724556
True,False,False,False,480,19.19999885559082,0.2940995991230011,19.67776870727539,0.8486735224723816,164.6160888671875,8.573755264282227,0.33546754717826843,0.0458679273724556
True,False,False,False,480,19.19999885559082,0.29390794038772583,19.677932739257812,0.8486664295196533,164.6160888671875,8.573755264282227,0.33542177081108093,0.045867905020713806
True,False,False,False,480,19.19999885559082,0.29390794038772583,19.677932739257812,0.8486664295196533,164.6160888671875,8.573755264282227,0.33542177081108093,0.045867905020713806
True,False,False,False,480,19.19999885559082,0.2940561771392822,19.677757263183594,0.8486739993095398,164.6160888671875,8.573755264282227,0.33550187945365906,0.045867856591939926
True,False,False,False,480,19.19999885559082,0.2940561771392822,19.677757263183594,0.8486739993095398,164.6160888671875,8.573755264282227,0.33550187945365906,0.045867856591939926
True,False,False,False,480,19.19999885559082,0.29390794038772583,19.677932739257812,0.8486664295196533,164.6160888671875,8.573755264282227,0.33542177081108093,0.045867905020713806
True,False,False,False,480,19.19999885559082,0.29390794038772583,19.677932739257812,0.8486664295196533,164.6160888671875,8.573755264282227,0.33542177081108093,0.045867905020713806
True,False,False,False,480,19.19999885559082,0.2940995991230011,19.67776870727539,0.8486735224723816,164.6160888671875,8.573755264282227,0.33546754717826843,0.0458679273724556
True,False,False,False,480,19.19999885559082,0.2940995991230011,19.67776870727539,0.8486735224723816,164.6160888671875,8.573755264282227,0.33546754717826843,0.0458679273724556
True,False,False,False,480,19.19999885559082,0.2941507399082184,19.67769432067871,0.8486766815185547,164.6160888671875,8.573755264282227,0.33543702960014343,0.04586782678961754
True,False,False,False,480,19.19999885559082,0.2941507399082184,19.67769432067871,0.8486766815185547,164.6160888671875,8.573755264282227,0.33543702960014343,0.04586782678961754
True,False,False,False,480,19.19999885559082,0.2941507399082184,19.67769432067871,0.8486766815185547,164.6160888671875,8.573755264282227,0.33543702960014343,0.04586782678961754
True,False,False,False,480,19.19999885559082,0.2941507399082184,19.67769432067871,0.8486766815185547,164.6160888671875,8.573755264282227,0.33543702960014343,0.04586782678961754
True,False,False,False,480,19.19999885559082,0.2941507399082184,19.67769432067871,0.8486766815185547,164.6160888671875,8.573755264282227,0.33543702960014343,0.04586782678961754
True,False,False,False,480,19.19999885559082,0.2941507399082184,19.67769432067871,0.8486766815185547,164.6160888671875,8.573755264282227,0.33543702960014343,0.04586782678961754
True,False,False,False,480,19.19999885559082,0.2941507399082184,19.67769432067871,0.8486766815185547,164.6160888671875,8.573755264282227,0.33543702960014343,0.04586782678961754
True,False,False,False,480,19.19999885559082,0.2941507399082184,19.67769432067871,0.8486766815185547,164.6160888671875,8.573755264282227,0.33543702960014343,0.04586782678961754
True,False,False,False,480,19.19999885559082,0.2941507399082184,19.67769432067871,0.8486766815185547,164.6160888671875,8.573755264282227,0.33543702960014343,0.04586782678961754
True,False,False,False,480,19.19999885559082,0.2941507399082184,19.67769432067871,0.8486766815185547,164.6160888671875,8.573755264282227,0.33543702960014343,0.04586782678961754
True,False,False,False,480,19.19999885559082,0.2940995991230011,19.67776870727539,0.8486735224723816,164.6160888671875,8.573755264282227,0.33546754717826843,0.0458679273724556
True,False,False,False,480,19.19999885559082,0.2940995991230011,19.67776870727539,0.8486735224723816,164.6160888671875,8.573755264282227,0.33546754717826843,0.0458679273724556
True,False,False,False,480,19.19999885559082,0.29390794038772583,19.677932739257812,0.8486664295196533,164.6160888671875,8.573755264282227,0.33542177081108093,0.045867905020713806
True,False,False,False,480,19.19999885559082,0.29390794038772583,19.677932739257812,0.8486664295196533,164.6160888671875,8.573755264282227,0.33542177081108093,0.045867905020713806
True,False,False,False,480,19.19999885559082,0.2940561771392822,19.677757263183594,0.8486739993095398,164.6160888671875,8.573755264282227,0.33550187945365906,0.045867856591939926
True,False,False,False,480,19.19999885559082,0.2940561771392822,19.677757263183594,0.8486739993095398,164.6160888671875,8.573755264282227,0.33550187945365906,0.045867856591939926
True,False,False,False,480,19.19999885559082,0.29390794038772583,19.677932739257812,0.8486664295196533,164.6160888671875,8.573755264282227,0.33542177081108093,0.045867905020713806
True,False,False,False,480,19.19999885559082,0.29390794038772583,19.677932739257812,0.8486664295196533,164.6160888671875,8.573755264282227,0.33542177081108093,0.045867905020713806
True,False,False,False,480,19.19999885559082,0.2940995991230011,19.67776870727539,0.8486735224723816,164.6160888671875,8.573755264282227,0.33546754717826843,0.0458679273724556
True,False,False,False,480,19.19999885559082,0.2940995991230011,19.67776870727539,0.8486735224723816,164.6160888671875,8.573755264282227,0.33546754717826843,0.0458679273724556
True,False,False,False,480,19.19999885559082,0.2941507399082184,19.67769432067871,0.8486766815185547,164.6160888671875,8.573755264282227,0.33543702960014343,0.04586782678961754
True,False,False,False,480,19.19999885559082,0.2941507399082184,19.67769432067871,0.8486766815185547,164.6160888671875,8.573755264282227,0.33543702960014343,0.04586782678961754
True,False,False,False,480,19.19999885559082,0.2941507399082184,19.67769432067871,0.8486766815185547,164.6160888671875,8.573755264282227,0.33543702960014343,0.04586782678961754
True,False,False,False,480,19.19999885559082,0.2941507399082184,19.67769432067871,0.8486766815185547,164.6160888671875,8.573755264282227,0.33543702960014343,0.04586782678961754
True,False,False,False,480,19.19999885559082,0.2941507399082184,19.67769432067871,0.8486766815185547,164.6160888671875,8.573755264282227,0.33543702960014343,0.04586782678961754
True,False,False,False,480,19.19999885559082,0.2941507399082184,19.67769432067871,0.8486766815185547,164.6160888671875,8.573755264282227,0.33543702960014343,0.04586782678961754
True,False,False,False,480,19.19999885559082,0.2941507399082184,19.67769432067871,0.8486766815185547,164.6160888671875,8.573755264282227,0.33543702960014343,0.04586782678961754
True,False,False,False,480,19.19999885559082,0.2941507399082184,19.67769432067871,0.8486766815185547,164.6160888671875,8.573755264282227,0.33543702960014343,0.04586782678961754
True,False,False,False,480,19.19999885559082,0.2941507399082184,19.67769432067871,0.8486766815185547,164.6160888671875,8.573755264282227,0.33543702960014343,0.04586782678961754
True,False,False,False,480,19.19999885559082,0.2941507399082184,19.67769432067871,0.8486766815185547,164.6160888671875,8.573755264282227,0.33543702960014343,0.04586782678961754
True,False,False,False,480,19.19999885559082,0.2940995991230011,19.67776870727539,0.8486735224723816,164.6160888671875,8.573755264282227,0.33546754717826843,0.0458679273724556
True,False,False,False,480,19.19999885559082,0.2940995991230011,19.67776870727539,0.8486735224723816,164.6160888671875,8.573755264282227,0.33546754717826843,0.0458679273724556
True,False,False,False,480,19.19999885559082,0.29390794038772583,19.677932739257812,0.8486664295196533,164.6160888671875,8.573755264282227,0.33542177081108093,0.045867905020713806
True,False,False,False,480,19.19999885559082,0.29390794038772583,19.677932739257812,0.8486664295196533,164.6160888671875,8.573755264282227,0.33542177081108093,0.045867905020713806
True,False,False,False,480,19.19999885559082,0.2940561771392822,19.677757263183594,0.8486739993095398,164.6160888671875,8.573755264282227,0.33550187945365906,0.045867856591939926
True,False,False,False,480,19.19999885559082,0.2940561771392822,19.677757263183594,0.8486739993095398,164.6160888671875,8.573755264282227,0.33550187945365906,0.045867856591939926
True,False,False,False,480,19.19999885559082,0.29390794038772583,19.677932739257812,0.8486664295196533,164.6160888671875,8.573755264282227,0.33542177081108093,0.045867905020713806
True,False,False,False,480,19.19999885559082,0.29390794038772583,19.677932739257812,0.8486664295196533,164.6160888671875,8.573755264282227,0.33542177081108093,0.045867905020713806
True,False,False,False,480,19.19999885559082,0.2940995991230011,19.67776870727539,0.8486735224723816,164.6160888671875,8.573755264282227,0.33546754717826843,0.0458679273724556
True,False,False,False,480,19.19999885559082,0.2940995991230011,19.67776870727539,0.8486735224723816,164.6160888671875,8.573755264282227,0.33546754717826843,0.0458679273724556
True,False,False,False,480,19.19999885559082,0.2941507399082184,19.67769432067871,0.8486766815185547,164.6160888671875,8.573755264282227,0.33543702960014343,0.04586782678961754
True,False,False,False,480,19.19999885559082,0.2941507399082184,19.67769432067871,0.8486766815185547,164.6160888671875,8.573755264282227,0.33543702960014343,0.04586782678961754
True,False,False,False,480,19.19999885559082,0.2941507399082184,19.67769432067871,0.8486766815185547,164.6160888671875,8.573755264282227,0.33543702960014343,0.04586782678961754
True,False,False,False,480,19.19999885559082,0.2941507399082184,19.67769432067871,0.8486766815185547,164.6160888671875,8.573755264282227,0.33543702960014343,0.04586782678961754
True,False,False,False,480,19.19999885559082,0.2941507399082184,19.67769432067871,0.8486766815185547,164.6160888671875,8.573755264282227,0.33543702960014343,0.04586782678961754
True,False,False,False,480,19.19999885559082,0.2941507399082184,19.67769432067871,0.8486766815185547,164.6160888671875,8.573755264282227,0.33543702960014343,0.04586782678961754
True,False,False,False,480,19.19999885559082,0.2941507399082184,19.67769432067871,0.8486766815185547,164.6160888671875,8.573755264282227,0.33543702960014343,0.04586782678961754
True,False,False,False,480,19.19999885559082,0.2941507399082184,19.67769432067871,0.8486766815185547,164.6160888671875,8.573755264282227,0.33543702960014343,0.04586782678961754
True,False,False,False,480,19.19999885559082,0.2941507399082184,19.67769432067871,0.8486766815185547,164.6160888671875,8.573755264282227,0.33543702960014343,0.04586782678961754
True,False,False,False,480,19.19999885559082,0.2941507399082184,19.67769432067871,0.8486766815185547,164.6160888671875,8.573755264282227,0.33543702960014343,0.04586782678961754
True,False,False,False,480,19.19999885559082,0.2940995991230011,19.67776870727539,0.8486735224723816,164.6160888671875,8.573755264282227,0.33546754717826843,0.0458679273724556
True,False,False,False,480,19.19999885559082,0.2940995991230011,19.67776870727539,0.8486735224723816,164.6160888671875,8.573755264282227,0.33546754717826843,0.0458679273724556
True,False,False,False,480,19.19999885559082,0.29390794038772583,19.677932739257812,0.8486664295196533,164.6160888671875,8.573755264282227,0.33542177081108093,0.045867905020713806
True,False,False,False,480,19.19999885559082,0.29390794038772583,19.677932739257812,0.8486664295196533,164.6160888671875,8.573755264282227,0.33542177081108093,0.045867905020713806
True,False,False,False,480,19.19999885559082,0.2940561771392822,19.677757263183594,0.8486739993095398,164.6160888671875,8.573755264282227,0.33550187945365906,0.045867856591939926
True,False,False,False,480,19.19999885559082,0.2940561771392822,19.677757263183594,0.8486739993095398,164.6160888671875,8.573755264282227,0.33550187945365906,0.045867856591939926
True,False,False,False,480,19.19999885559082,0.29390794038772583,19.677932739257812,0.8486664295196533,164.6160888671875,8.573755264282227,0.33542177081108093,0.045867905020713806
True,False,False,False,480,19.19999885559082,0.29390794038772583,19.677932739257812,0.8486664295196533,164.6160888671875,8.573755264282227,0.33542177081108093,0.045867905020713806
True,False,False,False,480,19.19999885559082,0.2940995991230011,19.67776870727539,0.8486735224723816,164.6160888671875,8.573755264282227,0.33546754717826843,0.0458679273724556
True,False,False,False,480,19.19999885559082,0.2940995991230011,19.67776870727539,0.8486735224723816,164.6160888671875,8.573755264282227,0.33546754717826843,0.0458679273724556
True,False,False,False,480,19.19999885559082,0.2941507399082184,19.67769432067871,0.8486766815185547,164.6160888671875,8.573755264282227,0.33543702960014343,0.04586782678961754
True,False,False,False,480,19.19999885559082,0.2941507399082184,19.67769432067871,0.8486766815185547,164.6160888671875,8.573755264282227,0.33543702960014343,0.04586782678961754
True,False,False,False,480,19.19999885559082,0.2941507399082184,19.67769432067871,0.8486766815185547,164.6160888671875,8.573755264282227,0.33543702960014343,0.04586782678961754
True,False,False,False,480,19.19999885559082,0.2941507399082184,19.67769432067871,0.8486766815185547,164.6160888671875,8.573755264282227,0.33543702960014343,0.04586782678961754
True,False,False,False,480,19.19999885559082,0.2941507399082184,19.67769432067871,0.8486766815185547,164.6160888671875,8.573755264282227,0.33543702960014343,0.04586782678961754
True,False,False,False,480,19.19999885559082,0.2941507399082184,19.67769432067871,0.8486766815185547,164.6160888671875,8.573755264282227,0.33543702960014343,0.04586782678961754
True,False,False,False,480,19.19999885559082,0.2941507399082184,19.67769432067871,0.8486766815185547,164.6160888671875,8.573755264282227,0.33543702960014343,0.04586782678961754
True,False,False,False,480,19.19999885559082,0.2941507399082184,19.67769432067871,0.8486766815185547,164.6160888671875,8.573755264282227,0.33543702960014343,0.04586782678961754
True,False,False,False,480,19.19999885559082,0.2941507399082184,19.67769432067871,0.8486766815185547,164.6160888671875,8.573755264282227,0.33543702960014343,0.04586782678961754
True,False,False,False,480,19.19999885559082,0.2941507399082184,19.67769432067871,0.8486766815185547,164.6160888671875,8.573755264282227,0.33543702960014343,0.04586782678961754
True,False,False,False,480,19.19999885559082,0.2940995991230011,19.67776870727539,0.8486735224723816,164.6160888671875,8.573755264282227,0.33546754717826843,0.0458679273724556
True,False,False,False,480,19.19999885559082,0.2940995991230011,19.67776870727539,0.8486735224723816,164.6160888671875,8.573755264282227,0.33546754717826843,0.0458679273724556
True,False,False,False,480,19.19999885559082,0.29390794038772583,19.677932739257812,0.8486664295196533,164.6160888671875,8.573755264282227,0.33542177081108093,0.045867905020713806
True,False,False,False,480,19.19999885559082,0.29390794038772583,19.677932739257812,0.8486664295196533,164.6160888671875,8.573755264282227,0.33542177081108093,0.045867905020713806
True,False,False,False,480,19.19999885559082,0.2940561771392822,19.677757263183594,0.8486739993095398,164.6160888671875,8.573755264282227,0.33550187945365906,0.045867856591939926
True,False,False,False,480,19.19999885559082,0.2940561771392822,19.677757263183594,0.8486739993095398,164.6160888671875,8.573755264282227,0.33550187945365906,0.045867856591939926
True,False,False,False,480,19.19999885559082,0.29390794038772583,19.677932739257812,0.8486664295196533,164.6160888671875,8.573755264282227,0.33542177081108093,0.045867905020713806
True,False,False,False,480,19.19999885559082,0.29390794038772583,19.677932739257812,0.8486664295196533,164.6160888671875,8.573755264282227,0.33542177081108093,0.045867905020713806
True,False,False,False,480,19.19999885559082,0.2940995991230011,19.67776870727539,0.8486735224723816,164.6160888671875,8.573755264282227,0.33546754717826843,0.0458679273724556
True,False,False,False,480,19.19999885559082,0.2940995991230011,19.67776870727539,0.8486735224723816,164.6160888671875,8.573755264282227,0.33546754717826843,0.0458679273724556
True,False,False,False,480,19.19999885559082,0.2941507399082184,19.67769432067871,0.8486766815185547,164.6160888671875,8.573755264282227,0.33543702960014343,0.04586782678961754
True,False,False,False,480,19.19999885559082,0.2941507399082184,19.67769432067871,0.8486766815185547,164.6160888671875,8.573755264282227,0.33543702960014343,0.04586782678961754
True,False,False,False,480,19.19999885559082,0.2941507399082184,19.67769432067871,0.8486766815185547,164.6160888671875,8.573755264282227,0.33543702960014343,0.04586782678961754
True,False,False,False,480,19.19999885559082,0.2941507399082184,19.67769432067871,0.8486766815185547,164.6160888671875,8.573755264282227,0.33543702960014343,0.04586782678961754
True,False,False,False,480,19.19999885559082,0.2941507399082184,19.67769432067871,0.8486766815185547,164.6160888671875,8.573755264282227,0.33543702960014343,0.04586782678961754
True,False,False,False,480,19.19999885559082,0.2937770485877991,19.67807388305664,0.8486603498458862,164.61614990234375,8.573758125305176,0.33543702960014343,0.04586799442768097
True,False,False,False,480,19.19999885559082,0.2937770485877991,19.67807388305664,0.8486603498458862,164.61614990234375,8.573758125305176,0.33543702960014343,0.04586799442768097
True,False,False,False,480,19.19999885559082,0.2937770485877991,19.67807388305664,0.8486603498458862,164.61614990234375,8.573758125305176,0.33543702960014343,0.04586799442768097
True,False,False,False,480,19.19999885559082,0.2937770485877991,19.67807388305664,0.8486603498458862,164.61614990234375,8.573758125305176,0.33543702960014343,0.04586799442768097
True,False,False,False,480,19.19999885559082,0.2937770485877991,19.67807388305664,0.8486603498458862,164.61614990234375,8.573758125305176,0.33543702960014343,0.04586799442768097
True,False,False,False,480,19.19999885559082,0.2936210632324219,19.67831039428711,0.8486500978469849,164.61614990234375,8.573758125305176,0.33549806475639343,0.04586805775761604
True,False,False,False,480,19.19999885559082,0.2936210632324219,19.67831039428711,0.8486500978469849,164.61614990234375,8.573758125305176,0.33549806475639343,0.04586805775761604
True,False,False,False,480,19.19999885559082,0.2935341000556946,19.678312301635742,0.8486500382423401,164.61614990234375,8.573758125305176,0.33542177081108093,0.045868080109357834
True,False,False,False,480,19.19999885559082,0.2935341000556946,19.678312301635742,0.8486500382423401,164.61614990234375,8.573758125305176,0.33542177081108093,0.045868080109357834
True,False,False,False,480,19.19999885559082,0.29367339611053467,19.678136825561523,0.8486576080322266,164.61614990234375,8.573758125305176,0.3354751765727997,0.04586805775761604
True,False,False,False,480,19.19999885559082,0.29367339611053467,19.678136825561523,0.8486576080322266,164.61614990234375,8.573758125305176,0.3354751765727997,0.04586805775761604
True,False,False,False,480,19.19999885559082,0.2935341000556946,19.678312301635742,0.8486500382423401,164.61614990234375,8.573758125305176,0.33542177081108093,0.045868080109357834
True,False,False,False,480,19.19999885559082,0.2935341000556946,19.678312301635742,0.8486500382423401,164.61614990234375,8.573758125305176,0.33542177081108093,0.045868080109357834
True,False,False,False,480,19.19999885559082,0.2936210632324219,19.67831039428711,0.8486500978469849,164.61614990234375,8.573758125305176,0.33549806475639343,0.04586805775761604
True,False,False,False,480,19.19999885559082,0.2936210632324219,19.67831039428711,0.8486500978469849,164.61614990234375,8.573758125305176,0.33549806475639343,0.04586805775761604
True,False,False,False,480,19.19999885559082,0.2937770485877991,19.67807388305664,0.8486603498458862,164.61614990234375,8.573758125305176,0.33543702960014343,0.04586799442768097
True,False,False,False,480,19.19999885559082,0.2937770485877991,19.67807388305664,0.8486603498458862,164.61614990234375,8.573758125305176,0.33543702960014343,0.04586799442768097
True,False,False,False,480,19.19999885559082,0.2937770485877991,19.67807388305664,0.8486603498458862,164.61614990234375,8.573758125305176,0.33543702960014343,0.04586799442768097
True,False,False,False,480,19.19999885559082,0.2937770485877991,19.67807388305664,0.8486603498458862,164.61614990234375,8.573758125305176,0.33543702960014343,0.04586799442768097
True,False,False,False,480,19.19999885559082,0.2937770485877991,19.67807388305664,0.8486603498458862,164.61614990234375,8.573758125305176,0.33543702960014343,0.04586799442768097
True,False,False,False,480,19.19999885559082,0.29231157898902893,19.67926788330078,0.8486087918281555,164.61614990234375,8.573758125305176,0.33543702960014343,0.045867227017879486
True,False,False,False,480,19.19999885559082,0.29231157898902893,19.67926788330078,0.8486087918281555,164.61614990234375,8.573758125305176,0.33543702960014343,0.045867227017879486
True,False,False,False,480,19.19999885559082,0.29231157898902893,19.67926788330078,0.8486087918281555,164.61614990234375,8.573758125305176,0.33543702960014343,0.045867227017879486
True,False,False,False,480,19.19999885559082,0.29231157898902893,19.67926788330078,0.8486087918281555,164.61614990234375,8.573758125305176,0.33543702960014343,0.045867227017879486
True,False,False,False,480,19.19999885559082,0.29231157898902893,19.67926788330078,0.8486087918281555,164.61614990234375,8.573758125305176,0.33543702960014343,0.045867227017879486
True,False,False,False,480,19.19999885559082,0.2922601103782654,19.679357528686523,0.8486049771308899,164.61618041992188,8.573760032653809,0.33549806475639343,0.04586730897426605
True,False,False,False,480,19.19999885559082,0.2922601103782654,19.679357528686523,0.8486049771308899,164.61618041992188,8.573760032653809,0.33549806475639343,0.04586730897426605
True,False,False,False,480,19.19999885559082,0.2922404706478119,19.67932891845703,0.8486062288284302,164.61618041992188,8.573760032653809,0.33542177081108093,0.045867327600717545
True,False,False,False,480,19.19999885559082,0.2922404706478119,19.67932891845703,0.8486062288284302,164.61618041992188,8.573760032653809,0.33542177081108093,0.045867327600717545
True,False,False,False,480,19.19999885559082,0.29221126437187195,19.679344177246094,0.8486055731773376,164.61618041992188,8.573760032653809,0.33548662066459656,0.04586727172136307
True,False,False,False,480,19.19999885559082,0.29221126437187195,19.679344177246094,0.8486055731773376,164.61618041992188,8.573760032653809,0.33548662066459656,0.04586727172136307
True,False,False,False,480,19.19999885559082,0.2922404706478119,19.67932891845703,0.8486062288284302,164.61618041992188,8.573760032653809,0.33542177081108093,0.045867327600717545
True,False,False,False,480,19.19999885559082,0.2922404706478119,19.67932891845703,0.8486062288284302,164.61618041992188,8.573760032653809,0.33542177081108093,0.045867327600717545
True,False,False,False,480,19.19999885559082,0.2922601103782654,19.679357528686523,0.8486049771308899,164.61618041992188,8.573760032653809,0.33549806475639343,0.04586730897426605
True,False,False,False,480,19.19999885559082,0.2922601103782654,19.679357528686523,0.8486049771308899,164.61618041992188,8.573760032653809,0.33549806475639343,0.04586730897426605
True,False,False,False,480,19.19999885559082,0.29231157898902893,19.67926788330078,0.8486087918281555,164.61614990234375,8.573758125305176,0.33543702960014343,0.045867227017879486
True,False,False,False,480,19.19999885559082,0.29231157898902893,19.67926788330078,0.8486087918281555,164.61614990234375,8.573758125305176,0.33543702960014343,0.045867227017879486
True,False,False,False,480,19.19999885559082,0.29231157898902893,19.67926788330078,0.8486087918281555,164.61614990234375,8.573758125305176,0.33543702960014343,0.045867227017879486
True,False,False,False,480,19.19999885559082,0.29231157898902893,19.67926788330078,0.8486087918281555,164.61614990234375,8.573758125305176,0.33543702960014343,0.045867227017879486
True,False,False,False,480,19.19999885559082,0.29231157898902893,19.67926788330078,0.8486087918281555,164.61614990234375,8.573758125305176,0.33543702960014343,0.045867227017879486
True,False,False,False,480,19.19999885559082,0.29231157898902893,19.67926788330078,0.8486087918281555,164.61614990234375,8.573758125305176,0.33543702960014343,0.045867227017879486
True,False,False,False,480,19.19999885559082,0.29231157898902893,19.67926788330078,0.8486087918281555,164.61614990234375,8.573758125305176,0.33543702960014343,0.045867227017879486
True,False,False,False,480,19.19999885559082,0.29231157898902893,19.67926788330078,0.8486087918281555,164.61614990234375,8.573758125305176,0.33543702960014343,0.045867227017879486
True,False,False,False,480,19.19999885559082,0.29231157898902893,19.67926788330078,0.8486087918281555,164.61614990234375,8.573758125305176,0.33543702960014343,0.045867227017879486
True,False,False,False,480,19.19999885559082,0.29231157898902893,19.67926788330078,0.8486087918281555,164.61614990234375,8.573758125305176,0.33543702960014343,0.045867227017879486
True,False,False,False,480,19.19999885559082,0.2922601103782654,19.679357528686523,0.8486049771308899,164.61618041992188,8.573760032653809,0.33549806475639343,0.04586730897426605
True,False,False,False,480,19.19999885559082,0.2922601103782654,19.679357528686523,0.8486049771308899,164.61618041992188,8.573760032653809,0.33549806475639343,0.04586730897426605
True,False,False,False,480,19.19999885559082,0.2922404706478119,19.67932891845703,0.8486062288284302,164.61618041992188,8.573760032653809,0.33542177081108093,0.045867327600717545
True,False,False,False,480,19.19999885559082,0.2922404706478119,19.67932891845703,0.8486062288284302,164.61618041992188,8.573760032653809,0.33542177081108093,0.045867327600717545
True,False,False,False,480,19.19999885559082,0.29221126437187195,19.679344177246094,0.8486055731773376,164.61618041992188,8.573760032653809,0.33548662066459656,0.04586727172136307
True,False,False,False,480,19.19999885559082,0.29221126437187195,19.679344177246094,0.8486055731773376,164.61618041992188,8.573760032653809,0.33548662066459656,0.04586727172136307
True,False,False,False,480,19.19999885559082,0.2922404706478119,19.67932891845703,0.8486062288284302,164.61618041992188,8.573760032653809,0.33542177081108093,0.045867327600717545
True,False,False,False,480,19.19999885559082,0.2922404706478119,19.67932891845703,0.8486062288284302,164.61618041992188,8.573760032653809,0.33542177081108093,0.045867327600717545
True,False,False,False,480,19.19999885559082,0.2922601103782654,19.679357528686523,0.8486049771308899,164.61618041992188,8.573760032653809,0.33549806475639343,0.04586730897426605
True,False,False,False,480,19.19999885559082,0.2922601103782654,19.679357528686523,0.8486049771308899,164.61618041992188,8.573760032653809,0.33549806475639343,0.04586730897426605
True,False,False,False,480,19.19999885559082,0.29231157898902893,19.67926788330078,0.8486087918281555,164.61614990234375,8.573758125305176,0.33543702960014343,0.045867227017879486
True,False,False,False,480,19.19999885559082,0.29231157898902893,19.67926788330078,0.8486087918281555,164.61614990234375,8.573758125305176,0.33543702960014343,0.045867227017879486
True,False,False,False,480,19.19999885559082,0.29231157898902893,19.67926788330078,0.8486087918281555,164.61614990234375,8.573758125305176,0.33543702960014343,0.045867227017879486
True,False,False,False,480,19.19999885559082,0.29231157898902893,19.67926788330078,0.8486087918281555,164.61614990234375,8.573758125305176,0.33543702960014343,0.045867227017879486
True,False,False,False,480,19.19999885559082,0.29231157898902893,19.67926788330078,0.8486087918281555,164.61614990234375,8.573758125305176,0.33543702960014343,0.045867227017879486
True,False,False,False,480,19.19999885559082,0.29231157898902893,19.67926788330078,0.8486087918281555,164.61614990234375,8.573758125305176,0.33543702960014343,0.045867227017879486
True,False,False,False,480,19.19999885559082,0.29231157898902893,19.67926788330078,0.8486087918281555,164.61614990234375,8.573758125305176,0.33543702960014343,0.045867227017879486
True,False,False,False,480,19.19999885559082,0.29231157898902893,19.67926788330078,0.8486087918281555,164.61614990234375,8.573758125305176,0.33543702960014343,0.045867227017879486
True,False,False,False,480,19.19999885559082,0.29231157898902893,19.67926788330078,0.8486087918281555,164.61614990234375,8.573758125305176,0.33543702960014343,0.045867227017879486
True,False,False,False,480,19.19999885559082,0.29231157898902893,19.67926788330078,0.8486087918281555,164.61614990234375,8.573758125305176,0.33543702960014343,0.045867227017879486
True,False,False,False,480,19.19999885559082,0.2922601103782654,19.679357528686523,0.8486049771308899,164.61618041992188,8.573760032653809,0.33549806475639343,0.04586730897426605
True,False,False,False,480,19.19999885559082,0.2922601103782654,19.679357528686523,0.8486049771308899,164.61618041992188,8.573760032653809,0.33549806475639343,0.04586730897426605
True,False,False,False,480,19.19999885559082,0.2922404706478119,19.67932891845703,0.8486062288284302,164.61618041992188,8.573760032653809,0.33542177081108093,0.045867327600717545
True,False,False,False,480,19.19999885559082,0.2922404706478119,19.67932891845703,0.8486062288284302,164.61618041992188,8.573760032653809,0.33542177081108093,0.045867327600717545
True,False,False,False,480,19.19999885559082,0.29221126437187195,19.679344177246094,0.8486055731773376,164.61618041992188,8.573760032653809,0.33548662066459656,0.04586727172136307
True,False,False,False,480,19.19999885559082,0.29221126437187195,19.679344177246094,0.8486055731773376,164.61618041992188,8.573760032653809,0.33548662066459656,0.04586727172136307
True,False,False,False,480,19.19999885559082,0.2922404706478119,19.67932891845703,0.8486062288284302,164.61618041992188,8.573760032653809,0.33542177081108093,0.045867327600717545
True,False,False,False,480,19.19999885559082,0.2922404706478119,19.67932891845703,0.8486062288284302,164.61618041992188,8.573760032653809,0.33542177081108093,0.045867327600717545
True,False,False,False,480,19.19999885559082,0.2922601103782654,19.679357528686523,0.8486049771308899,164.61618041992188,8.573760032653809,0.33549806475639343,0.04586730897426605
True,False,False,False,480,19.19999885559082,0.2922601103782654,19.679357528686523,0.8486049771308899,164.61618041992188,8.573760032653809,0.33549806475639343,0.04586730897426605
True,False,False,False,480,19.19999885559082,0.29231157898902893,19.67926788330078,0.8486087918281555,164.61614990234375,8.573758125305176,0.33543702960014343,0.045867227017879486
True,False,False,False,480,19.19999885559082,0.29231157898902893,19.67926788330078,0.8486087918281555,164.61614990234375,8.573758125305176,0.33543702960014343,0.045867227017879486
True,False,False,False,480,19.19999885559082,0.29231157898902893,19.67926788330078,0.8486087918281555,164.61614990234375,8.573758125305176,0.33543702960014343,0.045867227017879486
True,False,False,False,480,19.19999885559082,0.29231157898902893,19.67926788330078,0.8486087918281555,164.61614990234375,8.573758125305176,0.33543702960014343,0.045867227017879486
True,False,False,False,480,19.19999885559082,0.29231157898902893,19.67926788330078,0.8486087918281555,164.61614990234375,8.573758125305176,0.33543702960014343,0.045867227017879486
True,False,False,False,480,19.19999885559082,0.29231157898902893,19.67926788330078,0.8486087918281555,164.61614990234375,8.573758125305176,0.33543702960014343,0.045867227017879486
True,False,False,False,480,19.19999885559082,0.29231157898902893,19.67926788330078,0.8486087918281555,164.61614990234375,8.573758125305176,0.33543702960014343,0.045867227017879486
True,False,False,False,480,19.19999885559082,0.29231157898902893,19.67926788330078,0.8486087918281555,164.61614990234375,8.573758125305176,0.33543702960014343,0.045867227017879486
True,False,False,False,480,19.19999885559082,0.29231157898902893,19.67926788330078,0.8486087918281555,164.61614990234375,8.573758125305176,0.33543702960014343,0.045867227017879486
True,False,False,False,480,19.19999885559082,0.29231157898902893,19.67926788330078,0.8486087918281555,164.61614990234375,8.573758125305176,0.33543702960014343,0.045867227017879486
True,False,False,False,480,19.19999885559082,0.2922601103782654,19.679357528686523,0.8486049771308899,164.61618041992188,8.573760032653809,0.33549806475639343,0.04586730897426605
True,False,False,False,480,19.19999885559082,0.2922601103782654,19.679357528686523,0.8486049771308899,164.61618041992188,8.573760032653809,0.33549806475639343,0.04586730897426605
True,False,False,False,480,19.19999885559082,0.2922404706478119,19.67932891845703,0.8486062288284302,164.61618041992188,8.573760032653809,0.33542177081108093,0.045867327600717545
True,False,False,False,480,19.19999885559082,0.2922404706478119,19.67932891845703,0.8486062288284302,164.61618041992188,8.573760032653809,0.33542177081108093,0.045867327600717545
True,False,False,False,480,19.19999885559082,0.29221126437187195,19.679344177246094,0.8486055731773376,164.61618041992188,8.573760032653809,0.33548662066459656,0.04586727172136307
True,False,False,False,480,19.19999885559082,0.29221126437187195,19.679344177246094,0.8486055731773376,164.61618041992188,8.573760032653809,0.33548662066459656,0.04586727172136307
True,False,False,False,480,19.19999885559082,0.2922404706478119,19.67932891845703,0.8486062288284302,164.61618041992188,8.573760032653809,0.33542177081108093,0.045867327600717545
True,False,False,False,480,19.19999885559082,0.2922404706478119,19.67932891845703,0.8486062288284302,164.61618041992188,8.573760032653809,0.33542177081108093,0.045867327600717545
True,False,False,False,480,19.19999885559082,0.2922601103782654,19.679357528686523,0.8486049771308899,164.61618041992188,8.573760032653809,0.33549806475639343,0.04586730897426605
True,False,False,False,480,19.19999885559082,0.2922601103782654,19.679357528686523,0.8486049771308899,164.61618041992188,8.573760032653809,0.33549806475639343,0.04586730897426605
True,False,False,False,480,19.19999885559082,0.29231157898902893,19.67926788330078,0.8486087918281555,164.61614990234375,8.573758125305176,0.33543702960014343,0.045867227017879486
True,False,False,False,480,19.19999885559082,0.29231157898902893,19.67926788330078,0.8486087918281555,164.61614990234375,8.573758125305176,0.33543702960014343,0.045867227017879486
True,False,False,False,480,19.19999885559082,0.29231157898902893,19.67926788330078,0.8486087918281555,164.61614990234375,8.573758125305176,0.33543702960014343,0.045867227017879486
True,False,False,False,480,19.19999885559082,0.29231157898902893,19.67926788330078,0.8486087918281555,164.61614990234375,8.573758125305176,0.33543702960014343,0.045867227017879486
True,False,False,False,480,19.19999885559082,0.29231157898902893,19.67926788330078,0.8486087918281555,164.61614990234375,8.573758125305176,0.33543702960014343,0.045867227017879486
True,False,False,False,480,19.19999885559082,0.29231157898902893,19.67926788330078,0.8486087918281555,164.61614990234375,8.573758125305176,0.33543702960014343,0.045867227017879486
True,False,False,False,480,19.19999885559082,0.29231157898902893,19.67926788330078,0.8486087918281555,164.61614990234375,8.573758125305176,0.33543702960014343,0.045867227017879486
True,False,False,False,480,19.19999885559082,0.29231157898902893,19.67926788330078,0.8486087918281555,164.61614990234375,8.573758125305176,0.33543702960014343,0.045867227017879486
True,False,False,False,480,19.19999885559082,0.29231157898902893,19.67926788330078,0.8486087918281555,164.61614990234375,8.573758125305176,0.33543702960014343,0.045867227017879486
True,False,False,False,480,19.19999885559082,0.29231157898902893,19.67926788330078,0.8486087918281555,164.61614990234375,8.573758125305176,0.33543702960014343,0.045867227017879486
True,False,False,False,480,19.19999885559082,0.2922601103782654,19.679357528686523,0.8486049771308899,164.61618041992188,8.573760032653809,0.33549806475639343,0.04586730897426605
True,False,False,False,480,19.19999885559082,0.2922601103782654,19.679357528686523,0.8486049771308899,164.61618041992188,8.573760032653809,0.33549806475639343,0.04586730897426605
True,False,False,False,480,19.19999885559082,0.2922404706478119,19.67932891845703,0.8486062288284302,164.61618041992188,8.573760032653809,0.33542177081108093,0.045867327600717545
True,False,False,False,480,19.19999885559082,0.2922404706478119,19.67932891845703,0.8486062288284302,164.61618041992188,8.573760032653809,0.33542177081108093,0.045867327600717545
True,False,False,False,480,19.19999885559082,0.29221126437187195,19.679344177246094,0.8486055731773376,164.61618041992188,8.573760032653809,0.33548662066459656,0.04586727172136307
True,False,False,False,480,19.19999885559082,0.29221126437187195,19.679344177246094,0.8486055731773376,164.61618041992188,8.573760032653809,0.33548662066459656,0.04586727172136307
True,False,False,False,480,19.19999885559082,0.2922404706478119,19.67932891845703,0.8486062288284302,164.61618041992188,8.573760032653809,0.33542177081108093,0.045867327600717545
True,False,False,False,480,19.19999885559082,0.2922404706478119,19.67932891845703,0.8486062288284302,164.61618041992188,8.573760032653809,0.33542177081108093,0.045867327600717545
True,False,False,False,480,19.19999885559082,0.2922601103782654,19.679357528686523,0.8486049771308899,164.61618041992188,8.573760032653809,0.33549806475639343,0.04586730897426605
True,False,False,False,480,19.19999885559082,0.2922601103782654,19.679357528686523,0.8486049771308899,164.61618041992188,8.573760032653809,0.33549806475639343,0.04586730897426605
True,False,False,False,480,19.19999885559082,0.29231157898902893,19.67926788330078,0.8486087918281555,164.61614990234375,8.573758125305176,0.33543702960014343,0.045867227017879486
True,False,False,False,480,19.19999885559082,0.29231157898902893,19.67926788330078,0.8486087918281555,164.61614990234375,8.573758125305176,0.33543702960014343,0.045867227017879486
True,False,False,False,480,19.19999885559082,0.29231157898902893,19.67926788330078,0.8486087918281555,164.61614990234375,8.573758125305176,0.33543702960014343,0.045867227017879486
True,False,False,False,480,19.19999885559082,0.29231157898902893,19.67926788330078,0.8486087918281555,164.61614990234375,8.573758125305176,0.33543702960014343,0.045867227017879486
True,False,False,False,480,19.19999885559082,0.29231157898902893,19.67926788330078,0.8486087918281555,164.61614990234375,8.573758125305176,0.33543702960014343,0.045867227017879486
True,False,False,False,480,19.19999885559082,0.29268506169319153,19.67914581298828,0.8486140966415405,161.78785705566406,8.426451683044434,0.33543702960014343,0.04586651548743248
True,False,False,False,480,19.19999885559082,0.29268506169319153,19.67914581298828,0.8486140966415405,161.78785705566406,8.426451683044434,0.33543702960014343,0.04586651548743248
True,False,False,False,480,19.19999885559082,0.29268506169319153,19.67914581298828,0.8486140966415405,161.78785705566406,8.426451683044434,0.33543702960014343,0.04586651548743248
True,False,False,False,480,19.19999885559082,0.29268506169319153,19.67914581298828,0.8486140966415405,161.78785705566406,8.426451683044434,0.33543702960014343,0.04586651548743248
True,False,False,False,480,19.19999885559082,0.29268506169319153,19.67914581298828,0.8486140966415405,161.78785705566406,8.426451683044434,0.33543702960014343,0.04586651548743248
True,False,False,False,480,19.19999885559082,0.2926439046859741,19.679235458374023,0.8486102223396301,161.78785705566406,8.426451683044434,0.33552858233451843,0.04586658999323845
True,False,False,False,480,19.19999885559082,0.2926439046859741,19.679235458374023,0.8486102223396301,161.78785705566406,8.426451683044434,0.33552858233451843,0.04586658999323845
True,False,False,False,480,19.19999885559082,0.29259049892425537,19.67923927307129,0.8486100435256958,161.787841796875,8.426450729370117,0.33543702960014343,0.04586660489439964
True,False,False,False,480,19.19999885559082,0.29259049892425537,19.67923927307129,0.8486100435256958,161.787841796875,8.426450729370117,0.33543702960014343,0.04586660489439964
True,False,False,False,480,19.19999885559082,0.29259124398231506,19.67921257019043,0.8486112356185913,161.78785705566406,8.426451683044434,0.3355056941509247,0.04586656019091606
True,False,False,False,480,19.19999885559082,0.29259124398231506,19.67921257019043,0.8486112356185913,161.78785705566406,8.426451683044434,0.3355056941509247,0.04586656019091606
True,False,False,False,480,19.19999885559082,0.29259049892425537,19.67923927307129,0.8486100435256958,161.787841796875,8.426450729370117,0.33543702960014343,0.04586660489439964
True,False,False,False,480,19.19999885559082,0.29259049892425537,19.67923927307129,0.8486100435256958,161.787841796875,8.426450729370117,0.33543702960014343,0.04586660489439964
True,False,False,False,480,19.19999885559082,0.2926439046859741,19.679235458374023,0.8486102223396301,161.78785705566406,8.426451683044434,0.33552858233451843,0.04586658999323845
True,False,False,False,480,19.19999885559082,0.2926439046859741,19.679235458374023,0.8486102223396301,161.78785705566406,8.426451683044434,0.33552858233451843,0.04586658999323845
True,False,False,False,480,19.19999885559082,0.29268506169319153,19.67914581298828,0.8486140966415405,161.78785705566406,8.426451683044434,0.33543702960014343,0.04586651548743248
True,False,False,False,480,19.19999885559082,0.29268506169319153,19.67914581298828,0.8486140966415405,161.78785705566406,8.426451683044434,0.33543702960014343,0.04586651548743248
True,False,False,False,480,19.19999885559082,0.29268506169319153,19.67914581298828,0.8486140966415405,161.78785705566406,8.426451683044434,0.33543702960014343,0.04586651548743248
True,False,False,False,480,19.19999885559082,0.29268506169319153,19.67914581298828,0.8486140966415405,161.78785705566406,8.426451683044434,0.33543702960014343,0.04586651548743248
True,False,False,False,480,19.19999885559082,0.29268506169319153,19.67914581298828,0.8486140966415405,161.78785705566406,8.426451683044434,0.33543702960014343,0.04586651548743248
True,False,False,False,480,19.19999885559082,0.29268506169319153,19.67914581298828,0.8486140966415405,161.78785705566406,8.426451683044434,0.33543702960014343,0.04586651548743248
True,False,False,False,480,19.19999885559082,0.29268506169319153,19.67914581298828,0.8486140966415405,161.78785705566406,8.426451683044434,0.33543702960014343,0.04586651548743248
True,False,False,False,480,19.19999885559082,0.29268506169319153,19.67914581298828,0.8486140966415405,161.78785705566406,8.426451683044434,0.33543702960014343,0.04586651548743248
True,False,False,False,480,19.19999885559082,0.29268506169319153,19.67914581298828,0.8486140966415405,161.78785705566406,8.426451683044434,0.33543702960014343,0.04586651548743248
True,False,False,False,480,19.19999885559082,0.29268506169319153,19.67914581298828,0.8486140966415405,161.78785705566406,8.426451683044434,0.33543702960014343,0.04586651548743248
True,False,False,False,480,19.19999885559082,0.2926439046859741,19.679235458374023,0.8486102223396301,161.78785705566406,8.426451683044434,0.33552858233451843,0.04586658999323845
True,False,False,False,480,19.19999885559082,0.2926439046859741,19.679235458374023,0.8486102223396301,161.78785705566406,8.426451683044434,0.33552858233451843,0.04586658999323845
True,False,False,False,480,19.19999885559082,0.29259049892425537,19.67923927307129,0.8486100435256958,161.787841796875,8.426450729370117,0.33543702960014343,0.04586660489439964
True,False,False,False,480,19.19999885559082,0.29259049892425537,19.67923927307129,0.8486100435256958,161.787841796875,8.426450729370117,0.33543702960014343,0.04586660489439964
True,False,False,False,480,19.19999885559082,0.29259124398231506,19.67921257019043,0.8486112356185913,161.78785705566406,8.426451683044434,0.3355056941509247,0.04586656019091606
True,False,False,False,480,19.19999885559082,0.29259124398231506,19.67921257019043,0.8486112356185913,161.78785705566406,8.426451683044434,0.3355056941509247,0.04586656019091606
True,False,False,False,480,19.19999885559082,0.29259049892425537,19.67923927307129,0.8486100435256958,161.787841796875,8.426450729370117,0.33543702960014343,0.04586660489439964
True,False,False,False,480,19.19999885559082,0.29259049892425537,19.67923927307129,0.8486100435256958,161.787841796875,8.426450729370117,0.33543702960014343,0.04586660489439964
True,False,False,False,480,19.19999885559082,0.2926439046859741,19.679235458374023,0.8486102223396301,161.78785705566406,8.426451683044434,0.33552858233451843,0.04586658999323845
True,False,False,False,480,19.19999885559082,0.2926439046859741,19.679235458374023,0.8486102223396301,161.78785705566406,8.426451683044434,0.33552858233451843,0.04586658999323845
True,False,False,False,480,19.19999885559082,0.29268506169319153,19.67914581298828,0.8486140966415405,161.78785705566406,8.426451683044434,0.33543702960014343,0.04586651548743248
True,False,False,False,480,19.19999885559082,0.29268506169319153,19.67914581298828,0.8486140966415405,161.78785705566406,8.426451683044434,0.33543702960014343,0.04586651548743248
True,False,False,False,480,19.19999885559082,0.29268506169319153,19.67914581298828,0.8486140966415405,161.78785705566406,8.426451683044434,0.33543702960014343,0.04586651548743248
True,False,False,False,480,19.19999885559082,0.29268506169319153,19.67914581298828,0.8486140966415405,161.78785705566406,8.426451683044434,0.33543702960014343,0.04586651548743248
True,False,False,False,480,19.19999885559082,0.29268506169319153,19.67914581298828,0.8486140966415405,161.78785705566406,8.426451683044434,0.33543702960014343,0.04586651548743248
True,False,False,False,480,19.19999885559082,0.2925270199775696,19.67923927307129,0.8486100435256958,161.78790283203125,8.426453590393066,0.33543702960014343,0.04586663842201233
True,False,False,False,480,19.19999885559082,0.2925270199775696,19.67923927307129,0.8486100435256958,161.78790283203125,8.426453590393066,0.33543702960014343,0.04586663842201233
True,False,False,False,480,19.19999885559082,0.2925270199775696,19.67923927307129,0.8486100435256958,161.78790283203125,8.426453590393066,0.33543702960014343,0.04586663842201233
True,False,False,False,480,19.19999885559082,0.2925270199775696,19.67923927307129,0.8486100435256958,161.78790283203125,8.426453590393066,0.33543702960014343,0.04586663842201233
True,False,False,False,480,19.19999885559082,0.2925270199775696,19.67923927307129,0.8486100435256958,161.78790283203125,8.426453590393066,0.33543702960014343,0.04586663842201233
True,False,False,False,480,19.19999885559082,0.2924858629703522,19.67932891845703,0.8486062288284302,161.7878875732422,8.42645263671875,0.33552858233451843,0.045866709202528
True,False,False,False,480,19.19999885559082,0.2924858629703522,19.67932891845703,0.8486062288284302,161.7878875732422,8.42645263671875,0.33552858233451843,0.045866709202528
True,False,False,False,480,19.19999885559082,0.29243242740631104,19.67933464050293,0.8486059308052063,161.7878875732422,8.42645263671875,0.33543702960014343,0.04586675018072128
True,False,False,False,480,19.19999885559082,0.29243242740631104,19.67933464050293,0.8486059308052063,161.7878875732422,8.42645263671875,0.33543702960014343,0.04586675018072128
True,False,False,False,480,19.19999885559082,0.29243192076683044,19.679304122924805,0.8486072421073914,161.7878875732422,8.42645263671875,0.33550187945365906,0.045866675674915314
True,False,False,False,480,19.19999885559082,0.29243192076683044,19.679304122924805,0.8486072421073914,161.7878875732422,8.42645263671875,0.33550187945365906,0.045866675674915314
True,False,False,False,480,19.19999885559082,0.29243242740631104,19.67933464050293,0.8486059308052063,161.7878875732422,8.42645263671875,0.33543702960014343,0.04586675018072128
True,False,False,False,480,19.19999885559082,0.29243242740631104,19.67933464050293,0.8486059308052063,161.7878875732422,8.42645263671875,0.33543702960014343,0.04586675018072128
True,False,False,False,480,19.19999885559082,0.2924858629703522,19.67932891845703,0.8486062288284302,161.7878875732422,8.42645263671875,0.33552858233451843,0.045866709202528
True,False,False,False,480,19.19999885559082,0.2924858629703522,19.67932891845703,0.8486062288284302,161.7878875732422,8.42645263671875,0.33552858233451843,0.045866709202528
True,False,False,False,480,19.19999885559082,0.2925270199775696,19.67923927307129,0.8486100435256958,161.78790283203125,8.426453590393066,0.33543702960014343,0.04586663842201233
True,False,False,False,480,19.19999885559082,0.2925270199775696,19.67923927307129,0.8486100435256958,161.78790283203125,8.426453590393066,0.33543702960014343,0.04586663842201233
True,False,False,False,480,19.19999885559082,0.2925270199775696,19.67923927307129,0.8486100435256958,161.78790283203125,8.426453590393066,0.33543702960014343,0.04586663842201233
True,False,False,False,480,19.19999885559082,0.2925270199775696,19.67923927307129,0.8486100435256958,161.78790283203125,8.426453590393066,0.33543702960014343,0.04586663842201233
True,False,False,False,480,19.19999885559082,0.2925270199775696,19.67923927307129,0.8486100435256958,161.78790283203125,8.426453590393066,0.33543702960014343,0.04586663842201233
True,False,False,False,480,19.19999885559082,0.2924911081790924,19.679262161254883,0.8486090898513794,161.78790283203125,8.426453590393066,0.33543702960014343,0.04586661607027054
True,False,False,False,480,19.19999885559082,0.2924911081790924,19.679262161254883,0.8486090898513794,161.78790283203125,8.426453590393066,0.33543702960014343,0.04586661607027054
True,False,False,False,480,19.19999885559082,0.2924911081790924,19.679262161254883,0.8486090898513794,161.78790283203125,8.426453590393066,0.33543702960014343,0.04586661607027054
True,False,False,False,480,19.19999885559082,0.2924911081790924,19.679262161254883,0.8486090898513794,161.78790283203125,8.426453590393066,0.33543702960014343,0.04586661607027054
True,False,False,False,480,19.19999885559082,0.2924911081790924,19.679262161254883,0.8486090898513794,161.78790283203125,8.426453590393066,0.33543702960014343,0.04586661607027054
True,False,False,False,480,19.19999885559082,0.292449951171875,19.67934226989746,0.8486056327819824,161.7879180908203,8.426454544067383,0.33552858233451843,0.045866698026657104
True,False,False,False,480,19.19999885559082,0.292449951171875,19.67934226989746,0.8486056327819824,161.7879180908203,8.426454544067383,0.33552858233451843,0.045866698026657104
True,False,False,False,480,19.19999885559082,0.29235339164733887,19.679397583007812,0.8486033082008362,161.7878875732422,8.42645263671875,0.33543702960014343,0.0458667129278183
True,False,False,False,480,19.19999885559082,0.29235339164733887,19.679397583007812,0.8486033082008362,161.7878875732422,8.42645263671875,0.33543702960014343,0.0458667129278183
True,False,False,False,480,19.19999885559082,0.29239600896835327,19.679319381713867,0.8486066460609436,161.78790283203125,8.426453590393066,0.33550187945365906,0.045866671949625015
True,False,False,False,480,19.19999885559082,0.29239600896835327,19.679319381713867,0.8486066460609436,161.78790283203125,8.426453590393066,0.33550187945365906,0.045866671949625015
True,False,False,False,480,19.19999885559082,0.29235339164733887,19.679397583007812,0.8486033082008362,161.7878875732422,8.42645263671875,0.33543702960014343,0.0458667129278183
True,False,False,False,480,19.19999885559082,0.29235339164733887,19.679397583007812,0.8486033082008362,161.7878875732422,8.42645263671875,0.33543702960014343,0.0458667129278183
True,False,False,False,480,19.19999885559082,0.292449951171875,19.67934226989746,0.8486056327819824,161.7879180908203,8.426454544067383,0.33552858233451843,0.045866698026657104
True,False,False,False,480,19.19999885559082,0.292449951171875,19.67934226989746,0.8486056327819824,161.7879180908203,8.426454544067383,0.33552858233451843,0.045866698026657104
True,False,False,False,480,19.19999885559082,0.2924911081790924,19.679262161254883,0.8486090898513794,161.78790283203125,8.426453590393066,0.33543702960014343,0.04586661607027054
True,False,False,False,480,19.19999885559082,0.2924911081790924,19.679262161254883,0.8486090898513794,161.78790283203125,8.426453590393066,0.33543702960014343,0.04586661607027054
True,False,False,False,480,19.19999885559082,0.2924911081790924,19.679262161254883,0.8486090898513794,161.78790283203125,8.426453590393066,0.33543702960014343,0.04586661607027054
True,False,False,False,480,19.19999885559082,0.2924911081790924,19.679262161254883,0.8486090898513794,161.78790283203125,8.426453590393066,0.33543702960014343,0.04586661607027054
True,False,False,False,480,19.19999885559082,0.2924911081790924,19.679262161254883,0.8486090898513794,161.78790283203125,8.426453590393066,0.33543702960014343,0.04586661607027054
True,False,False,False,480,19.19999885559082,0.2927030026912689,19.679058074951172,0.8486179113388062,161.7878875732422,8.42645263671875,0.33543702960014343,0.04586655646562576
True,False,False,False,480,19.19999885559082,0.2927030026912689,19.679058074951172,0.8486179113388062,161.7878875732422,8.42645263671875,0.33543702960014343,0.04586655646562576
True,False,False,False,480,19.19999885559082,0.2927030026912689,19.679058074951172,0.8486179113388062,161.7878875732422,8.42645263671875,0.33543702960014343,0.04586655646562576
True,False,False,False,480,19.19999885559082,0.2927030026912689,19.679058074951172,0.8486179113388062,161.7878875732422,8.42645263671875,0.33543702960014343,0.04586655646562576
True,False,False,False,480,19.19999885559082,0.2927030026912689,19.679058074951172,0.8486179113388062,161.7878875732422,8.42645263671875,0.33543702960014343,0.04586655646562576
True,False,False,False,480,19.19999885559082,0.2926618754863739,19.679155349731445,0.8486136794090271,161.7878875732422,8.42645263671875,0.33552858233451843,0.04586661607027054
True,False,False,False,480,19.19999885559082,0.2926618754863739,19.679155349731445,0.8486136794090271,161.7878875732422,8.42645263671875,0.33552858233451843,0.04586661607027054
True,False,False,False,480,19.19999885559082,0.292579710483551,19.679183959960938,0.8486124873161316,161.78787231445312,8.42645263671875,0.33543702960014343,0.04586663469672203
True,False,False,False,480,19.19999885559082,0.292579710483551,19.679183959960938,0.8486124873161316,161.78787231445312,8.42645263671875,0.33543702960014343,0.04586663469672203
True,False,False,False,480,19.19999885559082,0.29260796308517456,19.679122924804688,0.8486151099205017,161.7878875732422,8.42645263671875,0.33550187945365906,0.04586658626794815
True,False,False,False,480,19.19999885559082,0.29260796308517456,19.679122924804688,0.8486151099205017,161.7878875732422,8.42645263671875,0.33550187945365906,0.04586658626794815
True,False,False,False,480,19.19999885559082,0.292579710483551,19.679183959960938,0.8486124873161316,161.78787231445312,8.42645263671875,0.33543702960014343,0.04586663469672203
True,False,False,False,480,19.19999885559082,0.292579710483551,19.679183959960938,0.8486124873161316,161.78787231445312,8.42645263671875,0.33543702960014343,0.04586663469672203
True,False,False,False,480,19.19999885559082,0.2926618754863739,19.679155349731445,0.8486136794090271,161.7878875732422,8.42645263671875,0.33552858233451843,0.04586661607027054
True,False,False,False,480,19.19999885559082,0.2926618754863739,19.679155349731445,0.8486136794090271,161.7878875732422,8.42645263671875,0.33552858233451843,0.04586661607027054
True,False,False,False,480,19.19999885559082,0.2927030026912689,19.679058074951172,0.8486179113388062,161.7878875732422,8.42645263671875,0.33543702960014343,0.04586655646562576
True,False,False,False,480,19.19999885559082,0.2927030026912689,19.679058074951172,0.8486179113388062,161.7878875732422,8.42645263671875,0.33543702960014343,0.04586655646562576
True,False,False,False,480,19.19999885559082,0.2927030026912689,19.679058074951172,0.8486179113388062,161.7878875732422,8.42645263671875,0.33543702960014343,0.04586655646562576
True,False,False,False,480,19.19999885559082,0.2927030026912689,19.679058074951172,0.8486179113388062,161.7878875732422,8.42645263671875,0.33543702960014343,0.04586655646562576
True,False,False,False,480,19.19999885559082,0.2927030026912689,19.679058074951172,0.8486179113388062,161.7878875732422,8.42645263671875,0.33543702960014343,0.04586655646562576
True,False,False,False,480,19.19999885559082,0.2927021086215973,19.67905616760254,0.8486179709434509,161.78787231445312,8.42645263671875,0.33543702960014343,0.04586656019091606
True,False,False,False,480,19.19999885559082,0.2927021086215973,19.67905616760254,0.8486179709434509,161.78787231445312,8.42645263671875,0.33543702960014343,0.04586656019091606
True,False,False,False,480,19.19999885559082,0.2927021086215973,19.67905616760254,0.8486179709434509,161.78787231445312,8.42645263671875,0.33543702960014343,0.04586656019091606
True,False,False,False,480,19.19999885559082,0.2927021086215973,19.67905616760254,0.8486179709434509,161.78787231445312,8.42645263671875,0.33543702960014343,0.04586656019091606
True,False,False,False,480,19.19999885559082,0.2927021086215973,19.67905616760254,0.8486179709434509,161.78787231445312,8.42645263671875,0.33543702960014343,0.04586656019091606
True,False,False,False,480,19.19999885559082,0.29266098141670227,19.679155349731445,0.8486136794090271,161.7878875732422,8.42645263671875,0.33552858233451843,0.04586661979556084
True,False,False,False,480,19.19999885559082,0.29266098141670227,19.679155349731445,0.8486136794090271,161.7878875732422,8.42645263671875,0.33552858233451843,0.04586661979556084
True,False,False,False,480,19.19999885559082,0.2925788462162018,19.679187774658203,0.8486123085021973,161.78787231445312,8.42645263671875,0.33543702960014343,0.04586663842201233
True,False,False,False,480,19.19999885559082,0.2925788462162018,19.679187774658203,0.8486123085021973,161.78787231445312,8.42645263671875,0.33543702960014343,0.04586663842201233
True,False,False,False,480,19.19999885559082,0.29260703921318054,19.67913055419922,0.8486148118972778,161.7878875732422,8.42645263671875,0.33550187945365906,0.04586658626794815
True,False,False,False,480,19.19999885559082,0.29260703921318054,19.67913055419922,0.8486148118972778,161.7878875732422,8.42645263671875,0.33550187945365906,0.04586658626794815
True,False,False,False,480,19.19999885559082,0.2925788462162018,19.679187774658203,0.8486123085021973,161.78787231445312,8.42645263671875,0.33543702960014343,0.04586663842201233
True,False,False,False,480,19.19999885559082,0.2925788462162018,19.679187774658203,0.8486123085021973,161.78787231445312,8.42645263671875,0.33543702960014343,0.04586663842201233
True,False,False,False,480,19.19999885559082,0.29266098141670227,19.679155349731445,0.8486136794090271,161.7878875732422,8.42645263671875,0.33552858233451843,0.04586661979556084
True,False,False,False,480,19.19999885559082,0.29266098141670227,19.679155349731445,0.8486136794090271,161.7878875732422,8.42645263671875,0.33552858233451843,0.04586661979556084
True,False,False,False,480,19.19999885559082,0.2927021086215973,19.67905616760254,0.8486179709434509,161.78787231445312,8.42645263671875,0.33543702960014343,0.04586656019091606
True,False,False,False,480,19.19999885559082,0.2927021086215973,19.67905616760254,0.8486179709434509,161.78787231445312,8.42645263671875,0.33543702960014343,0.04586656019091606
True,False,False,False,480,19.19999885559082,0.2927021086215973,19.67905616760254,0.8486179709434509,161.78787231445312,8.42645263671875,0.33543702960014343,0.04586656019091606
True,False,False,False,480,19.19999885559082,0.2927021086215973,19.67905616760254,0.8486179709434509,161.78787231445312,8.42645263671875,0.33543702960014343,0.04586656019091606
True,False,False,False,480,19.19999885559082,0.2927021086215973,19.67905616760254,0.8486179709434509,161.78787231445312,8.42645263671875,0.33543702960014343,0.04586656019091606
True,False,False,False,480,19.19999885559082,0.2925485670566559,19.67919921875,0.8486118316650391,161.78790283203125,8.426453590393066,0.33543702960014343,0.04586661979556084
True,False,False,False,480,19.19999885559082,0.2925485670566559,19.67919921875,0.8486118316650391,161.78790283203125,8.426453590393066,0.33543702960014343,0.04586661979556084
True,False,False,False,480,19.19999885559082,0.2925485670566559,19.67919921875,0.8486118316650391,161.78790283203125,8.426453590393066,0.33543702960014343,0.04586661979556084
True,False,False,False,480,19.19999885559082,0.2925485670566559,19.67919921875,0.8486118316650391,161.78790283203125,8.426453590393066,0.33543702960014343,0.04586661979556084
True,False,False,False,480,19.19999885559082,0.2925485670566559,19.67919921875,0.8486118316650391,161.78790283203125,8.426453590393066,0.33543702960014343,0.04586661979556084
True,False,False,False,480,19.19999885559082,0.2925074100494385,19.679279327392578,0.8486083745956421,161.78790283203125,8.426453590393066,0.33552858233451843,0.0458667017519474
True,False,False,False,480,19.19999885559082,0.2925074100494385,19.679279327392578,0.8486083745956421,161.78790283203125,8.426453590393066,0.33552858233451843,0.0458667017519474
True,False,False,False,480,19.19999885559082,0.29241088032722473,19.679330825805664,0.8486061692237854,161.7878875732422,8.42645263671875,0.33543702960014343,0.0458667129278183
True,False,False,False,480,19.19999885559082,0.29241088032722473,19.679330825805664,0.8486061692237854,161.7878875732422,8.42645263671875,0.33543702960014343,0.0458667129278183
True,False,False,False,480,19.19999885559082,0.29245346784591675,19.67925262451172,0.8486095070838928,161.78790283203125,8.426453590393066,0.33550187945365906,0.045866675674915314
True,False,False,False,480,19.19999885559082,0.29245346784591675,19.67925262451172,0.8486095070838928,161.78790283203125,8.426453590393066,0.33550187945365906,0.045866675674915314
True,False,False,False,480,19.19999885559082,0.29241088032722473,19.679330825805664,0.8486061692237854,161.7878875732422,8.42645263671875,0.33543702960014343,0.0458667129278183
True,False,False,False,480,19.19999885559082,0.29241088032722473,19.679330825805664,0.8486061692237854,161.7878875732422,8.42645263671875,0.33543702960014343,0.0458667129278183
True,False,False,False,480,19.19999885559082,0.2925074100494385,19.679279327392578,0.8486083745956421,161.78790283203125,8.426453590393066,0.33552858233451843,0.0458667017519474
True,False,False,False,480,19.19999885559082,0.2925074100494385,19.679279327392578,0.8486083745956421,161.78790283203125,8.426453590393066,0.33552858233451843,0.0458667017519474
True,False,False,False,480,19.19999885559082,0.2925485670566559,19.67919921875,0.8486118316650391,161.78790283203125,8.426453590393066,0.33543702960014343,0.04586661979556084
True,False,False,False,480,19.19999885559082,0.2925485670566559,19.67919921875,0.8486118316650391,161.78790283203125,8.426453590393066,0.33543702960014343,0.04586661979556084
True,False,False,False,480,19.19999885559082,0.2925485670566559,19.67919921875,0.8486118316650391,161.78790283203125,8.426453590393066,0.33543702960014343,0.04586661979556084
True,False,False,False,480,19.19999885559082,0.2925485670566559,19.67919921875,0.8486118316650391,161.78790283203125,8.426453590393066,0.33543702960014343,0.04586661979556084
True,False,False,False,480,19.19999885559082,0.2925485670566559,19.67919921875,0.8486118316650391,161.78790283203125,8.426453590393066,0.33543702960014343,0.04586661979556084
True,False,False,False,480,19.19999885559082,0.2926599085330963,19.67916488647461,0.8486133217811584,161.78787231445312,8.42645263671875,0.33543702960014343,0.04586649313569069
True,False,False,False,480,19.19999885559082,0.2926599085330963,19.67916488647461,0.8486133217811584,161.78787231445312,8.42645263671875,0.33543702960014343,0.04586649313569069
True,False,False,False,480,19.19999885559082,0.2926599085330963,19.67916488647461,0.8486133217811584,161.78787231445312,8.42645263671875,0.33543702960014343,0.04586649313569069
True,False,False,False,480,19.19999885559082,0.2926599085330963,19.67916488647461,0.8486133217811584,161.78787231445312,8.42645263671875,0.33543702960014343,0.04586649313569069
True,False,False,False,480,19.19999885559082,0.2926599085330963,19.67916488647461,0.8486133217811584,161.78787231445312,8.42645263671875,0.33543702960014343,0.04586649313569069
True,False,False,False,480,19.19999885559082,0.2926187515258789,19.679244995117188,0.8486098051071167,161.78787231445312,8.42645263671875,0.33552858233451843,0.04586656391620636
True,False,False,False,480,19.19999885559082,0.2926187515258789,19.679244995117188,0.8486098051071167,161.78787231445312,8.42645263671875,0.33552858233451843,0.04586656391620636
True,False,False,False,480,19.19999885559082,0.29252225160598755,19.679298400878906,0.8486074805259705,161.78785705566406,8.426451683044434,0.33543702960014343,0.045866575092077255
True,False,False,False,480,19.19999885559082,0.29252225160598755,19.679298400878906,0.8486074805259705,161.78785705566406,8.426451683044434,0.33543702960014343,0.045866575092077255
True,False,False,False,480,19.19999885559082,0.29256612062454224,19.67922019958496,0.8486109375953674,161.78787231445312,8.42645263671875,0.3355056941509247,0.04586654156446457
True,False,False,False,480,19.19999885559082,0.29256612062454224,19.67922019958496,0.8486109375953674,161.78787231445312,8.42645263671875,0.3355056941509247,0.04586654156446457
True,False,False,False,480,19.19999885559082,0.29252225160598755,19.679298400878906,0.8486074805259705,161.78785705566406,8.426451683044434,0.33543702960014343,0.045866575092077255
True,False,False,False,480,19.19999885559082,0.29252225160598755,19.679298400878906,0.8486074805259705,161.78785705566406,8.426451683044434,0.33543702960014343,0.045866575092077255
True,False,False,False,480,19.19999885559082,0.2926187515258789,19.679244995117188,0.8486098051071167,161.78787231445312,8.42645263671875,0.33552858233451843,0.04586656391620636
True,False,False,False,480,19.19999885559082,0.2926187515258789,19.679244995117188,0.8486098051071167,161.78787231445312,8.42645263671875,0.33552858233451843,0.04586656391620636
True,False,False,False,480,19.19999885559082,0.2926599085330963,19.67916488647461,0.8486133217811584,161.78787231445312,8.42645263671875,0.33543702960014343,0.04586649313569069
True,False,False,False,480,19.19999885559082,0.2926599085330963,19.67916488647461,0.8486133217811584,161.78787231445312,8.42645263671875,0.33543702960014343,0.04586649313569069
True,False,False,False,480,19.19999885559082,0.2926599085330963,19.67916488647461,0.8486133217811584,161.78787231445312,8.42645263671875,0.33543702960014343,0.04586649313569069
True,False,False,False,480,19.19999885559082,0.2926599085330963,19.67916488647461,0.8486133217811584,161.78787231445312,8.42645263671875,0.33543702960014343,0.04586649313569069
True,False,False,False,480,19.19999885559082,0.2926599085330963,19.67916488647461,0.8486133217811584,161.78787231445312,8.42645263671875,0.33543702960014343,0.04586649313569069
True,False,False,False,480,19.19999885559082,0.29268506169319153,19.67914581298828,0.8486140966415405,161.78785705566406,8.426451683044434,0.33543702960014343,0.04586651548743248
True,False,False,False,480,19.19999885559082,0.29268506169319153,19.67914581298828,0.8486140966415405,161.78785705566406,8.426451683044434,0.33543702960014343,0.04586651548743248
True,False,False,False,480,19.19999885559082,0.29268506169319153,19.67914581298828,0.8486140966415405,161.78785705566406,8.426451683044434,0.33543702960014343,0.04586651548743248
True,False,False,False,480,19.19999885559082,0.29268506169319153,19.67914581298828,0.8486140966415405,161.78785705566406,8.426451683044434,0.33543702960014343,0.04586651548743248
True,False,False,False,480,19.19999885559082,0.29268506169319153,19.67914581298828,0.8486140966415405,161.78785705566406,8.426451683044434,0.33543702960014343,0.04586651548743248
True,False,False,False,480,19.19999885559082,0.2926439046859741,19.679235458374023,0.8486102223396301,161.78785705566406,8.426451683044434,0.33552858233451843,0.04586658999323845
True,False,False,False,480,19.19999885559082,0.2926439046859741,19.679235458374023,0.8486102223396301,161.78785705566406,8.426451683044434,0.33552858233451843,0.04586658999323845
True,False,False,False,480,19.19999885559082,0.29259049892425537,19.67923927307129,0.8486100435256958,161.787841796875,8.426450729370117,0.33543702960014343,0.04586660489439964
True,False,False,False,480,19.19999885559082,0.29259049892425537,19.67923927307129,0.8486100435256958,161.787841796875,8.426450729370117,0.33543702960014343,0.04586660489439964
True,False,False,False,480,19.19999885559082,0.29259124398231506,19.67921257019043,0.8486112356185913,161.78785705566406,8.426451683044434,0.3355056941509247,0.04586656019091606
True,False,False,False,480,19.19999885559082,0.29259124398231506,19.67921257019043,0.8486112356185913,161.78785705566406,8.426451683044434,0.3355056941509247,0.04586656019091606
True,False,False,False,480,19.19999885559082,0.29259049892425537,19.67923927307129,0.8486100435256958,161.787841796875,8.426450729370117,0.33543702960014343,0.04586660489439964
True,False,False,False,480,19.19999885559082,0.29259049892425537,19.67923927307129,0.8486100435256958,161.787841796875,8.426450729370117,0.33543702960014343,0.04586660489439964
True,False,False,False,480,19.19999885559082,0.2926439046859741,19.679235458374023,0.8486102223396301,161.78785705566406,8.426451683044434,0.33552858233451843,0.04586658999323845
True,False,False,False,480,19.19999885559082,0.2926439046859741,19.679235458374023,0.8486102223396301,161.78785705566406,8.426451683044434,0.33552858233451843,0.04586658999323845
True,False,False,False,480,19.19999885559082,0.29268506169319153,19.67914581298828,0.8486140966415405,161.78785705566406,8.426451683044434,0.33543702960014343,0.04586651548743248
True,False,False,False,480,19.19999885559082,0.29268506169319153,19.67914581298828,0.8486140966415405,161.78785705566406,8.426451683044434,0.33543702960014343,0.04586651548743248
True,False,False,False,480,19.19999885559082,0.29268506169319153,19.67914581298828,0.8486140966415405,161.78785705566406,8.426451683044434,0.33543702960014343,0.04586651548743248
True,False,False,False,480,19.19999885559082,0.29268506169319153,19.67914581298828,0.8486140966415405,161.78785705566406,8.426451683044434,0.33543702960014343,0.04586651548743248
True,False,False,False,480,19.19999885559082,0.29268506169319153,19.67914581298828,0.8486140966415405,161.78785705566406,8.426451683044434,0.33543702960014343,0.04586651548743248
True,False,False,False,480,19.19999885559082,0.29268506169319153,19.67914581298828,0.8486140966415405,161.78785705566406,8.426451683044434,0.33543702960014343,0.04586651548743248
True,False,False,False,480,19.19999885559082,0.29268506169319153,19.67914581298828,0.8486140966415405,161.78785705566406,8.426451683044434,0.33543702960014343,0.04586651548743248
True,False,False,False,480,19.19999885559082,0.29268506169319153,19.67914581298828,0.8486140966415405,161.78785705566406,8.426451683044434,0.33543702960014343,0.04586651548743248
True,False,False,False,480,19.19999885559082,0.29268506169319153,19.67914581298828,0.8486140966415405,161.78785705566406,8.426451683044434,0.33543702960014343,0.04586651548743248
True,False,False,False,480,19.19999885559082,0.29268506169319153,19.67914581298828,0.8486140966415405,161.78785705566406,8.426451683044434,0.33543702960014343,0.04586651548743248
True,False,False,False,480,19.19999885559082,0.2926439046859741,19.679235458374023,0.8486102223396301,161.78785705566406,8.426451683044434,0.33552858233451843,0.04586658999323845
True,False,False,False,480,19.19999885559082,0.2926439046859741,19.679235458374023,0.8486102223396301,161.78785705566406,8.426451683044434,0.33552858233451843,0.04586658999323845
True,False,False,False,480,19.19999885559082,0.29259049892425537,19.67923927307129,0.8486100435256958,161.787841796875,8.426450729370117,0.33543702960014343,0.04586660489439964
True,False,False,False,480,19.19999885559082,0.29259049892425537,19.67923927307129,0.8486100435256958,161.787841796875,8.426450729370117,0.33543702960014343,0.04586660489439964
True,False,False,False,480,19.19999885559082,0.29259124398231506,19.67921257019043,0.8486112356185913,161.78785705566406,8.426451683044434,0.3355056941509247,0.04586656019091606
True,False,False,False,480,19.19999885559082,0.29259124398231506,19.67921257019043,0.8486112356185913,161.78785705566406,8.426451683044434,0.3355056941509247,0.04586656019091606
True,False,False,False,480,19.19999885559082,0.29259049892425537,19.67923927307129,0.8486100435256958,161.787841796875,8.426450729370117,0.33543702960014343,0.04586660489439964
True,False,False,False,480,19.19999885559082,0.29259049892425537,19.67923927307129,0.8486100435256958,161.787841796875,8.426450729370117,0.33543702960014343,0.04586660489439964
True,False,False,False,480,19.19999885559082,0.2926439046859741,19.679235458374023,0.8486102223396301,161.78785705566406,8.426451683044434,0.33552858233451843,0.04586658999323845
True,False,False,False,480,19.19999885559082,0.2926439046859741,19.679235458374023,0.8486102223396301,161.78785705566406,8.426451683044434,0.33552858233451843,0.04586658999323845
True,False,False,False,480,19.19999885559082,0.29268506169319153,19.67914581298828,0.8486140966415405,161.78785705566406,8.426451683044434,0.33543702960014343,0.04586651548743248
True,False,False,False,480,19.19999885559082,0.29268506169319153,19.67914581298828,0.8486140966415405,161.78785705566406,8.426451683044434,0.33543702960014343,0.04586651548743248
True,False,False,False,480,19.19999885559082,0.29268506169319153,19.67914581298828,0.8486140966415405,161.78785705566406,8.426451683044434,0.33543702960014343,0.04586651548743248
True,False,False,False,480,19.19999885559082,0.29268506169319153,19.67914581298828,0.8486140966415405,161.78785705566406,8.426451683044434,0.33543702960014343,0.04586651548743248
True,False,False,False,480,19.19999885559082,0.29268506169319153,19.67914581298828,0.8486140966415405,161.78785705566406,8.426451683044434,0.33543702960014343,0.04586651548743248
True,False,False,False,480,19.19999885559082,0.29231157898902893,19.67926788330078,0.8486087918281555,164.61614990234375,8.573758125305176,0.33543702960014343,0.045867227017879486
True,False,False,False,480,19.19999885559082,0.29231157898902893,19.67926788330078,0.8486087918281555,164.61614990234375,8.573758125305176,0.33543702960014343,0.045867227017879486
True,False,False,False,480,19.19999885559082,0.29231157898902893,19.67926788330078,0.8486087918281555,164.61614990234375,8.573758125305176,0.33543702960014343,0.045867227017879486
True,False,False,False,480,19.19999885559082,0.29231157898902893,19.67926788330078,0.8486087918281555,164.61614990234375,8.573758125305176,0.33543702960014343,0.045867227017879486
True,False,False,False,480,19.19999885559082,0.29231157898902893,19.67926788330078,0.8486087918281555,164.61614990234375,8.573758125305176,0.33543702960014343,0.045867227017879486
True,False,False,False,480,19.19999885559082,0.2922601103782654,19.679357528686523,0.8486049771308899,164.61618041992188,8.573760032653809,0.33549806475639343,0.04586730897426605
True,False,False,False,480,19.19999885559082,0.2922601103782654,19.679357528686523,0.8486049771308899,164.61618041992188,8.573760032653809,0.33549806475639343,0.04586730897426605
True,False,False,False,480,19.19999885559082,0.2922404706478119,19.67932891845703,0.8486062288284302,164.61618041992188,8.573760032653809,0.33542177081108093,0.045867327600717545
True,False,False,False,480,19.19999885559082,0.2922404706478119,19.67932891845703,0.8486062288284302,164.61618041992188,8.573760032653809,0.33542177081108093,0.045867327600717545
True,False,False,False,480,19.19999885559082,0.29221126437187195,19.679344177246094,0.8486055731773376,164.61618041992188,8.573760032653809,0.33548662066459656,0.04586727172136307
True,False,False,False,480,19.19999885559082,0.29221126437187195,19.679344177246094,0.8486055731773376,164.61618041992188,8.573760032653809,0.33548662066459656,0.04586727172136307
True,False,False,False,480,19.19999885559082,0.2922404706478119,19.67932891845703,0.8486062288284302,164.61618041992188,8.573760032653809,0.33542177081108093,0.045867327600717545
True,False,False,False,480,19.19999885559082,0.2922404706478119,19.67932891845703,0.8486062288284302,164.61618041992188,8.573760032653809,0.33542177081108093,0.045867327600717545
True,False,False,False,480,19.19999885559082,0.2922601103782654,19.679357528686523,0.8486049771308899,164.61618041992188,8.573760032653809,0.33549806475639343,0.04586730897426605
True,False,False,False,480,19.19999885559082,0.2922601103782654,19.679357528686523,0.8486049771308899,164.61618041992188,8.573760032653809,0.33549806475639343,0.04586730897426605
True,False,False,False,480,19.19999885559082,0.29231157898902893,19.67926788330078,0.8486087918281555,164.61614990234375,8.573758125305176,0.33543702960014343,0.045867227017879486
True,False,False,False,480,19.19999885559082,0.29231157898902893,19.67926788330078,0.8486087918281555,164.61614990234375,8.573758125305176,0.33543702960014343,0.045867227017879486
True,False,False,False,480,19.19999885559082,0.29231157898902893,19.67926788330078,0.8486087918281555,164.61614990234375,8.573758125305176,0.33543702960014343,0.045867227017879486
True,False,False,False,480,19.19999885559082,0.29231157898902893,19.67926788330078,0.8486087918281555,164.61614990234375,8.573758125305176,0.33543702960014343,0.045867227017879486
True,False,False,False,480,19.19999885559082,0.29231157898902893,19.67926788330078,0.8486087918281555,164.61614990234375,8.573758125305176,0.33543702960014343,0.045867227017879486
True,False,False,False,480,19.19999885559082,0.29231157898902893,19.67926788330078,0.8486087918281555,164.61614990234375,8.573758125305176,0.33543702960014343,0.045867227017879486
True,False,False,False,480,19.19999885559082,0.29231157898902893,19.67926788330078,0.8486087918281555,164.61614990234375,8.573758125305176,0.33543702960014343,0.045867227017879486
True,False,False,False,480,19.19999885559082,0.29231157898902893,19.67926788330078,0.8486087918281555,164.61614990234375,8.573758125305176,0.33543702960014343,0.045867227017879486
True,False,False,False,480,19.19999885559082,0.29231157898902893,19.67926788330078,0.8486087918281555,164.61614990234375,8.573758125305176,0.33543702960014343,0.045867227017879486
True,False,False,False,480,19.19999885559082,0.29231157898902893,19.67926788330078,0.8486087918281555,164.61614990234375,8.573758125305176,0.33543702960014343,0.045867227017879486
True,False,False,False,480,19.19999885559082,0.2922601103782654,19.679357528686523,0.8486049771308899,164.61618041992188,8.573760032653809,0.33549806475639343,0.04586730897426605
True,False,False,False,480,19.19999885559082,0.2922601103782654,19.679357528686523,0.8486049771308899,164.61618041992188,8.573760032653809,0.33549806475639343,0.04586730897426605
True,False,False,False,480,19.19999885559082,0.2922404706478119,19.67932891845703,0.8486062288284302,164.61618041992188,8.573760032653809,0.33542177081108093,0.045867327600717545
True,False,False,False,480,19.19999885559082,0.2922404706478119,19.67932891845703,0.8486062288284302,164.61618041992188,8.573760032653809,0.33542177081108093,0.045867327600717545
True,False,False,False,480,19.19999885559082,0.29221126437187195,19.679344177246094,0.8486055731773376,164.61618041992188,8.573760032653809,0.33548662066459656,0.04586727172136307
True,False,False,False,480,19.19999885559082,0.29221126437187195,19.679344177246094,0.8486055731773376,164.61618041992188,8.573760032653809,0.33548662066459656,0.04586727172136307
True,False,False,False,480,19.19999885559082,0.2922404706478119,19.67932891845703,0.8486062288284302,164.61618041992188,8.573760032653809,0.33542177081108093,0.045867327600717545
True,False,False,False,480,19.19999885559082,0.2922404706478119,19.67932891845703,0.8486062288284302,164.61618041992188,8.573760032653809,0.33542177081108093,0.045867327600717545
True,False,False,False,480,19.19999885559082,0.2922601103782654,19.679357528686523,0.8486049771308899,164.61618041992188,8.573760032653809,0.33549806475639343,0.04586730897426605
True,False,False,False,480,19.19999885559082,0.2922601103782654,19.679357528686523,0.8486049771308899,164.61618041992188,8.573760032653809,0.33549806475639343,0.04586730897426605
True,False,False,False,480,19.19999885559082,0.29231157898902893,19.67926788330078,0.8486087918281555,164.61614990234375,8.573758125305176,0.33543702960014343,0.045867227017879486
True,False,False,False,480,19.19999885559082,0.29231157898902893,19.67926788330078,0.8486087918281555,164.61614990234375,8.573758125305176,0.33543702960014343,0.045867227017879486
True,False,False,False,480,19.19999885559082,0.29231157898902893,19.67926788330078,0.8486087918281555,164.61614990234375,8.573758125305176,0.33543702960014343,0.045867227017879486
True,False,False,False,480,19.19999885559082,0.29231157898902893,19.67926788330078,0.8486087918281555,164.61614990234375,8.573758125305176,0.33543702960014343,0.045867227017879486
True,False,False,False,480,19.19999885559082,0.29231157898902893,19.67926788330078,0.8486087918281555,164.61614990234375,8.573758125305176,0.33543702960014343,0.045867227017879486
True,False,False,False,480,19.19999885559082,0.29231157898902893,19.67926788330078,0.8486087918281555,164.61614990234375,8.573758125305176,0.33543702960014343,0.045867227017879486
True,False,False,False,480,19.19999885559082,0.29231157898902893,19.67926788330078,0.8486087918281555,164.61614990234375,8.573758125305176,0.33543702960014343,0.045867227017879486
True,False,False,False,480,19.19999885559082,0.29231157898902893,19.67926788330078,0.8486087918281555,164.61614990234375,8.573758125305176,0.33543702960014343,0.045867227017879486
True,False,False,False,480,19.19999885559082,0.29231157898902893,19.67926788330078,0.8486087918281555,164.61614990234375,8.573758125305176,0.33543702960014343,0.045867227017879486
True,False,False,False,480,19.19999885559082,0.29231157898902893,19.67926788330078,0.8486087918281555,164.61614990234375,8.573758125305176,0.33543702960014343,0.045867227017879486
True,False,False,False,480,19.19999885559082,0.2922601103782654,19.679357528686523,0.8486049771308899,164.61618041992188,8.573760032653809,0.33549806475639343,0.04586730897426605
True,False,False,False,480,19.19999885559082,0.2922601103782654,19.679357528686523,0.8486049771308899,164.61618041992188,8.573760032653809,0.33549806475639343,0.04586730897426605
True,False,False,False,480,19.19999885559082,0.2922404706478119,19.67932891845703,0.8486062288284302,164.61618041992188,8.573760032653809,0.33542177081108093,0.045867327600717545
True,False,False,False,480,19.19999885559082,0.2922404706478119,19.67932891845703,0.8486062288284302,164.61618041992188,8.573760032653809,0.33542177081108093,0.045867327600717545
True,False,False,False,480,19.19999885559082,0.29221126437187195,19.679344177246094,0.8486055731773376,164.61618041992188,8.573760032653809,0.33548662066459656,0.04586727172136307
True,False,False,False,480,19.19999885559082,0.29221126437187195,19.679344177246094,0.8486055731773376,164.61618041992188,8.573760032653809,0.33548662066459656,0.04586727172136307
True,False,False,False,480,19.19999885559082,0.2922404706478119,19.67932891845703,0.8486062288284302,164.61618041992188,8.573760032653809,0.33542177081108093,0.045867327600717545
True,False,False,False,480,19.19999885559082,0.2922404706478119,19.67932891845703,0.8486062288284302,164.61618041992188,8.573760032653809,0.33542177081108093,0.045867327600717545
True,False,False,False,480,19.19999885559082,0.2922601103782654,19.679357528686523,0.8486049771308899,164.61618041992188,8.573760032653809,0.33549806475639343,0.04586730897426605
True,False,False,False,480,19.19999885559082,0.2922601103782654,19.679357528686523,0.8486049771308899,164.61618041992188,8.573760032653809,0.33549806475639343,0.04586730897426605
True,False,False,False,480,19.19999885559082,0.29231157898902893,19.67926788330078,0.8486087918281555,164.61614990234375,8.573758125305176,0.33543702960014343,0.045867227017879486
True,False,False,False,480,19.19999885559082,0.29231157898902893,19.67926788330078,0.8486087918281555,164.61614990234375,8.573758125305176,0.33543702960014343,0.045867227017879486
True,False,False,False,480,19.19999885559082,0.29231157898902893,19.67926788330078,0.8486087918281555,164.61614990234375,8.573758125305176,0.33543702960014343,0.045867227017879486
True,False,False,False,480,19.19999885559082,0.29231157898902893,19.67926788330078,0.8486087918281555,164.61614990234375,8.573758125305176,0.33543702960014343,0.045867227017879486
True,False,False,False,480,19.19999885559082,0.29231157898902893,19.67926788330078,0.8486087918281555,164.61614990234375,8.573758125305176,0.33543702960014343,0.045867227017879486
True,False,False,False,480,19.19999885559082,0.29231157898902893,19.67926788330078,0.8486087918281555,164.61614990234375,8.573758125305176,0.33543702960014343,0.045867227017879486
True,False,False,False,480,19.19999885559082,0.29231157898902893,19.67926788330078,0.8486087918281555,164.61614990234375,8.573758125305176,0.33543702960014343,0.045867227017879486
True,False,False,False,480,19.19999885559082,0.29231157898902893,19.67926788330078,0.8486087918281555,164.61614990234375,8.573758125305176,0.33543702960014343,0.045867227017879486
True,False,False,False,480,19.19999885559082,0.29231157898902893,19.67926788330078,0.8486087918281555,164.61614990234375,8.573758125305176,0.33543702960014343,0.045867227017879486
True,False,False,False,480,19.19999885559082,0.29231157898902893,19.67926788330078,0.8486087918281555,164.61614990234375,8.573758125305176,0.33543702960014343,0.045867227017879486
True,False,False,False,480,19.19999885559082,0.2922601103782654,19.679357528686523,0.8486049771308899,164.61618041992188,8.573760032653809,0.33549806475639343,0.04586730897426605
True,False,False,False,480,19.19999885559082,0.2922601103782654,19.679357528686523,0.8486049771308899,164.61618041992188,8.573760032653809,0.33549806475639343,0.04586730897426605
True,False,False,False,480,19.19999885559082,0.2922404706478119,19.67932891845703,0.8486062288284302,164.61618041992188,8.573760032653809,0.33542177081108093,0.045867327600717545
True,False,False,False,480,19.19999885559082,0.2922404706478119,19.67932891845703,0.8486062288284302,164.61618041992188,8.573760032653809,0.33542177081108093,0.045867327600717545
True,False,False,False,480,19.19999885559082,0.29221126437187195,19.679344177246094,0.8486055731773376,164.61618041992188,8.573760032653809,0.33548662066459656,0.04586727172136307
True,False,False,False,480,19.19999885559082,0.29221126437187195,19.679344177246094,0.8486055731773376,164.61618041992188,8.573760032653809,0.33548662066459656,0.04586727172136307
True,False,False,False,480,19.19999885559082,0.2922404706478119,19.67932891845703,0.8486062288284302,164.61618041992188,8.573760032653809,0.33542177081108093,0.045867327600717545
True,False,False,False,480,19.19999885559082,0.2922404706478119,19.67932891845703,0.8486062288284302,164.61618041992188,8.573760032653809,0.33542177081108093,0.045867327600717545
True,False,False,False,480,19.19999885559082,0.2922601103782654,19.679357528686523,0.8486049771308899,164.61618041992188,8.573760032653809,0.33549806475639343,0.04586730897426605
True,False,False,False,480,19.19999885559082,0.2922601103782654,19.679357528686523,0.8486049771308899,164.61618041992188,8.573760032653809,0.33549806475639343,0.04586730897426605
True,False,False,False,480,19.19999885559082,0.29231157898902893,19.67926788330078,0.8486087918281555,164.61614990234375,8.573758125305176,0.33543702960014343,0.045867227017879486
True,False,False,False,480,19.19999885559082,0.29231157898902893,19.67926788330078,0.8486087918281555,164.61614990234375,8.573758125305176,0.33543702960014343,0.045867227017879486
True,False,False,False,480,19.19999885559082,0.29231157898902893,19.67926788330078,0.8486087918281555,164.61614990234375,8.573758125305176,0.33543702960014343,0.045867227017879486
True,False,False,False,480,19.19999885559082,0.29231157898902893,19.67926788330078,0.8486087918281555,164.61614990234375,8.573758125305176,0.33543702960014343,0.045867227017879486
True,False,False,False,480,19.19999885559082,0.29231157898902893,19.67926788330078,0.8486087918281555,164.61614990234375,8.573758125305176,0.33543702960014343,0.045867227017879486
True,False,False,False,480,19.19999885559082,0.29231157898902893,19.67926788330078,0.8486087918281555,164.61614990234375,8.573758125305176,0.33543702960014343,0.045867227017879486
True,False,False,False,480,19.19999885559082,0.29231157898902893,19.67926788330078,0.8486087918281555,164.61614990234375,8.573758125305176,0.33543702960014343,0.045867227017879486
True,False,False,False,480,19.19999885559082,0.29231157898902893,19.67926788330078,0.8486087918281555,164.61614990234375,8.573758125305176,0.33543702960014343,0.045867227017879486
True,False,False,False,480,19.19999885559082,0.29231157898902893,19.67926788330078,0.8486087918281555,164.61614990234375,8.573758125305176,0.33543702960014343,0.045867227017879486
True,False,False,False,480,19.19999885559082,0.29231157898902893,19.67926788330078,0.8486087918281555,164.61614990234375,8.573758125305176,0.33543702960014343,0.045867227017879486
True,False,False,False,480,19.19999885559082,0.2922601103782654,19.679357528686523,0.8486049771308899,164.61618041992188,8.573760032653809,0.33549806475639343,0.04586730897426605
True,False,False,False,480,19.19999885559082,0.2922601103782654,19.679357528686523,0.8486049771308899,164.61618041992188,8.573760032653809,0.33549806475639343,0.04586730897426605
True,False,False,False,480,19.19999885559082,0.2922404706478119,19.67932891845703,0.8486062288284302,164.61618041992188,8.573760032653809,0.33542177081108093,0.045867327600717545
True,False,False,False,480,19.19999885559082,0.2922404706478119,19.67932891845703,0.8486062288284302,164.61618041992188,8.573760032653809,0.33542177081108093,0.045867327600717545
True,False,False,False,480,19.19999885559082,0.29221126437187195,19.679344177246094,0.8486055731773376,164.61618041992188,8.573760032653809,0.33548662066459656,0.04586727172136307
True,False,False,False,480,19.19999885559082,0.29221126437187195,19.679344177246094,0.8486055731773376,164.61618041992188,8.573760032653809,0.33548662066459656,0.04586727172136307
True,False,False,False,480,19.19999885559082,0.2922404706478119,19.67932891845703,0.8486062288284302,164.61618041992188,8.573760032653809,0.33542177081108093,0.045867327600717545
True,False,False,False,480,19.19999885559082,0.2922404706478119,19.67932891845703,0.8486062288284302,164.61618041992188,8.573760032653809,0.33542177081108093,0.045867327600717545
True,False,False,False,480,19.19999885559082,0.2922601103782654,19.679357528686523,0.8486049771308899,164.61618041992188,8.573760032653809,0.33549806475639343,0.04586730897426605
True,False,False,False,480,19.19999885559082,0.2922601103782654,19.679357528686523,0.8486049771308899,164.61618041992188,8.573760032653809,0.33549806475639343,0.04586730897426605
True,False,False,False,480,19.19999885559082,0.29231157898902893,19.67926788330078,0.8486087918281555,164.61614990234375,8.573758125305176,0.33543702960014343,0.045867227017879486
True,False,False,False,480,19.19999885559082,0.29231157898902893,19.67926788330078,0.8486087918281555,164.61614990234375,8.573758125305176,0.33543702960014343,0.045867227017879486
True,False,False,False,480,19.19999885559082,0.29231157898902893,19.67926788330078,0.8486087918281555,164.61614990234375,8.573758125305176,0.33543702960014343,0.045867227017879486
True,False,False,False,480,19.19999885559082,0.29231157898902893,19.67926788330078,0.8486087918281555,164.61614990234375,8.573758125305176,0.33543702960014343,0.045867227017879486
True,False,False,False,480,19.19999885559082,0.29231157898902893,19.67926788330078,0.8486087918281555,164.61614990234375,8.573758125305176,0.33543702960014343,0.045867227017879486
True,False,False,False,480,19.19999885559082,0.2941364049911499,19.67770767211914,0.8486761450767517,164.6160888671875,8.573755264282227,0.33543702960014343,0.04586782678961754
True,False,False,False,480,19.19999885559082,0.2941364049911499,19.67770767211914,0.8486761450767517,164.6160888671875,8.573755264282227,0.33543702960014343,0.04586782678961754
True,False,False,False,480,19.19999885559082,0.2941364049911499,19.67770767211914,0.8486761450767517,164.6160888671875,8.573755264282227,0.33543702960014343,0.04586782678961754
True,False,False,False,480,19.19999885559082,0.2941364049911499,19.67770767211914,0.8486761450767517,164.6160888671875,8.573755264282227,0.33543702960014343,0.04586782678961754
True,False,False,False,480,19.19999885559082,0.2941364049911499,19.67770767211914,0.8486761450767517,164.6160888671875,8.573755264282227,0.33543702960014343,0.04586782678961754
True,False,False,False,480,19.19999885559082,0.29408520460128784,19.67778205871582,0.8486728668212891,164.6160888671875,8.573755264282227,0.33546754717826843,0.0458679273724556
True,False,False,False,480,19.19999885559082,0.29408520460128784,19.67778205871582,0.8486728668212891,164.6160888671875,8.573755264282227,0.33546754717826843,0.0458679273724556
True,False,False,False,480,19.19999885559082,0.29389357566833496,19.677946090698242,0.8486658930778503,164.6160888671875,8.573755264282227,0.33542177081108093,0.04586790129542351
True,False,False,False,480,19.19999885559082,0.29389357566833496,19.677946090698242,0.8486658930778503,164.6160888671875,8.573755264282227,0.33542177081108093,0.04586790129542351
True,False,False,False,480,19.19999885559082,0.29404178261756897,19.677770614624023,0.848673403263092,164.6160888671875,8.573755264282227,0.33550187945365906,0.045867856591939926
True,False,False,False,480,19.19999885559082,0.29404178261756897,19.677770614624023,0.848673403263092,164.6160888671875,8.573755264282227,0.33550187945365906,0.045867856591939926
True,False,False,False,480,19.19999885559082,0.29389357566833496,19.677946090698242,0.8486658930778503,164.6160888671875,8.573755264282227,0.33542177081108093,0.04586790129542351
True,False,False,False,480,19.19999885559082,0.29389357566833496,19.677946090698242,0.8486658930778503,164.6160888671875,8.573755264282227,0.33542177081108093,0.04586790129542351
True,False,False,False,480,19.19999885559082,0.29408520460128784,19.67778205871582,0.8486728668212891,164.6160888671875,8.573755264282227,0.33546754717826843,0.0458679273724556
True,False,False,False,480,19.19999885559082,0.29408520460128784,19.67778205871582,0.8486728668212891,164.6160888671875,8.573755264282227,0.33546754717826843,0.0458679273724556
True,False,False,False,480,19.19999885559082,0.2941364049911499,19.67770767211914,0.8486761450767517,164.6160888671875,8.573755264282227,0.33543702960014343,0.04586782678961754
True,False,False,False,480,19.19999885559082,0.2941364049911499,19.67770767211914,0.8486761450767517,164.6160888671875,8.573755264282227,0.33543702960014343,0.04586782678961754
True,False,False,False,480,19.19999885559082,0.2941364049911499,19.67770767211914,0.8486761450767517,164.6160888671875,8.573755264282227,0.33543702960014343,0.04586782678961754
True,False,False,False,480,19.19999885559082,0.2941364049911499,19.67770767211914,0.8486761450767517,164.6160888671875,8.573755264282227,0.33543702960014343,0.04586782678961754
True,False,False,False,480,19.19999885559082,0.2941364049911499,19.67770767211914,0.8486761450767517,164.6160888671875,8.573755264282227,0.33543702960014343,0.04586782678961754
True,False,False,False,480,19.19999885559082,0.2941507399082184,19.67769432067871,0.8486766815185547,164.6160888671875,8.573755264282227,0.33543702960014343,0.04586782678961754
True,False,False,False,480,19.19999885559082,0.2941507399082184,19.67769432067871,0.8486766815185547,164.6160888671875,8.573755264282227,0.33543702960014343,0.04586782678961754
True,False,False,False,480,19.19999885559082,0.2941507399082184,19.67769432067871,0.8486766815185547,164.6160888671875,8.573755264282227,0.33543702960014343,0.04586782678961754
True,False,False,False,480,19.19999885559082,0.2941507399082184,19.67769432067871,0.8486766815185547,164.6160888671875,8.573755264282227,0.33543702960014343,0.04586782678961754
True,False,False,False,480,19.19999885559082,0.2941507399082184,19.67769432067871,0.8486766815185547,164.6160888671875,8.573755264282227,0.33543702960014343,0.04586782678961754
True,False,False,False,480,19.19999885559082,0.2940995991230011,19.67776870727539,0.8486735224723816,164.6160888671875,8.573755264282227,0.33546754717826843,0.0458679273724556
True,False,False,False,480,19.19999885559082,0.2940995991230011,19.67776870727539,0.8486735224723816,164.6160888671875,8.573755264282227,0.33546754717826843,0.0458679273724556
True,False,False,False,480,19.19999885559082,0.29390794038772583,19.677932739257812,0.8486664295196533,164.6160888671875,8.573755264282227,0.33542177081108093,0.045867905020713806
True,False,False,False,480,19.19999885559082,0.29390794038772583,19.677932739257812,0.8486664295196533,164.6160888671875,8.573755264282227,0.33542177081108093,0.045867905020713806
True,False,False,False,480,19.19999885559082,0.2940561771392822,19.677757263183594,0.8486739993095398,164.6160888671875,8.573755264282227,0.33550187945365906,0.045867856591939926
True,False,False,False,480,19.19999885559082,0.2940561771392822,19.677757263183594,0.8486739993095398,164.6160888671875,8.573755264282227,0.33550187945365906,0.045867856591939926
True,False,False,False,480,19.19999885559082,0.29390794038772583,19.677932739257812,0.8486664295196533,164.6160888671875,8.573755264282227,0.33542177081108093,0.045867905020713806
True,False,False,False,480,19.19999885559082,0.29390794038772583,19.677932739257812,0.8486664295196533,164.6160888671875,8.573755264282227,0.33542177081108093,0.045867905020713806
True,False,False,False,480,19.19999885559082,0.2940995991230011,19.67776870727539,0.8486735224723816,164.6160888671875,8.573755264282227,0.33546754717826843,0.0458679273724556
True,False,False,False,480,19.19999885559082,0.2940995991230011,19.67776870727539,0.8486735224723816,164.6160888671875,8.573755264282227,0.33546754717826843,0.0458679273724556
True,False,False,False,480,19.19999885559082,0.2941507399082184,19.67769432067871,0.8486766815185547,164.6160888671875,8.573755264282227,0.33543702960014343,0.04586782678961754
True,False,False,False,480,19.19999885559082,0.2941507399082184,19.67769432067871,0.8486766815185547,164.6160888671875,8.573755264282227,0.33543702960014343,0.04586782678961754
True,False,False,False,480,19.19999885559082,0.2941507399082184,19.67769432067871,0.8486766815185547,164.6160888671875,8.573755264282227,0.33543702960014343,0.04586782678961754
True,False,False,False,480,19.19999885559082,0.2941507399082184,19.67769432067871,0.8486766815185547,164.6160888671875,8.573755264282227,0.33543702960014343,0.04586782678961754
True,False,False,False,480,19.19999885559082,0.2941507399082184,19.67769432067871,0.8486766815185547,164.6160888671875,8.573755264282227,0.33543702960014343,0.04586782678961754
True,False,False,False,480,19.19999885559082,0.2941507399082184,19.67769432067871,0.8486766815185547,164.6160888671875,8.573755264282227,0.33543702960014343,0.04586782678961754
True,False,False,False,480,19.19999885559082,0.2941507399082184,19.67769432067871,0.8486766815185547,164.6160888671875,8.573755264282227,0.33543702960014343,0.04586782678961754
True,False,False,False,480,19.19999885559082,0.2941507399082184,19.67769432067871,0.8486766815185547,164.6160888671875,8.573755264282227,0.33543702960014343,0.04586782678961754
True,False,False,False,480,19.19999885559082,0.2941507399082184,19.67769432067871,0.8486766815185547,164.6160888671875,8.573755264282227,0.33543702960014343,0.04586782678961754
True,False,False,False,480,19.19999885559082,0.2941507399082184,19.67769432067871,0.8486766815185547,164.6160888671875,8.573755264282227,0.33543702960014343,0.04586782678961754
True,False,False,False,480,19.19999885559082,0.2940995991230011,19.67776870727539,0.8486735224723816,164.6160888671875,8.573755264282227,0.33546754717826843,0.0458679273724556
True,False,False,False,480,19.19999885559082,0.2940995991230011,19.67776870727539,0.8486735224723816,164.6160888671875,8.573755264282227,0.33546754717826843,0.0458679273724556
True,False,False,False,480,19.19999885559082,0.29390794038772583,19.677932739257812,0.8486664295196533,164.6160888671875,8.573755264282227,0.33542177081108093,0.045867905020713806
True,False,False,False,480,19.19999885559082,0.29390794038772583,19.677932739257812,0.8486664295196533,164.6160888671875,8.573755264282227,0.33542177081108093,0.045867905020713806
True,False,False,False,480,19.19999885559082,0.2940561771392822,19.677757263183594,0.8486739993095398,164.6160888671875,8.573755264282227,0.33550187945365906,0.045867856591939926
True,False,False,False,480,19.19999885559082,0.2940561771392822,19.677757263183594,0.8486739993095398,164.6160888671875,8.573755264282227,0.33550187945365906,0.045867856591939926
True,False,False,False,480,19.19999885559082,0.29390794038772583,19.677932739257812,0.8486664295196533,164.6160888671875,8.573755264282227,0.33542177081108093,0.045867905020713806
True,False,False,False,480,19.19999885559082,0.29390794038772583,19.677932739257812,0.8486664295196533,164.6160888671875,8.573755264282227,0.33542177081108093,0.045867905020713806
True,False,False,False,480,19.19999885559082,0.2940995991230011,19.67776870727539,0.8486735224723816,164.6160888671875,8.573755264282227,0.33546754717826843,0.0458679273724556
True,False,False,False,480,19.19999885559082,0.2940995991230011,19.67776870727539,0.8486735224723816,164.6160888671875,8.573755264282227,0.33546754717826843,0.0458679273724556
True,False,False,False,480,19.19999885559082,0.2941507399082184,19.67769432067871,0.8486766815185547,164.6160888671875,8.573755264282227,0.33543702960014343,0.04586782678961754
True,False,False,False,480,19.19999885559082,0.2941507399082184,19.67769432067871,0.8486766815185547,164.6160888671875,8.573755264282227,0.33543702960014343,0.04586782678961754
True,False,False,False,480,19.19999885559082,0.2941507399082184,19.67769432067871,0.8486766815185547,164.6160888671875,8.573755264282227,0.33543702960014343,0.04586782678961754
True,False,False,False,480,19.19999885559082,0.2941507399082184,19.67769432067871,0.8486766815185547,164.6160888671875,8.573755264282227,0.33543702960014343,0.04586782678961754
True,False,False,False,480,19.19999885559082,0.2941507399082184,19.67769432067871,0.8486766815185547,164.6160888671875,8.573755264282227,0.33543702960014343,0.04586782678961754
True,False,False,False,480,19.19999885559082,0.2941507399082184,19.67769432067871,0.8486766815185547,164.6160888671875,8.573755264282227,0.33543702960014343,0.04586782678961754
True,False,False,False,480,19.19999885559082,0.2941507399082184,19.67769432067871,0.8486766815185547,164.6160888671875,8.573755264282227,0.33543702960014343,0.04586782678961754
True,False,False,False,480,19.19999885559082,0.2941507399082184,19.67769432067871,0.8486766815185547,164.6160888671875,8.573755264282227,0.33543702960014343,0.04586782678961754
True,False,False,False,480,19.19999885559082,0.2941507399082184,19.67769432067871,0.8486766815185547,164.6160888671875,8.573755264282227,0.33543702960014343,0.04586782678961754
True,False,False,False,480,19.19999885559082,0.2941507399082184,19.67769432067871,0.8486766815185547,164.6160888671875,8.573755264282227,0.33543702960014343,0.04586782678961754
True,False,False,False,480,19.19999885559082,0.2940995991230011,19.67776870727539,0.8486735224723816,164.6160888671875,8.573755264282227,0.33546754717826843,0.0458679273724556
True,False,False,False,480,19.19999885559082,0.2940995991230011,19.67776870727539,0.8486735224723816,164.6160888671875,8.573755264282227,0.33546754717826843,0.0458679273724556
True,False,False,False,480,19.19999885559082,0.29390794038772583,19.677932739257812,0.8486664295196533,164.6160888671875,8.573755264282227,0.33542177081108093,0.045867905020713806
True,False,False,False,480,19.19999885559082,0.29390794038772583,19.677932739257812,0.8486664295196533,164.6160888671875,8.573755264282227,0.33542177081108093,0.045867905020713806
True,False,False,False,480,19.19999885559082,0.2940561771392822,19.677757263183594,0.8486739993095398,164.6160888671875,8.573755264282227,0.33550187945365906,0.045867856591939926
True,False,False,False,480,19.19999885559082,0.2940561771392822,19.677757263183594,0.8486739993095398,164.6160888671875,8.573755264282227,0.33550187945365906,0.045867856591939926
True,False,False,False,480,19.19999885559082,0.29390794038772583,19.677932739257812,0.8486664295196533,164.6160888671875,8.573755264282227,0.33542177081108093,0.045867905020713806
True,False,False,False,480,19.19999885559082,0.29390794038772583,19.677932739257812,0.8486664295196533,164.6160888671875,8.573755264282227,0.33542177081108093,0.045867905020713806
True,False,False,False,480,19.19999885559082,0.2940995991230011,19.67776870727539,0.8486735224723816,164.6160888671875,8.573755264282227,0.33546754717826843,0.0458679273724556
True,False,False,False,480,19.19999885559082,0.2940995991230011,19.67776870727539,0.8486735224723816,164.6160888671875,8.573755264282227,0.33546754717826843,0.0458679273724556
True,False,False,False,480,19.19999885559082,0.2941507399082184,19.67769432067871,0.8486766815185547,164.6160888671875,8.573755264282227,0.33543702960014343,0.04586782678961754
True,False,False,False,480,19.19999885559082,0.2941507399082184,19.67769432067871,0.8486766815185547,164.6160888671875,8.573755264282227,0.33543702960014343,0.04586782678961754
True,False,False,False,480,19.19999885559082,0.2941507399082184,19.67769432067871,0.8486766815185547,164.6160888671875,8.573755264282227,0.33543702960014343,0.04586782678961754
True,False,False,False,480,19.19999885559082,0.2941507399082184,19.67769432067871,0.8486766815185547,164.6160888671875,8.573755264282227,0.33543702960014343,0.04586782678961754
True,False,False,False,480,19.19999885559082,0.2941507399082184,19.67769432067871,0.8486766815185547,164.6160888671875,8.573755264282227,0.33543702960014343,0.04586782678961754
True,False,False,False,480,19.19999885559082,0.2941507399082184,19.67769432067871,0.8486766815185547,164.6160888671875,8.573755264282227,0.33543702960014343,0.04586782678961754
True,False,False,False,480,19.19999885559082,0.2941507399082184,19.67769432067871,0.8486766815185547,164.6160888671875,8.573755264282227,0.33543702960014343,0.04586782678961754
True,False,False,False,480,19.19999885559082,0.2941507399082184,19.67769432067871,0.8486766815185547,164.6160888671875,8.573755264282227,0.33543702960014343,0.04586782678961754
True,False,False,False,480,19.19999885559082,0.2941507399082184,19.67769432067871,0.8486766815185547,164.6160888671875,8.573755264282227,0.33543702960014343,0.04586782678961754
True,False,False,False,480,19.19999885559082,0.2941507399082184,19.67769432067871,0.8486766815185547,164.6160888671875,8.573755264282227,0.33543702960014343,0.04586782678961754
True,False,False,False,480,19.19999885559082,0.2940995991230011,19.67776870727539,0.8486735224723816,164.6160888671875,8.573755264282227,0.33546754717826843,0.0458679273724556
True,False,False,False,480,19.19999885559082,0.2940995991230011,19.67776870727539,0.8486735224723816,164.6160888671875,8.573755264282227,0.33546754717826843,0.0458679273724556
True,False,False,False,480,19.19999885559082,0.29390794038772583,19.677932739257812,0.8486664295196533,164.6160888671875,8.573755264282227,0.33542177081108093,0.045867905020713806
True,False,False,False,480,19.19999885559082,0.29390794038772583,19.677932739257812,0.8486664295196533,164.6160888671875,8.573755264282227,0.33542177081108093,0.045867905020713806
True,False,False,False,480,19.19999885559082,0.2940561771392822,19.677757263183594,0.8486739993095398,164.6160888671875,8.573755264282227,0.33550187945365906,0.045867856591939926
True,False,False,False,480,19.19999885559082,0.2940561771392822,19.677757263183594,0.8486739993095398,164.6160888671875,8.573755264282227,0.33550187945365906,0.045867856591939926
True,False,False,False,480,19.19999885559082,0.29390794038772583,19.677932739257812,0.8486664295196533,164.6160888671875,8.573755264282227,0.33542177081108093,0.045867905020713806
True,False,False,False,480,19.19999885559082,0.29390794038772583,19.677932739257812,0.8486664295196533,164.6160888671875,8.573755264282227,0.33542177081108093,0.045867905020713806
True,False,False,False,480,19.19999885559082,0.2940995991230011,19.67776870727539,0.8486735224723816,164.6160888671875,8.573755264282227,0.33546754717826843,0.0458679273724556
True,False,False,False,480,19.19999885559082,0.2940995991230011,19.67776870727539,0.8486735224723816,164.6160888671875,8.573755264282227,0.33546754717826843,0.0458679273724556
True,False,False,False,480,19.19999885559082,0.2941507399082184,19.67769432067871,0.8486766815185547,164.6160888671875,8.573755264282227,0.33543702960014343,0.04586782678961754
True,False,False,False,480,19.19999885559082,0.2941507399082184,19.67769432067871,0.8486766815185547,164.6160888671875,8.573755264282227,0.33543702960014343,0.04586782678961754
True,False,False,False,480,19.19999885559082,0.2941507399082184,19.67769432067871,0.8486766815185547,164.6160888671875,8.573755264282227,0.33543702960014343,0.04586782678961754
True,False,False,False,480,19.19999885559082,0.2941507399082184,19.67769432067871,0.8486766815185547,164.6160888671875,8.573755264282227,0.33543702960014343,0.04586782678961754
True,False,False,False,480,19.19999885559082,0.2941507399082184,19.67769432067871,0.8486766815185547,164.6160888671875,8.573755264282227,0.33543702960014343,0.04586782678961754
True,False,False,False,480,19.19999885559082,0.2941507399082184,19.67769432067871,0.8486766815185547,164.6160888671875,8.573755264282227,0.33543702960014343,0.04586782678961754
True,False,False,False,480,19.19999885559082,0.2941507399082184,19.67769432067871,0.8486766815185547,164.6160888671875,8.573755264282227,0.33543702960014343,0.04586782678961754
True,False,False,False,480,19.19999885559082,0.2941507399082184,19.67769432067871,0.8486766815185547,164.6160888671875,8.573755264282227,0.33543702960014343,0.04586782678961754
True,False,False,False,480,19.19999885559082,0.2941507399082184,19.67769432067871,0.8486766815185547,164.6160888671875,8.573755264282227,0.33543702960014343,0.04586782678961754
True,False,False,False,480,19.19999885559082,0.2941507399082184,19.67769432067871,0.8486766815185547,164.6160888671875,8.573755264282227,0.33543702960014343,0.04586782678961754
True,False,False,False,480,19.19999885559082,0.2940995991230011,19.67776870727539,0.8486735224723816,164.6160888671875,8.573755264282227,0.33546754717826843,0.0458679273724556
True,False,False,False,480,19.19999885559082,0.2940995991230011,19.67776870727539,0.8486735224723816,164.6160888671875,8.573755264282227,0.33546754717826843,0.0458679273724556
True,False,False,False,480,19.19999885559082,0.29390794038772583,19.677932739257812,0.8486664295196533,164.6160888671875,8.573755264282227,0.33542177081108093,0.045867905020713806
True,False,False,False,480,19.19999885559082,0.29390794038772583,19.677932739257812,0.8486664295196533,164.6160888671875,8.573755264282227,0.33542177081108093,0.045867905020713806
True,False,False,False,480,19.19999885559082,0.2940561771392822,19.677757263183594,0.8486739993095398,164.6160888671875,8.573755264282227,0.33550187945365906,0.045867856591939926
True,False,False,False,480,19.19999885559082,0.2940561771392822,19.677757263183594,0.8486739993095398,164.6160888671875,8.573755264282227,0.33550187945365906,0.045867856591939926
True,False,False,False,480,19.19999885559082,0.29390794038772583,19.677932739257812,0.8486664295196533,164.6160888671875,8.573755264282227,0.33542177081108093,0.045867905020713806
True,False,False,False,480,19.19999885559082,0.29390794038772583,19.677932739257812,0.8486664295196533,164.6160888671875,8.573755264282227,0.33542177081108093,0.045867905020713806
True,False,False,False,480,19.19999885559082,0.2940995991230011,19.67776870727539,0.8486735224723816,164.6160888671875,8.573755264282227,0.33546754717826843,0.0458679273724556
True,False,False,False,480,19.19999885559082,0.2940995991230011,19.67776870727539,0.8486735224723816,164.6160888671875,8.573755264282227,0.33546754717826843,0.0458679273724556
True,False,False,False,480,19.19999885559082,0.2941507399082184,19.67769432067871,0.8486766815185547,164.6160888671875,8.573755264282227,0.33543702960014343,0.04586782678961754
True,False,False,False,480,19.19999885559082,0.2941507399082184,19.67769432067871,0.8486766815185547,164.6160888671875,8.573755264282227,0.33543702960014343,0.04586782678961754
True,False,False,False,480,19.19999885559082,0.2941507399082184,19.67769432067871,0.8486766815185547,164.6160888671875,8.573755264282227,0.33543702960014343,0.04586782678961754
True,False,False,False,480,19.19999885559082,0.2941507399082184,19.67769432067871,0.8486766815185547,164.6160888671875,8.573755264282227,0.33543702960014343,0.04586782678961754
True,False,False,False,480,19.19999885559082,0.2941507399082184,19.67769432067871,0.8486766815185547,164.6160888671875,8.573755264282227,0.33543702960014343,0.04586782678961754
True,False,False,False,481,19.239999771118164,0.29996776580810547,19.719179153442383,0.8468912839889526,167.88778686523438,8.725976943969727,0.33802530169487,0.045829616487026215
True,False,False,False,481,19.239999771118164,0.29996776580810547,19.719179153442383,0.8468912839889526,167.88778686523438,8.725976943969727,0.33802530169487,0.045829616487026215
True,False,False,False,481,19.239999771118164,0.29996776580810547,19.719179153442383,0.8468912839889526,167.88778686523438,8.725976943969727,0.33802530169487,0.045829616487026215
True,False,False,False,481,19.239999771118164,0.29996776580810547,19.719179153442383,0.8468912839889526,167.88778686523438,8.725976943969727,0.33802530169487,0.045829616487026215
True,False,False,False,481,19.239999771118164,0.29996776580810547,19.719179153442383,0.8468912839889526,167.88778686523438,8.725976943969727,0.33802530169487,0.045829616487026215
True,False,False,False,481,19.239999771118164,0.29996776580810547,19.719179153442383,0.8468912839889526,167.88778686523438,8.725976943969727,0.33802530169487,0.045829616487026215
True,False,False,False,481,19.239999771118164,0.29996776580810547,19.719179153442383,0.8468912839889526,167.88778686523438,8.725976943969727,0.33802530169487,0.045829616487026215
True,False,False,False,481,19.239999771118164,0.29996776580810547,19.719179153442383,0.8468912839889526,167.88778686523438,8.725976943969727,0.33802530169487,0.045829616487026215
True,False,False,False,481,19.239999771118164,0.29996776580810547,19.719179153442383,0.8468912839889526,167.88778686523438,8.725976943969727,0.33802530169487,0.045829616487026215
True,False,False,False,481,19.239999771118164,0.29996776580810547,19.719179153442383,0.8468912839889526,167.88778686523438,8.725976943969727,0.33802530169487,0.045829616487026215
True,False,False,False,481,19.239999771118164,0.29996776580810547,19.719179153442383,0.8468912839889526,167.88778686523438,8.725976943969727,0.33802530169487,0.045829616487026215
True,False,False,False,481,19.239999771118164,0.29996776580810547,19.719179153442383,0.8468912839889526,167.88778686523438,8.725976943969727,0.33802530169487,0.045829616487026215
True,False,False,False,481,19.239999771118164,0.29996776580810547,19.719179153442383,0.8468912839889526,167.88778686523438,8.725976943969727,0.33802530169487,0.045829616487026215
True,False,False,False,481,19.239999771118164,0.29996776580810547,19.719179153442383,0.8468912839889526,167.88778686523438,8.725976943969727,0.33802530169487,0.045829616487026215
True,False,False,False,481,19.239999771118164,0.29996776580810547,19.719179153442383,0.8468912839889526,167.88778686523438,8.725976943969727,0.33802530169487,0.045829616487026215
True,False,False,False,481,19.239999771118164,0.29996776580810547,19.719179153442383,0.8468912839889526,167.88778686523438,8.725976943969727,0.33802530169487,0.045829616487026215
True,False,False,False,481,19.239999771118164,0.29996776580810547,19.719179153442383,0.8468912839889526,167.88778686523438,8.725976943969727,0.33802530169487,0.045829616487026215
True,False,False,False,481,19.239999771118164,0.29996776580810547,19.719179153442383,0.8468912839889526,167.88778686523438,8.725976943969727,0.33802530169487,0.045829616487026215
True,False,False,False,481,19.239999771118164,0.29996776580810547,19.719179153442383,0.8468912839889526,167.88778686523438,8.725976943969727,0.33802530169487,0.045829616487026215
True,False,False,False,481,19.239999771118164,0.29996776580810547,19.719179153442383,0.8468912839889526,167.88778686523438,8.725976943969727,0.33802530169487,0.045829616487026215
True,False,False,False,481,19.239999771118164,0.29996776580810547,19.719179153442383,0.8468912839889526,167.88778686523438,8.725976943969727,0.33802530169487,0.045829616487026215
True,False,False,False,481,19.239999771118164,0.29996776580810547,19.719179153442383,0.8468912839889526,167.88778686523438,8.725976943969727,0.33802530169487,0.045829616487026215
True,False,False,False,481,19.239999771118164,0.29996776580810547,19.719179153442383,0.8468912839889526,167.88778686523438,8.725976943969727,0.33802530169487,0.045829616487026215
True,False,False,False,481,19.239999771118164,0.29996776580810547,19.719179153442383,0.8468912839889526,167.88778686523438,8.725976943969727,0.33802530169487,0.045829616487026215
True,False,False,False,481,19.239999771118164,0.29996776580810547,19.719179153442383,0.8468912839889526,167.88778686523438,8.725976943969727,0.33802530169487,0.045829616487026215
True,False,False,False,481,19.239999771118164,0.29996776580810547,19.719179153442383,0.8468912839889526,167.88778686523438,8.725976943969727,0.33802530169487,0.045829616487026215
True,False,False,False,481,19.239999771118164,0.29996776580810547,19.719179153442383,0.8468912839889526,167.88778686523438,8.725976943969727,0.33802530169487,0.045829616487026215
True,False,False,False,481,19.239999771118164,0.29996776580810547,19.719179153442383,0.8468912839889526,167.88778686523438,8.725976943969727,0.33802530169487,0.045829616487026215
True,False,False,False,481,19.239999771118164,0.29996776580810547,19.719179153442383,0.8468912839889526,167.88778686523438,8.725976943969727,0.33802530169487,0.045829616487026215
True,False,False,False,481,19.239999771118164,0.29996776580810547,19.719179153442383,0.8468912839889526,167.88778686523438,8.725976943969727,0.33802530169487,0.045829616487026215
True,False,False,False,481,19.239999771118164,0.29996776580810547,19.719179153442383,0.8468912839889526,167.88778686523438,8.725976943969727,0.33802530169487,0.045829616487026215
True,False,False,False,481,19.239999771118164,0.29996776580810547,19.719179153442383,0.8468912839889526,167.88778686523438,8.725976943969727,0.33802530169487,0.045829616487026215
True,False,False,False,481,19.239999771118164,0.29996776580810547,19.719179153442383,0.8468912839889526,167.88778686523438,8.725976943969727,0.33802530169487,0.045829616487026215
True,False,False,False,481,19.239999771118164,0.29996776580810547,19.719179153442383,0.8468912839889526,167.88778686523438,8.725976943969727,0.33802530169487,0.045829616487026215
True,False,False,False,481,19.239999771118164,0.29996776580810547,19.719179153442383,0.8468912839889526,167.88778686523438,8.725976943969727,0.33802530169487,0.045829616487026215
True,False,False,False,481,19.239999771118164,0.29996776580810547,19.719179153442383,0.8468912839889526,167.88778686523438,8.725976943969727,0.33802530169487,0.045829616487026215
True,False,False,False,481,19.239999771118164,0.29996776580810547,19.719179153442383,0.8468912839889526,167.88778686523438,8.725976943969727,0.33802530169487,0.045829616487026215
True,False,False,False,481,19.239999771118164,0.29996776580810547,19.719179153442383,0.8468912839889526,167.88778686523438,8.725976943969727,0.33802530169487,0.045829616487026215
True,False,False,False,481,19.239999771118164,0.29996776580810547,19.719179153442383,0.8468912839889526,167.88778686523438,8.725976943969727,0.33802530169487,0.045829616487026215
True,False,False,False,481,19.239999771118164,0.29996776580810547,19.719179153442383,0.8468912839889526,167.88778686523438,8.725976943969727,0.33802530169487,0.045829616487026215
True,False,False,False,481,19.239999771118164,0.29996776580810547,19.719179153442383,0.8468912839889526,167.88778686523438,8.725976943969727,0.33802530169487,0.045829616487026215
True,False,False,False,481,19.239999771118164,0.29996776580810547,19.719179153442383,0.8468912839889526,167.88778686523438,8.725976943969727,0.33802530169487,0.045829616487026215
True,False,False,False,481,19.239999771118164,0.29996776580810547,19.719179153442383,0.8468912839889526,167.88778686523438,8.725976943969727,0.33802530169487,0.045829616487026215
True,False,False,False,481,19.239999771118164,0.29996776580810547,19.719179153442383,0.8468912839889526,167.88778686523438,8.725976943969727,0.33802530169487,0.045829616487026215
True,False,False,False,481,19.239999771118164,0.29996776580810547,19.719179153442383,0.8468912839889526,167.88778686523438,8.725976943969727,0.33802530169487,0.045829616487026215
True,False,False,False,481,19.239999771118164,0.29996776580810547,19.719179153442383,0.8468912839889526,167.88778686523438,8.725976943969727,0.33802530169487,0.045829616487026215
True,False,False,False,481,19.239999771118164,0.29996776580810547,19.719179153442383,0.8468912839889526,167.88778686523438,8.725976943969727,0.33802530169487,0.045829616487026215
True,False,False,False,481,19.239999771118164,0.29996776580810547,19.719179153442383,0.8468912839889526,167.88778686523438,8.725976943969727,0.33802530169487,0.045829616487026215
True,False,False,False,481,19.239999771118164,0.29996776580810547,19.719179153442383,0.8468912839889526,167.88778686523438,8.725976943969727,0.33802530169487,0.045829616487026215
True,False,False,False,481,19.239999771118164,0.29996776580810547,19.719179153442383,0.8468912839889526,167.88778686523438,8.725976943969727,0.33802530169487,0.045829616487026215
True,False,False,False,481,19.239999771118164,0.29996776580810547,19.719179153442383,0.8468912839889526,167.88778686523438,8.725976943969727,0.33802530169487,0.045829616487026215
True,False,False,False,481,19.239999771118164,0.29996776580810547,19.719179153442383,0.8468912839889526,167.88778686523438,8.725976943969727,0.33802530169487,0.045829616487026215
True,False,False,False,481,19.239999771118164,0.29996776580810547,19.719179153442383,0.8468912839889526,167.88778686523438,8.725976943969727,0.33802530169487,0.045829616487026215
True,False,False,False,481,19.239999771118164,0.29996776580810547,19.719179153442383,0.8468912839889526,167.88778686523438,8.725976943969727,0.33802530169487,0.045829616487026215
True,False,False,False,481,19.239999771118164,0.29996776580810547,19.719179153442383,0.8468912839889526,167.88778686523438,8.725976943969727,0.33802530169487,0.045829616487026215
True,False,False,False,481,19.239999771118164,0.29996776580810547,19.719179153442383,0.8468912839889526,167.88778686523438,8.725976943969727,0.33802530169487,0.045829616487026215
True,False,False,False,481,19.239999771118164,0.29996776580810547,19.719179153442383,0.8468912839889526,167.88778686523438,8.725976943969727,0.33802530169487,0.045829616487026215
True,False,False,False,481,19.239999771118164,0.29996776580810547,19.719179153442383,0.8468912839889526,167.88778686523438,8.725976943969727,0.33802530169487,0.045829616487026215
True,False,False,False,481,19.239999771118164,0.29996776580810547,19.719179153442383,0.8468912839889526,167.88778686523438,8.725976943969727,0.33802530169487,0.045829616487026215
True,False,False,False,481,19.239999771118164,0.29996776580810547,19.719179153442383,0.8468912839889526,167.88778686523438,8.725976943969727,0.33802530169487,0.045829616487026215
True,False,False,False,481,19.239999771118164,0.29958969354629517,19.719560623168945,0.8468748927116394,167.88780212402344,8.725976943969727,0.33799490332603455,0.045829806476831436
True,False,False,False,481,19.239999771118164,0.29958969354629517,19.719560623168945,0.8468748927116394,167.88780212402344,8.725976943969727,0.33799490332603455,0.045829806476831436
True,False,False,False,481,19.239999771118164,0.29958969354629517,19.719560623168945,0.8468748927116394,167.88780212402344,8.725976943969727,0.33799490332603455,0.045829806476831436
True,False,False,False,481,19.239999771118164,0.29958969354629517,19.719560623168945,0.8468748927116394,167.88780212402344,8.725976943969727,0.33799490332603455,0.045829806476831436
True,False,False,False,481,19.239999771118164,0.29958969354629517,19.719560623168945,0.8468748927116394,167.88780212402344,8.725976943969727,0.33799490332603455,0.045829806476831436
True,False,False,False,481,19.239999771118164,0.29958969354629517,19.719560623168945,0.8468748927116394,167.88780212402344,8.725976943969727,0.33799490332603455,0.045829806476831436
True,False,False,False,481,19.239999771118164,0.29958969354629517,19.719560623168945,0.8468748927116394,167.88780212402344,8.725976943969727,0.33799490332603455,0.045829806476831436
True,False,False,False,481,19.239999771118164,0.29958969354629517,19.719560623168945,0.8468748927116394,167.88780212402344,8.725976943969727,0.33799490332603455,0.045829806476831436
True,False,False,False,481,19.239999771118164,0.29958969354629517,19.719560623168945,0.8468748927116394,167.88780212402344,8.725976943969727,0.33799490332603455,0.045829806476831436
True,False,False,False,481,19.239999771118164,0.29958969354629517,19.719560623168945,0.8468748927116394,167.88780212402344,8.725976943969727,0.33799490332603455,0.045829806476831436
True,False,False,False,481,19.239999771118164,0.29958969354629517,19.719560623168945,0.8468748927116394,167.88780212402344,8.725976943969727,0.33799490332603455,0.045829806476831436
True,False,False,False,481,19.239999771118164,0.29958969354629517,19.719560623168945,0.8468748927116394,167.88780212402344,8.725976943969727,0.33799490332603455,0.045829806476831436
True,False,False,False,481,19.239999771118164,0.29839757084846497,19.720510482788086,0.8468340635299683,167.88780212402344,8.725976943969727,0.3379370868206024,0.045829083770513535
True,False,False,False,481,19.239999771118164,0.29839757084846497,19.720510482788086,0.8468340635299683,167.88780212402344,8.725976943969727,0.3379370868206024,0.045829083770513535
True,False,False,False,481,19.239999771118164,0.29839757084846497,19.720510482788086,0.8468340635299683,167.88780212402344,8.725976943969727,0.3379370868206024,0.045829083770513535
True,False,False,False,481,19.239999771118164,0.29839757084846497,19.720510482788086,0.8468340635299683,167.88780212402344,8.725976943969727,0.3379370868206024,0.045829083770513535
True,False,False,False,481,19.239999771118164,0.29839757084846497,19.720510482788086,0.8468340635299683,167.88780212402344,8.725976943969727,0.3379370868206024,0.045829083770513535
True,False,False,False,481,19.239999771118164,0.29839757084846497,19.720510482788086,0.8468340635299683,167.88780212402344,8.725976943969727,0.3379370868206024,0.045829083770513535
True,False,False,False,481,19.239999771118164,0.29839757084846497,19.720510482788086,0.8468340635299683,167.88780212402344,8.725976943969727,0.3379370868206024,0.045829083770513535
True,False,False,False,481,19.239999771118164,0.29839757084846497,19.720510482788086,0.8468340635299683,167.88780212402344,8.725976943969727,0.3379370868206024,0.045829083770513535
True,False,False,False,481,19.239999771118164,0.29839757084846497,19.720510482788086,0.8468340635299683,167.88780212402344,8.725976943969727,0.3379370868206024,0.045829083770513535
True,False,False,False,481,19.239999771118164,0.29839757084846497,19.720510482788086,0.8468340635299683,167.88780212402344,8.725976943969727,0.3379370868206024,0.045829083770513535
True,False,False,False,481,19.239999771118164,0.29839757084846497,19.720510482788086,0.8468340635299683,167.88780212402344,8.725976943969727,0.3379370868206024,0.045829083770513535
True,False,False,False,481,19.239999771118164,0.29839757084846497,19.720510482788086,0.8468340635299683,167.88780212402344,8.725976943969727,0.3379370868206024,0.045829083770513535
True,False,False,False,481,19.239999771118164,0.29839757084846497,19.720510482788086,0.8468340635299683,167.88780212402344,8.725976943969727,0.3379370868206024,0.045829083770513535
True,False,False,False,481,19.239999771118164,0.29839757084846497,19.720510482788086,0.8468340635299683,167.88780212402344,8.725976943969727,0.3379370868206024,0.045829083770513535
True,False,False,False,481,19.239999771118164,0.29839757084846497,19.720510482788086,0.8468340635299683,167.88780212402344,8.725976943969727,0.3379370868206024,0.045829083770513535
True,False,False,False,481,19.239999771118164,0.29839757084846497,19.720510482788086,0.8468340635299683,167.88780212402344,8.725976943969727,0.3379370868206024,0.045829083770513535
True,False,False,False,481,19.239999771118164,0.29839757084846497,19.720510482788086,0.8468340635299683,167.88780212402344,8.725976943969727,0.3379370868206024,0.045829083770513535
True,False,False,False,481,19.239999771118164,0.29839757084846497,19.720510482788086,0.8468340635299683,167.88780212402344,8.725976943969727,0.3379370868206024,0.045829083770513535
True,False,False,False,481,19.239999771118164,0.29839757084846497,19.720510482788086,0.8468340635299683,167.88780212402344,8.725976943969727,0.3379370868206024,0.045829083770513535
True,False,False,False,481,19.239999771118164,0.29839757084846497,19.720510482788086,0.8468340635299683,167.88780212402344,8.725976943969727,0.3379370868206024,0.045829083770513535
True,False,False,False,481,19.239999771118164,0.29839757084846497,19.720510482788086,0.8468340635299683,167.88780212402344,8.725976943969727,0.3379370868206024,0.045829083770513535
True,False,False,False,481,19.239999771118164,0.29839757084846497,19.720510482788086,0.8468340635299683,167.88780212402344,8.725976943969727,0.3379370868206024,0.045829083770513535
True,False,False,False,481,19.239999771118164,0.29839757084846497,19.720510482788086,0.8468340635299683,167.88780212402344,8.725976943969727,0.3379370868206024,0.045829083770513535
True,False,False,False,481,19.239999771118164,0.29839757084846497,19.720510482788086,0.8468340635299683,167.88780212402344,8.725976943969727,0.3379370868206024,0.045829083770513535
True,False,False,False,481,19.239999771118164,0.29839757084846497,19.720510482788086,0.8468340635299683,167.88780212402344,8.725976943969727,0.3379370868206024,0.045829083770513535
True,False,False,False,481,19.239999771118164,0.29839757084846497,19.720510482788086,0.8468340635299683,167.88780212402344,8.725976943969727,0.3379370868206024,0.045829083770513535
True,False,False,False,481,19.239999771118164,0.29839757084846497,19.720510482788086,0.8468340635299683,167.88780212402344,8.725976943969727,0.3379370868206024,0.045829083770513535
True,False,False,False,481,19.239999771118164,0.29839757084846497,19.720510482788086,0.8468340635299683,167.88780212402344,8.725976943969727,0.3379370868206024,0.045829083770513535
True,False,False,False,481,19.239999771118164,0.29839757084846497,19.720510482788086,0.8468340635299683,167.88780212402344,8.725976943969727,0.3379370868206024,0.045829083770513535
True,False,False,False,481,19.239999771118164,0.29839757084846497,19.720510482788086,0.8468340635299683,167.88780212402344,8.725976943969727,0.3379370868206024,0.045829083770513535
True,False,False,False,481,19.239999771118164,0.29839757084846497,19.720510482788086,0.8468340635299683,167.88780212402344,8.725976943969727,0.3379370868206024,0.045829083770513535
True,False,False,False,481,19.239999771118164,0.29839757084846497,19.720510482788086,0.8468340635299683,167.88780212402344,8.725976943969727,0.3379370868206024,0.045829083770513535
True,False,False,False,481,19.239999771118164,0.29839757084846497,19.720510482788086,0.8468340635299683,167.88780212402344,8.725976943969727,0.3379370868206024,0.045829083770513535
True,False,False,False,481,19.239999771118164,0.29839757084846497,19.720510482788086,0.8468340635299683,167.88780212402344,8.725976943969727,0.3379370868206024,0.045829083770513535
True,False,False,False,481,19.239999771118164,0.29839757084846497,19.720510482788086,0.8468340635299683,167.88780212402344,8.725976943969727,0.3379370868206024,0.045829083770513535
True,False,False,False,481,19.239999771118164,0.29839757084846497,19.720510482788086,0.8468340635299683,167.88780212402344,8.725976943969727,0.3379370868206024,0.045829083770513535
True,False,False,False,481,19.239999771118164,0.29839757084846497,19.720510482788086,0.8468340635299683,167.88780212402344,8.725976943969727,0.3379370868206024,0.045829083770513535
True,False,False,False,481,19.239999771118164,0.29839757084846497,19.720510482788086,0.8468340635299683,167.88780212402344,8.725976943969727,0.3379370868206024,0.045829083770513535
True,False,False,False,481,19.239999771118164,0.29839757084846497,19.720510482788086,0.8468340635299683,167.88780212402344,8.725976943969727,0.3379370868206024,0.045829083770513535
True,False,False,False,481,19.239999771118164,0.29839757084846497,19.720510482788086,0.8468340635299683,167.88780212402344,8.725976943969727,0.3379370868206024,0.045829083770513535
True,False,False,False,481,19.239999771118164,0.29839757084846497,19.720510482788086,0.8468340635299683,167.88780212402344,8.725976943969727,0.3379370868206024,0.045829083770513535
True,False,False,False,481,19.239999771118164,0.29839757084846497,19.720510482788086,0.8468340635299683,167.88780212402344,8.725976943969727,0.3379370868206024,0.045829083770513535
True,False,False,False,481,19.239999771118164,0.29839757084846497,19.720510482788086,0.8468340635299683,167.88780212402344,8.725976943969727,0.3379370868206024,0.045829083770513535
True,False,False,False,481,19.239999771118164,0.29839757084846497,19.720510482788086,0.8468340635299683,167.88780212402344,8.725976943969727,0.3379370868206024,0.045829083770513535
True,False,False,False,481,19.239999771118164,0.29839757084846497,19.720510482788086,0.8468340635299683,167.88780212402344,8.725976943969727,0.3379370868206024,0.045829083770513535
True,False,False,False,481,19.239999771118164,0.29839757084846497,19.720510482788086,0.8468340635299683,167.88780212402344,8.725976943969727,0.3379370868206024,0.045829083770513535
True,False,False,False,481,19.239999771118164,0.29839757084846497,19.720510482788086,0.8468340635299683,167.88780212402344,8.725976943969727,0.3379370868206024,0.045829083770513535
True,False,False,False,481,19.239999771118164,0.29839757084846497,19.720510482788086,0.8468340635299683,167.88780212402344,8.725976943969727,0.3379370868206024,0.045829083770513535
True,False,False,False,481,19.239999771118164,0.29839757084846497,19.720510482788086,0.8468340635299683,167.88780212402344,8.725976943969727,0.3379370868206024,0.045829083770513535
True,False,False,False,481,19.239999771118164,0.29839757084846497,19.720510482788086,0.8468340635299683,167.88780212402344,8.725976943969727,0.3379370868206024,0.045829083770513535
True,False,False,False,481,19.239999771118164,0.29839757084846497,19.720510482788086,0.8468340635299683,167.88780212402344,8.725976943969727,0.3379370868206024,0.045829083770513535
True,False,False,False,481,19.239999771118164,0.29839757084846497,19.720510482788086,0.8468340635299683,167.88780212402344,8.725976943969727,0.3379370868206024,0.045829083770513535
True,False,False,False,481,19.239999771118164,0.29839757084846497,19.720510482788086,0.8468340635299683,167.88780212402344,8.725976943969727,0.3379370868206024,0.045829083770513535
True,False,False,False,481,19.239999771118164,0.29839757084846497,19.720510482788086,0.8468340635299683,167.88780212402344,8.725976943969727,0.3379370868206024,0.045829083770513535
True,False,False,False,481,19.239999771118164,0.29839757084846497,19.720510482788086,0.8468340635299683,167.88780212402344,8.725976943969727,0.3379370868206024,0.045829083770513535
True,False,False,False,481,19.239999771118164,0.29839757084846497,19.720510482788086,0.8468340635299683,167.88780212402344,8.725976943969727,0.3379370868206024,0.045829083770513535
True,False,False,False,481,19.239999771118164,0.29839757084846497,19.720510482788086,0.8468340635299683,167.88780212402344,8.725976943969727,0.3379370868206024,0.045829083770513535
True,False,False,False,481,19.239999771118164,0.29839757084846497,19.720510482788086,0.8468340635299683,167.88780212402344,8.725976943969727,0.3379370868206024,0.045829083770513535
True,False,False,False,481,19.239999771118164,0.29839757084846497,19.720510482788086,0.8468340635299683,167.88780212402344,8.725976943969727,0.3379370868206024,0.045829083770513535
True,False,False,False,481,19.239999771118164,0.29839757084846497,19.720510482788086,0.8468340635299683,167.88780212402344,8.725976943969727,0.3379370868206024,0.045829083770513535
True,False,False,False,481,19.239999771118164,0.29857200384140015,19.720487594604492,0.8468350768089294,165.05953979492188,8.578978538513184,0.3379739820957184,0.04582830145955086
True,False,False,False,481,19.239999771118164,0.29857200384140015,19.720487594604492,0.8468350768089294,165.05953979492188,8.578978538513184,0.3379739820957184,0.04582830145955086
True,False,False,False,481,19.239999771118164,0.29857200384140015,19.720487594604492,0.8468350768089294,165.05953979492188,8.578978538513184,0.3379739820957184,0.04582830145955086
True,False,False,False,481,19.239999771118164,0.29857200384140015,19.720487594604492,0.8468350768089294,165.05953979492188,8.578978538513184,0.3379739820957184,0.04582830145955086
True,False,False,False,481,19.239999771118164,0.29857200384140015,19.720487594604492,0.8468350768089294,165.05953979492188,8.578978538513184,0.3379739820957184,0.04582830145955086
True,False,False,False,481,19.239999771118164,0.29857200384140015,19.720487594604492,0.8468350768089294,165.05953979492188,8.578978538513184,0.3379739820957184,0.04582830145955086
True,False,False,False,481,19.239999771118164,0.29857200384140015,19.720487594604492,0.8468350768089294,165.05953979492188,8.578978538513184,0.3379739820957184,0.04582830145955086
True,False,False,False,481,19.239999771118164,0.29857200384140015,19.720487594604492,0.8468350768089294,165.05953979492188,8.578978538513184,0.3379739820957184,0.04582830145955086
True,False,False,False,481,19.239999771118164,0.29857200384140015,19.720487594604492,0.8468350768089294,165.05953979492188,8.578978538513184,0.3379739820957184,0.04582830145955086
True,False,False,False,481,19.239999771118164,0.29857200384140015,19.720487594604492,0.8468350768089294,165.05953979492188,8.578978538513184,0.3379739820957184,0.04582830145955086
True,False,False,False,481,19.239999771118164,0.29857200384140015,19.720487594604492,0.8468350768089294,165.05953979492188,8.578978538513184,0.3379739820957184,0.04582830145955086
True,False,False,False,481,19.239999771118164,0.29857200384140015,19.720487594604492,0.8468350768089294,165.05953979492188,8.578978538513184,0.3379739820957184,0.04582830145955086
True,False,False,False,481,19.239999771118164,0.29857200384140015,19.720487594604492,0.8468350768089294,165.05953979492188,8.578978538513184,0.3379739820957184,0.04582830145955086
True,False,False,False,481,19.239999771118164,0.29857200384140015,19.720487594604492,0.8468350768089294,165.05953979492188,8.578978538513184,0.3379739820957184,0.04582830145955086
True,False,False,False,481,19.239999771118164,0.29857200384140015,19.720487594604492,0.8468350768089294,165.05953979492188,8.578978538513184,0.3379739820957184,0.04582830145955086
True,False,False,False,481,19.239999771118164,0.29857200384140015,19.720487594604492,0.8468350768089294,165.05953979492188,8.578978538513184,0.3379739820957184,0.04582830145955086
True,False,False,False,481,19.239999771118164,0.29857200384140015,19.720487594604492,0.8468350768089294,165.05953979492188,8.578978538513184,0.3379739820957184,0.04582830145955086
True,False,False,False,481,19.239999771118164,0.29857200384140015,19.720487594604492,0.8468350768089294,165.05953979492188,8.578978538513184,0.3379739820957184,0.04582830145955086
True,False,False,False,481,19.239999771118164,0.29857200384140015,19.720487594604492,0.8468350768089294,165.05953979492188,8.578978538513184,0.3379739820957184,0.04582830145955086
True,False,False,False,481,19.239999771118164,0.29857200384140015,19.720487594604492,0.8468350768089294,165.05953979492188,8.578978538513184,0.3379739820957184,0.04582830145955086
True,False,False,False,481,19.239999771118164,0.29857200384140015,19.720487594604492,0.8468350768089294,165.05953979492188,8.578978538513184,0.3379739820957184,0.04582830145955086
True,False,False,False,481,19.239999771118164,0.29857200384140015,19.720487594604492,0.8468350768089294,165.05953979492188,8.578978538513184,0.3379739820957184,0.04582830145955086
True,False,False,False,481,19.239999771118164,0.29857200384140015,19.720487594604492,0.8468350768089294,165.05953979492188,8.578978538513184,0.3379739820957184,0.04582830145955086
True,False,False,False,481,19.239999771118164,0.29857200384140015,19.720487594604492,0.8468350768089294,165.05953979492188,8.578978538513184,0.3379739820957184,0.04582830145955086
True,False,False,False,481,19.239999771118164,0.29844120144844055,19.7205810546875,0.8468310832977295,165.0595245361328,8.578977584838867,0.3379635512828827,0.045828450471162796
True,False,False,False,481,19.239999771118164,0.29844120144844055,19.7205810546875,0.8468310832977295,165.0595245361328,8.578977584838867,0.3379635512828827,0.045828450471162796
True,False,False,False,481,19.239999771118164,0.29844120144844055,19.7205810546875,0.8468310832977295,165.0595245361328,8.578977584838867,0.3379635512828827,0.045828450471162796
True,False,False,False,481,19.239999771118164,0.29844120144844055,19.7205810546875,0.8468310832977295,165.0595245361328,8.578977584838867,0.3379635512828827,0.045828450471162796
True,False,False,False,481,19.239999771118164,0.29844120144844055,19.7205810546875,0.8468310832977295,165.0595245361328,8.578977584838867,0.3379635512828827,0.045828450471162796
True,False,False,False,481,19.239999771118164,0.29844120144844055,19.7205810546875,0.8468310832977295,165.0595245361328,8.578977584838867,0.3379635512828827,0.045828450471162796
True,False,False,False,481,19.239999771118164,0.29844120144844055,19.7205810546875,0.8468310832977295,165.0595245361328,8.578977584838867,0.3379635512828827,0.045828450471162796
True,False,False,False,481,19.239999771118164,0.29844120144844055,19.7205810546875,0.8468310832977295,165.0595245361328,8.578977584838867,0.3379635512828827,0.045828450471162796
True,False,False,False,481,19.239999771118164,0.29844120144844055,19.7205810546875,0.8468310832977295,165.0595245361328,8.578977584838867,0.3379635512828827,0.045828450471162796
True,False,False,False,481,19.239999771118164,0.29844120144844055,19.7205810546875,0.8468310832977295,165.0595245361328,8.578977584838867,0.3379635512828827,0.045828450471162796
True,False,False,False,481,19.239999771118164,0.29844120144844055,19.7205810546875,0.8468310832977295,165.0595245361328,8.578977584838867,0.3379635512828827,0.045828450471162796
True,False,False,False,481,19.239999771118164,0.29844120144844055,19.7205810546875,0.8468310832977295,165.0595245361328,8.578977584838867,0.3379635512828827,0.045828450471162796
True,False,False,False,481,19.239999771118164,0.29849934577941895,19.72052001953125,0.8468337059020996,165.05953979492188,8.578978538513184,0.3379751145839691,0.0458284392952919
True,False,False,False,481,19.239999771118164,0.29849934577941895,19.72052001953125,0.8468337059020996,165.05953979492188,8.578978538513184,0.3379751145839691,0.0458284392952919
True,False,False,False,481,19.239999771118164,0.29849934577941895,19.72052001953125,0.8468337059020996,165.05953979492188,8.578978538513184,0.3379751145839691,0.0458284392952919
True,False,False,False,481,19.239999771118164,0.29849934577941895,19.72052001953125,0.8468337059020996,165.05953979492188,8.578978538513184,0.3379751145839691,0.0458284392952919
True,False,False,False,481,19.239999771118164,0.29849934577941895,19.72052001953125,0.8468337059020996,165.05953979492188,8.578978538513184,0.3379751145839691,0.0458284392952919
True,False,False,False,481,19.239999771118164,0.29849934577941895,19.72052001953125,0.8468337059020996,165.05953979492188,8.578978538513184,0.3379751145839691,0.0458284392952919
True,False,False,False,481,19.239999771118164,0.29849934577941895,19.72052001953125,0.8468337059020996,165.05953979492188,8.578978538513184,0.3379751145839691,0.0458284392952919
True,False,False,False,481,19.239999771118164,0.29849934577941895,19.72052001953125,0.8468337059020996,165.05953979492188,8.578978538513184,0.3379751145839691,0.0458284392952919
True,False,False,False,481,19.239999771118164,0.29849934577941895,19.72052001953125,0.8468337059020996,165.05953979492188,8.578978538513184,0.3379751145839691,0.0458284392952919
True,False,False,False,481,19.239999771118164,0.29849934577941895,19.72052001953125,0.8468337059020996,165.05953979492188,8.578978538513184,0.3379751145839691,0.0458284392952919
True,False,False,False,481,19.239999771118164,0.29849934577941895,19.72052001953125,0.8468337059020996,165.05953979492188,8.578978538513184,0.3379751145839691,0.0458284392952919
True,False,False,False,481,19.239999771118164,0.29849934577941895,19.72052001953125,0.8468337059020996,165.05953979492188,8.578978538513184,0.3379751145839691,0.0458284392952919
True,False,False,False,481,19.239999771118164,0.29866284132003784,19.720369338989258,0.8468402028083801,165.05953979492188,8.578978538513184,0.33798179030418396,0.04582837224006653
True,False,False,False,481,19.239999771118164,0.29866284132003784,19.720369338989258,0.8468402028083801,165.05953979492188,8.578978538513184,0.33798179030418396,0.04582837224006653
True,False,False,False,481,19.239999771118164,0.29866284132003784,19.720369338989258,0.8468402028083801,165.05953979492188,8.578978538513184,0.33798179030418396,0.04582837224006653
True,False,False,False,481,19.239999771118164,0.29866284132003784,19.720369338989258,0.8468402028083801,165.05953979492188,8.578978538513184,0.33798179030418396,0.04582837224006653
True,False,False,False,481,19.239999771118164,0.29866284132003784,19.720369338989258,0.8468402028083801,165.05953979492188,8.578978538513184,0.33798179030418396,0.04582837224006653
True,False,False,False,481,19.239999771118164,0.29866284132003784,19.720369338989258,0.8468402028083801,165.05953979492188,8.578978538513184,0.33798179030418396,0.04582837224006653
True,False,False,False,481,19.239999771118164,0.29866284132003784,19.720369338989258,0.8468402028083801,165.05953979492188,8.578978538513184,0.33798179030418396,0.04582837224006653
True,False,False,False,481,19.239999771118164,0.29866284132003784,19.720369338989258,0.8468402028083801,165.05953979492188,8.578978538513184,0.33798179030418396,0.04582837224006653
True,False,False,False,481,19.239999771118164,0.29866284132003784,19.720369338989258,0.8468402028083801,165.05953979492188,8.578978538513184,0.33798179030418396,0.04582837224006653
True,False,False,False,481,19.239999771118164,0.29866284132003784,19.720369338989258,0.8468402028083801,165.05953979492188,8.578978538513184,0.33798179030418396,0.04582837224006653
True,False,False,False,481,19.239999771118164,0.29866284132003784,19.720369338989258,0.8468402028083801,165.05953979492188,8.578978538513184,0.33798179030418396,0.04582837224006653
True,False,False,False,481,19.239999771118164,0.29866284132003784,19.720369338989258,0.8468402028083801,165.05953979492188,8.578978538513184,0.33798179030418396,0.04582837224006653
True,False,False,False,481,19.239999771118164,0.29868283867836,19.7203369140625,0.84684157371521,165.05953979492188,8.578978538513184,0.3379811942577362,0.04582838714122772
True,False,False,False,481,19.239999771118164,0.29868283867836,19.7203369140625,0.84684157371521,165.05953979492188,8.578978538513184,0.3379811942577362,0.04582838714122772
True,False,False,False,481,19.239999771118164,0.29868283867836,19.7203369140625,0.84684157371521,165.05953979492188,8.578978538513184,0.3379811942577362,0.04582838714122772
True,False,False,False,481,19.239999771118164,0.29868283867836,19.7203369140625,0.84684157371521,165.05953979492188,8.578978538513184,0.3379811942577362,0.04582838714122772
True,False,False,False,481,19.239999771118164,0.29868283867836,19.7203369140625,0.84684157371521,165.05953979492188,8.578978538513184,0.3379811942577362,0.04582838714122772
True,False,False,False,481,19.239999771118164,0.29868283867836,19.7203369140625,0.84684157371521,165.05953979492188,8.578978538513184,0.3379811942577362,0.04582838714122772
True,False,False,False,481,19.239999771118164,0.29868283867836,19.7203369140625,0.84684157371521,165.05953979492188,8.578978538513184,0.3379811942577362,0.04582838714122772
True,False,False,False,481,19.239999771118164,0.29868283867836,19.7203369140625,0.84684157371521,165.05953979492188,8.578978538513184,0.3379811942577362,0.04582838714122772
True,False,False,False,481,19.239999771118164,0.29868283867836,19.7203369140625,0.84684157371521,165.05953979492188,8.578978538513184,0.3379811942577362,0.04582838714122772
True,False,False,False,481,19.239999771118164,0.29868283867836,19.7203369140625,0.84684157371521,165.05953979492188,8.578978538513184,0.3379811942577362,0.04582838714122772
True,False,False,False,481,19.239999771118164,0.29868283867836,19.7203369140625,0.84684157371521,165.05953979492188,8.578978538513184,0.3379811942577362,0.04582838714122772
True,False,False,False,481,19.239999771118164,0.29868283867836,19.7203369140625,0.84684157371521,165.05953979492188,8.578978538513184,0.3379811942577362,0.04582838714122772
True,False,False,False,481,19.239999771118164,0.29855385422706604,19.720470428466797,0.8468358516693115,165.0595245361328,8.578977584838867,0.3379739820957184,0.04582846164703369
True,False,False,False,481,19.239999771118164,0.29855385422706604,19.720470428466797,0.8468358516693115,165.0595245361328,8.578977584838867,0.3379739820957184,0.04582846164703369
True,False,False,False,481,19.239999771118164,0.29855385422706604,19.720470428466797,0.8468358516693115,165.0595245361328,8.578977584838867,0.3379739820957184,0.04582846164703369
True,False,False,False,481,19.239999771118164,0.29855385422706604,19.720470428466797,0.8468358516693115,165.0595245361328,8.578977584838867,0.3379739820957184,0.04582846164703369
True,False,False,False,481,19.239999771118164,0.29855385422706604,19.720470428466797,0.8468358516693115,165.0595245361328,8.578977584838867,0.3379739820957184,0.04582846164703369
True,False,False,False,481,19.239999771118164,0.29855385422706604,19.720470428466797,0.8468358516693115,165.0595245361328,8.578977584838867,0.3379739820957184,0.04582846164703369
True,False,False,False,481,19.239999771118164,0.29855385422706604,19.720470428466797,0.8468358516693115,165.0595245361328,8.578977584838867,0.3379739820957184,0.04582846164703369
True,False,False,False,481,19.239999771118164,0.29855385422706604,19.720470428466797,0.8468358516693115,165.0595245361328,8.578977584838867,0.3379739820957184,0.04582846164703369
True,False,False,False,481,19.239999771118164,0.29855385422706604,19.720470428466797,0.8468358516693115,165.0595245361328,8.578977584838867,0.3379739820957184,0.04582846164703369
True,False,False,False,481,19.239999771118164,0.29855385422706604,19.720470428466797,0.8468358516693115,165.0595245361328,8.578977584838867,0.3379739820957184,0.04582846164703369
True,False,False,False,481,19.239999771118164,0.29855385422706604,19.720470428466797,0.8468358516693115,165.0595245361328,8.578977584838867,0.3379739820957184,0.04582846164703369
True,False,False,False,481,19.239999771118164,0.29855385422706604,19.720470428466797,0.8468358516693115,165.0595245361328,8.578977584838867,0.3379739820957184,0.04582846164703369
True,False,False,False,481,19.239999771118164,0.29866284132003784,19.720434188842773,0.8468374013900757,165.05953979492188,8.578978538513184,0.3379882276058197,0.045828331261873245
True,False,False,False,481,19.239999771118164,0.29866284132003784,19.720434188842773,0.8468374013900757,165.05953979492188,8.578978538513184,0.3379882276058197,0.045828331261873245
True,False,False,False,481,19.239999771118164,0.29866284132003784,19.720434188842773,0.8468374013900757,165.05953979492188,8.578978538513184,0.3379882276058197,0.045828331261873245
True,False,False,False,481,19.239999771118164,0.29866284132003784,19.720434188842773,0.8468374013900757,165.05953979492188,8.578978538513184,0.3379882276058197,0.045828331261873245
True,False,False,False,481,19.239999771118164,0.29866284132003784,19.720434188842773,0.8468374013900757,165.05953979492188,8.578978538513184,0.3379882276058197,0.045828331261873245
True,False,False,False,481,19.239999771118164,0.29866284132003784,19.720434188842773,0.8468374013900757,165.05953979492188,8.578978538513184,0.3379882276058197,0.045828331261873245
True,False,False,False,481,19.239999771118164,0.29866284132003784,19.720434188842773,0.8468374013900757,165.05953979492188,8.578978538513184,0.3379882276058197,0.045828331261873245
True,False,False,False,481,19.239999771118164,0.29866284132003784,19.720434188842773,0.8468374013900757,165.05953979492188,8.578978538513184,0.3379882276058197,0.045828331261873245
True,False,False,False,481,19.239999771118164,0.29866284132003784,19.720434188842773,0.8468374013900757,165.05953979492188,8.578978538513184,0.3379882276058197,0.045828331261873245
True,False,False,False,481,19.239999771118164,0.29866284132003784,19.720434188842773,0.8468374013900757,165.05953979492188,8.578978538513184,0.3379882276058197,0.045828331261873245
True,False,False,False,481,19.239999771118164,0.29866284132003784,19.720434188842773,0.8468374013900757,165.05953979492188,8.578978538513184,0.3379882276058197,0.045828331261873245
True,False,False,False,481,19.239999771118164,0.29866284132003784,19.720434188842773,0.8468374013900757,165.05953979492188,8.578978538513184,0.3379882276058197,0.045828331261873245
True,False,False,False,481,19.239999771118164,0.29857200384140015,19.720487594604492,0.8468350768089294,165.05953979492188,8.578978538513184,0.3379739820957184,0.04582830145955086
True,False,False,False,481,19.239999771118164,0.29857200384140015,19.720487594604492,0.8468350768089294,165.05953979492188,8.578978538513184,0.3379739820957184,0.04582830145955086
True,False,False,False,481,19.239999771118164,0.29857200384140015,19.720487594604492,0.8468350768089294,165.05953979492188,8.578978538513184,0.3379739820957184,0.04582830145955086
True,False,False,False,481,19.239999771118164,0.29857200384140015,19.720487594604492,0.8468350768089294,165.05953979492188,8.578978538513184,0.3379739820957184,0.04582830145955086
True,False,False,False,481,19.239999771118164,0.29857200384140015,19.720487594604492,0.8468350768089294,165.05953979492188,8.578978538513184,0.3379739820957184,0.04582830145955086
True,False,False,False,481,19.239999771118164,0.29857200384140015,19.720487594604492,0.8468350768089294,165.05953979492188,8.578978538513184,0.3379739820957184,0.04582830145955086
True,False,False,False,481,19.239999771118164,0.29857200384140015,19.720487594604492,0.8468350768089294,165.05953979492188,8.578978538513184,0.3379739820957184,0.04582830145955086
True,False,False,False,481,19.239999771118164,0.29857200384140015,19.720487594604492,0.8468350768089294,165.05953979492188,8.578978538513184,0.3379739820957184,0.04582830145955086
True,False,False,False,481,19.239999771118164,0.29857200384140015,19.720487594604492,0.8468350768089294,165.05953979492188,8.578978538513184,0.3379739820957184,0.04582830145955086
True,False,False,False,481,19.239999771118164,0.29857200384140015,19.720487594604492,0.8468350768089294,165.05953979492188,8.578978538513184,0.3379739820957184,0.04582830145955086
True,False,False,False,481,19.239999771118164,0.29857200384140015,19.720487594604492,0.8468350768089294,165.05953979492188,8.578978538513184,0.3379739820957184,0.04582830145955086
True,False,False,False,481,19.239999771118164,0.29857200384140015,19.720487594604492,0.8468350768089294,165.05953979492188,8.578978538513184,0.3379739820957184,0.04582830145955086
True,False,False,False,481,19.239999771118164,0.29857200384140015,19.720487594604492,0.8468350768089294,165.05953979492188,8.578978538513184,0.3379739820957184,0.04582830145955086
True,False,False,False,481,19.239999771118164,0.29857200384140015,19.720487594604492,0.8468350768089294,165.05953979492188,8.578978538513184,0.3379739820957184,0.04582830145955086
True,False,False,False,481,19.239999771118164,0.29857200384140015,19.720487594604492,0.8468350768089294,165.05953979492188,8.578978538513184,0.3379739820957184,0.04582830145955086
True,False,False,False,481,19.239999771118164,0.29857200384140015,19.720487594604492,0.8468350768089294,165.05953979492188,8.578978538513184,0.3379739820957184,0.04582830145955086
True,False,False,False,481,19.239999771118164,0.29857200384140015,19.720487594604492,0.8468350768089294,165.05953979492188,8.578978538513184,0.3379739820957184,0.04582830145955086
True,False,False,False,481,19.239999771118164,0.29857200384140015,19.720487594604492,0.8468350768089294,165.05953979492188,8.578978538513184,0.3379739820957184,0.04582830145955086
True,False,False,False,481,19.239999771118164,0.29857200384140015,19.720487594604492,0.8468350768089294,165.05953979492188,8.578978538513184,0.3379739820957184,0.04582830145955086
True,False,False,False,481,19.239999771118164,0.29857200384140015,19.720487594604492,0.8468350768089294,165.05953979492188,8.578978538513184,0.3379739820957184,0.04582830145955086
True,False,False,False,481,19.239999771118164,0.29857200384140015,19.720487594604492,0.8468350768089294,165.05953979492188,8.578978538513184,0.3379739820957184,0.04582830145955086
True,False,False,False,481,19.239999771118164,0.29857200384140015,19.720487594604492,0.8468350768089294,165.05953979492188,8.578978538513184,0.3379739820957184,0.04582830145955086
True,False,False,False,481,19.239999771118164,0.29857200384140015,19.720487594604492,0.8468350768089294,165.05953979492188,8.578978538513184,0.3379739820957184,0.04582830145955086
True,False,False,False,481,19.239999771118164,0.29857200384140015,19.720487594604492,0.8468350768089294,165.05953979492188,8.578978538513184,0.3379739820957184,0.04582830145955086
True,False,False,False,481,19.239999771118164,0.29839757084846497,19.720510482788086,0.8468340635299683,167.88780212402344,8.725976943969727,0.3379370868206024,0.045829083770513535
True,False,False,False,481,19.239999771118164,0.29839757084846497,19.720510482788086,0.8468340635299683,167.88780212402344,8.725976943969727,0.3379370868206024,0.045829083770513535
True,False,False,False,481,19.239999771118164,0.29839757084846497,19.720510482788086,0.8468340635299683,167.88780212402344,8.725976943969727,0.3379370868206024,0.045829083770513535
True,False,False,False,481,19.239999771118164,0.29839757084846497,19.720510482788086,0.8468340635299683,167.88780212402344,8.725976943969727,0.3379370868206024,0.045829083770513535
True,False,False,False,481,19.239999771118164,0.29839757084846497,19.720510482788086,0.8468340635299683,167.88780212402344,8.725976943969727,0.3379370868206024,0.045829083770513535
True,False,False,False,481,19.239999771118164,0.29839757084846497,19.720510482788086,0.8468340635299683,167.88780212402344,8.725976943969727,0.3379370868206024,0.045829083770513535
True,False,False,False,481,19.239999771118164,0.29839757084846497,19.720510482788086,0.8468340635299683,167.88780212402344,8.725976943969727,0.3379370868206024,0.045829083770513535
True,False,False,False,481,19.239999771118164,0.29839757084846497,19.720510482788086,0.8468340635299683,167.88780212402344,8.725976943969727,0.3379370868206024,0.045829083770513535
True,False,False,False,481,19.239999771118164,0.29839757084846497,19.720510482788086,0.8468340635299683,167.88780212402344,8.725976943969727,0.3379370868206024,0.045829083770513535
True,False,False,False,481,19.239999771118164,0.29839757084846497,19.720510482788086,0.8468340635299683,167.88780212402344,8.725976943969727,0.3379370868206024,0.045829083770513535
True,False,False,False,481,19.239999771118164,0.29839757084846497,19.720510482788086,0.8468340635299683,167.88780212402344,8.725976943969727,0.3379370868206024,0.045829083770513535
True,False,False,False,481,19.239999771118164,0.29839757084846497,19.720510482788086,0.8468340635299683,167.88780212402344,8.725976943969727,0.3379370868206024,0.045829083770513535
True,False,False,False,481,19.239999771118164,0.29839757084846497,19.720510482788086,0.8468340635299683,167.88780212402344,8.725976943969727,0.3379370868206024,0.045829083770513535
True,False,False,False,481,19.239999771118164,0.29839757084846497,19.720510482788086,0.8468340635299683,167.88780212402344,8.725976943969727,0.3379370868206024,0.045829083770513535
True,False,False,False,481,19.239999771118164,0.29839757084846497,19.720510482788086,0.8468340635299683,167.88780212402344,8.725976943969727,0.3379370868206024,0.045829083770513535
True,False,False,False,481,19.239999771118164,0.29839757084846497,19.720510482788086,0.8468340635299683,167.88780212402344,8.725976943969727,0.3379370868206024,0.045829083770513535
True,False,False,False,481,19.239999771118164,0.29839757084846497,19.720510482788086,0.8468340635299683,167.88780212402344,8.725976943969727,0.3379370868206024,0.045829083770513535
True,False,False,False,481,19.239999771118164,0.29839757084846497,19.720510482788086,0.8468340635299683,167.88780212402344,8.725976943969727,0.3379370868206024,0.045829083770513535
True,False,False,False,481,19.239999771118164,0.29839757084846497,19.720510482788086,0.8468340635299683,167.88780212402344,8.725976943969727,0.3379370868206024,0.045829083770513535
True,False,False,False,481,19.239999771118164,0.29839757084846497,19.720510482788086,0.8468340635299683,167.88780212402344,8.725976943969727,0.3379370868206024,0.045829083770513535
True,False,False,False,481,19.239999771118164,0.29839757084846497,19.720510482788086,0.8468340635299683,167.88780212402344,8.725976943969727,0.3379370868206024,0.045829083770513535
True,False,False,False,481,19.239999771118164,0.29839757084846497,19.720510482788086,0.8468340635299683,167.88780212402344,8.725976943969727,0.3379370868206024,0.045829083770513535
True,False,False,False,481,19.239999771118164,0.29839757084846497,19.720510482788086,0.8468340635299683,167.88780212402344,8.725976943969727,0.3379370868206024,0.045829083770513535
True,False,False,False,481,19.239999771118164,0.29839757084846497,19.720510482788086,0.8468340635299683,167.88780212402344,8.725976943969727,0.3379370868206024,0.045829083770513535
True,False,False,False,481,19.239999771118164,0.29839757084846497,19.720510482788086,0.8468340635299683,167.88780212402344,8.725976943969727,0.3379370868206024,0.045829083770513535
True,False,False,False,481,19.239999771118164,0.29839757084846497,19.720510482788086,0.8468340635299683,167.88780212402344,8.725976943969727,0.3379370868206024,0.045829083770513535
True,False,False,False,481,19.239999771118164,0.29839757084846497,19.720510482788086,0.8468340635299683,167.88780212402344,8.725976943969727,0.3379370868206024,0.045829083770513535
True,False,False,False,481,19.239999771118164,0.29839757084846497,19.720510482788086,0.8468340635299683,167.88780212402344,8.725976943969727,0.3379370868206024,0.045829083770513535
True,False,False,False,481,19.239999771118164,0.29839757084846497,19.720510482788086,0.8468340635299683,167.88780212402344,8.725976943969727,0.3379370868206024,0.045829083770513535
True,False,False,False,481,19.239999771118164,0.29839757084846497,19.720510482788086,0.8468340635299683,167.88780212402344,8.725976943969727,0.3379370868206024,0.045829083770513535
True,False,False,False,481,19.239999771118164,0.29839757084846497,19.720510482788086,0.8468340635299683,167.88780212402344,8.725976943969727,0.3379370868206024,0.045829083770513535
True,False,False,False,481,19.239999771118164,0.29839757084846497,19.720510482788086,0.8468340635299683,167.88780212402344,8.725976943969727,0.3379370868206024,0.045829083770513535
True,False,False,False,481,19.239999771118164,0.29839757084846497,19.720510482788086,0.8468340635299683,167.88780212402344,8.725976943969727,0.3379370868206024,0.045829083770513535
True,False,False,False,481,19.239999771118164,0.29839757084846497,19.720510482788086,0.8468340635299683,167.88780212402344,8.725976943969727,0.3379370868206024,0.045829083770513535
True,False,False,False,481,19.239999771118164,0.29839757084846497,19.720510482788086,0.8468340635299683,167.88780212402344,8.725976943969727,0.3379370868206024,0.045829083770513535
True,False,False,False,481,19.239999771118164,0.29839757084846497,19.720510482788086,0.8468340635299683,167.88780212402344,8.725976943969727,0.3379370868206024,0.045829083770513535
True,False,False,False,481,19.239999771118164,0.29839757084846497,19.720510482788086,0.8468340635299683,167.88780212402344,8.725976943969727,0.3379370868206024,0.045829083770513535
True,False,False,False,481,19.239999771118164,0.29839757084846497,19.720510482788086,0.8468340635299683,167.88780212402344,8.725976943969727,0.3379370868206024,0.045829083770513535
True,False,False,False,481,19.239999771118164,0.29839757084846497,19.720510482788086,0.8468340635299683,167.88780212402344,8.725976943969727,0.3379370868206024,0.045829083770513535
True,False,False,False,481,19.239999771118164,0.29839757084846497,19.720510482788086,0.8468340635299683,167.88780212402344,8.725976943969727,0.3379370868206024,0.045829083770513535
True,False,False,False,481,19.239999771118164,0.29839757084846497,19.720510482788086,0.8468340635299683,167.88780212402344,8.725976943969727,0.3379370868206024,0.045829083770513535
True,False,False,False,481,19.239999771118164,0.29839757084846497,19.720510482788086,0.8468340635299683,167.88780212402344,8.725976943969727,0.3379370868206024,0.045829083770513535
True,False,False,False,481,19.239999771118164,0.29839757084846497,19.720510482788086,0.8468340635299683,167.88780212402344,8.725976943969727,0.3379370868206024,0.045829083770513535
True,False,False,False,481,19.239999771118164,0.29839757084846497,19.720510482788086,0.8468340635299683,167.88780212402344,8.725976943969727,0.3379370868206024,0.045829083770513535
True,False,False,False,481,19.239999771118164,0.29839757084846497,19.720510482788086,0.8468340635299683,167.88780212402344,8.725976943969727,0.3379370868206024,0.045829083770513535
True,False,False,False,481,19.239999771118164,0.29839757084846497,19.720510482788086,0.8468340635299683,167.88780212402344,8.725976943969727,0.3379370868206024,0.045829083770513535
True,False,False,False,481,19.239999771118164,0.29839757084846497,19.720510482788086,0.8468340635299683,167.88780212402344,8.725976943969727,0.3379370868206024,0.045829083770513535
True,False,False,False,481,19.239999771118164,0.29839757084846497,19.720510482788086,0.8468340635299683,167.88780212402344,8.725976943969727,0.3379370868206024,0.045829083770513535
True,False,False,False,481,19.239999771118164,0.29839757084846497,19.720510482788086,0.8468340635299683,167.88780212402344,8.725976943969727,0.3379370868206024,0.045829083770513535
True,False,False,False,481,19.239999771118164,0.29839757084846497,19.720510482788086,0.8468340635299683,167.88780212402344,8.725976943969727,0.3379370868206024,0.045829083770513535
True,False,False,False,481,19.239999771118164,0.29839757084846497,19.720510482788086,0.8468340635299683,167.88780212402344,8.725976943969727,0.3379370868206024,0.045829083770513535
True,False,False,False,481,19.239999771118164,0.29839757084846497,19.720510482788086,0.8468340635299683,167.88780212402344,8.725976943969727,0.3379370868206024,0.045829083770513535
True,False,False,False,481,19.239999771118164,0.29839757084846497,19.720510482788086,0.8468340635299683,167.88780212402344,8.725976943969727,0.3379370868206024,0.045829083770513535
True,False,False,False,481,19.239999771118164,0.29839757084846497,19.720510482788086,0.8468340635299683,167.88780212402344,8.725976943969727,0.3379370868206024,0.045829083770513535
True,False,False,False,481,19.239999771118164,0.29839757084846497,19.720510482788086,0.8468340635299683,167.88780212402344,8.725976943969727,0.3379370868206024,0.045829083770513535
True,False,False,False,481,19.239999771118164,0.29839757084846497,19.720510482788086,0.8468340635299683,167.88780212402344,8.725976943969727,0.3379370868206024,0.045829083770513535
True,False,False,False,481,19.239999771118164,0.29839757084846497,19.720510482788086,0.8468340635299683,167.88780212402344,8.725976943969727,0.3379370868206024,0.045829083770513535
True,False,False,False,481,19.239999771118164,0.29839757084846497,19.720510482788086,0.8468340635299683,167.88780212402344,8.725976943969727,0.3379370868206024,0.045829083770513535
True,False,False,False,481,19.239999771118164,0.29839757084846497,19.720510482788086,0.8468340635299683,167.88780212402344,8.725976943969727,0.3379370868206024,0.045829083770513535
True,False,False,False,481,19.239999771118164,0.29839757084846497,19.720510482788086,0.8468340635299683,167.88780212402344,8.725976943969727,0.3379370868206024,0.045829083770513535
True,False,False,False,481,19.239999771118164,0.2999532222747803,19.719192504882812,0.8468906879425049,167.88778686523438,8.725976943969727,0.33802530169487,0.045829616487026215
True,False,False,False,481,19.239999771118164,0.2999532222747803,19.719192504882812,0.8468906879425049,167.88778686523438,8.725976943969727,0.33802530169487,0.045829616487026215
True,False,False,False,481,19.239999771118164,0.2999532222747803,19.719192504882812,0.8468906879425049,167.88778686523438,8.725976943969727,0.33802530169487,0.045829616487026215
True,False,False,False,481,19.239999771118164,0.2999532222747803,19.719192504882812,0.8468906879425049,167.88778686523438,8.725976943969727,0.33802530169487,0.045829616487026215
True,False,False,False,481,19.239999771118164,0.2999532222747803,19.719192504882812,0.8468906879425049,167.88778686523438,8.725976943969727,0.33802530169487,0.045829616487026215
True,False,False,False,481,19.239999771118164,0.2999532222747803,19.719192504882812,0.8468906879425049,167.88778686523438,8.725976943969727,0.33802530169487,0.045829616487026215
True,False,False,False,481,19.239999771118164,0.2999532222747803,19.719192504882812,0.8468906879425049,167.88778686523438,8.725976943969727,0.33802530169487,0.045829616487026215
True,False,False,False,481,19.239999771118164,0.2999532222747803,19.719192504882812,0.8468906879425049,167.88778686523438,8.725976943969727,0.33802530169487,0.045829616487026215
True,False,False,False,481,19.239999771118164,0.2999532222747803,19.719192504882812,0.8468906879425049,167.88778686523438,8.725976943969727,0.33802530169487,0.045829616487026215
True,False,False,False,481,19.239999771118164,0.2999532222747803,19.719192504882812,0.8468906879425049,167.88778686523438,8.725976943969727,0.33802530169487,0.045829616487026215
True,False,False,False,481,19.239999771118164,0.2999532222747803,19.719192504882812,0.8468906879425049,167.88778686523438,8.725976943969727,0.33802530169487,0.045829616487026215
True,False,False,False,481,19.239999771118164,0.2999532222747803,19.719192504882812,0.8468906879425049,167.88778686523438,8.725976943969727,0.33802530169487,0.045829616487026215
True,False,False,False,481,19.239999771118164,0.29996776580810547,19.719179153442383,0.8468912839889526,167.88778686523438,8.725976943969727,0.33802530169487,0.045829616487026215
True,False,False,False,481,19.239999771118164,0.29996776580810547,19.719179153442383,0.8468912839889526,167.88778686523438,8.725976943969727,0.33802530169487,0.045829616487026215
True,False,False,False,481,19.239999771118164,0.29996776580810547,19.719179153442383,0.8468912839889526,167.88778686523438,8.725976943969727,0.33802530169487,0.045829616487026215
True,False,False,False,481,19.239999771118164,0.29996776580810547,19.719179153442383,0.8468912839889526,167.88778686523438,8.725976943969727,0.33802530169487,0.045829616487026215
True,False,False,False,481,19.239999771118164,0.29996776580810547,19.719179153442383,0.8468912839889526,167.88778686523438,8.725976943969727,0.33802530169487,0.045829616487026215
True,False,False,False,481,19.239999771118164,0.29996776580810547,19.719179153442383,0.8468912839889526,167.88778686523438,8.725976943969727,0.33802530169487,0.045829616487026215
True,False,False,False,481,19.239999771118164,0.29996776580810547,19.719179153442383,0.8468912839889526,167.88778686523438,8.725976943969727,0.33802530169487,0.045829616487026215
True,False,False,False,481,19.239999771118164,0.29996776580810547,19.719179153442383,0.8468912839889526,167.88778686523438,8.725976943969727,0.33802530169487,0.045829616487026215
True,False,False,False,481,19.239999771118164,0.29996776580810547,19.719179153442383,0.8468912839889526,167.88778686523438,8.725976943969727,0.33802530169487,0.045829616487026215
True,False,False,False,481,19.239999771118164,0.29996776580810547,19.719179153442383,0.8468912839889526,167.88778686523438,8.725976943969727,0.33802530169487,0.045829616487026215
True,False,False,False,481,19.239999771118164,0.29996776580810547,19.719179153442383,0.8468912839889526,167.88778686523438,8.725976943969727,0.33802530169487,0.045829616487026215
True,False,False,False,481,19.239999771118164,0.29996776580810547,19.719179153442383,0.8468912839889526,167.88778686523438,8.725976943969727,0.33802530169487,0.045829616487026215
True,False,False,False,481,19.239999771118164,0.29996776580810547,19.719179153442383,0.8468912839889526,167.88778686523438,8.725976943969727,0.33802530169487,0.045829616487026215
True,False,False,False,481,19.239999771118164,0.29996776580810547,19.719179153442383,0.8468912839889526,167.88778686523438,8.725976943969727,0.33802530169487,0.045829616487026215
True,False,False,False,481,19.239999771118164,0.29996776580810547,19.719179153442383,0.8468912839889526,167.88778686523438,8.725976943969727,0.33802530169487,0.045829616487026215
True,False,False,False,481,19.239999771118164,0.29996776580810547,19.719179153442383,0.8468912839889526,167.88778686523438,8.725976943969727,0.33802530169487,0.045829616487026215
True,False,False,False,481,19.239999771118164,0.29996776580810547,19.719179153442383,0.8468912839889526,167.88778686523438,8.725976943969727,0.33802530169487,0.045829616487026215
True,False,False,False,481,19.239999771118164,0.29996776580810547,19.719179153442383,0.8468912839889526,167.88778686523438,8.725976943969727,0.33802530169487,0.045829616487026215
True,False,False,False,481,19.239999771118164,0.29996776580810547,19.719179153442383,0.8468912839889526,167.88778686523438,8.725976943969727,0.33802530169487,0.045829616487026215
True,False,False,False,481,19.239999771118164,0.29996776580810547,19.719179153442383,0.8468912839889526,167.88778686523438,8.725976943969727,0.33802530169487,0.045829616487026215
True,False,False,False,481,19.239999771118164,0.29996776580810547,19.719179153442383,0.8468912839889526,167.88778686523438,8.725976943969727,0.33802530169487,0.045829616487026215
True,False,False,False,481,19.239999771118164,0.29996776580810547,19.719179153442383,0.8468912839889526,167.88778686523438,8.725976943969727,0.33802530169487,0.045829616487026215
True,False,False,False,481,19.239999771118164,0.29996776580810547,19.719179153442383,0.8468912839889526,167.88778686523438,8.725976943969727,0.33802530169487,0.045829616487026215
True,False,False,False,481,19.239999771118164,0.29996776580810547,19.719179153442383,0.8468912839889526,167.88778686523438,8.725976943969727,0.33802530169487,0.045829616487026215
True,False,False,False,481,19.239999771118164,0.29996776580810547,19.719179153442383,0.8468912839889526,167.88778686523438,8.725976943969727,0.33802530169487,0.045829616487026215
True,False,False,False,481,19.239999771118164,0.29996776580810547,19.719179153442383,0.8468912839889526,167.88778686523438,8.725976943969727,0.33802530169487,0.045829616487026215
True,False,False,False,481,19.239999771118164,0.29996776580810547,19.719179153442383,0.8468912839889526,167.88778686523438,8.725976943969727,0.33802530169487,0.045829616487026215
True,False,False,False,481,19.239999771118164,0.29996776580810547,19.719179153442383,0.8468912839889526,167.88778686523438,8.725976943969727,0.33802530169487,0.045829616487026215
True,False,False,False,481,19.239999771118164,0.29996776580810547,19.719179153442383,0.8468912839889526,167.88778686523438,8.725976943969727,0.33802530169487,0.045829616487026215
True,False,False,False,481,19.239999771118164,0.29996776580810547,19.719179153442383,0.8468912839889526,167.88778686523438,8.725976943969727,0.33802530169487,0.045829616487026215
True,False,False,False,481,19.239999771118164,0.29996776580810547,19.719179153442383,0.8468912839889526,167.88778686523438,8.725976943969727,0.33802530169487,0.045829616487026215
True,False,False,False,481,19.239999771118164,0.29996776580810547,19.719179153442383,0.8468912839889526,167.88778686523438,8.725976943969727,0.33802530169487,0.045829616487026215
True,False,False,False,481,19.239999771118164,0.29996776580810547,19.719179153442383,0.8468912839889526,167.88778686523438,8.725976943969727,0.33802530169487,0.045829616487026215
True,False,False,False,481,19.239999771118164,0.29996776580810547,19.719179153442383,0.8468912839889526,167.88778686523438,8.725976943969727,0.33802530169487,0.045829616487026215
True,False,False,False,481,19.239999771118164,0.29996776580810547,19.719179153442383,0.8468912839889526,167.88778686523438,8.725976943969727,0.33802530169487,0.045829616487026215
True,False,False,False,481,19.239999771118164,0.29996776580810547,19.719179153442383,0.8468912839889526,167.88778686523438,8.725976943969727,0.33802530169487,0.045829616487026215
True,False,False,False,481,19.239999771118164,0.29996776580810547,19.719179153442383,0.8468912839889526,167.88778686523438,8.725976943969727,0.33802530169487,0.045829616487026215
True,False,False,False,481,19.239999771118164,0.29996776580810547,19.719179153442383,0.8468912839889526,167.88778686523438,8.725976943969727,0.33802530169487,0.045829616487026215
True,False,False,False,481,19.239999771118164,0.29996776580810547,19.719179153442383,0.8468912839889526,167.88778686523438,8.725976943969727,0.33802530169487,0.045829616487026215
True,False,False,False,481,19.239999771118164,0.29996776580810547,19.719179153442383,0.8468912839889526,167.88778686523438,8.725976943969727,0.33802530169487,0.045829616487026215
True,False,False,False,481,19.239999771118164,0.29996776580810547,19.719179153442383,0.8468912839889526,167.88778686523438,8.725976943969727,0.33802530169487,0.045829616487026215
True,False,False,False,481,19.239999771118164,0.29996776580810547,19.719179153442383,0.8468912839889526,167.88778686523438,8.725976943969727,0.33802530169487,0.045829616487026215
True,False,False,False,481,19.239999771118164,0.29996776580810547,19.719179153442383,0.8468912839889526,167.88778686523438,8.725976943969727,0.33802530169487,0.045829616487026215
True,False,False,False,481,19.239999771118164,0.29996776580810547,19.719179153442383,0.8468912839889526,167.88778686523438,8.725976943969727,0.33802530169487,0.045829616487026215
True,False,False,False,481,19.239999771118164,0.29996776580810547,19.719179153442383,0.8468912839889526,167.88778686523438,8.725976943969727,0.33802530169487,0.045829616487026215
True,False,False,False,481,19.239999771118164,0.29996776580810547,19.719179153442383,0.8468912839889526,167.88778686523438,8.725976943969727,0.33802530169487,0.045829616487026215
True,False,False,False,481,19.239999771118164,0.29996776580810547,19.719179153442383,0.8468912839889526,167.88778686523438,8.725976943969727,0.33802530169487,0.045829616487026215
True,False,False,False,481,19.239999771118164,0.29996776580810547,19.719179153442383,0.8468912839889526,167.88778686523438,8.725976943969727,0.33802530169487,0.045829616487026215
True,False,False,False,481,19.239999771118164,0.29996776580810547,19.719179153442383,0.8468912839889526,167.88778686523438,8.725976943969727,0.33802530169487,0.045829616487026215
True,False,False,False,481,19.239999771118164,0.29996776580810547,19.719179153442383,0.8468912839889526,167.88778686523438,8.725976943969727,0.33802530169487,0.045829616487026215
True,False,False,False,481,19.239999771118164,0.29996776580810547,19.719179153442383,0.8468912839889526,167.88778686523438,8.725976943969727,0.33802530169487,0.045829616487026215
True,False,False,False,481,19.239999771118164,0.29996776580810547,19.719179153442383,0.8468912839889526,167.88778686523438,8.725976943969727,0.33802530169487,0.045829616487026215
True,False,False,False,481,19.239999771118164,0.29996776580810547,19.719179153442383,0.8468912839889526,167.88778686523438,8.725976943969727,0.33802530169487,0.045829616487026215
True,False,False,False,481,19.239999771118164,0.29996776580810547,19.719179153442383,0.8468912839889526,167.88778686523438,8.725976943969727,0.33802530169487,0.045829616487026215
True,False,False,False,481,19.239999771118164,0.29996776580810547,19.719179153442383,0.8468912839889526,167.88778686523438,8.725976943969727,0.33802530169487,0.045829616487026215
True,False,False,False,481,19.239999771118164,0.29996776580810547,19.719179153442383,0.8468912839889526,167.88778686523438,8.725976943969727,0.33802530169487,0.045829616487026215
True,False,False,False,481,19.239999771118164,0.29996776580810547,19.719179153442383,0.8468912839889526,167.88778686523438,8.725976943969727,0.33802530169487,0.045829616487026215
True,False,False,False,481,19.239999771118164,0.29996776580810547,19.719179153442383,0.8468912839889526,167.88778686523438,8.725976943969727,0.33802530169487,0.045829616487026215
True,False,False,False,481,19.239999771118164,0.29996776580810547,19.719179153442383,0.8468912839889526,167.88778686523438,8.725976943969727,0.33802530169487,0.045829616487026215
True,False,False,False,481,19.239999771118164,0.29996776580810547,19.719179153442383,0.8468912839889526,167.88778686523438,8.725976943969727,0.33802530169487,0.045829616487026215
