goal_reached,collision,out_of_bounds,time_out,episode_steps,duration_s,final_distance_to_goal_m,path_length_m,trajectory_efficiency,command_variation_mps,command_variation_rate_mps2,min_clearance_m,mean_residual_mps
True,False,False,False,312,12.479999542236328,0.2639133036136627,17.49991798400879,0.9542902708053589,27.35980224609375,2.1922919750213623,0.34575197100639343,0.5255333781242371
True,False,False,False,312,12.479999542236328,0.2639133036136627,17.49991798400879,0.9542902708053589,27.35980224609375,2.1922919750213623,0.34575197100639343,0.5255333781242371
True,False,False,False,312,12.479999542236328,0.2639133036136627,17.49991798400879,0.9542902708053589,27.35980224609375,2.1922919750213623,0.34575197100639343,0.5255333781242371
True,False,False,False,312,12.479999542236328,0.2639133036136627,17.49991798400879,0.9542902708053589,27.35980224609375,2.1922919750213623,0.34575197100639343,0.5255333781242371
True,False,False,False,312,12.479999542236328,0.2639133036136627,17.49991798400879,0.9542902708053589,27.35980224609375,2.1922919750213623,0.34575197100639343,0.5255333781242371
True,False,False,False,312,12.479999542236328,0.2639133036136627,17.49991798400879,0.9542902708053589,27.35980224609375,2.1922919750213623,0.34575197100639343,0.5255333781242371
True,False,False,False,312,12.479999542236328,0.2640734910964966,17.4996337890625,0.9543057084083557,27.359813690185547,2.1922929286956787,0.34556886553764343,0.5255375504493713
True,False,False,False,312,12.479999542236328,0.2640734910964966,17.4996337890625,0.9543057084083557,27.359813690185547,2.1922929286956787,0.34556886553764343,0.5255375504493713
True,False,False,False,312,12.479999542236328,0.2640734910964966,17.4996337890625,0.9543057084083557,27.359813690185547,2.1922929286956787,0.34556886553764343,0.5255375504493713
True,False,False,False,312,12.479999542236328,0.2640734910964966,17.4996337890625,0.9543057084083557,27.359813690185547,2.1922929286956787,0.34556886553764343,0.5255375504493713
True,False,False,False,312,12.479999542236328,0.2640734910964966,17.4996337890625,0.9543057084083557,27.359813690185547,2.1922929286956787,0.34556886553764343,0.5255375504493713
True,False,False,False,312,12.479999542236328,0.2642338275909424,17.499713897705078,0.9543013572692871,27.35983657836914,2.1922945976257324,0.34562990069389343,0.5255414843559265
True,False,False,False,312,12.479999542236328,0.2642338275909424,17.499713897705078,0.9543013572692871,27.35983657836914,2.1922945976257324,0.34562990069389343,0.5255414843559265
True,False,False,False,312,12.479999542236328,0.26427391171455383,17.499731063842773,0.9543004631996155,27.35984992980957,2.192295789718628,0.34561464190483093,0.5255409479141235
True,False,False,False,312,12.479999542236328,0.26427391171455383,17.499731063842773,0.9543004631996155,27.35984992980957,2.192295789718628,0.34561464190483093,0.5255409479141235
True,False,False,False,312,12.479999542236328,0.264303982257843,17.499725341796875,0.9543007612228394,27.3598575592041,2.192296266555786,0.34566041827201843,0.5255420804023743
True,False,False,False,312,12.479999542236328,0.264303982257843,17.499725341796875,0.9543007612228394,27.3598575592041,2.192296266555786,0.34566041827201843,0.5255420804023743
True,False,False,False,312,12.479999542236328,0.26427391171455383,17.499731063842773,0.9543004631996155,27.35984992980957,2.192295789718628,0.34561464190483093,0.5255409479141235
True,False,False,False,312,12.479999542236328,0.26427391171455383,17.499731063842773,0.9543004631996155,27.35984992980957,2.192295789718628,0.34561464190483093,0.5255409479141235
True,False,False,False,312,12.479999542236328,0.2642338275909424,17.499713897705078,0.9543013572692871,27.35983657836914,2.1922945976257324,0.34562990069389343,0.5255414843559265
True,False,False,False,312,12.479999542236328,0.2642338275909424,17.499713897705078,0.9543013572692871,27.35983657836914,2.1922945976257324,0.34562990069389343,0.5255414843559265
True,False,False,False,312,12.479999542236328,0.2640734910964966,17.4996337890625,0.9543057084083557,27.359813690185547,2.1922929286956787,0.34556886553764343,0.5255375504493713
True,False,False,False,312,12.479999542236328,0.2640734910964966,17.4996337890625,0.9543057084083557,27.359813690185547,2.1922929286956787,0.34556886553764343,0.5255375504493713
True,False,False,False,312,12.479999542236328,0.2640734910964966,17.4996337890625,0.9543057084083557,27.359813690185547,2.1922929286956787,0.34556886553764343,0.5255375504493713
True,False,False,False,312,12.479999542236328,0.2640734910964966,17.4996337890625,0.9543057084083557,27.359813690185547,2.1922929286956787,0.34556886553764343,0.5255375504493713
True,False,False,False,312,12.479999542236328,0.2640734910964966,17.4996337890625,0.9543057084083557,27.359813690185547,2.1922929286956787,0.34556886553764343,0.5255375504493713
True,False,False,False,312,12.479999542236328,0.2639133036136627,17.49991798400879,0.9542902708053589,27.35980224609375,2.1922919750213623,0.34575197100639343,0.5255333781242371
True,False,False,False,312,12.479999542236328,0.2639133036136627,17.49991798400879,0.9542902708053589,27.35980224609375,2.1922919750213623,0.34575197100639343,0.5255333781242371
True,False,False,False,312,12.479999542236328,0.2639133036136627,17.49991798400879,0.9542902708053589,27.35980224609375,2.1922919750213623,0.34575197100639343,0.5255333781242371
True,False,False,False,312,12.479999542236328,0.2639133036136627,17.49991798400879,0.9542902708053589,27.35980224609375,2.1922919750213623,0.34575197100639343,0.5255333781242371
True,False,False,False,312,12.479999542236328,0.2639133036136627,17.49991798400879,0.9542902708053589,27.35980224609375,2.1922919750213623,0.34575197100639343,0.5255333781242371
True,False,False,False,312,12.479999542236328,0.2639133036136627,17.49991798400879,0.9542902708053589,27.35980224609375,2.1922919750213623,0.34575197100639343,0.5255333781242371
True,False,False,False,312,12.479999542236328,0.2639133036136627,17.49991798400879,0.9542902708053589,27.35980224609375,2.1922919750213623,0.34575197100639343,0.5255333781242371
True,False,False,False,312,12.479999542236328,0.2639133036136627,17.49991798400879,0.9542902708053589,27.35980224609375,2.1922919750213623,0.34575197100639343,0.5255333781242371
True,False,False,False,312,12.479999542236328,0.2639133036136627,17.49991798400879,0.9542902708053589,27.35980224609375,2.1922919750213623,0.34575197100639343,0.5255333781242371
True,False,False,False,312,12.479999542236328,0.2639133036136627,17.49991798400879,0.9542902708053589,27.35980224609375,2.1922919750213623,0.34575197100639343,0.5255333781242371
True,False,False,False,312,12.479999542236328,0.2639133036136627,17.49991798400879,0.9542902708053589,27.35980224609375,2.1922919750213623,0.34575197100639343,0.5255333781242371
True,False,False,False,312,12.479999542236328,0.2639133036136627,17.49991798400879,0.9542902708053589,27.35980224609375,2.1922919750213623,0.34575197100639343,0.5255333781242371
True,False,False,False,312,12.479999542236328,0.2640734910964966,17.4996337890625,0.9543057084083557,27.359813690185547,2.1922929286956787,0.34556886553764343,0.5255375504493713
True,False,False,False,312,12.479999542236328,0.2640734910964966,17.4996337890625,0.9543057084083557,27.359813690185547,2.1922929286956787,0.34556886553764343,0.5255375504493713
True,False,False,False,312,12.479999542236328,0.2640734910964966,17.4996337890625,0.9543057084083557,27.359813690185547,2.1922929286956787,0.34556886553764343,0.5255375504493713
True,False,False,False,312,12.479999542236328,0.2640734910964966,17.4996337890625,0.9543057084083557,27.359813690185547,2.1922929286956787,0.34556886553764343,0.5255375504493713
True,False,False,False,312,12.479999542236328,0.2640734910964966,17.4996337890625,0.9543057084083557,27.359813690185547,2.1922929286956787,0.34556886553764343,0.5255375504493713
True,False,False,False,312,12.479999542236328,0.2642338275909424,17.499713897705078,0.9543013572692871,27.35983657836914,2.1922945976257324,0.34562990069389343,0.5255414843559265
True,False,False,False,312,12.479999542236328,0.2642338275909424,17.499713897705078,0.9543013572692871,27.35983657836914,2.1922945976257324,0.34562990069389343,0.5255414843559265
True,False,False,False,312,12.479999542236328,0.26427391171455383,17.499731063842773,0.9543004631996155,27.35984992980957,2.192295789718628,0.34561464190483093,0.5255409479141235
True,False,False,False,312,12.479999542236328,0.26427391171455383,17.499731063842773,0.9543004631996155,27.35984992980957,2.192295789718628,0.34561464190483093,0.5255409479141235
True,False,False,False,312,12.479999542236328,0.264303982257843,17.499725341796875,0.9543007612228394,27.3598575592041,2.192296266555786,0.34566041827201843,0.5255420804023743
True,False,False,False,312,12.479999542236328,0.264303982257843,17.499725341796875,0.9543007612228394,27.3598575592041,2.192296266555786,0.34566041827201843,0.5255420804023743
True,False,False,False,312,12.479999542236328,0.26427391171455383,17.499731063842773,0.9543004631996155,27.35984992980957,2.192295789718628,0.34561464190483093,0.5255409479141235
True,False,False,False,312,12.479999542236328,0.26427391171455383,17.499731063842773,0.9543004631996155,27.35984992980957,2.192295789718628,0.34561464190483093,0.5255409479141235
True,False,False,False,312,12.479999542236328,0.2642338275909424,17.499713897705078,0.9543013572692871,27.35983657836914,2.1922945976257324,0.34562990069389343,0.5255414843559265
True,False,False,False,312,12.479999542236328,0.2642338275909424,17.499713897705078,0.9543013572692871,27.35983657836914,2.1922945976257324,0.34562990069389343,0.5255414843559265
True,False,False,False,312,12.479999542236328,0.2640734910964966,17.4996337890625,0.9543057084083557,27.359813690185547,2.1922929286956787,0.34556886553764343,0.5255375504493713
True,False,False,False,312,12.479999542236328,0.2640734910964966,17.4996337890625,0.9543057084083557,27.359813690185547,2.1922929286956787,0.34556886553764343,0.5255375504493713
True,False,False,False,312,12.479999542236328,0.2640734910964966,17.4996337890625,0.9543057084083557,27.359813690185547,2.1922929286956787,0.34556886553764343,0.5255375504493713
True,False,False,False,312,12.479999542236328,0.2640734910964966,17.4996337890625,0.9543057084083557,27.359813690185547,2.1922929286956787,0.34556886553764343,0.5255375504493713
True,False,False,False,312,12.479999542236328,0.2640734910964966,17.4996337890625,0.9543057084083557,27.359813690185547,2.1922929286956787,0.34556886553764343,0.5255375504493713
True,False,False,False,312,12.479999542236328,0.2639133036136627,17.49991798400879,0.9542902708053589,27.35980224609375,2.1922919750213623,0.34575197100639343,0.5255333781242371
True,False,False,False,312,12.479999542236328,0.2639133036136627,17.49991798400879,0.9542902708053589,27.35980224609375,2.1922919750213623,0.34575197100639343,0.5255333781242371
True,False,False,False,312,12.479999542236328,0.2639133036136627,17.49991798400879,0.9542902708053589,27.35980224609375,2.1922919750213623,0.34575197100639343,0.5255333781242371
True,False,False,False,312,12.479999542236328,0.2639133036136627,17.49991798400879,0.9542902708053589,27.35980224609375,2.1922919750213623,0.34575197100639343,0.5255333781242371
True,False,False,False,312,12.479999542236328,0.2639133036136627,17.49991798400879,0.9542902708053589,27.35980224609375,2.1922919750213623,0.34575197100639343,0.5255333781242371
True,False,False,False,312,12.479999542236328,0.2639133036136627,17.49991798400879,0.9542902708053589,27.35980224609375,2.1922919750213623,0.34575197100639343,0.5255333781242371
True,False,False,False,312,12.479999542236328,0.2639133036136627,17.49991798400879,0.9542902708053589,27.35980224609375,2.1922919750213623,0.34575197100639343,0.5255333781242371
True,False,False,False,312,12.479999542236328,0.2639133036136627,17.49991798400879,0.9542902708053589,27.35980224609375,2.1922919750213623,0.34575197100639343,0.5255333781242371
True,False,False,False,312,12.479999542236328,0.2639133036136627,17.49991798400879,0.9542902708053589,27.35980224609375,2.1922919750213623,0.34575197100639343,0.5255333781242371
True,False,False,False,312,12.479999542236328,0.2639133036136627,17.49991798400879,0.9542902708053589,27.35980224609375,2.1922919750213623,0.34575197100639343,0.5255333781242371
True,False,False,False,312,12.479999542236328,0.2639133036136627,17.49991798400879,0.9542902708053589,27.35980224609375,2.1922919750213623,0.34575197100639343,0.5255333781242371
True,False,False,False,312,12.479999542236328,0.2639133036136627,17.49991798400879,0.9542902708053589,27.35980224609375,2.1922919750213623,0.34575197100639343,0.5255333781242371
True,False,False,False,312,12.479999542236328,0.2640734910964966,17.4996337890625,0.9543057084083557,27.359813690185547,2.1922929286956787,0.34556886553764343,0.5255375504493713
True,False,False,False,312,12.479999542236328,0.2640734910964966,17.4996337890625,0.9543057084083557,27.359813690185547,2.1922929286956787,0.34556886553764343,0.5255375504493713
True,False,False,False,312,12.479999542236328,0.2640734910964966,17.4996337890625,0.9543057084083557,27.359813690185547,2.1922929286956787,0.34556886553764343,0.5255375504493713
True,False,False,False,312,12.479999542236328,0.2640734910964966,17.4996337890625,0.9543057084083557,27.359813690185547,2.1922929286956787,0.34556886553764343,0.5255375504493713
True,False,False,False,312,12.479999542236328,0.2640734910964966,17.4996337890625,0.9543057084083557,27.359813690185547,2.1922929286956787,0.34556886553764343,0.5255375504493713
True,False,False,False,312,12.479999542236328,0.2642338275909424,17.499713897705078,0.9543013572692871,27.35983657836914,2.1922945976257324,0.34562990069389343,0.5255414843559265
True,False,False,False,312,12.479999542236328,0.2642338275909424,17.499713897705078,0.9543013572692871,27.35983657836914,2.1922945976257324,0.34562990069389343,0.5255414843559265
True,False,False,False,312,12.479999542236328,0.26427391171455383,17.499731063842773,0.9543004631996155,27.35984992980957,2.192295789718628,0.34561464190483093,0.5255409479141235
True,False,False,False,312,12.479999542236328,0.26427391171455383,17.499731063842773,0.9543004631996155,27.35984992980957,2.192295789718628,0.34561464190483093,0.5255409479141235
True,False,False,False,312,12.479999542236328,0.264303982257843,17.499725341796875,0.9543007612228394,27.3598575592041,2.192296266555786,0.34566041827201843,0.5255420804023743
True,False,False,False,312,12.479999542236328,0.264303982257843,17.499725341796875,0.9543007612228394,27.3598575592041,2.192296266555786,0.34566041827201843,0.5255420804023743
True,False,False,False,312,12.479999542236328,0.26427391171455383,17.499731063842773,0.9543004631996155,27.35984992980957,2.192295789718628,0.34561464190483093,0.5255409479141235
True,False,False,False,312,12.479999542236328,0.26427391171455383,17.499731063842773,0.9543004631996155,27.35984992980957,2.192295789718628,0.34561464190483093,0.5255409479141235
True,False,False,False,312,12.479999542236328,0.2642338275909424,17.499713897705078,0.9543013572692871,27.35983657836914,2.1922945976257324,0.34562990069389343,0.5255414843559265
True,False,False,False,312,12.479999542236328,0.2642338275909424,17.499713897705078,0.9543013572692871,27.35983657836914,2.1922945976257324,0.34562990069389343,0.5255414843559265
True,False,False,False,312,12.479999542236328,0.2640734910964966,17.4996337890625,0.9543057084083557,27.359813690185547,2.1922929286956787,0.34556886553764343,0.5255375504493713
True,False,False,False,312,12.479999542236328,0.2640734910964966,17.4996337890625,0.9543057084083557,27.359813690185547,2.1922929286956787,0.34556886553764343,0.5255375504493713
True,False,False,False,312,12.479999542236328,0.2640734910964966,17.4996337890625,0.9543057084083557,27.359813690185547,2.1922929286956787,0.34556886553764343,0.5255375504493713
True,False,False,False,312,12.479999542236328,0.2640734910964966,17.4996337890625,0.9543057084083557,27.359813690185547,2.1922929286956787,0.34556886553764343,0.5255375504493713
True,False,False,False,312,12.479999542236328,0.2640734910964966,17.4996337890625,0.9543057084083557,27.359813690185547,2.1922929286956787,0.34556886553764343,0.5255375504493713
True,False,False,False,312,12.479999542236328,0.2639133036136627,17.49991798400879,0.9542902708053589,27.35980224609375,2.1922919750213623,0.34575197100639343,0.5255333781242371
True,False,False,False,312,12.479999542236328,0.2639133036136627,17.49991798400879,0.9542902708053589,27.35980224609375,2.1922919750213623,0.34575197100639343,0.5255333781242371
True,False,False,False,312,12.479999542236328,0.2639133036136627,17.49991798400879,0.9542902708053589,27.35980224609375,2.1922919750213623,0.34575197100639343,0.5255333781242371
True,False,False,False,312,12.479999542236328,0.2639133036136627,17.49991798400879,0.9542902708053589,27.35980224609375,2.1922919750213623,0.34575197100639343,0.5255333781242371
True,False,False,False,312,12.479999542236328,0.2639133036136627,17.49991798400879,0.9542902708053589,27.35980224609375,2.1922919750213623,0.34575197100639343,0.5255333781242371
True,False,False,False,312,12.479999542236328,0.2639133036136627,17.49991798400879,0.9542902708053589,27.35980224609375,2.1922919750213623,0.34575197100639343,0.5255333781242371
True,False,False,False,312,12.479999542236328,0.2639133036136627,17.49991798400879,0.9542902708053589,27.35980224609375,2.1922919750213623,0.34575197100639343,0.5255333781242371
True,False,False,False,312,12.479999542236328,0.2639133036136627,17.49991798400879,0.9542902708053589,27.35980224609375,2.1922919750213623,0.34575197100639343,0.5255333781242371
True,False,False,False,312,12.479999542236328,0.2639133036136627,17.49991798400879,0.9542902708053589,27.35980224609375,2.1922919750213623,0.34575197100639343,0.5255333781242371
True,False,False,False,312,12.479999542236328,0.2639133036136627,17.49991798400879,0.9542902708053589,27.35980224609375,2.1922919750213623,0.34575197100639343,0.5255333781242371
True,False,False,False,312,12.479999542236328,0.2639133036136627,17.49991798400879,0.9542902708053589,27.35980224609375,2.1922919750213623,0.34575197100639343,0.5255333781242371
True,False,False,False,312,12.479999542236328,0.2639133036136627,17.49991798400879,0.9542902708053589,27.35980224609375,2.1922919750213623,0.34575197100639343,0.5255333781242371
True,False,False,False,312,12.479999542236328,0.2640734910964966,17.4996337890625,0.9543057084083557,27.359813690185547,2.1922929286956787,0.34556886553764343,0.5255375504493713
True,False,False,False,312,12.479999542236328,0.2640734910964966,17.4996337890625,0.9543057084083557,27.359813690185547,2.1922929286956787,0.34556886553764343,0.5255375504493713
True,False,False,False,312,12.479999542236328,0.2640734910964966,17.4996337890625,0.9543057084083557,27.359813690185547,2.1922929286956787,0.34556886553764343,0.5255375504493713
True,False,False,False,312,12.479999542236328,0.2640734910964966,17.4996337890625,0.9543057084083557,27.359813690185547,2.1922929286956787,0.34556886553764343,0.5255375504493713
True,False,False,False,312,12.479999542236328,0.2640734910964966,17.4996337890625,0.9543057084083557,27.359813690185547,2.1922929286956787,0.34556886553764343,0.5255375504493713
True,False,False,False,312,12.479999542236328,0.2642338275909424,17.499713897705078,0.9543013572692871,27.35983657836914,2.1922945976257324,0.34562990069389343,0.5255414843559265
True,False,False,False,312,12.479999542236328,0.2642338275909424,17.499713897705078,0.9543013572692871,27.35983657836914,2.1922945976257324,0.34562990069389343,0.5255414843559265
True,False,False,False,312,12.479999542236328,0.26427391171455383,17.499731063842773,0.9543004631996155,27.35984992980957,2.192295789718628,0.34561464190483093,0.5255409479141235
True,False,False,False,312,12.479999542236328,0.26427391171455383,17.499731063842773,0.9543004631996155,27.35984992980957,2.192295789718628,0.34561464190483093,0.5255409479141235
True,False,False,False,312,12.479999542236328,0.264303982257843,17.499725341796875,0.9543007612228394,27.3598575592041,2.192296266555786,0.34566041827201843,0.5255420804023743
True,False,False,False,312,12.479999542236328,0.264303982257843,17.499725341796875,0.9543007612228394,27.3598575592041,2.192296266555786,0.34566041827201843,0.5255420804023743
True,False,False,False,312,12.479999542236328,0.26427391171455383,17.499731063842773,0.9543004631996155,27.35984992980957,2.192295789718628,0.34561464190483093,0.5255409479141235
True,False,False,False,312,12.479999542236328,0.26427391171455383,17.499731063842773,0.9543004631996155,27.35984992980957,2.192295789718628,0.34561464190483093,0.5255409479141235
True,False,False,False,312,12.479999542236328,0.2642338275909424,17.499713897705078,0.9543013572692871,27.35983657836914,2.1922945976257324,0.34562990069389343,0.5255414843559265
True,False,False,False,312,12.479999542236328,0.2642338275909424,17.499713897705078,0.9543013572692871,27.35983657836914,2.1922945976257324,0.34562990069389343,0.5255414843559265
True,False,False,False,312,12.479999542236328,0.2640734910964966,17.4996337890625,0.9543057084083557,27.359813690185547,2.1922929286956787,0.34556886553764343,0.5255375504493713
True,False,False,False,312,12.479999542236328,0.2640734910964966,17.4996337890625,0.9543057084083557,27.359813690185547,2.1922929286956787,0.34556886553764343,0.5255375504493713
True,False,False,False,312,12.479999542236328,0.2640734910964966,17.4996337890625,0.9543057084083557,27.359813690185547,2.1922929286956787,0.34556886553764343,0.5255375504493713
True,False,False,False,312,12.479999542236328,0.2640734910964966,17.4996337890625,0.9543057084083557,27.359813690185547,2.1922929286956787,0.34556886553764343,0.5255375504493713
True,False,False,False,312,12.479999542236328,0.2640734910964966,17.4996337890625,0.9543057084083557,27.359813690185547,2.1922929286956787,0.34556886553764343,0.5255375504493713
True,False,False,False,312,12.479999542236328,0.2639133036136627,17.49991798400879,0.9542902708053589,27.35980224609375,2.1922919750213623,0.34575197100639343,0.5255333781242371
True,False,False,False,312,12.479999542236328,0.2639133036136627,17.49991798400879,0.9542902708053589,27.35980224609375,2.1922919750213623,0.34575197100639343,0.5255333781242371
True,False,False,False,312,12.479999542236328,0.2639133036136627,17.49991798400879,0.9542902708053589,27.35980224609375,2.1922919750213623,0.34575197100639343,0.5255333781242371
True,False,False,False,312,12.479999542236328,0.2639133036136627,17.49991798400879,0.9542902708053589,27.35980224609375,2.1922919750213623,0.34575197100639343,0.5255333781242371
True,False,False,False,312,12.479999542236328,0.2639133036136627,17.49991798400879,0.9542902708053589,27.35980224609375,2.1922919750213623,0.34575197100639343,0.5255333781242371
True,False,False,False,312,12.479999542236328,0.2639133036136627,17.49991798400879,0.9542902708053589,27.35980224609375,2.1922919750213623,0.34575197100639343,0.5255333781242371
True,False,False,False,312,12.479999542236328,0.2639133036136627,17.49991798400879,0.9542902708053589,27.35980224609375,2.1922919750213623,0.34575197100639343,0.5255333781242371
True,False,False,False,312,12.479999542236328,0.2639133036136627,17.49991798400879,0.9542902708053589,27.35980224609375,2.1922919750213623,0.34575197100639343,0.5255333781242371
True,False,False,False,312,12.479999542236328,0.2639133036136627,17.49991798400879,0.9542902708053589,27.35980224609375,2.1922919750213623,0.34575197100639343,0.5255333781242371
True,False,False,False,312,12.479999542236328,0.2639133036136627,17.49991798400879,0.9542902708053589,27.35980224609375,2.1922919750213623,0.34575197100639343,0.5255333781242371
True,False,False,False,312,12.479999542236328,0.2639133036136627,17.49991798400879,0.9542902708053589,27.35980224609375,2.1922919750213623,0.34575197100639343,0.5255333781242371
True,False,False,False,312,12.479999542236328,0.2639133036136627,17.49991798400879,0.9542902708053589,27.35980224609375,2.1922919750213623,0.34575197100639343,0.5255333781242371
True,False,False,False,312,12.479999542236328,0.2640734910964966,17.4996337890625,0.9543057084083557,27.359813690185547,2.1922929286956787,0.34556886553764343,0.5255375504493713
True,False,False,False,312,12.479999542236328,0.2640734910964966,17.4996337890625,0.9543057084083557,27.359813690185547,2.1922929286956787,0.34556886553764343,0.5255375504493713
True,False,False,False,312,12.479999542236328,0.2640734910964966,17.4996337890625,0.9543057084083557,27.359813690185547,2.1922929286956787,0.34556886553764343,0.5255375504493713
True,False,False,False,312,12.479999542236328,0.2640734910964966,17.4996337890625,0.9543057084083557,27.359813690185547,2.1922929286956787,0.34556886553764343,0.5255375504493713
True,False,False,False,312,12.479999542236328,0.2640734910964966,17.4996337890625,0.9543057084083557,27.359813690185547,2.1922929286956787,0.34556886553764343,0.5255375504493713
True,False,False,False,312,12.479999542236328,0.2642338275909424,17.499713897705078,0.9543013572692871,27.35983657836914,2.1922945976257324,0.34562990069389343,0.5255414843559265
True,False,False,False,312,12.479999542236328,0.2642338275909424,17.499713897705078,0.9543013572692871,27.35983657836914,2.1922945976257324,0.34562990069389343,0.5255414843559265
True,False,False,False,312,12.479999542236328,0.26427391171455383,17.499731063842773,0.9543004631996155,27.35984992980957,2.192295789718628,0.34561464190483093,0.5255409479141235
True,False,False,False,312,12.479999542236328,0.26427391171455383,17.499731063842773,0.9543004631996155,27.35984992980957,2.192295789718628,0.34561464190483093,0.5255409479141235
True,False,False,False,312,12.479999542236328,0.264303982257843,17.499725341796875,0.9543007612228394,27.3598575592041,2.192296266555786,0.34566041827201843,0.5255420804023743
True,False,False,False,312,12.479999542236328,0.264303982257843,17.499725341796875,0.9543007612228394,27.3598575592041,2.192296266555786,0.34566041827201843,0.5255420804023743
True,False,False,False,312,12.479999542236328,0.26427391171455383,17.499731063842773,0.9543004631996155,27.35984992980957,2.192295789718628,0.34561464190483093,0.5255409479141235
True,False,False,False,312,12.479999542236328,0.26427391171455383,17.499731063842773,0.9543004631996155,27.35984992980957,2.192295789718628,0.34561464190483093,0.5255409479141235
True,False,False,False,312,12.479999542236328,0.2642338275909424,17.499713897705078,0.9543013572692871,27.35983657836914,2.1922945976257324,0.34562990069389343,0.5255414843559265
True,False,False,False,312,12.479999542236328,0.2642338275909424,17.499713897705078,0.9543013572692871,27.35983657836914,2.1922945976257324,0.34562990069389343,0.5255414843559265
True,False,False,False,312,12.479999542236328,0.2640734910964966,17.4996337890625,0.9543057084083557,27.359813690185547,2.1922929286956787,0.34556886553764343,0.5255375504493713
True,False,False,False,312,12.479999542236328,0.2640734910964966,17.4996337890625,0.9543057084083557,27.359813690185547,2.1922929286956787,0.34556886553764343,0.5255375504493713
True,False,False,False,312,12.479999542236328,0.2640734910964966,17.4996337890625,0.9543057084083557,27.359813690185547,2.1922929286956787,0.34556886553764343,0.5255375504493713
True,False,False,False,312,12.479999542236328,0.2640734910964966,17.4996337890625,0.9543057084083557,27.359813690185547,2.1922929286956787,0.34556886553764343,0.5255375504493713
True,False,False,False,312,12.479999542236328,0.2640734910964966,17.4996337890625,0.9543057084083557,27.359813690185547,2.1922929286956787,0.34556886553764343,0.5255375504493713
True,False,False,False,312,12.479999542236328,0.2639133036136627,17.49991798400879,0.9542902708053589,27.35980224609375,2.1922919750213623,0.34575197100639343,0.5255333781242371
True,False,False,False,312,12.479999542236328,0.2639133036136627,17.49991798400879,0.9542902708053589,27.35980224609375,2.1922919750213623,0.34575197100639343,0.5255333781242371
True,False,False,False,312,12.479999542236328,0.2639133036136627,17.49991798400879,0.9542902708053589,27.35980224609375,2.1922919750213623,0.34575197100639343,0.5255333781242371
True,False,False,False,312,12.479999542236328,0.2639133036136627,17.49991798400879,0.9542902708053589,27.35980224609375,2.1922919750213623,0.34575197100639343,0.5255333781242371
True,False,False,False,312,12.479999542236328,0.2639133036136627,17.49991798400879,0.9542902708053589,27.35980224609375,2.1922919750213623,0.34575197100639343,0.5255333781242371
True,False,False,False,312,12.479999542236328,0.2639133036136627,17.49991798400879,0.9542902708053589,27.35980224609375,2.1922919750213623,0.34575197100639343,0.5255333781242371
True,False,False,False,312,12.479999542236328,0.263396680355072,17.500322341918945,0.9542681574821472,27.35968780517578,2.1922826766967773,0.34575197100639343,0.5255461931228638
True,False,False,False,312,12.479999542236328,0.263396680355072,17.500322341918945,0.9542681574821472,27.35968780517578,2.1922826766967773,0.34575197100639343,0.5255461931228638
True,False,False,False,312,12.479999542236328,0.263396680355072,17.500322341918945,0.9542681574821472,27.35968780517578,2.1922826766967773,0.34575197100639343,0.5255461931228638
True,False,False,False,312,12.479999542236328,0.263396680355072,17.500322341918945,0.9542681574821472,27.35968780517578,2.1922826766967773,0.34575197100639343,0.5255461931228638
True,False,False,False,312,12.479999542236328,0.263396680355072,17.500322341918945,0.9542681574821472,27.35968780517578,2.1922826766967773,0.34575197100639343,0.5255461931228638
True,False,False,False,312,12.479999542236328,0.263396680355072,17.500322341918945,0.9542681574821472,27.35968780517578,2.1922826766967773,0.34575197100639343,0.5255461931228638
True,False,False,False,312,12.479999542236328,0.263636976480484,17.499975204467773,0.9542871117591858,27.35968780517578,2.1922826766967773,0.34556886553764343,0.5255499482154846
True,False,False,False,312,12.479999542236328,0.263636976480484,17.499975204467773,0.9542871117591858,27.35968780517578,2.1922826766967773,0.34556886553764343,0.5255499482154846
True,False,False,False,312,12.479999542236328,0.263636976480484,17.499975204467773,0.9542871117591858,27.35968780517578,2.1922826766967773,0.34556886553764343,0.5255499482154846
True,False,False,False,312,12.479999542236328,0.263636976480484,17.499975204467773,0.9542871117591858,27.35968780517578,2.1922826766967773,0.34556886553764343,0.5255499482154846
True,False,False,False,312,12.479999542236328,0.263636976480484,17.499975204467773,0.9542871117591858,27.35968780517578,2.1922826766967773,0.34556886553764343,0.5255499482154846
True,False,False,False,312,12.479999542236328,0.2637772858142853,17.500057220458984,0.9542826414108276,27.359731674194336,2.192286252975464,0.34562990069389343,0.5255531668663025
True,False,False,False,312,12.479999542236328,0.2637772858142853,17.500057220458984,0.9542826414108276,27.359731674194336,2.192286252975464,0.34562990069389343,0.5255531668663025
True,False,False,False,312,12.479999542236328,0.26385751366615295,17.500059127807617,0.9542825222015381,27.359737396240234,2.192286729812622,0.34564515948295593,0.525553822517395
True,False,False,False,312,12.479999542236328,0.26385751366615295,17.500059127807617,0.9542825222015381,27.359737396240234,2.192286729812622,0.34564515948295593,0.525553822517395
True,False,False,False,312,12.479999542236328,0.2638900876045227,17.500059127807617,0.9542825222015381,27.359737396240234,2.192286729812622,0.3456680476665497,0.5255539417266846
True,False,False,False,312,12.479999542236328,0.2638900876045227,17.500059127807617,0.9542825222015381,27.359737396240234,2.192286729812622,0.3456680476665497,0.5255539417266846
True,False,False,False,312,12.479999542236328,0.26385751366615295,17.500059127807617,0.9542825222015381,27.359737396240234,2.192286729812622,0.34564515948295593,0.525553822517395
True,False,False,False,312,12.479999542236328,0.26385751366615295,17.500059127807617,0.9542825222015381,27.359737396240234,2.192286729812622,0.34564515948295593,0.525553822517395
True,False,False,False,312,12.479999542236328,0.2637772858142853,17.500057220458984,0.9542826414108276,27.359731674194336,2.192286252975464,0.34562990069389343,0.5255531668663025
True,False,False,False,312,12.479999542236328,0.2637772858142853,17.500057220458984,0.9542826414108276,27.359731674194336,2.192286252975464,0.34562990069389343,0.5255531668663025
True,False,False,False,312,12.479999542236328,0.263636976480484,17.499975204467773,0.9542871117591858,27.35968780517578,2.1922826766967773,0.34556886553764343,0.5255499482154846
True,False,False,False,312,12.479999542236328,0.263636976480484,17.499975204467773,0.9542871117591858,27.35968780517578,2.1922826766967773,0.34556886553764343,0.5255499482154846
True,False,False,False,312,12.479999542236328,0.263636976480484,17.499975204467773,0.9542871117591858,27.35968780517578,2.1922826766967773,0.34556886553764343,0.5255499482154846
True,False,False,False,312,12.479999542236328,0.263636976480484,17.499975204467773,0.9542871117591858,27.35968780517578,2.1922826766967773,0.34556886553764343,0.5255499482154846
True,False,False,False,312,12.479999542236328,0.263636976480484,17.499975204467773,0.9542871117591858,27.35968780517578,2.1922826766967773,0.34556886553764343,0.5255499482154846
True,False,False,False,312,12.479999542236328,0.263396680355072,17.500322341918945,0.9542681574821472,27.35968780517578,2.1922826766967773,0.34575197100639343,0.5255461931228638
True,False,False,False,312,12.479999542236328,0.263396680355072,17.500322341918945,0.9542681574821472,27.35968780517578,2.1922826766967773,0.34575197100639343,0.5255461931228638
True,False,False,False,312,12.479999542236328,0.263396680355072,17.500322341918945,0.9542681574821472,27.35968780517578,2.1922826766967773,0.34575197100639343,0.5255461931228638
True,False,False,False,312,12.479999542236328,0.263396680355072,17.500322341918945,0.9542681574821472,27.35968780517578,2.1922826766967773,0.34575197100639343,0.5255461931228638
True,False,False,False,312,12.479999542236328,0.263396680355072,17.500322341918945,0.9542681574821472,27.35968780517578,2.1922826766967773,0.34575197100639343,0.5255461931228638
True,False,False,False,312,12.479999542236328,0.263396680355072,17.500322341918945,0.9542681574821472,27.35968780517578,2.1922826766967773,0.34575197100639343,0.5255461931228638
True,False,False,False,312,12.479999542236328,0.26307427883148193,17.500732421875,0.9542458057403564,27.359710693359375,2.19228458404541,0.34575197100639343,0.5255370140075684
True,False,False,False,312,12.479999542236328,0.26307427883148193,17.500732421875,0.9542458057403564,27.359710693359375,2.19228458404541,0.34575197100639343,0.5255370140075684
True,False,False,False,312,12.479999542236328,0.26307427883148193,17.500732421875,0.9542458057403564,27.359710693359375,2.19228458404541,0.34575197100639343,0.5255370140075684
True,False,False,False,312,12.479999542236328,0.26307427883148193,17.500732421875,0.9542458057403564,27.359710693359375,2.19228458404541,0.34575197100639343,0.5255370140075684
True,False,False,False,312,12.479999542236328,0.26307427883148193,17.500732421875,0.9542458057403564,27.359710693359375,2.19228458404541,0.34575197100639343,0.5255370140075684
True,False,False,False,312,12.479999542236328,0.26307427883148193,17.500732421875,0.9542458057403564,27.359710693359375,2.19228458404541,0.34575197100639343,0.5255370140075684
True,False,False,False,312,12.479999542236328,0.26339513063430786,17.500385284423828,0.954264760017395,27.35973358154297,2.192286491394043,0.34556886553764343,0.5255416631698608
True,False,False,False,312,12.479999542236328,0.26339513063430786,17.500385284423828,0.954264760017395,27.35973358154297,2.192286491394043,0.34556886553764343,0.5255416631698608
True,False,False,False,312,12.479999542236328,0.26339513063430786,17.500385284423828,0.954264760017395,27.35973358154297,2.192286491394043,0.34556886553764343,0.5255416631698608
True,False,False,False,312,12.479999542236328,0.26339513063430786,17.500385284423828,0.954264760017395,27.35973358154297,2.192286491394043,0.34556886553764343,0.5255416631698608
True,False,False,False,312,12.479999542236328,0.26339513063430786,17.500385284423828,0.954264760017395,27.35973358154297,2.192286491394043,0.34556886553764343,0.5255416631698608
True,False,False,False,312,12.479999542236328,0.263455331325531,17.50046730041504,0.9542602300643921,27.359773635864258,2.1922895908355713,0.34562990069389343,0.5255445837974548
True,False,False,False,312,12.479999542236328,0.263455331325531,17.50046730041504,0.9542602300643921,27.359773635864258,2.1922895908355713,0.34562990069389343,0.5255445837974548
True,False,False,False,312,12.479999542236328,0.2635055482387543,17.500476837158203,0.9542597532272339,27.359766006469727,2.192289113998413,0.34564515948295593,0.525545060634613
True,False,False,False,312,12.479999542236328,0.2635055482387543,17.500476837158203,0.9542597532272339,27.359766006469727,2.192289113998413,0.34564515948295593,0.525545060634613
True,False,False,False,312,12.479999542236328,0.2635381817817688,17.500478744506836,0.9542596340179443,27.359766006469727,2.192289113998413,0.34566423296928406,0.5255453586578369
True,False,False,False,312,12.479999542236328,0.2635381817817688,17.500478744506836,0.9542596340179443,27.359766006469727,2.192289113998413,0.34566423296928406,0.5255453586578369
True,False,False,False,312,12.479999542236328,0.2635055482387543,17.500476837158203,0.9542597532272339,27.359766006469727,2.192289113998413,0.34564515948295593,0.525545060634613
True,False,False,False,312,12.479999542236328,0.2635055482387543,17.500476837158203,0.9542597532272339,27.359766006469727,2.192289113998413,0.34564515948295593,0.525545060634613
True,False,False,False,312,12.479999542236328,0.263455331325531,17.50046730041504,0.9542602300643921,27.359773635864258,2.1922895908355713,0.34562990069389343,0.5255445837974548
True,False,False,False,312,12.479999542236328,0.263455331325531,17.50046730041504,0.9542602300643921,27.359773635864258,2.1922895908355713,0.34562990069389343,0.5255445837974548
True,False,False,False,312,12.479999542236328,0.26339513063430786,17.500385284423828,0.954264760017395,27.35973358154297,2.192286491394043,0.34556886553764343,0.5255416631698608
True,False,False,False,312,12.479999542236328,0.26339513063430786,17.500385284423828,0.954264760017395,27.35973358154297,2.192286491394043,0.34556886553764343,0.5255416631698608
True,False,False,False,312,12.479999542236328,0.26339513063430786,17.500385284423828,0.954264760017395,27.35973358154297,2.192286491394043,0.34556886553764343,0.5255416631698608
True,False,False,False,312,12.479999542236328,0.26339513063430786,17.500385284423828,0.954264760017395,27.35973358154297,2.192286491394043,0.34556886553764343,0.5255416631698608
True,False,False,False,312,12.479999542236328,0.26339513063430786,17.500385284423828,0.954264760017395,27.35973358154297,2.192286491394043,0.34556886553764343,0.5255416631698608
True,False,False,False,312,12.479999542236328,0.26307427883148193,17.500732421875,0.9542458057403564,27.359710693359375,2.19228458404541,0.34575197100639343,0.5255370140075684
True,False,False,False,312,12.479999542236328,0.26307427883148193,17.500732421875,0.9542458057403564,27.359710693359375,2.19228458404541,0.34575197100639343,0.5255370140075684
True,False,False,False,312,12.479999542236328,0.26307427883148193,17.500732421875,0.9542458057403564,27.359710693359375,2.19228458404541,0.34575197100639343,0.5255370140075684
True,False,False,False,312,12.479999542236328,0.26307427883148193,17.500732421875,0.9542458057403564,27.359710693359375,2.19228458404541,0.34575197100639343,0.5255370140075684
True,False,False,False,312,12.479999542236328,0.26307427883148193,17.500732421875,0.9542458057403564,27.359710693359375,2.19228458404541,0.34575197100639343,0.5255370140075684
True,False,False,False,312,12.479999542236328,0.26307427883148193,17.500732421875,0.9542458057403564,27.359710693359375,2.19228458404541,0.34575197100639343,0.5255370140075684
True,False,False,False,312,12.479999542236328,0.26307427883148193,17.500732421875,0.9542458057403564,27.359710693359375,2.19228458404541,0.34575197100639343,0.5255370140075684
True,False,False,False,312,12.479999542236328,0.26307427883148193,17.500732421875,0.9542458057403564,27.359710693359375,2.19228458404541,0.34575197100639343,0.5255370140075684
True,False,False,False,312,12.479999542236328,0.26307427883148193,17.500732421875,0.9542458057403564,27.359710693359375,2.19228458404541,0.34575197100639343,0.5255370140075684
True,False,False,False,312,12.479999542236328,0.26307427883148193,17.500732421875,0.9542458057403564,27.359710693359375,2.19228458404541,0.34575197100639343,0.5255370140075684
True,False,False,False,312,12.479999542236328,0.26307427883148193,17.500732421875,0.9542458057403564,27.359710693359375,2.19228458404541,0.34575197100639343,0.5255370140075684
True,False,False,False,312,12.479999542236328,0.26307427883148193,17.500732421875,0.9542458057403564,27.359710693359375,2.19228458404541,0.34575197100639343,0.5255370140075684
True,False,False,False,312,12.479999542236328,0.26339513063430786,17.500385284423828,0.954264760017395,27.35973358154297,2.192286491394043,0.34556886553764343,0.5255416631698608
True,False,False,False,312,12.479999542236328,0.26339513063430786,17.500385284423828,0.954264760017395,27.35973358154297,2.192286491394043,0.34556886553764343,0.5255416631698608
True,False,False,False,312,12.479999542236328,0.26339513063430786,17.500385284423828,0.954264760017395,27.35973358154297,2.192286491394043,0.34556886553764343,0.5255416631698608
True,False,False,False,312,12.479999542236328,0.26339513063430786,17.500385284423828,0.954264760017395,27.35973358154297,2.192286491394043,0.34556886553764343,0.5255416631698608
True,False,False,False,312,12.479999542236328,0.26339513063430786,17.500385284423828,0.954264760017395,27.35973358154297,2.192286491394043,0.34556886553764343,0.5255416631698608
True,False,False,False,312,12.479999542236328,0.263455331325531,17.50046730041504,0.9542602300643921,27.359773635864258,2.1922895908355713,0.34562990069389343,0.5255445837974548
True,False,False,False,312,12.479999542236328,0.263455331325531,17.50046730041504,0.9542602300643921,27.359773635864258,2.1922895908355713,0.34562990069389343,0.5255445837974548
True,False,False,False,312,12.479999542236328,0.2635055482387543,17.500476837158203,0.9542597532272339,27.359766006469727,2.192289113998413,0.34564515948295593,0.525545060634613
True,False,False,False,312,12.479999542236328,0.2635055482387543,17.500476837158203,0.9542597532272339,27.359766006469727,2.192289113998413,0.34564515948295593,0.525545060634613
True,False,False,False,312,12.479999542236328,0.2635381817817688,17.500478744506836,0.9542596340179443,27.359766006469727,2.192289113998413,0.34566423296928406,0.5255453586578369
True,False,False,False,312,12.479999542236328,0.2635381817817688,17.500478744506836,0.9542596340179443,27.359766006469727,2.192289113998413,0.34566423296928406,0.5255453586578369
True,False,False,False,312,12.479999542236328,0.2635055482387543,17.500476837158203,0.9542597532272339,27.359766006469727,2.192289113998413,0.34564515948295593,0.525545060634613
True,False,False,False,312,12.479999542236328,0.2635055482387543,17.500476837158203,0.9542597532272339,27.359766006469727,2.192289113998413,0.34564515948295593,0.525545060634613
True,False,False,False,312,12.479999542236328,0.263455331325531,17.50046730041504,0.9542602300643921,27.359773635864258,2.1922895908355713,0.34562990069389343,0.5255445837974548
True,False,False,False,312,12.479999542236328,0.263455331325531,17.50046730041504,0.9542602300643921,27.359773635864258,2.1922895908355713,0.34562990069389343,0.5255445837974548
True,False,False,False,312,12.479999542236328,0.26339513063430786,17.500385284423828,0.954264760017395,27.35973358154297,2.192286491394043,0.34556886553764343,0.5255416631698608
True,False,False,False,312,12.479999542236328,0.26339513063430786,17.500385284423828,0.954264760017395,27.35973358154297,2.192286491394043,0.34556886553764343,0.5255416631698608
True,False,False,False,312,12.479999542236328,0.26339513063430786,17.500385284423828,0.954264760017395,27.35973358154297,2.192286491394043,0.34556886553764343,0.5255416631698608
True,False,False,False,312,12.479999542236328,0.26339513063430786,17.500385284423828,0.954264760017395,27.35973358154297,2.192286491394043,0.34556886553764343,0.5255416631698608
True,False,False,False,312,12.479999542236328,0.26339513063430786,17.500385284423828,0.954264760017395,27.35973358154297,2.192286491394043,0.34556886553764343,0.5255416631698608
True,False,False,False,312,12.479999542236328,0.26307427883148193,17.500732421875,0.9542458057403564,27.359710693359375,2.19228458404541,0.34575197100639343,0.5255370140075684
True,False,False,False,312,12.479999542236328,0.26307427883148193,17.500732421875,0.9542458057403564,27.359710693359375,2.19228458404541,0.34575197100639343,0.5255370140075684
True,False,False,False,312,12.479999542236328,0.26307427883148193,17.500732421875,0.9542458057403564,27.359710693359375,2.19228458404541,0.34575197100639343,0.5255370140075684
True,False,False,False,312,12.479999542236328,0.26307427883148193,17.500732421875,0.9542458057403564,27.359710693359375,2.19228458404541,0.34575197100639343,0.5255370140075684
True,False,False,False,312,12.479999542236328,0.26307427883148193,17.500732421875,0.9542458057403564,27.359710693359375,2.19228458404541,0.34575197100639343,0.5255370140075684
True,False,False,False,312,12.479999542236328,0.26307427883148193,17.500732421875,0.9542458057403564,27.359710693359375,2.19228458404541,0.34575197100639343,0.5255370140075684
True,False,False,False,312,12.479999542236328,0.26307427883148193,17.500732421875,0.9542458057403564,27.359710693359375,2.19228458404541,0.34575197100639343,0.5255370140075684
True,False,False,False,312,12.479999542236328,0.26307427883148193,17.500732421875,0.9542458057403564,27.359710693359375,2.19228458404541,0.34575197100639343,0.5255370140075684
True,False,False,False,312,12.479999542236328,0.26307427883148193,17.500732421875,0.9542458057403564,27.359710693359375,2.19228458404541,0.34575197100639343,0.5255370140075684
True,False,False,False,312,12.479999542236328,0.26307427883148193,17.500732421875,0.9542458057403564,27.359710693359375,2.19228458404541,0.34575197100639343,0.5255370140075684
True,False,False,False,312,12.479999542236328,0.26307427883148193,17.500732421875,0.9542458057403564,27.359710693359375,2.19228458404541,0.34575197100639343,0.5255370140075684
True,False,False,False,312,12.479999542236328,0.26307427883148193,17.500732421875,0.9542458057403564,27.359710693359375,2.19228458404541,0.34575197100639343,0.5255370140075684
True,False,False,False,312,12.479999542236328,0.26339513063430786,17.500385284423828,0.954264760017395,27.35973358154297,2.192286491394043,0.34556886553764343,0.5255416631698608
True,False,False,False,312,12.479999542236328,0.26339513063430786,17.500385284423828,0.954264760017395,27.35973358154297,2.192286491394043,0.34556886553764343,0.5255416631698608
True,False,False,False,312,12.479999542236328,0.26339513063430786,17.500385284423828,0.954264760017395,27.35973358154297,2.192286491394043,0.34556886553764343,0.5255416631698608
True,False,False,False,312,12.479999542236328,0.26339513063430786,17.500385284423828,0.954264760017395,27.35973358154297,2.192286491394043,0.34556886553764343,0.5255416631698608
True,False,False,False,312,12.479999542236328,0.26339513063430786,17.500385284423828,0.954264760017395,27.35973358154297,2.192286491394043,0.34556886553764343,0.5255416631698608
True,False,False,False,312,12.479999542236328,0.263455331325531,17.50046730041504,0.9542602300643921,27.359773635864258,2.1922895908355713,0.34562990069389343,0.5255445837974548
True,False,False,False,312,12.479999542236328,0.263455331325531,17.50046730041504,0.9542602300643921,27.359773635864258,2.1922895908355713,0.34562990069389343,0.5255445837974548
True,False,False,False,312,12.479999542236328,0.2635055482387543,17.500476837158203,0.9542597532272339,27.359766006469727,2.192289113998413,0.34564515948295593,0.525545060634613
True,False,False,False,312,12.479999542236328,0.2635055482387543,17.500476837158203,0.9542597532272339,27.359766006469727,2.192289113998413,0.34564515948295593,0.525545060634613
True,False,False,False,312,12.479999542236328,0.2635381817817688,17.500478744506836,0.9542596340179443,27.359766006469727,2.192289113998413,0.34566423296928406,0.5255453586578369
True,False,False,False,312,12.479999542236328,0.2635381817817688,17.500478744506836,0.9542596340179443,27.359766006469727,2.192289113998413,0.34566423296928406,0.5255453586578369
True,False,False,False,312,12.479999542236328,0.2635055482387543,17.500476837158203,0.9542597532272339,27.359766006469727,2.192289113998413,0.34564515948295593,0.525545060634613
True,False,False,False,312,12.479999542236328,0.2635055482387543,17.500476837158203,0.9542597532272339,27.359766006469727,2.192289113998413,0.34564515948295593,0.525545060634613
True,False,False,False,312,12.479999542236328,0.263455331325531,17.50046730041504,0.9542602300643921,27.359773635864258,2.1922895908355713,0.34562990069389343,0.5255445837974548
True,False,False,False,312,12.479999542236328,0.263455331325531,17.50046730041504,0.9542602300643921,27.359773635864258,2.1922895908355713,0.34562990069389343,0.5255445837974548
True,False,False,False,312,12.479999542236328,0.26339513063430786,17.500385284423828,0.954264760017395,27.35973358154297,2.192286491394043,0.34556886553764343,0.5255416631698608
True,False,False,False,312,12.479999542236328,0.26339513063430786,17.500385284423828,0.954264760017395,27.35973358154297,2.192286491394043,0.34556886553764343,0.5255416631698608
True,False,False,False,312,12.479999542236328,0.26339513063430786,17.500385284423828,0.954264760017395,27.35973358154297,2.192286491394043,0.34556886553764343,0.5255416631698608
True,False,False,False,312,12.479999542236328,0.26339513063430786,17.500385284423828,0.954264760017395,27.35973358154297,2.192286491394043,0.34556886553764343,0.5255416631698608
True,False,False,False,312,12.479999542236328,0.26339513063430786,17.500385284423828,0.954264760017395,27.35973358154297,2.192286491394043,0.34556886553764343,0.5255416631698608
True,False,False,False,312,12.479999542236328,0.26307427883148193,17.500732421875,0.9542458057403564,27.359710693359375,2.19228458404541,0.34575197100639343,0.5255370140075684
True,False,False,False,312,12.479999542236328,0.26307427883148193,17.500732421875,0.9542458057403564,27.359710693359375,2.19228458404541,0.34575197100639343,0.5255370140075684
True,False,False,False,312,12.479999542236328,0.26307427883148193,17.500732421875,0.9542458057403564,27.359710693359375,2.19228458404541,0.34575197100639343,0.5255370140075684
True,False,False,False,312,12.479999542236328,0.26307427883148193,17.500732421875,0.9542458057403564,27.359710693359375,2.19228458404541,0.34575197100639343,0.5255370140075684
True,False,False,False,312,12.479999542236328,0.26307427883148193,17.500732421875,0.9542458057403564,27.359710693359375,2.19228458404541,0.34575197100639343,0.5255370140075684
True,False,False,False,312,12.479999542236328,0.26307427883148193,17.500732421875,0.9542458057403564,27.359710693359375,2.19228458404541,0.34575197100639343,0.5255370140075684
True,False,False,False,312,12.479999542236328,0.26307427883148193,17.500732421875,0.9542458057403564,27.359710693359375,2.19228458404541,0.34575197100639343,0.5255370140075684
True,False,False,False,312,12.479999542236328,0.26307427883148193,17.500732421875,0.9542458057403564,27.359710693359375,2.19228458404541,0.34575197100639343,0.5255370140075684
True,False,False,False,312,12.479999542236328,0.26307427883148193,17.500732421875,0.9542458057403564,27.359710693359375,2.19228458404541,0.34575197100639343,0.5255370140075684
True,False,False,False,312,12.479999542236328,0.26307427883148193,17.500732421875,0.9542458057403564,27.359710693359375,2.19228458404541,0.34575197100639343,0.5255370140075684
True,False,False,False,312,12.479999542236328,0.26307427883148193,17.500732421875,0.9542458057403564,27.359710693359375,2.19228458404541,0.34575197100639343,0.5255370140075684
True,False,False,False,312,12.479999542236328,0.26307427883148193,17.500732421875,0.9542458057403564,27.359710693359375,2.19228458404541,0.34575197100639343,0.5255370140075684
True,False,False,False,312,12.479999542236328,0.26339513063430786,17.500385284423828,0.954264760017395,27.35973358154297,2.192286491394043,0.34556886553764343,0.5255416631698608
True,False,False,False,312,12.479999542236328,0.26339513063430786,17.500385284423828,0.954264760017395,27.35973358154297,2.192286491394043,0.34556886553764343,0.5255416631698608
True,False,False,False,312,12.479999542236328,0.26339513063430786,17.500385284423828,0.954264760017395,27.35973358154297,2.192286491394043,0.34556886553764343,0.5255416631698608
True,False,False,False,312,12.479999542236328,0.26339513063430786,17.500385284423828,0.954264760017395,27.35973358154297,2.192286491394043,0.34556886553764343,0.5255416631698608
True,False,False,False,312,12.479999542236328,0.26339513063430786,17.500385284423828,0.954264760017395,27.35973358154297,2.192286491394043,0.34556886553764343,0.5255416631698608
True,False,False,False,312,12.479999542236328,0.263455331325531,17.50046730041504,0.9542602300643921,27.359773635864258,2.1922895908355713,0.34562990069389343,0.5255445837974548
True,False,False,False,312,12.479999542236328,0.263455331325531,17.50046730041504,0.9542602300643921,27.359773635864258,2.1922895908355713,0.34562990069389343,0.5255445837974548
True,False,False,False,312,12.479999542236328,0.2635055482387543,17.500476837158203,0.9542597532272339,27.359766006469727,2.192289113998413,0.34564515948295593,0.525545060634613
True,False,False,False,312,12.479999542236328,0.2635055482387543,17.500476837158203,0.9542597532272339,27.359766006469727,2.192289113998413,0.34564515948295593,0.525545060634613
True,False,False,False,312,12.479999542236328,0.2635381817817688,17.500478744506836,0.9542596340179443,27.359766006469727,2.192289113998413,0.34566423296928406,0.5255453586578369
True,False,False,False,312,12.479999542236328,0.2635381817817688,17.500478744506836,0.9542596340179443,27.359766006469727,2.192289113998413,0.34566423296928406,0.5255453586578369
True,False,False,False,312,12.479999542236328,0.2635055482387543,17.500476837158203,0.9542597532272339,27.359766006469727,2.192289113998413,0.34564515948295593,0.525545060634613
True,False,False,False,312,12.479999542236328,0.2635055482387543,17.500476837158203,0.9542597532272339,27.359766006469727,2.192289113998413,0.34564515948295593,0.525545060634613
True,False,False,False,312,12.479999542236328,0.263455331325531,17.50046730041504,0.9542602300643921,27.359773635864258,2.1922895908355713,0.34562990069389343,0.5255445837974548
True,False,False,False,312,12.479999542236328,0.263455331325531,17.50046730041504,0.9542602300643921,27.359773635864258,2.1922895908355713,0.34562990069389343,0.5255445837974548
True,False,False,False,312,12.479999542236328,0.26339513063430786,17.500385284423828,0.954264760017395,27.35973358154297,2.192286491394043,0.34556886553764343,0.5255416631698608
True,False,False,False,312,12.479999542236328,0.26339513063430786,17.500385284423828,0.954264760017395,27.35973358154297,2.192286491394043,0.34556886553764343,0.5255416631698608
True,False,False,False,312,12.479999542236328,0.26339513063430786,17.500385284423828,0.954264760017395,27.35973358154297,2.192286491394043,0.34556886553764343,0.5255416631698608
True,False,False,False,312,12.479999542236328,0.26339513063430786,17.500385284423828,0.954264760017395,27.35973358154297,2.192286491394043,0.34556886553764343,0.5255416631698608
True,False,False,False,312,12.479999542236328,0.26339513063430786,17.500385284423828,0.954264760017395,27.35973358154297,2.192286491394043,0.34556886553764343,0.5255416631698608
True,False,False,False,312,12.479999542236328,0.26307427883148193,17.500732421875,0.9542458057403564,27.359710693359375,2.19228458404541,0.34575197100639343,0.5255370140075684
True,False,False,False,312,12.479999542236328,0.26307427883148193,17.500732421875,0.9542458057403564,27.359710693359375,2.19228458404541,0.34575197100639343,0.5255370140075684
True,False,False,False,312,12.479999542236328,0.26307427883148193,17.500732421875,0.9542458057403564,27.359710693359375,2.19228458404541,0.34575197100639343,0.5255370140075684
True,False,False,False,312,12.479999542236328,0.26307427883148193,17.500732421875,0.9542458057403564,27.359710693359375,2.19228458404541,0.34575197100639343,0.5255370140075684
True,False,False,False,312,12.479999542236328,0.26307427883148193,17.500732421875,0.9542458057403564,27.359710693359375,2.19228458404541,0.34575197100639343,0.5255370140075684
True,False,False,False,312,12.479999542236328,0.26307427883148193,17.500732421875,0.9542458057403564,27.359710693359375,2.19228458404541,0.34575197100639343,0.5255370140075684
True,False,False,False,312,12.479999542236328,0.26307427883148193,17.500732421875,0.9542458057403564,27.359710693359375,2.19228458404541,0.34575197100639343,0.5255370140075684
True,False,False,False,312,12.479999542236328,0.26307427883148193,17.500732421875,0.9542458057403564,27.359710693359375,2.19228458404541,0.34575197100639343,0.5255370140075684
True,False,False,False,312,12.479999542236328,0.26307427883148193,17.500732421875,0.9542458057403564,27.359710693359375,2.19228458404541,0.34575197100639343,0.5255370140075684
True,False,False,False,312,12.479999542236328,0.26307427883148193,17.500732421875,0.9542458057403564,27.359710693359375,2.19228458404541,0.34575197100639343,0.5255370140075684
True,False,False,False,312,12.479999542236328,0.26307427883148193,17.500732421875,0.9542458057403564,27.359710693359375,2.19228458404541,0.34575197100639343,0.5255370140075684
True,False,False,False,312,12.479999542236328,0.26307427883148193,17.500732421875,0.9542458057403564,27.359710693359375,2.19228458404541,0.34575197100639343,0.5255370140075684
True,False,False,False,312,12.479999542236328,0.26339513063430786,17.500385284423828,0.954264760017395,27.35973358154297,2.192286491394043,0.34556886553764343,0.5255416631698608
True,False,False,False,312,12.479999542236328,0.26339513063430786,17.500385284423828,0.954264760017395,27.35973358154297,2.192286491394043,0.34556886553764343,0.5255416631698608
True,False,False,False,312,12.479999542236328,0.26339513063430786,17.500385284423828,0.954264760017395,27.35973358154297,2.192286491394043,0.34556886553764343,0.5255416631698608
True,False,False,False,312,12.479999542236328,0.26339513063430786,17.500385284423828,0.954264760017395,27.35973358154297,2.192286491394043,0.34556886553764343,0.5255416631698608
True,False,False,False,312,12.479999542236328,0.26339513063430786,17.500385284423828,0.954264760017395,27.35973358154297,2.192286491394043,0.34556886553764343,0.5255416631698608
True,False,False,False,312,12.479999542236328,0.263455331325531,17.50046730041504,0.9542602300643921,27.359773635864258,2.1922895908355713,0.34562990069389343,0.5255445837974548
True,False,False,False,312,12.479999542236328,0.263455331325531,17.50046730041504,0.9542602300643921,27.359773635864258,2.1922895908355713,0.34562990069389343,0.5255445837974548
True,False,False,False,312,12.479999542236328,0.2635055482387543,17.500476837158203,0.9542597532272339,27.359766006469727,2.192289113998413,0.34564515948295593,0.525545060634613
True,False,False,False,312,12.479999542236328,0.2635055482387543,17.500476837158203,0.9542597532272339,27.359766006469727,2.192289113998413,0.34564515948295593,0.525545060634613
True,False,False,False,312,12.479999542236328,0.2635381817817688,17.500478744506836,0.9542596340179443,27.359766006469727,2.192289113998413,0.34566423296928406,0.5255453586578369
True,False,False,False,312,12.479999542236328,0.2635381817817688,17.500478744506836,0.9542596340179443,27.359766006469727,2.192289113998413,0.34566423296928406,0.5255453586578369
True,False,False,False,312,12.479999542236328,0.2635055482387543,17.500476837158203,0.9542597532272339,27.359766006469727,2.192289113998413,0.34564515948295593,0.525545060634613
True,False,False,False,312,12.479999542236328,0.2635055482387543,17.500476837158203,0.9542597532272339,27.359766006469727,2.192289113998413,0.34564515948295593,0.525545060634613
True,False,False,False,312,12.479999542236328,0.263455331325531,17.50046730041504,0.9542602300643921,27.359773635864258,2.1922895908355713,0.34562990069389343,0.5255445837974548
True,False,False,False,312,12.479999542236328,0.263455331325531,17.50046730041504,0.9542602300643921,27.359773635864258,2.1922895908355713,0.34562990069389343,0.5255445837974548
True,False,False,False,312,12.479999542236328,0.26339513063430786,17.500385284423828,0.954264760017395,27.35973358154297,2.192286491394043,0.34556886553764343,0.5255416631698608
True,False,False,False,312,12.479999542236328,0.26339513063430786,17.500385284423828,0.954264760017395,27.35973358154297,2.192286491394043,0.34556886553764343,0.5255416631698608
True,False,False,False,312,12.479999542236328,0.26339513063430786,17.500385284423828,0.954264760017395,27.35973358154297,2.192286491394043,0.34556886553764343,0.5255416631698608
True,False,False,False,312,12.479999542236328,0.26339513063430786,17.500385284423828,0.954264760017395,27.35973358154297,2.192286491394043,0.34556886553764343,0.5255416631698608
True,False,False,False,312,12.479999542236328,0.26339513063430786,17.500385284423828,0.954264760017395,27.35973358154297,2.192286491394043,0.34556886553764343,0.5255416631698608
True,False,False,False,312,12.479999542236328,0.26307427883148193,17.500732421875,0.9542458057403564,27.359710693359375,2.19228458404541,0.34575197100639343,0.5255370140075684
True,False,False,False,312,12.479999542236328,0.26307427883148193,17.500732421875,0.9542458057403564,27.359710693359375,2.19228458404541,0.34575197100639343,0.5255370140075684
True,False,False,False,312,12.479999542236328,0.26307427883148193,17.500732421875,0.9542458057403564,27.359710693359375,2.19228458404541,0.34575197100639343,0.5255370140075684
True,False,False,False,312,12.479999542236328,0.26307427883148193,17.500732421875,0.9542458057403564,27.359710693359375,2.19228458404541,0.34575197100639343,0.5255370140075684
True,False,False,False,312,12.479999542236328,0.26307427883148193,17.500732421875,0.9542458057403564,27.359710693359375,2.19228458404541,0.34575197100639343,0.5255370140075684
True,False,False,False,312,12.479999542236328,0.26307427883148193,17.500732421875,0.9542458057403564,27.359710693359375,2.19228458404541,0.34575197100639343,0.5255370140075684
True,False,False,False,312,12.479999542236328,0.26309728622436523,17.500749588012695,0.9542449116706848,27.359651565551758,2.192279815673828,0.34575197100639343,0.5255427956581116
True,False,False,False,312,12.479999542236328,0.26309728622436523,17.500749588012695,0.9542449116706848,27.359651565551758,2.192279815673828,0.34575197100639343,0.5255427956581116
True,False,False,False,312,12.479999542236328,0.26309728622436523,17.500749588012695,0.9542449116706848,27.359651565551758,2.192279815673828,0.34575197100639343,0.5255427956581116
True,False,False,False,312,12.479999542236328,0.26309728622436523,17.500749588012695,0.9542449116706848,27.359651565551758,2.192279815673828,0.34575197100639343,0.5255427956581116
True,False,False,False,312,12.479999542236328,0.26309728622436523,17.500749588012695,0.9542449116706848,27.359651565551758,2.192279815673828,0.34575197100639343,0.5255427956581116
True,False,False,False,312,12.479999542236328,0.26309728622436523,17.500749588012695,0.9542449116706848,27.359651565551758,2.192279815673828,0.34575197100639343,0.5255427956581116
True,False,False,False,312,12.479999542236328,0.26337799429893494,17.500402450561523,0.9542638063430786,27.359664916992188,2.1922810077667236,0.34556886553764343,0.5255469083786011
True,False,False,False,312,12.479999542236328,0.26337799429893494,17.500402450561523,0.9542638063430786,27.359664916992188,2.1922810077667236,0.34556886553764343,0.5255469083786011
True,False,False,False,312,12.479999542236328,0.26337799429893494,17.500402450561523,0.9542638063430786,27.359664916992188,2.1922810077667236,0.34556886553764343,0.5255469083786011
True,False,False,False,312,12.479999542236328,0.26337799429893494,17.500402450561523,0.9542638063430786,27.359664916992188,2.1922810077667236,0.34556886553764343,0.5255469083786011
True,False,False,False,312,12.479999542236328,0.26337799429893494,17.500402450561523,0.9542638063430786,27.359664916992188,2.1922810077667236,0.34556886553764343,0.5255469083786011
True,False,False,False,312,12.479999542236328,0.2634381949901581,17.5004825592041,0.95425945520401,27.359699249267578,2.1922836303710938,0.34562990069389343,0.5255496501922607
True,False,False,False,312,12.479999542236328,0.2634381949901581,17.5004825592041,0.95425945520401,27.359699249267578,2.1922836303710938,0.34562990069389343,0.5255496501922607
True,False,False,False,312,12.479999542236328,0.2634983956813812,17.50049591064453,0.9542586803436279,27.359683990478516,2.1922824382781982,0.34564515948295593,0.5255503058433533
True,False,False,False,312,12.479999542236328,0.2634983956813812,17.50049591064453,0.9542586803436279,27.359683990478516,2.1922824382781982,0.34564515948295593,0.5255503058433533
True,False,False,False,312,12.479999542236328,0.2635335624217987,17.50050163269043,0.954258382320404,27.359695434570312,2.1922833919525146,0.34566423296928406,0.5255507826805115
True,False,False,False,312,12.479999542236328,0.2635335624217987,17.50050163269043,0.954258382320404,27.359695434570312,2.1922833919525146,0.34566423296928406,0.5255507826805115
True,False,False,False,312,12.479999542236328,0.2634983956813812,17.50049591064453,0.9542586803436279,27.359683990478516,2.1922824382781982,0.34564515948295593,0.5255503058433533
True,False,False,False,312,12.479999542236328,0.2634983956813812,17.50049591064453,0.9542586803436279,27.359683990478516,2.1922824382781982,0.34564515948295593,0.5255503058433533
True,False,False,False,312,12.479999542236328,0.2634381949901581,17.5004825592041,0.95425945520401,27.359699249267578,2.1922836303710938,0.34562990069389343,0.5255496501922607
True,False,False,False,312,12.479999542236328,0.2634381949901581,17.5004825592041,0.95425945520401,27.359699249267578,2.1922836303710938,0.34562990069389343,0.5255496501922607
True,False,False,False,312,12.479999542236328,0.26337799429893494,17.500402450561523,0.9542638063430786,27.359664916992188,2.1922810077667236,0.34556886553764343,0.5255469083786011
True,False,False,False,312,12.479999542236328,0.26337799429893494,17.500402450561523,0.9542638063430786,27.359664916992188,2.1922810077667236,0.34556886553764343,0.5255469083786011
True,False,False,False,312,12.479999542236328,0.26337799429893494,17.500402450561523,0.9542638063430786,27.359664916992188,2.1922810077667236,0.34556886553764343,0.5255469083786011
True,False,False,False,312,12.479999542236328,0.26337799429893494,17.500402450561523,0.9542638063430786,27.359664916992188,2.1922810077667236,0.34556886553764343,0.5255469083786011
True,False,False,False,312,12.479999542236328,0.26337799429893494,17.500402450561523,0.9542638063430786,27.359664916992188,2.1922810077667236,0.34556886553764343,0.5255469083786011
True,False,False,False,312,12.479999542236328,0.26309728622436523,17.500749588012695,0.9542449116706848,27.359651565551758,2.192279815673828,0.34575197100639343,0.5255427956581116
True,False,False,False,312,12.479999542236328,0.26309728622436523,17.500749588012695,0.9542449116706848,27.359651565551758,2.192279815673828,0.34575197100639343,0.5255427956581116
True,False,False,False,312,12.479999542236328,0.26309728622436523,17.500749588012695,0.9542449116706848,27.359651565551758,2.192279815673828,0.34575197100639343,0.5255427956581116
True,False,False,False,312,12.479999542236328,0.26309728622436523,17.500749588012695,0.9542449116706848,27.359651565551758,2.192279815673828,0.34575197100639343,0.5255427956581116
True,False,False,False,312,12.479999542236328,0.26309728622436523,17.500749588012695,0.9542449116706848,27.359651565551758,2.192279815673828,0.34575197100639343,0.5255427956581116
True,False,False,False,312,12.479999542236328,0.26309728622436523,17.500749588012695,0.9542449116706848,27.359651565551758,2.192279815673828,0.34575197100639343,0.5255427956581116
True,False,False,False,312,12.479999542236328,0.26309728622436523,17.500749588012695,0.9542449116706848,27.359651565551758,2.192279815673828,0.34575197100639343,0.5255427956581116
True,False,False,False,312,12.479999542236328,0.26309728622436523,17.500749588012695,0.9542449116706848,27.359651565551758,2.192279815673828,0.34575197100639343,0.5255427956581116
True,False,False,False,312,12.479999542236328,0.26309728622436523,17.500749588012695,0.9542449116706848,27.359651565551758,2.192279815673828,0.34575197100639343,0.5255427956581116
True,False,False,False,312,12.479999542236328,0.26309728622436523,17.500749588012695,0.9542449116706848,27.359651565551758,2.192279815673828,0.34575197100639343,0.5255427956581116
True,False,False,False,312,12.479999542236328,0.26309728622436523,17.500749588012695,0.9542449116706848,27.359651565551758,2.192279815673828,0.34575197100639343,0.5255427956581116
True,False,False,False,312,12.479999542236328,0.26309728622436523,17.500749588012695,0.9542449116706848,27.359651565551758,2.192279815673828,0.34575197100639343,0.5255427956581116
True,False,False,False,312,12.479999542236328,0.26337799429893494,17.500402450561523,0.9542638063430786,27.359664916992188,2.1922810077667236,0.34556886553764343,0.5255469083786011
True,False,False,False,312,12.479999542236328,0.26337799429893494,17.500402450561523,0.9542638063430786,27.359664916992188,2.1922810077667236,0.34556886553764343,0.5255469083786011
True,False,False,False,312,12.479999542236328,0.26337799429893494,17.500402450561523,0.9542638063430786,27.359664916992188,2.1922810077667236,0.34556886553764343,0.5255469083786011
True,False,False,False,312,12.479999542236328,0.26337799429893494,17.500402450561523,0.9542638063430786,27.359664916992188,2.1922810077667236,0.34556886553764343,0.5255469083786011
True,False,False,False,312,12.479999542236328,0.26337799429893494,17.500402450561523,0.9542638063430786,27.359664916992188,2.1922810077667236,0.34556886553764343,0.5255469083786011
True,False,False,False,312,12.479999542236328,0.2634381949901581,17.5004825592041,0.95425945520401,27.359699249267578,2.1922836303710938,0.34562990069389343,0.5255496501922607
True,False,False,False,312,12.479999542236328,0.2634381949901581,17.5004825592041,0.95425945520401,27.359699249267578,2.1922836303710938,0.34562990069389343,0.5255496501922607
True,False,False,False,312,12.479999542236328,0.2634983956813812,17.50049591064453,0.9542586803436279,27.359683990478516,2.1922824382781982,0.34564515948295593,0.5255503058433533
True,False,False,False,312,12.479999542236328,0.2634983956813812,17.50049591064453,0.9542586803436279,27.359683990478516,2.1922824382781982,0.34564515948295593,0.5255503058433533
True,False,False,False,312,12.479999542236328,0.2635335624217987,17.50050163269043,0.954258382320404,27.359695434570312,2.1922833919525146,0.34566423296928406,0.5255507826805115
True,False,False,False,312,12.479999542236328,0.2635335624217987,17.50050163269043,0.954258382320404,27.359695434570312,2.1922833919525146,0.34566423296928406,0.5255507826805115
True,False,False,False,312,12.479999542236328,0.2634983956813812,17.50049591064453,0.9542586803436279,27.359683990478516,2.1922824382781982,0.34564515948295593,0.5255503058433533
True,False,False,False,312,12.479999542236328,0.2634983956813812,17.50049591064453,0.9542586803436279,27.359683990478516,2.1922824382781982,0.34564515948295593,0.5255503058433533
True,False,False,False,312,12.479999542236328,0.2634381949901581,17.5004825592041,0.95425945520401,27.359699249267578,2.1922836303710938,0.34562990069389343,0.5255496501922607
True,False,False,False,312,12.479999542236328,0.2634381949901581,17.5004825592041,0.95425945520401,27.359699249267578,2.1922836303710938,0.34562990069389343,0.5255496501922607
True,False,False,False,312,12.479999542236328,0.26337799429893494,17.500402450561523,0.9542638063430786,27.359664916992188,2.1922810077667236,0.34556886553764343,0.5255469083786011
True,False,False,False,312,12.479999542236328,0.26337799429893494,17.500402450561523,0.9542638063430786,27.359664916992188,2.1922810077667236,0.34556886553764343,0.5255469083786011
True,False,False,False,312,12.479999542236328,0.26337799429893494,17.500402450561523,0.9542638063430786,27.359664916992188,2.1922810077667236,0.34556886553764343,0.5255469083786011
True,False,False,False,312,12.479999542236328,0.26337799429893494,17.500402450561523,0.9542638063430786,27.359664916992188,2.1922810077667236,0.34556886553764343,0.5255469083786011
True,False,False,False,312,12.479999542236328,0.26337799429893494,17.500402450561523,0.9542638063430786,27.359664916992188,2.1922810077667236,0.34556886553764343,0.5255469083786011
True,False,False,False,312,12.479999542236328,0.26309728622436523,17.500749588012695,0.9542449116706848,27.359651565551758,2.192279815673828,0.34575197100639343,0.5255427956581116
True,False,False,False,312,12.479999542236328,0.26309728622436523,17.500749588012695,0.9542449116706848,27.359651565551758,2.192279815673828,0.34575197100639343,0.5255427956581116
True,False,False,False,312,12.479999542236328,0.26309728622436523,17.500749588012695,0.9542449116706848,27.359651565551758,2.192279815673828,0.34575197100639343,0.5255427956581116
True,False,False,False,312,12.479999542236328,0.26309728622436523,17.500749588012695,0.9542449116706848,27.359651565551758,2.192279815673828,0.34575197100639343,0.5255427956581116
True,False,False,False,312,12.479999542236328,0.26309728622436523,17.500749588012695,0.9542449116706848,27.359651565551758,2.192279815673828,0.34575197100639343,0.5255427956581116
True,False,False,False,312,12.479999542236328,0.26309728622436523,17.500749588012695,0.9542449116706848,27.359651565551758,2.192279815673828,0.34575197100639343,0.5255427956581116
True,False,False,False,312,12.479999542236328,0.26300522685050964,17.500873565673828,0.9542381167411804,27.3596248626709,2.192277669906616,0.34575197100639343,0.5255419015884399
True,False,False,False,312,12.479999542236328,0.26300522685050964,17.500873565673828,0.9542381167411804,27.3596248626709,2.192277669906616,0.34575197100639343,0.5255419015884399
True,False,False,False,312,12.479999542236328,0.26300522685050964,17.500873565673828,0.9542381167411804,27.3596248626709,2.192277669906616,0.34575197100639343,0.5255419015884399
True,False,False,False,312,12.479999542236328,0.26300522685050964,17.500873565673828,0.9542381167411804,27.3596248626709,2.192277669906616,0.34575197100639343,0.5255419015884399
True,False,False,False,312,12.479999542236328,0.26300522685050964,17.500873565673828,0.9542381167411804,27.3596248626709,2.192277669906616,0.34575197100639343,0.5255419015884399
True,False,False,False,312,12.479999542236328,0.26300522685050964,17.500873565673828,0.9542381167411804,27.3596248626709,2.192277669906616,0.34575197100639343,0.5255419015884399
True,False,False,False,312,12.479999542236328,0.2632688879966736,17.5004940032959,0.9542587995529175,27.35964584350586,2.19227933883667,0.34556886553764343,0.5255454182624817
True,False,False,False,312,12.479999542236328,0.2632688879966736,17.5004940032959,0.9542587995529175,27.35964584350586,2.19227933883667,0.34556886553764343,0.5255454182624817
True,False,False,False,312,12.479999542236328,0.2632688879966736,17.5004940032959,0.9542587995529175,27.35964584350586,2.19227933883667,0.34556886553764343,0.5255454182624817
True,False,False,False,312,12.479999542236328,0.2632688879966736,17.5004940032959,0.9542587995529175,27.35964584350586,2.19227933883667,0.34556886553764343,0.5255454182624817
True,False,False,False,312,12.479999542236328,0.2632688879966736,17.5004940032959,0.9542587995529175,27.35964584350586,2.19227933883667,0.34556886553764343,0.5255454182624817
True,False,False,False,312,12.479999542236328,0.2632860243320465,17.500606536865234,0.9542526602745056,27.359670639038086,2.192281484603882,0.34562990069389343,0.5255483984947205
True,False,False,False,312,12.479999542236328,0.2632860243320465,17.500606536865234,0.9542526602745056,27.359670639038086,2.192281484603882,0.34562990069389343,0.5255483984947205
True,False,False,False,312,12.479999542236328,0.2633562684059143,17.500621795654297,0.9542518854141235,27.359683990478516,2.1922824382781982,0.34564515948295593,0.5255492329597473
True,False,False,False,312,12.479999542236328,0.2633562684059143,17.500621795654297,0.9542518854141235,27.359683990478516,2.1922824382781982,0.34564515948295593,0.5255492329597473
True,False,False,False,312,12.479999542236328,0.26340898871421814,17.500627517700195,0.9542515277862549,27.35967445373535,2.192281723022461,0.34566423296928406,0.525549590587616
True,False,False,False,312,12.479999542236328,0.26340898871421814,17.500627517700195,0.9542515277862549,27.35967445373535,2.192281723022461,0.34566423296928406,0.525549590587616
True,False,False,False,312,12.479999542236328,0.2633562684059143,17.500621795654297,0.9542518854141235,27.359683990478516,2.1922824382781982,0.34564515948295593,0.5255492329597473
True,False,False,False,312,12.479999542236328,0.2633562684059143,17.500621795654297,0.9542518854141235,27.359683990478516,2.1922824382781982,0.34564515948295593,0.5255492329597473
True,False,False,False,312,12.479999542236328,0.2632860243320465,17.500606536865234,0.9542526602745056,27.359670639038086,2.192281484603882,0.34562990069389343,0.5255483984947205
True,False,False,False,312,12.479999542236328,0.2632860243320465,17.500606536865234,0.9542526602745056,27.359670639038086,2.192281484603882,0.34562990069389343,0.5255483984947205
True,False,False,False,312,12.479999542236328,0.2632688879966736,17.5004940032959,0.9542587995529175,27.35964584350586,2.19227933883667,0.34556886553764343,0.5255454182624817
True,False,False,False,312,12.479999542236328,0.2632688879966736,17.5004940032959,0.9542587995529175,27.35964584350586,2.19227933883667,0.34556886553764343,0.5255454182624817
True,False,False,False,312,12.479999542236328,0.2632688879966736,17.5004940032959,0.9542587995529175,27.35964584350586,2.19227933883667,0.34556886553764343,0.5255454182624817
True,False,False,False,312,12.479999542236328,0.2632688879966736,17.5004940032959,0.9542587995529175,27.35964584350586,2.19227933883667,0.34556886553764343,0.5255454182624817
True,False,False,False,312,12.479999542236328,0.2632688879966736,17.5004940032959,0.9542587995529175,27.35964584350586,2.19227933883667,0.34556886553764343,0.5255454182624817
True,False,False,False,312,12.479999542236328,0.26300522685050964,17.500873565673828,0.9542381167411804,27.3596248626709,2.192277669906616,0.34575197100639343,0.5255419015884399
True,False,False,False,312,12.479999542236328,0.26300522685050964,17.500873565673828,0.9542381167411804,27.3596248626709,2.192277669906616,0.34575197100639343,0.5255419015884399
True,False,False,False,312,12.479999542236328,0.26300522685050964,17.500873565673828,0.9542381167411804,27.3596248626709,2.192277669906616,0.34575197100639343,0.5255419015884399
True,False,False,False,312,12.479999542236328,0.26300522685050964,17.500873565673828,0.9542381167411804,27.3596248626709,2.192277669906616,0.34575197100639343,0.5255419015884399
True,False,False,False,312,12.479999542236328,0.26300522685050964,17.500873565673828,0.9542381167411804,27.3596248626709,2.192277669906616,0.34575197100639343,0.5255419015884399
True,False,False,False,312,12.479999542236328,0.26300522685050964,17.500873565673828,0.9542381167411804,27.3596248626709,2.192277669906616,0.34575197100639343,0.5255419015884399
True,False,False,False,312,12.479999542236328,0.26303398609161377,17.50084114074707,0.9542399048805237,27.3596134185791,2.1922767162323,0.34575197100639343,0.5255429744720459
True,False,False,False,312,12.479999542236328,0.26303398609161377,17.50084114074707,0.9542399048805237,27.3596134185791,2.1922767162323,0.34575197100639343,0.5255429744720459
True,False,False,False,312,12.479999542236328,0.26303398609161377,17.50084114074707,0.9542399048805237,27.3596134185791,2.1922767162323,0.34575197100639343,0.5255429744720459
True,False,False,False,312,12.479999542236328,0.26303398609161377,17.50084114074707,0.9542399048805237,27.3596134185791,2.1922767162323,0.34575197100639343,0.5255429744720459
True,False,False,False,312,12.479999542236328,0.26303398609161377,17.50084114074707,0.9542399048805237,27.3596134185791,2.1922767162323,0.34575197100639343,0.5255429744720459
True,False,False,False,312,12.479999542236328,0.26303398609161377,17.50084114074707,0.9542399048805237,27.3596134185791,2.1922767162323,0.34575197100639343,0.5255429744720459
True,False,False,False,312,12.479999542236328,0.2632346451282501,17.500431060791016,0.9542622566223145,27.359636306762695,2.1922786235809326,0.34556886553764343,0.5255454778671265
True,False,False,False,312,12.479999542236328,0.2632346451282501,17.500431060791016,0.9542622566223145,27.359636306762695,2.1922786235809326,0.34556886553764343,0.5255454778671265
True,False,False,False,312,12.479999542236328,0.2632346451282501,17.500431060791016,0.9542622566223145,27.359636306762695,2.1922786235809326,0.34556886553764343,0.5255454778671265
True,False,False,False,312,12.479999542236328,0.2632346451282501,17.500431060791016,0.9542622566223145,27.359636306762695,2.1922786235809326,0.34556886553764343,0.5255454778671265
True,False,False,False,312,12.479999542236328,0.2632346451282501,17.500431060791016,0.9542622566223145,27.359636306762695,2.1922786235809326,0.34556886553764343,0.5255454778671265
True,False,False,False,312,12.479999542236328,0.26335781812667847,17.50054168701172,0.9542562365531921,27.359663009643555,2.1922807693481445,0.34562990069389343,0.5255491733551025
True,False,False,False,312,12.479999542236328,0.26335781812667847,17.50054168701172,0.9542562365531921,27.359663009643555,2.1922807693481445,0.34562990069389343,0.5255491733551025
True,False,False,False,312,12.479999542236328,0.26338645815849304,17.500574111938477,0.9542544484138489,27.359663009643555,2.1922807693481445,0.34564515948295593,0.5255498290061951
True,False,False,False,312,12.479999542236328,0.26338645815849304,17.500574111938477,0.9542544484138489,27.359663009643555,2.1922807693481445,0.34564515948295593,0.5255498290061951
True,False,False,False,312,12.479999542236328,0.26345568895339966,17.500564575195312,0.9542549848556519,27.359670639038086,2.192281484603882,0.34566423296928406,0.525550365447998
True,False,False,False,312,12.479999542236328,0.26345568895339966,17.500564575195312,0.9542549848556519,27.359670639038086,2.192281484603882,0.34566423296928406,0.525550365447998
True,False,False,False,312,12.479999542236328,0.26338645815849304,17.500574111938477,0.9542544484138489,27.359663009643555,2.1922807693481445,0.34564515948295593,0.5255498290061951
True,False,False,False,312,12.479999542236328,0.26338645815849304,17.500574111938477,0.9542544484138489,27.359663009643555,2.1922807693481445,0.34564515948295593,0.5255498290061951
True,False,False,False,312,12.479999542236328,0.26335781812667847,17.50054168701172,0.9542562365531921,27.359663009643555,2.1922807693481445,0.34562990069389343,0.5255491733551025
True,False,False,False,312,12.479999542236328,0.26335781812667847,17.50054168701172,0.9542562365531921,27.359663009643555,2.1922807693481445,0.34562990069389343,0.5255491733551025
True,False,False,False,312,12.479999542236328,0.2632346451282501,17.500431060791016,0.9542622566223145,27.359636306762695,2.1922786235809326,0.34556886553764343,0.5255454778671265
True,False,False,False,312,12.479999542236328,0.2632346451282501,17.500431060791016,0.9542622566223145,27.359636306762695,2.1922786235809326,0.34556886553764343,0.5255454778671265
True,False,False,False,312,12.479999542236328,0.2632346451282501,17.500431060791016,0.9542622566223145,27.359636306762695,2.1922786235809326,0.34556886553764343,0.5255454778671265
True,False,False,False,312,12.479999542236328,0.2632346451282501,17.500431060791016,0.9542622566223145,27.359636306762695,2.1922786235809326,0.34556886553764343,0.5255454778671265
True,False,False,False,312,12.479999542236328,0.2632346451282501,17.500431060791016,0.9542622566223145,27.359636306762695,2.1922786235809326,0.34556886553764343,0.5255454778671265
True,False,False,False,312,12.479999542236328,0.26303398609161377,17.50084114074707,0.9542399048805237,27.3596134185791,2.1922767162323,0.34575197100639343,0.5255429744720459
True,False,False,False,312,12.479999542236328,0.26303398609161377,17.50084114074707,0.9542399048805237,27.3596134185791,2.1922767162323,0.34575197100639343,0.5255429744720459
True,False,False,False,312,12.479999542236328,0.26303398609161377,17.50084114074707,0.9542399048805237,27.3596134185791,2.1922767162323,0.34575197100639343,0.5255429744720459
True,False,False,False,312,12.479999542236328,0.26303398609161377,17.50084114074707,0.9542399048805237,27.3596134185791,2.1922767162323,0.34575197100639343,0.5255429744720459
True,False,False,False,312,12.479999542236328,0.26303398609161377,17.50084114074707,0.9542399048805237,27.3596134185791,2.1922767162323,0.34575197100639343,0.5255429744720459
True,False,False,False,312,12.479999542236328,0.26303398609161377,17.50084114074707,0.9542399048805237,27.3596134185791,2.1922767162323,0.34575197100639343,0.5255429744720459
True,False,False,False,312,12.479999542236328,0.26305413246154785,17.500818252563477,0.954241156578064,27.359619140625,2.192277193069458,0.34575197100639343,0.5255417823791504
True,False,False,False,312,12.479999542236328,0.26305413246154785,17.500818252563477,0.954241156578064,27.359619140625,2.192277193069458,0.34575197100639343,0.5255417823791504
True,False,False,False,312,12.479999542236328,0.26305413246154785,17.500818252563477,0.954241156578064,27.359619140625,2.192277193069458,0.34575197100639343,0.5255417823791504
True,False,False,False,312,12.479999542236328,0.26305413246154785,17.500818252563477,0.954241156578064,27.359619140625,2.192277193069458,0.34575197100639343,0.5255417823791504
True,False,False,False,312,12.479999542236328,0.26305413246154785,17.500818252563477,0.954241156578064,27.359619140625,2.192277193069458,0.34575197100639343,0.5255417823791504
True,False,False,False,312,12.479999542236328,0.26305413246154785,17.500818252563477,0.954241156578064,27.359619140625,2.192277193069458,0.34575197100639343,0.5255417823791504
True,False,False,False,312,12.479999542236328,0.26322025060653687,17.500455856323242,0.9542608857154846,27.359655380249023,2.1922800540924072,0.34556886553764343,0.5255448818206787
True,False,False,False,312,12.479999542236328,0.26322025060653687,17.500455856323242,0.9542608857154846,27.359655380249023,2.1922800540924072,0.34556886553764343,0.5255448818206787
True,False,False,False,312,12.479999542236328,0.26322025060653687,17.500455856323242,0.9542608857154846,27.359655380249023,2.1922800540924072,0.34556886553764343,0.5255448818206787
True,False,False,False,312,12.479999542236328,0.26322025060653687,17.500455856323242,0.9542608857154846,27.359655380249023,2.1922800540924072,0.34556886553764343,0.5255448818206787
True,False,False,False,312,12.479999542236328,0.26322025060653687,17.500455856323242,0.9542608857154846,27.359655380249023,2.1922800540924072,0.34556886553764343,0.5255448818206787
True,False,False,False,312,12.479999542236328,0.2633448839187622,17.500564575195312,0.9542549848556519,27.359699249267578,2.1922836303710938,0.34562990069389343,0.5255482792854309
True,False,False,False,312,12.479999542236328,0.2633448839187622,17.500564575195312,0.9542549848556519,27.359699249267578,2.1922836303710938,0.34562990069389343,0.5255482792854309
True,False,False,False,312,12.479999542236328,0.26340511441230774,17.500574111938477,0.9542544484138489,27.35968780517578,2.1922826766967773,0.34564515948295593,0.5255488753318787
True,False,False,False,312,12.479999542236328,0.26340511441230774,17.500574111938477,0.9542544484138489,27.35968780517578,2.1922826766967773,0.34564515948295593,0.5255488753318787
True,False,False,False,312,12.479999542236328,0.26345279812812805,17.500581741333008,0.9542540311813354,27.359678268432617,2.19228196144104,0.34566423296928406,0.5255494117736816
True,False,False,False,312,12.479999542236328,0.26345279812812805,17.500581741333008,0.9542540311813354,27.359678268432617,2.19228196144104,0.34566423296928406,0.5255494117736816
True,False,False,False,312,12.479999542236328,0.26340511441230774,17.500574111938477,0.9542544484138489,27.35968780517578,2.1922826766967773,0.34564515948295593,0.5255488753318787
True,False,False,False,312,12.479999542236328,0.26340511441230774,17.500574111938477,0.9542544484138489,27.35968780517578,2.1922826766967773,0.34564515948295593,0.5255488753318787
True,False,False,False,312,12.479999542236328,0.2633448839187622,17.500564575195312,0.9542549848556519,27.359699249267578,2.1922836303710938,0.34562990069389343,0.5255482792854309
True,False,False,False,312,12.479999542236328,0.2633448839187622,17.500564575195312,0.9542549848556519,27.359699249267578,2.1922836303710938,0.34562990069389343,0.5255482792854309
True,False,False,False,312,12.479999542236328,0.26322025060653687,17.500455856323242,0.9542608857154846,27.359655380249023,2.1922800540924072,0.34556886553764343,0.5255448818206787
True,False,False,False,312,12.479999542236328,0.26322025060653687,17.500455856323242,0.9542608857154846,27.359655380249023,2.1922800540924072,0.34556886553764343,0.5255448818206787
True,False,False,False,312,12.479999542236328,0.26322025060653687,17.500455856323242,0.9542608857154846,27.359655380249023,2.1922800540924072,0.34556886553764343,0.5255448818206787
True,False,False,False,312,12.479999542236328,0.26322025060653687,17.500455856323242,0.9542608857154846,27.359655380249023,2.1922800540924072,0.34556886553764343,0.5255448818206787
True,False,False,False,312,12.479999542236328,0.26322025060653687,17.500455856323242,0.9542608857154846,27.359655380249023,2.1922800540924072,0.34556886553764343,0.5255448818206787
True,False,False,False,312,12.479999542236328,0.26305413246154785,17.500818252563477,0.954241156578064,27.359619140625,2.192277193069458,0.34575197100639343,0.5255417823791504
True,False,False,False,312,12.479999542236328,0.26305413246154785,17.500818252563477,0.954241156578064,27.359619140625,2.192277193069458,0.34575197100639343,0.5255417823791504
True,False,False,False,312,12.479999542236328,0.26305413246154785,17.500818252563477,0.954241156578064,27.359619140625,2.192277193069458,0.34575197100639343,0.5255417823791504
True,False,False,False,312,12.479999542236328,0.26305413246154785,17.500818252563477,0.954241156578064,27.359619140625,2.192277193069458,0.34575197100639343,0.5255417823791504
True,False,False,False,312,12.479999542236328,0.26305413246154785,17.500818252563477,0.954241156578064,27.359619140625,2.192277193069458,0.34575197100639343,0.5255417823791504
True,False,False,False,312,12.479999542236328,0.26305413246154785,17.500818252563477,0.954241156578064,27.359619140625,2.192277193069458,0.34575197100639343,0.5255417823791504
True,False,False,False,312,12.479999542236328,0.2630210518836975,17.500858306884766,0.9542389512062073,27.35962677001953,2.1922779083251953,0.34575197100639343,0.525542140007019
True,False,False,False,312,12.479999542236328,0.2630210518836975,17.500858306884766,0.9542389512062073,27.35962677001953,2.1922779083251953,0.34575197100639343,0.525542140007019
True,False,False,False,312,12.479999542236328,0.2630210518836975,17.500858306884766,0.9542389512062073,27.35962677001953,2.1922779083251953,0.34575197100639343,0.525542140007019
True,False,False,False,312,12.479999542236328,0.2630210518836975,17.500858306884766,0.9542389512062073,27.35962677001953,2.1922779083251953,0.34575197100639343,0.525542140007019
True,False,False,False,312,12.479999542236328,0.2630210518836975,17.500858306884766,0.9542389512062073,27.35962677001953,2.1922779083251953,0.34575197100639343,0.525542140007019
True,False,False,False,312,12.479999542236328,0.2630210518836975,17.500858306884766,0.9542389512062073,27.35962677001953,2.1922779083251953,0.34575197100639343,0.525542140007019
True,False,False,False,312,12.479999542236328,0.2631871998310089,17.5004940032959,0.9542587995529175,27.35964012145996,2.1922788619995117,0.34556886553764343,0.5255454182624817
True,False,False,False,312,12.479999542236328,0.2631871998310089,17.5004940032959,0.9542587995529175,27.35964012145996,2.1922788619995117,0.34556886553764343,0.5255454182624817
True,False,False,False,312,12.479999542236328,0.2631871998310089,17.5004940032959,0.9542587995529175,27.35964012145996,2.1922788619995117,0.34556886553764343,0.5255454182624817
True,False,False,False,312,12.479999542236328,0.2631871998310089,17.5004940032959,0.9542587995529175,27.35964012145996,2.1922788619995117,0.34556886553764343,0.5255454182624817
True,False,False,False,312,12.479999542236328,0.2631871998310089,17.5004940032959,0.9542587995529175,27.35964012145996,2.1922788619995117,0.34556886553764343,0.5255454182624817
True,False,False,False,312,12.479999542236328,0.2633190155029297,17.50058937072754,0.954253613948822,27.35968589782715,2.1922826766967773,0.34562990069389343,0.5255487561225891
True,False,False,False,312,12.479999542236328,0.2633190155029297,17.50058937072754,0.954253613948822,27.35968589782715,2.1922826766967773,0.34562990069389343,0.5255487561225891
True,False,False,False,312,12.479999542236328,0.2633720934391022,17.50060272216797,0.9542528986930847,27.35968780517578,2.1922826766967773,0.34564515948295593,0.525549590587616
True,False,False,False,312,12.479999542236328,0.2633720934391022,17.50060272216797,0.9542528986930847,27.35968780517578,2.1922826766967773,0.34564515948295593,0.525549590587616
True,False,False,False,312,12.479999542236328,0.26342228055000305,17.500606536865234,0.9542526602745056,27.359691619873047,2.1922831535339355,0.34566423296928406,0.5255499482154846
True,False,False,False,312,12.479999542236328,0.26342228055000305,17.500606536865234,0.9542526602745056,27.359691619873047,2.1922831535339355,0.34566423296928406,0.5255499482154846
True,False,False,False,312,12.479999542236328,0.2633720934391022,17.50060272216797,0.9542528986930847,27.35968780517578,2.1922826766967773,0.34564515948295593,0.525549590587616
True,False,False,False,312,12.479999542236328,0.2633720934391022,17.50060272216797,0.9542528986930847,27.35968780517578,2.1922826766967773,0.34564515948295593,0.525549590587616
True,False,False,False,312,12.479999542236328,0.2633190155029297,17.50058937072754,0.954253613948822,27.35968589782715,2.1922826766967773,0.34562990069389343,0.5255487561225891
True,False,False,False,312,12.479999542236328,0.2633190155029297,17.50058937072754,0.954253613948822,27.35968589782715,2.1922826766967773,0.34562990069389343,0.5255487561225891
True,False,False,False,312,12.479999542236328,0.2631871998310089,17.5004940032959,0.9542587995529175,27.35964012145996,2.1922788619995117,0.34556886553764343,0.5255454182624817
True,False,False,False,312,12.479999542236328,0.2631871998310089,17.5004940032959,0.9542587995529175,27.35964012145996,2.1922788619995117,0.34556886553764343,0.5255454182624817
True,False,False,False,312,12.479999542236328,0.2631871998310089,17.5004940032959,0.9542587995529175,27.35964012145996,2.1922788619995117,0.34556886553764343,0.5255454182624817
True,False,False,False,312,12.479999542236328,0.2631871998310089,17.5004940032959,0.9542587995529175,27.35964012145996,2.1922788619995117,0.34556886553764343,0.5255454182624817
True,False,False,False,312,12.479999542236328,0.2631871998310089,17.5004940032959,0.9542587995529175,27.35964012145996,2.1922788619995117,0.34556886553764343,0.5255454182624817
True,False,False,False,312,12.479999542236328,0.2630210518836975,17.500858306884766,0.9542389512062073,27.35962677001953,2.1922779083251953,0.34575197100639343,0.525542140007019
True,False,False,False,312,12.479999542236328,0.2630210518836975,17.500858306884766,0.9542389512062073,27.35962677001953,2.1922779083251953,0.34575197100639343,0.525542140007019
True,False,False,False,312,12.479999542236328,0.2630210518836975,17.500858306884766,0.9542389512062073,27.35962677001953,2.1922779083251953,0.34575197100639343,0.525542140007019
True,False,False,False,312,12.479999542236328,0.2630210518836975,17.500858306884766,0.9542389512062073,27.35962677001953,2.1922779083251953,0.34575197100639343,0.525542140007019
True,False,False,False,312,12.479999542236328,0.2630210518836975,17.500858306884766,0.9542389512062073,27.35962677001953,2.1922779083251953,0.34575197100639343,0.525542140007019
True,False,False,False,312,12.479999542236328,0.2630210518836975,17.500858306884766,0.9542389512062073,27.35962677001953,2.1922779083251953,0.34575197100639343,0.525542140007019
True,False,False,False,312,12.479999542236328,0.26305124163627625,17.500818252563477,0.954241156578064,27.3596248626709,2.192277669906616,0.34575197100639343,0.5255420207977295
True,False,False,False,312,12.479999542236328,0.26305124163627625,17.500818252563477,0.954241156578064,27.3596248626709,2.192277669906616,0.34575197100639343,0.5255420207977295
True,False,False,False,312,12.479999542236328,0.26305124163627625,17.500818252563477,0.954241156578064,27.3596248626709,2.192277669906616,0.34575197100639343,0.5255420207977295
True,False,False,False,312,12.479999542236328,0.26305124163627625,17.500818252563477,0.954241156578064,27.3596248626709,2.192277669906616,0.34575197100639343,0.5255420207977295
True,False,False,False,312,12.479999542236328,0.26305124163627625,17.500818252563477,0.954241156578064,27.3596248626709,2.192277669906616,0.34575197100639343,0.5255420207977295
True,False,False,False,312,12.479999542236328,0.26305124163627625,17.500818252563477,0.954241156578064,27.3596248626709,2.192277669906616,0.34575197100639343,0.5255420207977295
True,False,False,False,312,12.479999542236328,0.26326897740364075,17.500442504882812,0.9542616009712219,27.359647750854492,2.192279577255249,0.34556886553764343,0.5255451202392578
True,False,False,False,312,12.479999542236328,0.26326897740364075,17.500442504882812,0.9542616009712219,27.359647750854492,2.192279577255249,0.34556886553764343,0.5255451202392578
True,False,False,False,312,12.479999542236328,0.26326897740364075,17.500442504882812,0.9542616009712219,27.359647750854492,2.192279577255249,0.34556886553764343,0.5255451202392578
True,False,False,False,312,12.479999542236328,0.26326897740364075,17.500442504882812,0.9542616009712219,27.359647750854492,2.192279577255249,0.34556886553764343,0.5255451202392578
True,False,False,False,312,12.479999542236328,0.26326897740364075,17.500442504882812,0.9542616009712219,27.359647750854492,2.192279577255249,0.34556886553764343,0.5255451202392578
True,False,False,False,312,12.479999542236328,0.2633463144302368,17.500558853149414,0.9542552828788757,27.35969352722168,2.1922831535339355,0.34562990069389343,0.5255485773086548
True,False,False,False,312,12.479999542236328,0.2633463144302368,17.500558853149414,0.9542552828788757,27.35969352722168,2.1922831535339355,0.34562990069389343,0.5255485773086548
True,False,False,False,312,12.479999542236328,0.26340654492378235,17.500572204589844,0.9542545080184937,27.359697341918945,2.1922836303710938,0.34564515948295593,0.5255493521690369
True,False,False,False,312,12.479999542236328,0.26340654492378235,17.500572204589844,0.9542545080184937,27.359697341918945,2.1922836303710938,0.34564515948295593,0.5255493521690369
True,False,False,False,312,12.479999542236328,0.2634517252445221,17.500579833984375,0.954254150390625,27.359683990478516,2.1922824382781982,0.34566423296928406,0.5255498290061951
True,False,False,False,312,12.479999542236328,0.2634517252445221,17.500579833984375,0.954254150390625,27.359683990478516,2.1922824382781982,0.34566423296928406,0.5255498290061951
True,False,False,False,312,12.479999542236328,0.26340654492378235,17.500572204589844,0.9542545080184937,27.359697341918945,2.1922836303710938,0.34564515948295593,0.5255493521690369
True,False,False,False,312,12.479999542236328,0.26340654492378235,17.500572204589844,0.9542545080184937,27.359697341918945,2.1922836303710938,0.34564515948295593,0.5255493521690369
True,False,False,False,312,12.479999542236328,0.2633463144302368,17.500558853149414,0.9542552828788757,27.35969352722168,2.1922831535339355,0.34562990069389343,0.5255485773086548
True,False,False,False,312,12.479999542236328,0.2633463144302368,17.500558853149414,0.9542552828788757,27.35969352722168,2.1922831535339355,0.34562990069389343,0.5255485773086548
True,False,False,False,312,12.479999542236328,0.26326897740364075,17.500442504882812,0.9542616009712219,27.359647750854492,2.192279577255249,0.34556886553764343,0.5255451202392578
True,False,False,False,312,12.479999542236328,0.26326897740364075,17.500442504882812,0.9542616009712219,27.359647750854492,2.192279577255249,0.34556886553764343,0.5255451202392578
True,False,False,False,312,12.479999542236328,0.26326897740364075,17.500442504882812,0.9542616009712219,27.359647750854492,2.192279577255249,0.34556886553764343,0.5255451202392578
True,False,False,False,312,12.479999542236328,0.26326897740364075,17.500442504882812,0.9542616009712219,27.359647750854492,2.192279577255249,0.34556886553764343,0.5255451202392578
True,False,False,False,312,12.479999542236328,0.26326897740364075,17.500442504882812,0.9542616009712219,27.359647750854492,2.192279577255249,0.34556886553764343,0.5255451202392578
True,False,False,False,312,12.479999542236328,0.26305124163627625,17.500818252563477,0.954241156578064,27.3596248626709,2.192277669906616,0.34575197100639343,0.5255420207977295
True,False,False,False,312,12.479999542236328,0.26305124163627625,17.500818252563477,0.954241156578064,27.3596248626709,2.192277669906616,0.34575197100639343,0.5255420207977295
True,False,False,False,312,12.479999542236328,0.26305124163627625,17.500818252563477,0.954241156578064,27.3596248626709,2.192277669906616,0.34575197100639343,0.5255420207977295
True,False,False,False,312,12.479999542236328,0.26305124163627625,17.500818252563477,0.954241156578064,27.3596248626709,2.192277669906616,0.34575197100639343,0.5255420207977295
True,False,False,False,312,12.479999542236328,0.26305124163627625,17.500818252563477,0.954241156578064,27.3596248626709,2.192277669906616,0.34575197100639343,0.5255420207977295
True,False,False,False,312,12.479999542236328,0.26305124163627625,17.500818252563477,0.954241156578064,27.3596248626709,2.192277669906616,0.34575197100639343,0.5255420207977295
True,False,False,False,312,12.479999542236328,0.2630857825279236,17.500761032104492,0.9542442560195923,27.359634399414062,2.1922783851623535,0.34575197100639343,0.525542676448822
True,False,False,False,312,12.479999542236328,0.2630857825279236,17.500761032104492,0.9542442560195923,27.359634399414062,2.1922783851623535,0.34575197100639343,0.525542676448822
True,False,False,False,312,12.479999542236328,0.2630857825279236,17.500761032104492,0.9542442560195923,27.359634399414062,2.1922783851623535,0.34575197100639343,0.525542676448822
True,False,False,False,312,12.479999542236328,0.2630857825279236,17.500761032104492,0.9542442560195923,27.359634399414062,2.1922783851623535,0.34575197100639343,0.525542676448822
True,False,False,False,312,12.479999542236328,0.2630857825279236,17.500761032104492,0.9542442560195923,27.359634399414062,2.1922783851623535,0.34575197100639343,0.525542676448822
True,False,False,False,312,12.479999542236328,0.2630857825279236,17.500761032104492,0.9542442560195923,27.359634399414062,2.1922783851623535,0.34575197100639343,0.525542676448822
True,False,False,False,312,12.479999542236328,0.2632461488246918,17.500402450561523,0.9542638063430786,27.359643936157227,2.19227933883667,0.34556886553764343,0.5255460739135742
True,False,False,False,312,12.479999542236328,0.2632461488246918,17.500402450561523,0.9542638063430786,27.359643936157227,2.19227933883667,0.34556886553764343,0.5255460739135742
True,False,False,False,312,12.479999542236328,0.2632461488246918,17.500402450561523,0.9542638063430786,27.359643936157227,2.19227933883667,0.34556886553764343,0.5255460739135742
True,False,False,False,312,12.479999542236328,0.2632461488246918,17.500402450561523,0.9542638063430786,27.359643936157227,2.19227933883667,0.34556886553764343,0.5255460739135742
True,False,False,False,312,12.479999542236328,0.2632461488246918,17.500402450561523,0.9542638063430786,27.359643936157227,2.19227933883667,0.34556886553764343,0.5255460739135742
True,False,False,False,312,12.479999542236328,0.26339513063430786,17.50050163269043,0.954258382320404,27.35967445373535,2.192281723022461,0.34562990069389343,0.525549590587616
True,False,False,False,312,12.479999542236328,0.26339513063430786,17.50050163269043,0.954258382320404,27.35967445373535,2.192281723022461,0.34562990069389343,0.525549590587616
True,False,False,False,312,12.479999542236328,0.2634352743625641,17.500518798828125,0.9542574286460876,27.359678268432617,2.19228196144104,0.34564515948295593,0.5255504250526428
True,False,False,False,312,12.479999542236328,0.2634352743625641,17.500518798828125,0.9542574286460876,27.359678268432617,2.19228196144104,0.34564515948295593,0.5255504250526428
True,False,False,False,312,12.479999542236328,0.26348796486854553,17.500526428222656,0.954257071018219,27.35968589782715,2.1922826766967773,0.34566423296928406,0.5255507826805115
True,False,False,False,312,12.479999542236328,0.26348796486854553,17.500526428222656,0.954257071018219,27.35968589782715,2.1922826766967773,0.34566423296928406,0.5255507826805115
True,False,False,False,312,12.479999542236328,0.2634352743625641,17.500518798828125,0.9542574286460876,27.359678268432617,2.19228196144104,0.34564515948295593,0.5255504250526428
True,False,False,False,312,12.479999542236328,0.2634352743625641,17.500518798828125,0.9542574286460876,27.359678268432617,2.19228196144104,0.34564515948295593,0.5255504250526428
True,False,False,False,312,12.479999542236328,0.26339513063430786,17.50050163269043,0.954258382320404,27.35967445373535,2.192281723022461,0.34562990069389343,0.525549590587616
True,False,False,False,312,12.479999542236328,0.26339513063430786,17.50050163269043,0.954258382320404,27.35967445373535,2.192281723022461,0.34562990069389343,0.525549590587616
True,False,False,False,312,12.479999542236328,0.2632461488246918,17.500402450561523,0.9542638063430786,27.359643936157227,2.19227933883667,0.34556886553764343,0.5255460739135742
True,False,False,False,312,12.479999542236328,0.2632461488246918,17.500402450561523,0.9542638063430786,27.359643936157227,2.19227933883667,0.34556886553764343,0.5255460739135742
True,False,False,False,312,12.479999542236328,0.2632461488246918,17.500402450561523,0.9542638063430786,27.359643936157227,2.19227933883667,0.34556886553764343,0.5255460739135742
True,False,False,False,312,12.479999542236328,0.2632461488246918,17.500402450561523,0.9542638063430786,27.359643936157227,2.19227933883667,0.34556886553764343,0.5255460739135742
True,False,False,False,312,12.479999542236328,0.2632461488246918,17.500402450561523,0.9542638063430786,27.359643936157227,2.19227933883667,0.34556886553764343,0.5255460739135742
True,False,False,False,312,12.479999542236328,0.2630857825279236,17.500761032104492,0.9542442560195923,27.359634399414062,2.1922783851623535,0.34575197100639343,0.525542676448822
True,False,False,False,312,12.479999542236328,0.2630857825279236,17.500761032104492,0.9542442560195923,27.359634399414062,2.1922783851623535,0.34575197100639343,0.525542676448822
True,False,False,False,312,12.479999542236328,0.2630857825279236,17.500761032104492,0.9542442560195923,27.359634399414062,2.1922783851623535,0.34575197100639343,0.525542676448822
True,False,False,False,312,12.479999542236328,0.2630857825279236,17.500761032104492,0.9542442560195923,27.359634399414062,2.1922783851623535,0.34575197100639343,0.525542676448822
True,False,False,False,312,12.479999542236328,0.2630857825279236,17.500761032104492,0.9542442560195923,27.359634399414062,2.1922783851623535,0.34575197100639343,0.525542676448822
True,False,False,False,312,12.479999542236328,0.2630857825279236,17.500761032104492,0.9542442560195923,27.359634399414062,2.1922783851623535,0.34575197100639343,0.525542676448822
True,False,False,False,312,12.479999542236328,0.26309728622436523,17.500749588012695,0.9542449116706848,27.359651565551758,2.192279815673828,0.34575197100639343,0.5255427956581116
True,False,False,False,312,12.479999542236328,0.26309728622436523,17.500749588012695,0.9542449116706848,27.359651565551758,2.192279815673828,0.34575197100639343,0.5255427956581116
True,False,False,False,312,12.479999542236328,0.26309728622436523,17.500749588012695,0.9542449116706848,27.359651565551758,2.192279815673828,0.34575197100639343,0.5255427956581116
True,False,False,False,312,12.479999542236328,0.26309728622436523,17.500749588012695,0.9542449116706848,27.359651565551758,2.192279815673828,0.34575197100639343,0.5255427956581116
True,False,False,False,312,12.479999542236328,0.26309728622436523,17.500749588012695,0.9542449116706848,27.359651565551758,2.192279815673828,0.34575197100639343,0.5255427956581116
True,False,False,False,312,12.479999542236328,0.26309728622436523,17.500749588012695,0.9542449116706848,27.359651565551758,2.192279815673828,0.34575197100639343,0.5255427956581116
True,False,False,False,312,12.479999542236328,0.26337799429893494,17.500402450561523,0.9542638063430786,27.359664916992188,2.1922810077667236,0.34556886553764343,0.5255469083786011
True,False,False,False,312,12.479999542236328,0.26337799429893494,17.500402450561523,0.9542638063430786,27.359664916992188,2.1922810077667236,0.34556886553764343,0.5255469083786011
True,False,False,False,312,12.479999542236328,0.26337799429893494,17.500402450561523,0.9542638063430786,27.359664916992188,2.1922810077667236,0.34556886553764343,0.5255469083786011
True,False,False,False,312,12.479999542236328,0.26337799429893494,17.500402450561523,0.9542638063430786,27.359664916992188,2.1922810077667236,0.34556886553764343,0.5255469083786011
True,False,False,False,312,12.479999542236328,0.26337799429893494,17.500402450561523,0.9542638063430786,27.359664916992188,2.1922810077667236,0.34556886553764343,0.5255469083786011
True,False,False,False,312,12.479999542236328,0.2634381949901581,17.5004825592041,0.95425945520401,27.359699249267578,2.1922836303710938,0.34562990069389343,0.5255496501922607
True,False,False,False,312,12.479999542236328,0.2634381949901581,17.5004825592041,0.95425945520401,27.359699249267578,2.1922836303710938,0.34562990069389343,0.5255496501922607
True,False,False,False,312,12.479999542236328,0.2634983956813812,17.50049591064453,0.9542586803436279,27.359683990478516,2.1922824382781982,0.34564515948295593,0.5255503058433533
True,False,False,False,312,12.479999542236328,0.2634983956813812,17.50049591064453,0.9542586803436279,27.359683990478516,2.1922824382781982,0.34564515948295593,0.5255503058433533
True,False,False,False,312,12.479999542236328,0.2635335624217987,17.50050163269043,0.954258382320404,27.359695434570312,2.1922833919525146,0.34566423296928406,0.5255507826805115
True,False,False,False,312,12.479999542236328,0.2635335624217987,17.50050163269043,0.954258382320404,27.359695434570312,2.1922833919525146,0.34566423296928406,0.5255507826805115
True,False,False,False,312,12.479999542236328,0.2634983956813812,17.50049591064453,0.9542586803436279,27.359683990478516,2.1922824382781982,0.34564515948295593,0.5255503058433533
True,False,False,False,312,12.479999542236328,0.2634983956813812,17.50049591064453,0.9542586803436279,27.359683990478516,2.1922824382781982,0.34564515948295593,0.5255503058433533
True,False,False,False,312,12.479999542236328,0.2634381949901581,17.5004825592041,0.95425945520401,27.359699249267578,2.1922836303710938,0.34562990069389343,0.5255496501922607
True,False,False,False,312,12.479999542236328,0.2634381949901581,17.5004825592041,0.95425945520401,27.359699249267578,2.1922836303710938,0.34562990069389343,0.5255496501922607
True,False,False,False,312,12.479999542236328,0.26337799429893494,17.500402450561523,0.9542638063430786,27.359664916992188,2.1922810077667236,0.34556886553764343,0.5255469083786011
True,False,False,False,312,12.479999542236328,0.26337799429893494,17.500402450561523,0.9542638063430786,27.359664916992188,2.1922810077667236,0.34556886553764343,0.5255469083786011
True,False,False,False,312,12.479999542236328,0.26337799429893494,17.500402450561523,0.9542638063430786,27.359664916992188,2.1922810077667236,0.34556886553764343,0.5255469083786011
True,False,False,False,312,12.479999542236328,0.26337799429893494,17.500402450561523,0.9542638063430786,27.359664916992188,2.1922810077667236,0.34556886553764343,0.5255469083786011
True,False,False,False,312,12.479999542236328,0.26337799429893494,17.500402450561523,0.9542638063430786,27.359664916992188,2.1922810077667236,0.34556886553764343,0.5255469083786011
True,False,False,False,312,12.479999542236328,0.26309728622436523,17.500749588012695,0.9542449116706848,27.359651565551758,2.192279815673828,0.34575197100639343,0.5255427956581116
True,False,False,False,312,12.479999542236328,0.26309728622436523,17.500749588012695,0.9542449116706848,27.359651565551758,2.192279815673828,0.34575197100639343,0.5255427956581116
True,False,False,False,312,12.479999542236328,0.26309728622436523,17.500749588012695,0.9542449116706848,27.359651565551758,2.192279815673828,0.34575197100639343,0.5255427956581116
True,False,False,False,312,12.479999542236328,0.26309728622436523,17.500749588012695,0.9542449116706848,27.359651565551758,2.192279815673828,0.34575197100639343,0.5255427956581116
True,False,False,False,312,12.479999542236328,0.26309728622436523,17.500749588012695,0.9542449116706848,27.359651565551758,2.192279815673828,0.34575197100639343,0.5255427956581116
True,False,False,False,312,12.479999542236328,0.26309728622436523,17.500749588012695,0.9542449116706848,27.359651565551758,2.192279815673828,0.34575197100639343,0.5255427956581116
True,False,False,False,312,12.479999542236328,0.26309728622436523,17.500749588012695,0.9542449116706848,27.359651565551758,2.192279815673828,0.34575197100639343,0.5255427956581116
True,False,False,False,312,12.479999542236328,0.26309728622436523,17.500749588012695,0.9542449116706848,27.359651565551758,2.192279815673828,0.34575197100639343,0.5255427956581116
True,False,False,False,312,12.479999542236328,0.26309728622436523,17.500749588012695,0.9542449116706848,27.359651565551758,2.192279815673828,0.34575197100639343,0.5255427956581116
True,False,False,False,312,12.479999542236328,0.26309728622436523,17.500749588012695,0.9542449116706848,27.359651565551758,2.192279815673828,0.34575197100639343,0.5255427956581116
True,False,False,False,312,12.479999542236328,0.26309728622436523,17.500749588012695,0.9542449116706848,27.359651565551758,2.192279815673828,0.34575197100639343,0.5255427956581116
True,False,False,False,312,12.479999542236328,0.26309728622436523,17.500749588012695,0.9542449116706848,27.359651565551758,2.192279815673828,0.34575197100639343,0.5255427956581116
True,False,False,False,312,12.479999542236328,0.26337799429893494,17.500402450561523,0.9542638063430786,27.359664916992188,2.1922810077667236,0.34556886553764343,0.5255469083786011
True,False,False,False,312,12.479999542236328,0.26337799429893494,17.500402450561523,0.9542638063430786,27.359664916992188,2.1922810077667236,0.34556886553764343,0.5255469083786011
True,False,False,False,312,12.479999542236328,0.26337799429893494,17.500402450561523,0.9542638063430786,27.359664916992188,2.1922810077667236,0.34556886553764343,0.5255469083786011
True,False,False,False,312,12.479999542236328,0.26337799429893494,17.500402450561523,0.9542638063430786,27.359664916992188,2.1922810077667236,0.34556886553764343,0.5255469083786011
True,False,False,False,312,12.479999542236328,0.26337799429893494,17.500402450561523,0.9542638063430786,27.359664916992188,2.1922810077667236,0.34556886553764343,0.5255469083786011
True,False,False,False,312,12.479999542236328,0.2634381949901581,17.5004825592041,0.95425945520401,27.359699249267578,2.1922836303710938,0.34562990069389343,0.5255496501922607
True,False,False,False,312,12.479999542236328,0.2634381949901581,17.5004825592041,0.95425945520401,27.359699249267578,2.1922836303710938,0.34562990069389343,0.5255496501922607
True,False,False,False,312,12.479999542236328,0.2634983956813812,17.50049591064453,0.9542586803436279,27.359683990478516,2.1922824382781982,0.34564515948295593,0.5255503058433533
True,False,False,False,312,12.479999542236328,0.2634983956813812,17.50049591064453,0.9542586803436279,27.359683990478516,2.1922824382781982,0.34564515948295593,0.5255503058433533
True,False,False,False,312,12.479999542236328,0.2635335624217987,17.50050163269043,0.954258382320404,27.359695434570312,2.1922833919525146,0.34566423296928406,0.5255507826805115
True,False,False,False,312,12.479999542236328,0.2635335624217987,17.50050163269043,0.954258382320404,27.359695434570312,2.1922833919525146,0.34566423296928406,0.5255507826805115
True,False,False,False,312,12.479999542236328,0.2634983956813812,17.50049591064453,0.9542586803436279,27.359683990478516,2.1922824382781982,0.34564515948295593,0.5255503058433533
True,False,False,False,312,12.479999542236328,0.2634983956813812,17.50049591064453,0.9542586803436279,27.359683990478516,2.1922824382781982,0.34564515948295593,0.5255503058433533
True,False,False,False,312,12.479999542236328,0.2634381949901581,17.5004825592041,0.95425945520401,27.359699249267578,2.1922836303710938,0.34562990069389343,0.5255496501922607
True,False,False,False,312,12.479999542236328,0.2634381949901581,17.5004825592041,0.95425945520401,27.359699249267578,2.1922836303710938,0.34562990069389343,0.5255496501922607
True,False,False,False,312,12.479999542236328,0.26337799429893494,17.500402450561523,0.9542638063430786,27.359664916992188,2.1922810077667236,0.34556886553764343,0.5255469083786011
True,False,False,False,312,12.479999542236328,0.26337799429893494,17.500402450561523,0.9542638063430786,27.359664916992188,2.1922810077667236,0.34556886553764343,0.5255469083786011
True,False,False,False,312,12.479999542236328,0.26337799429893494,17.500402450561523,0.9542638063430786,27.359664916992188,2.1922810077667236,0.34556886553764343,0.5255469083786011
True,False,False,False,312,12.479999542236328,0.26337799429893494,17.500402450561523,0.9542638063430786,27.359664916992188,2.1922810077667236,0.34556886553764343,0.5255469083786011
True,False,False,False,312,12.479999542236328,0.26337799429893494,17.500402450561523,0.9542638063430786,27.359664916992188,2.1922810077667236,0.34556886553764343,0.5255469083786011
True,False,False,False,312,12.479999542236328,0.26309728622436523,17.500749588012695,0.9542449116706848,27.359651565551758,2.192279815673828,0.34575197100639343,0.5255427956581116
True,False,False,False,312,12.479999542236328,0.26309728622436523,17.500749588012695,0.9542449116706848,27.359651565551758,2.192279815673828,0.34575197100639343,0.5255427956581116
True,False,False,False,312,12.479999542236328,0.26309728622436523,17.500749588012695,0.9542449116706848,27.359651565551758,2.192279815673828,0.34575197100639343,0.5255427956581116
True,False,False,False,312,12.479999542236328,0.26309728622436523,17.500749588012695,0.9542449116706848,27.359651565551758,2.192279815673828,0.34575197100639343,0.5255427956581116
True,False,False,False,312,12.479999542236328,0.26309728622436523,17.500749588012695,0.9542449116706848,27.359651565551758,2.192279815673828,0.34575197100639343,0.5255427956581116
True,False,False,False,312,12.479999542236328,0.26309728622436523,17.500749588012695,0.9542449116706848,27.359651565551758,2.192279815673828,0.34575197100639343,0.5255427956581116
True,False,False,False,312,12.479999542236328,0.26307427883148193,17.500732421875,0.9542458057403564,27.359710693359375,2.19228458404541,0.34575197100639343,0.5255370140075684
True,False,False,False,312,12.479999542236328,0.26307427883148193,17.500732421875,0.9542458057403564,27.359710693359375,2.19228458404541,0.34575197100639343,0.5255370140075684
True,False,False,False,312,12.479999542236328,0.26307427883148193,17.500732421875,0.9542458057403564,27.359710693359375,2.19228458404541,0.34575197100639343,0.5255370140075684
True,False,False,False,312,12.479999542236328,0.26307427883148193,17.500732421875,0.9542458057403564,27.359710693359375,2.19228458404541,0.34575197100639343,0.5255370140075684
True,False,False,False,312,12.479999542236328,0.26307427883148193,17.500732421875,0.9542458057403564,27.359710693359375,2.19228458404541,0.34575197100639343,0.5255370140075684
True,False,False,False,312,12.479999542236328,0.26307427883148193,17.500732421875,0.9542458057403564,27.359710693359375,2.19228458404541,0.34575197100639343,0.5255370140075684
True,False,False,False,312,12.479999542236328,0.26339513063430786,17.500385284423828,0.954264760017395,27.35973358154297,2.192286491394043,0.34556886553764343,0.5255416631698608
True,False,False,False,312,12.479999542236328,0.26339513063430786,17.500385284423828,0.954264760017395,27.35973358154297,2.192286491394043,0.34556886553764343,0.5255416631698608
True,False,False,False,312,12.479999542236328,0.26339513063430786,17.500385284423828,0.954264760017395,27.35973358154297,2.192286491394043,0.34556886553764343,0.5255416631698608
True,False,False,False,312,12.479999542236328,0.26339513063430786,17.500385284423828,0.954264760017395,27.35973358154297,2.192286491394043,0.34556886553764343,0.5255416631698608
True,False,False,False,312,12.479999542236328,0.26339513063430786,17.500385284423828,0.954264760017395,27.35973358154297,2.192286491394043,0.34556886553764343,0.5255416631698608
True,False,False,False,312,12.479999542236328,0.263455331325531,17.50046730041504,0.9542602300643921,27.359773635864258,2.1922895908355713,0.34562990069389343,0.5255445837974548
True,False,False,False,312,12.479999542236328,0.263455331325531,17.50046730041504,0.9542602300643921,27.359773635864258,2.1922895908355713,0.34562990069389343,0.5255445837974548
True,False,False,False,312,12.479999542236328,0.2635055482387543,17.500476837158203,0.9542597532272339,27.359766006469727,2.192289113998413,0.34564515948295593,0.525545060634613
True,False,False,False,312,12.479999542236328,0.2635055482387543,17.500476837158203,0.9542597532272339,27.359766006469727,2.192289113998413,0.34564515948295593,0.525545060634613
True,False,False,False,312,12.479999542236328,0.2635381817817688,17.500478744506836,0.9542596340179443,27.359766006469727,2.192289113998413,0.34566423296928406,0.5255453586578369
True,False,False,False,312,12.479999542236328,0.2635381817817688,17.500478744506836,0.9542596340179443,27.359766006469727,2.192289113998413,0.34566423296928406,0.5255453586578369
True,False,False,False,312,12.479999542236328,0.2635055482387543,17.500476837158203,0.9542597532272339,27.359766006469727,2.192289113998413,0.34564515948295593,0.525545060634613
True,False,False,False,312,12.479999542236328,0.2635055482387543,17.500476837158203,0.9542597532272339,27.359766006469727,2.192289113998413,0.34564515948295593,0.525545060634613
True,False,False,False,312,12.479999542236328,0.263455331325531,17.50046730041504,0.9542602300643921,27.359773635864258,2.1922895908355713,0.34562990069389343,0.5255445837974548
True,False,False,False,312,12.479999542236328,0.263455331325531,17.50046730041504,0.9542602300643921,27.359773635864258,2.1922895908355713,0.34562990069389343,0.5255445837974548
True,False,False,False,312,12.479999542236328,0.26339513063430786,17.500385284423828,0.954264760017395,27.35973358154297,2.192286491394043,0.34556886553764343,0.5255416631698608
True,False,False,False,312,12.479999542236328,0.26339513063430786,17.500385284423828,0.954264760017395,27.35973358154297,2.192286491394043,0.34556886553764343,0.5255416631698608
True,False,False,False,312,12.479999542236328,0.26339513063430786,17.500385284423828,0.954264760017395,27.35973358154297,2.192286491394043,0.34556886553764343,0.5255416631698608
True,False,False,False,312,12.479999542236328,0.26339513063430786,17.500385284423828,0.954264760017395,27.35973358154297,2.192286491394043,0.34556886553764343,0.5255416631698608
True,False,False,False,312,12.479999542236328,0.26339513063430786,17.500385284423828,0.954264760017395,27.35973358154297,2.192286491394043,0.34556886553764343,0.5255416631698608
True,False,False,False,312,12.479999542236328,0.26307427883148193,17.500732421875,0.9542458057403564,27.359710693359375,2.19228458404541,0.34575197100639343,0.5255370140075684
True,False,False,False,312,12.479999542236328,0.26307427883148193,17.500732421875,0.9542458057403564,27.359710693359375,2.19228458404541,0.34575197100639343,0.5255370140075684
True,False,False,False,312,12.479999542236328,0.26307427883148193,17.500732421875,0.9542458057403564,27.359710693359375,2.19228458404541,0.34575197100639343,0.5255370140075684
True,False,False,False,312,12.479999542236328,0.26307427883148193,17.500732421875,0.9542458057403564,27.359710693359375,2.19228458404541,0.34575197100639343,0.5255370140075684
True,False,False,False,312,12.479999542236328,0.26307427883148193,17.500732421875,0.9542458057403564,27.359710693359375,2.19228458404541,0.34575197100639343,0.5255370140075684
True,False,False,False,312,12.479999542236328,0.26307427883148193,17.500732421875,0.9542458057403564,27.359710693359375,2.19228458404541,0.34575197100639343,0.5255370140075684
True,False,False,False,312,12.479999542236328,0.26307427883148193,17.500732421875,0.9542458057403564,27.359710693359375,2.19228458404541,0.34575197100639343,0.5255370140075684
True,False,False,False,312,12.479999542236328,0.26307427883148193,17.500732421875,0.9542458057403564,27.359710693359375,2.19228458404541,0.34575197100639343,0.5255370140075684
True,False,False,False,312,12.479999542236328,0.26307427883148193,17.500732421875,0.9542458057403564,27.359710693359375,2.19228458404541,0.34575197100639343,0.5255370140075684
True,False,False,False,312,12.479999542236328,0.26307427883148193,17.500732421875,0.9542458057403564,27.359710693359375,2.19228458404541,0.34575197100639343,0.5255370140075684
True,False,False,False,312,12.479999542236328,0.26307427883148193,17.500732421875,0.9542458057403564,27.359710693359375,2.19228458404541,0.34575197100639343,0.5255370140075684
True,False,False,False,312,12.479999542236328,0.26307427883148193,17.500732421875,0.9542458057403564,27.359710693359375,2.19228458404541,0.34575197100639343,0.5255370140075684
True,False,False,False,312,12.479999542236328,0.26339513063430786,17.500385284423828,0.954264760017395,27.35973358154297,2.192286491394043,0.34556886553764343,0.5255416631698608
True,False,False,False,312,12.479999542236328,0.26339513063430786,17.500385284423828,0.954264760017395,27.35973358154297,2.192286491394043,0.34556886553764343,0.5255416631698608
True,False,False,False,312,12.479999542236328,0.26339513063430786,17.500385284423828,0.954264760017395,27.35973358154297,2.192286491394043,0.34556886553764343,0.5255416631698608
True,False,False,False,312,12.479999542236328,0.26339513063430786,17.500385284423828,0.954264760017395,27.35973358154297,2.192286491394043,0.34556886553764343,0.5255416631698608
True,False,False,False,312,12.479999542236328,0.26339513063430786,17.500385284423828,0.954264760017395,27.35973358154297,2.192286491394043,0.34556886553764343,0.5255416631698608
True,False,False,False,312,12.479999542236328,0.263455331325531,17.50046730041504,0.9542602300643921,27.359773635864258,2.1922895908355713,0.34562990069389343,0.5255445837974548
True,False,False,False,312,12.479999542236328,0.263455331325531,17.50046730041504,0.9542602300643921,27.359773635864258,2.1922895908355713,0.34562990069389343,0.5255445837974548
True,False,False,False,312,12.479999542236328,0.2635055482387543,17.500476837158203,0.9542597532272339,27.359766006469727,2.192289113998413,0.34564515948295593,0.525545060634613
True,False,False,False,312,12.479999542236328,0.2635055482387543,17.500476837158203,0.9542597532272339,27.359766006469727,2.192289113998413,0.34564515948295593,0.525545060634613
True,False,False,False,312,12.479999542236328,0.2635381817817688,17.500478744506836,0.9542596340179443,27.359766006469727,2.192289113998413,0.34566423296928406,0.5255453586578369
True,False,False,False,312,12.479999542236328,0.2635381817817688,17.500478744506836,0.9542596340179443,27.359766006469727,2.192289113998413,0.34566423296928406,0.5255453586578369
True,False,False,False,312,12.479999542236328,0.2635055482387543,17.500476837158203,0.9542597532272339,27.359766006469727,2.192289113998413,0.34564515948295593,0.525545060634613
True,False,False,False,312,12.479999542236328,0.2635055482387543,17.500476837158203,0.9542597532272339,27.359766006469727,2.192289113998413,0.34564515948295593,0.525545060634613
True,False,False,False,312,12.479999542236328,0.263455331325531,17.50046730041504,0.9542602300643921,27.359773635864258,2.1922895908355713,0.34562990069389343,0.5255445837974548
True,False,False,False,312,12.479999542236328,0.263455331325531,17.50046730041504,0.9542602300643921,27.359773635864258,2.1922895908355713,0.34562990069389343,0.5255445837974548
True,False,False,False,312,12.479999542236328,0.26339513063430786,17.500385284423828,0.954264760017395,27.35973358154297,2.192286491394043,0.34556886553764343,0.5255416631698608
True,False,False,False,312,12.479999542236328,0.26339513063430786,17.500385284423828,0.954264760017395,27.35973358154297,2.192286491394043,0.34556886553764343,0.5255416631698608
True,False,False,False,312,12.479999542236328,0.26339513063430786,17.500385284423828,0.954264760017395,27.35973358154297,2.192286491394043,0.34556886553764343,0.5255416631698608
True,False,False,False,312,12.479999542236328,0.26339513063430786,17.500385284423828,0.954264760017395,27.35973358154297,2.192286491394043,0.34556886553764343,0.5255416631698608
True,False,False,False,312,12.479999542236328,0.26339513063430786,17.500385284423828,0.954264760017395,27.35973358154297,2.192286491394043,0.34556886553764343,0.5255416631698608
True,False,False,False,312,12.479999542236328,0.26307427883148193,17.500732421875,0.9542458057403564,27.359710693359375,2.19228458404541,0.34575197100639343,0.5255370140075684
True,False,False,False,312,12.479999542236328,0.26307427883148193,17.500732421875,0.9542458057403564,27.359710693359375,2.19228458404541,0.34575197100639343,0.5255370140075684
True,False,False,False,312,12.479999542236328,0.26307427883148193,17.500732421875,0.9542458057403564,27.359710693359375,2.19228458404541,0.34575197100639343,0.5255370140075684
True,False,False,False,312,12.479999542236328,0.26307427883148193,17.500732421875,0.9542458057403564,27.359710693359375,2.19228458404541,0.34575197100639343,0.5255370140075684
True,False,False,False,312,12.479999542236328,0.26307427883148193,17.500732421875,0.9542458057403564,27.359710693359375,2.19228458404541,0.34575197100639343,0.5255370140075684
True,False,False,False,312,12.479999542236328,0.26307427883148193,17.500732421875,0.9542458057403564,27.359710693359375,2.19228458404541,0.34575197100639343,0.5255370140075684
True,False,False,False,312,12.479999542236328,0.26307427883148193,17.500732421875,0.9542458057403564,27.359710693359375,2.19228458404541,0.34575197100639343,0.5255370140075684
True,False,False,False,312,12.479999542236328,0.26307427883148193,17.500732421875,0.9542458057403564,27.359710693359375,2.19228458404541,0.34575197100639343,0.5255370140075684
True,False,False,False,312,12.479999542236328,0.26307427883148193,17.500732421875,0.9542458057403564,27.359710693359375,2.19228458404541,0.34575197100639343,0.5255370140075684
True,False,False,False,312,12.479999542236328,0.26307427883148193,17.500732421875,0.9542458057403564,27.359710693359375,2.19228458404541,0.34575197100639343,0.5255370140075684
True,False,False,False,312,12.479999542236328,0.26307427883148193,17.500732421875,0.9542458057403564,27.359710693359375,2.19228458404541,0.34575197100639343,0.5255370140075684
True,False,False,False,312,12.479999542236328,0.26307427883148193,17.500732421875,0.9542458057403564,27.359710693359375,2.19228458404541,0.34575197100639343,0.5255370140075684
True,False,False,False,312,12.479999542236328,0.26339513063430786,17.500385284423828,0.954264760017395,27.35973358154297,2.192286491394043,0.34556886553764343,0.5255416631698608
True,False,False,False,312,12.479999542236328,0.26339513063430786,17.500385284423828,0.954264760017395,27.35973358154297,2.192286491394043,0.34556886553764343,0.5255416631698608
True,False,False,False,312,12.479999542236328,0.26339513063430786,17.500385284423828,0.954264760017395,27.35973358154297,2.192286491394043,0.34556886553764343,0.5255416631698608
True,False,False,False,312,12.479999542236328,0.26339513063430786,17.500385284423828,0.954264760017395,27.35973358154297,2.192286491394043,0.34556886553764343,0.5255416631698608
True,False,False,False,312,12.479999542236328,0.26339513063430786,17.500385284423828,0.954264760017395,27.35973358154297,2.192286491394043,0.34556886553764343,0.5255416631698608
True,False,False,False,312,12.479999542236328,0.263455331325531,17.50046730041504,0.9542602300643921,27.359773635864258,2.1922895908355713,0.34562990069389343,0.5255445837974548
True,False,False,False,312,12.479999542236328,0.263455331325531,17.50046730041504,0.9542602300643921,27.359773635864258,2.1922895908355713,0.34562990069389343,0.5255445837974548
True,False,False,False,312,12.479999542236328,0.2635055482387543,17.500476837158203,0.9542597532272339,27.359766006469727,2.192289113998413,0.34564515948295593,0.525545060634613
True,False,False,False,312,12.479999542236328,0.2635055482387543,17.500476837158203,0.9542597532272339,27.359766006469727,2.192289113998413,0.34564515948295593,0.525545060634613
True,False,False,False,312,12.479999542236328,0.2635381817817688,17.500478744506836,0.9542596340179443,27.359766006469727,2.192289113998413,0.34566423296928406,0.5255453586578369
True,False,False,False,312,12.479999542236328,0.2635381817817688,17.500478744506836,0.9542596340179443,27.359766006469727,2.192289113998413,0.34566423296928406,0.5255453586578369
True,False,False,False,312,12.479999542236328,0.2635055482387543,17.500476837158203,0.9542597532272339,27.359766006469727,2.192289113998413,0.34564515948295593,0.525545060634613
True,False,False,False,312,12.479999542236328,0.2635055482387543,17.500476837158203,0.9542597532272339,27.359766006469727,2.192289113998413,0.34564515948295593,0.525545060634613
True,False,False,False,312,12.479999542236328,0.263455331325531,17.50046730041504,0.9542602300643921,27.359773635864258,2.1922895908355713,0.34562990069389343,0.5255445837974548
True,False,False,False,312,12.479999542236328,0.263455331325531,17.50046730041504,0.9542602300643921,27.359773635864258,2.1922895908355713,0.34562990069389343,0.5255445837974548
True,False,False,False,312,12.479999542236328,0.26339513063430786,17.500385284423828,0.954264760017395,27.35973358154297,2.192286491394043,0.34556886553764343,0.5255416631698608
True,False,False,False,312,12.479999542236328,0.26339513063430786,17.500385284423828,0.954264760017395,27.35973358154297,2.192286491394043,0.34556886553764343,0.5255416631698608
True,False,False,False,312,12.479999542236328,0.26339513063430786,17.500385284423828,0.954264760017395,27.35973358154297,2.192286491394043,0.34556886553764343,0.5255416631698608
True,False,False,False,312,12.479999542236328,0.26339513063430786,17.500385284423828,0.954264760017395,27.35973358154297,2.192286491394043,0.34556886553764343,0.5255416631698608
True,False,False,False,312,12.479999542236328,0.26339513063430786,17.500385284423828,0.954264760017395,27.35973358154297,2.192286491394043,0.34556886553764343,0.5255416631698608
True,False,False,False,312,12.479999542236328,0.26307427883148193,17.500732421875,0.9542458057403564,27.359710693359375,2.19228458404541,0.34575197100639343,0.5255370140075684
True,False,False,False,312,12.479999542236328,0.26307427883148193,17.500732421875,0.9542458057403564,27.359710693359375,2.19228458404541,0.34575197100639343,0.5255370140075684
True,False,False,False,312,12.479999542236328,0.26307427883148193,17.500732421875,0.9542458057403564,27.359710693359375,2.19228458404541,0.34575197100639343,0.5255370140075684
True,False,False,False,312,12.479999542236328,0.26307427883148193,17.500732421875,0.9542458057403564,27.359710693359375,2.19228458404541,0.34575197100639343,0.5255370140075684
True,False,False,False,312,12.479999542236328,0.26307427883148193,17.500732421875,0.9542458057403564,27.359710693359375,2.19228458404541,0.34575197100639343,0.5255370140075684
True,False,False,False,312,12.479999542236328,0.26307427883148193,17.500732421875,0.9542458057403564,27.359710693359375,2.19228458404541,0.34575197100639343,0.5255370140075684
True,False,False,False,312,12.479999542236328,0.26307427883148193,17.500732421875,0.9542458057403564,27.359710693359375,2.19228458404541,0.34575197100639343,0.5255370140075684
True,False,False,False,312,12.479999542236328,0.26307427883148193,17.500732421875,0.9542458057403564,27.359710693359375,2.19228458404541,0.34575197100639343,0.5255370140075684
True,False,False,False,312,12.479999542236328,0.26307427883148193,17.500732421875,0.9542458057403564,27.359710693359375,2.19228458404541,0.34575197100639343,0.5255370140075684
True,False,False,False,312,12.479999542236328,0.26307427883148193,17.500732421875,0.9542458057403564,27.359710693359375,2.19228458404541,0.34575197100639343,0.5255370140075684
True,False,False,False,312,12.479999542236328,0.26307427883148193,17.500732421875,0.9542458057403564,27.359710693359375,2.19228458404541,0.34575197100639343,0.5255370140075684
True,False,False,False,312,12.479999542236328,0.26307427883148193,17.500732421875,0.9542458057403564,27.359710693359375,2.19228458404541,0.34575197100639343,0.5255370140075684
True,False,False,False,312,12.479999542236328,0.26339513063430786,17.500385284423828,0.954264760017395,27.35973358154297,2.192286491394043,0.34556886553764343,0.5255416631698608
True,False,False,False,312,12.479999542236328,0.26339513063430786,17.500385284423828,0.954264760017395,27.35973358154297,2.192286491394043,0.34556886553764343,0.5255416631698608
True,False,False,False,312,12.479999542236328,0.26339513063430786,17.500385284423828,0.954264760017395,27.35973358154297,2.192286491394043,0.34556886553764343,0.5255416631698608
True,False,False,False,312,12.479999542236328,0.26339513063430786,17.500385284423828,0.954264760017395,27.35973358154297,2.192286491394043,0.34556886553764343,0.5255416631698608
True,False,False,False,312,12.479999542236328,0.26339513063430786,17.500385284423828,0.954264760017395,27.35973358154297,2.192286491394043,0.34556886553764343,0.5255416631698608
True,False,False,False,312,12.479999542236328,0.263455331325531,17.50046730041504,0.9542602300643921,27.359773635864258,2.1922895908355713,0.34562990069389343,0.5255445837974548
True,False,False,False,312,12.479999542236328,0.263455331325531,17.50046730041504,0.9542602300643921,27.359773635864258,2.1922895908355713,0.34562990069389343,0.5255445837974548
True,False,False,False,312,12.479999542236328,0.2635055482387543,17.500476837158203,0.9542597532272339,27.359766006469727,2.192289113998413,0.34564515948295593,0.525545060634613
True,False,False,False,312,12.479999542236328,0.2635055482387543,17.500476837158203,0.9542597532272339,27.359766006469727,2.192289113998413,0.34564515948295593,0.525545060634613
True,False,False,False,312,12.479999542236328,0.2635381817817688,17.500478744506836,0.9542596340179443,27.359766006469727,2.192289113998413,0.34566423296928406,0.5255453586578369
True,False,False,False,312,12.479999542236328,0.2635381817817688,17.500478744506836,0.9542596340179443,27.359766006469727,2.192289113998413,0.34566423296928406,0.5255453586578369
True,False,False,False,312,12.479999542236328,0.2635055482387543,17.500476837158203,0.9542597532272339,27.359766006469727,2.192289113998413,0.34564515948295593,0.525545060634613
True,False,False,False,312,12.479999542236328,0.2635055482387543,17.500476837158203,0.9542597532272339,27.359766006469727,2.192289113998413,0.34564515948295593,0.525545060634613
True,False,False,False,312,12.479999542236328,0.263455331325531,17.50046730041504,0.9542602300643921,27.359773635864258,2.1922895908355713,0.34562990069389343,0.5255445837974548
True,False,False,False,312,12.479999542236328,0.263455331325531,17.50046730041504,0.9542602300643921,27.359773635864258,2.1922895908355713,0.34562990069389343,0.5255445837974548
True,False,False,False,312,12.479999542236328,0.26339513063430786,17.500385284423828,0.954264760017395,27.35973358154297,2.192286491394043,0.34556886553764343,0.5255416631698608
True,False,False,False,312,12.479999542236328,0.26339513063430786,17.500385284423828,0.954264760017395,27.35973358154297,2.192286491394043,0.34556886553764343,0.5255416631698608
True,False,False,False,312,12.479999542236328,0.26339513063430786,17.500385284423828,0.954264760017395,27.35973358154297,2.192286491394043,0.34556886553764343,0.5255416631698608
True,False,False,False,312,12.479999542236328,0.26339513063430786,17.500385284423828,0.954264760017395,27.35973358154297,2.192286491394043,0.34556886553764343,0.5255416631698608
True,False,False,False,312,12.479999542236328,0.26339513063430786,17.500385284423828,0.954264760017395,27.35973358154297,2.192286491394043,0.34556886553764343,0.5255416631698608
True,False,False,False,312,12.479999542236328,0.26307427883148193,17.500732421875,0.9542458057403564,27.359710693359375,2.19228458404541,0.34575197100639343,0.5255370140075684
True,False,False,False,312,12.479999542236328,0.26307427883148193,17.500732421875,0.9542458057403564,27.359710693359375,2.19228458404541,0.34575197100639343,0.5255370140075684
True,False,False,False,312,12.479999542236328,0.26307427883148193,17.500732421875,0.9542458057403564,27.359710693359375,2.19228458404541,0.34575197100639343,0.5255370140075684
True,False,False,False,312,12.479999542236328,0.26307427883148193,17.500732421875,0.9542458057403564,27.359710693359375,2.19228458404541,0.34575197100639343,0.5255370140075684
True,False,False,False,312,12.479999542236328,0.26307427883148193,17.500732421875,0.9542458057403564,27.359710693359375,2.19228458404541,0.34575197100639343,0.5255370140075684
True,False,False,False,312,12.479999542236328,0.26307427883148193,17.500732421875,0.9542458057403564,27.359710693359375,2.19228458404541,0.34575197100639343,0.5255370140075684
True,False,False,False,312,12.479999542236328,0.26307427883148193,17.500732421875,0.9542458057403564,27.359710693359375,2.19228458404541,0.34575197100639343,0.5255370140075684
True,False,False,False,312,12.479999542236328,0.26307427883148193,17.500732421875,0.9542458057403564,27.359710693359375,2.19228458404541,0.34575197100639343,0.5255370140075684
True,False,False,False,312,12.479999542236328,0.26307427883148193,17.500732421875,0.9542458057403564,27.359710693359375,2.19228458404541,0.34575197100639343,0.5255370140075684
True,False,False,False,312,12.479999542236328,0.26307427883148193,17.500732421875,0.9542458057403564,27.359710693359375,2.19228458404541,0.34575197100639343,0.5255370140075684
True,False,False,False,312,12.479999542236328,0.26307427883148193,17.500732421875,0.9542458057403564,27.359710693359375,2.19228458404541,0.34575197100639343,0.5255370140075684
True,False,False,False,312,12.479999542236328,0.26307427883148193,17.500732421875,0.9542458057403564,27.359710693359375,2.19228458404541,0.34575197100639343,0.5255370140075684
True,False,False,False,312,12.479999542236328,0.26339513063430786,17.500385284423828,0.954264760017395,27.35973358154297,2.192286491394043,0.34556886553764343,0.5255416631698608
True,False,False,False,312,12.479999542236328,0.26339513063430786,17.500385284423828,0.954264760017395,27.35973358154297,2.192286491394043,0.34556886553764343,0.5255416631698608
True,False,False,False,312,12.479999542236328,0.26339513063430786,17.500385284423828,0.954264760017395,27.35973358154297,2.192286491394043,0.34556886553764343,0.5255416631698608
True,False,False,False,312,12.479999542236328,0.26339513063430786,17.500385284423828,0.954264760017395,27.35973358154297,2.192286491394043,0.34556886553764343,0.5255416631698608
True,False,False,False,312,12.479999542236328,0.26339513063430786,17.500385284423828,0.954264760017395,27.35973358154297,2.192286491394043,0.34556886553764343,0.5255416631698608
True,False,False,False,312,12.479999542236328,0.263455331325531,17.50046730041504,0.9542602300643921,27.359773635864258,2.1922895908355713,0.34562990069389343,0.5255445837974548
True,False,False,False,312,12.479999542236328,0.263455331325531,17.50046730041504,0.9542602300643921,27.359773635864258,2.1922895908355713,0.34562990069389343,0.5255445837974548
True,False,False,False,312,12.479999542236328,0.2635055482387543,17.500476837158203,0.9542597532272339,27.359766006469727,2.192289113998413,0.34564515948295593,0.525545060634613
True,False,False,False,312,12.479999542236328,0.2635055482387543,17.500476837158203,0.9542597532272339,27.359766006469727,2.192289113998413,0.34564515948295593,0.525545060634613
True,False,False,False,312,12.479999542236328,0.2635381817817688,17.500478744506836,0.9542596340179443,27.359766006469727,2.192289113998413,0.34566423296928406,0.5255453586578369
True,False,False,False,312,12.479999542236328,0.2635381817817688,17.500478744506836,0.9542596340179443,27.359766006469727,2.192289113998413,0.34566423296928406,0.5255453586578369
True,False,False,False,312,12.479999542236328,0.2635055482387543,17.500476837158203,0.9542597532272339,27.359766006469727,2.192289113998413,0.34564515948295593,0.525545060634613
True,False,False,False,312,12.479999542236328,0.2635055482387543,17.500476837158203,0.9542597532272339,27.359766006469727,2.192289113998413,0.34564515948295593,0.525545060634613
True,False,False,False,312,12.479999542236328,0.263455331325531,17.50046730041504,0.9542602300643921,27.359773635864258,2.1922895908355713,0.34562990069389343,0.5255445837974548
True,False,False,False,312,12.479999542236328,0.263455331325531,17.50046730041504,0.9542602300643921,27.359773635864258,2.1922895908355713,0.34562990069389343,0.5255445837974548
True,False,False,False,312,12.479999542236328,0.26339513063430786,17.500385284423828,0.954264760017395,27.35973358154297,2.192286491394043,0.34556886553764343,0.5255416631698608
True,False,False,False,312,12.479999542236328,0.26339513063430786,17.500385284423828,0.954264760017395,27.35973358154297,2.192286491394043,0.34556886553764343,0.5255416631698608
True,False,False,False,312,12.479999542236328,0.26339513063430786,17.500385284423828,0.954264760017395,27.35973358154297,2.192286491394043,0.34556886553764343,0.5255416631698608
True,False,False,False,312,12.479999542236328,0.26339513063430786,17.500385284423828,0.954264760017395,27.35973358154297,2.192286491394043,0.34556886553764343,0.5255416631698608
True,False,False,False,312,12.479999542236328,0.26339513063430786,17.500385284423828,0.954264760017395,27.35973358154297,2.192286491394043,0.34556886553764343,0.5255416631698608
True,False,False,False,312,12.479999542236328,0.26307427883148193,17.500732421875,0.9542458057403564,27.359710693359375,2.19228458404541,0.34575197100639343,0.5255370140075684
True,False,False,False,312,12.479999542236328,0.26307427883148193,17.500732421875,0.9542458057403564,27.359710693359375,2.19228458404541,0.34575197100639343,0.5255370140075684
True,False,False,False,312,12.479999542236328,0.26307427883148193,17.500732421875,0.9542458057403564,27.359710693359375,2.19228458404541,0.34575197100639343,0.5255370140075684
True,False,False,False,312,12.479999542236328,0.26307427883148193,17.500732421875,0.9542458057403564,27.359710693359375,2.19228458404541,0.34575197100639343,0.5255370140075684
True,False,False,False,312,12.479999542236328,0.26307427883148193,17.500732421875,0.9542458057403564,27.359710693359375,2.19228458404541,0.34575197100639343,0.5255370140075684
True,False,False,False,312,12.479999542236328,0.26307427883148193,17.500732421875,0.9542458057403564,27.359710693359375,2.19228458404541,0.34575197100639343,0.5255370140075684
True,False,False,False,312,12.479999542236328,0.2639824151992798,17.499835968017578,0.954294741153717,27.359792709350586,2.192291259765625,0.34575197100639343,0.5255333185195923
True,False,False,False,312,12.479999542236328,0.2639824151992798,17.499835968017578,0.954294741153717,27.359792709350586,2.192291259765625,0.34575197100639343,0.5255333185195923
True,False,False,False,312,12.479999542236328,0.2639824151992798,17.499835968017578,0.954294741153717,27.359792709350586,2.192291259765625,0.34575197100639343,0.5255333185195923
True,False,False,False,312,12.479999542236328,0.2639824151992798,17.499835968017578,0.954294741153717,27.359792709350586,2.192291259765625,0.34575197100639343,0.5255333185195923
True,False,False,False,312,12.479999542236328,0.2639824151992798,17.499835968017578,0.954294741153717,27.359792709350586,2.192291259765625,0.34575197100639343,0.5255333185195923
True,False,False,False,312,12.479999542236328,0.2639824151992798,17.499835968017578,0.954294741153717,27.359792709350586,2.192291259765625,0.34575197100639343,0.5255333185195923
True,False,False,False,312,12.479999542236328,0.26414257287979126,17.499549865722656,0.9543102979660034,27.35980796813965,2.1922924518585205,0.34556886553764343,0.5255375504493713
True,False,False,False,312,12.479999542236328,0.26414257287979126,17.499549865722656,0.9543102979660034,27.35980796813965,2.1922924518585205,0.34556886553764343,0.5255375504493713
True,False,False,False,312,12.479999542236328,0.26414257287979126,17.499549865722656,0.9543102979660034,27.35980796813965,2.1922924518585205,0.34556886553764343,0.5255375504493713
True,False,False,False,312,12.479999542236328,0.26414257287979126,17.499549865722656,0.9543102979660034,27.35980796813965,2.1922924518585205,0.34556886553764343,0.5255375504493713
True,False,False,False,312,12.479999542236328,0.26414257287979126,17.499549865722656,0.9543102979660034,27.35980796813965,2.1922924518585205,0.34556886553764343,0.5255375504493713
True,False,False,False,312,12.479999542236328,0.2643028497695923,17.499629974365234,0.9543059468269348,27.359832763671875,2.1922943592071533,0.34562990069389343,0.525541365146637
True,False,False,False,312,12.479999542236328,0.2643028497695923,17.499629974365234,0.9543059468269348,27.359832763671875,2.1922943592071533,0.34562990069389343,0.525541365146637
True,False,False,False,312,12.479999542236328,0.26434293389320374,17.499645233154297,0.954305112361908,27.359846115112305,2.192295551300049,0.34561464190483093,0.525540828704834
True,False,False,False,312,12.479999542236328,0.26434293389320374,17.499645233154297,0.954305112361908,27.359846115112305,2.192295551300049,0.34561464190483093,0.525540828704834
True,False,False,False,312,12.479999542236328,0.2643730044364929,17.499635696411133,0.9543055891990662,27.359848022460938,2.192295551300049,0.34566041827201843,0.5255419015884399
True,False,False,False,312,12.479999542236328,0.2643730044364929,17.499635696411133,0.9543055891990662,27.359848022460938,2.192295551300049,0.34566041827201843,0.5255419015884399
True,False,False,False,312,12.479999542236328,0.26434293389320374,17.499645233154297,0.954305112361908,27.359846115112305,2.192295551300049,0.34561464190483093,0.525540828704834
True,False,False,False,312,12.479999542236328,0.26434293389320374,17.499645233154297,0.954305112361908,27.359846115112305,2.192295551300049,0.34561464190483093,0.525540828704834
True,False,False,False,312,12.479999542236328,0.2643028497695923,17.499629974365234,0.9543059468269348,27.359832763671875,2.1922943592071533,0.34562990069389343,0.525541365146637
True,False,False,False,312,12.479999542236328,0.2643028497695923,17.499629974365234,0.9543059468269348,27.359832763671875,2.1922943592071533,0.34562990069389343,0.525541365146637
True,False,False,False,312,12.479999542236328,0.26414257287979126,17.499549865722656,0.9543102979660034,27.35980796813965,2.1922924518585205,0.34556886553764343,0.5255375504493713
True,False,False,False,312,12.479999542236328,0.26414257287979126,17.499549865722656,0.9543102979660034,27.35980796813965,2.1922924518585205,0.34556886553764343,0.5255375504493713
True,False,False,False,312,12.479999542236328,0.26414257287979126,17.499549865722656,0.9543102979660034,27.35980796813965,2.1922924518585205,0.34556886553764343,0.5255375504493713
True,False,False,False,312,12.479999542236328,0.26414257287979126,17.499549865722656,0.9543102979660034,27.35980796813965,2.1922924518585205,0.34556886553764343,0.5255375504493713
True,False,False,False,312,12.479999542236328,0.26414257287979126,17.499549865722656,0.9543102979660034,27.35980796813965,2.1922924518585205,0.34556886553764343,0.5255375504493713
True,False,False,False,312,12.479999542236328,0.2639824151992798,17.499835968017578,0.954294741153717,27.359792709350586,2.192291259765625,0.34575197100639343,0.5255333185195923
True,False,False,False,312,12.479999542236328,0.2639824151992798,17.499835968017578,0.954294741153717,27.359792709350586,2.192291259765625,0.34575197100639343,0.5255333185195923
True,False,False,False,312,12.479999542236328,0.2639824151992798,17.499835968017578,0.954294741153717,27.359792709350586,2.192291259765625,0.34575197100639343,0.5255333185195923
True,False,False,False,312,12.479999542236328,0.2639824151992798,17.499835968017578,0.954294741153717,27.359792709350586,2.192291259765625,0.34575197100639343,0.5255333185195923
True,False,False,False,312,12.479999542236328,0.2639824151992798,17.499835968017578,0.954294741153717,27.359792709350586,2.192291259765625,0.34575197100639343,0.5255333185195923
True,False,False,False,312,12.479999542236328,0.2639824151992798,17.499835968017578,0.954294741153717,27.359792709350586,2.192291259765625,0.34575197100639343,0.5255333185195923
True,False,False,False,312,12.479999542236328,0.2639133036136627,17.49991798400879,0.9542902708053589,27.35980224609375,2.1922919750213623,0.34575197100639343,0.5255333781242371
True,False,False,False,312,12.479999542236328,0.2639133036136627,17.49991798400879,0.9542902708053589,27.35980224609375,2.1922919750213623,0.34575197100639343,0.5255333781242371
True,False,False,False,312,12.479999542236328,0.2639133036136627,17.49991798400879,0.9542902708053589,27.35980224609375,2.1922919750213623,0.34575197100639343,0.5255333781242371
True,False,False,False,312,12.479999542236328,0.2639133036136627,17.49991798400879,0.9542902708053589,27.35980224609375,2.1922919750213623,0.34575197100639343,0.5255333781242371
True,False,False,False,312,12.479999542236328,0.2639133036136627,17.49991798400879,0.9542902708053589,27.35980224609375,2.1922919750213623,0.34575197100639343,0.5255333781242371
True,False,False,False,312,12.479999542236328,0.2639133036136627,17.49991798400879,0.9542902708053589,27.35980224609375,2.1922919750213623,0.34575197100639343,0.5255333781242371
True,False,False,False,312,12.479999542236328,0.2640734910964966,17.4996337890625,0.9543057084083557,27.359813690185547,2.1922929286956787,0.34556886553764343,0.5255375504493713
True,False,False,False,312,12.479999542236328,0.2640734910964966,17.4996337890625,0.9543057084083557,27.359813690185547,2.1922929286956787,0.34556886553764343,0.5255375504493713
True,False,False,False,312,12.479999542236328,0.2640734910964966,17.4996337890625,0.9543057084083557,27.359813690185547,2.1922929286956787,0.34556886553764343,0.5255375504493713
True,False,False,False,312,12.479999542236328,0.2640734910964966,17.4996337890625,0.9543057084083557,27.359813690185547,2.1922929286956787,0.34556886553764343,0.5255375504493713
True,False,False,False,312,12.479999542236328,0.2640734910964966,17.4996337890625,0.9543057084083557,27.359813690185547,2.1922929286956787,0.34556886553764343,0.5255375504493713
True,False,False,False,312,12.479999542236328,0.2642338275909424,17.499713897705078,0.9543013572692871,27.35983657836914,2.1922945976257324,0.34562990069389343,0.5255414843559265
True,False,False,False,312,12.479999542236328,0.2642338275909424,17.499713897705078,0.9543013572692871,27.35983657836914,2.1922945976257324,0.34562990069389343,0.5255414843559265
True,False,False,False,312,12.479999542236328,0.26427391171455383,17.499731063842773,0.9543004631996155,27.35984992980957,2.192295789718628,0.34561464190483093,0.5255409479141235
True,False,False,False,312,12.479999542236328,0.26427391171455383,17.499731063842773,0.9543004631996155,27.35984992980957,2.192295789718628,0.34561464190483093,0.5255409479141235
True,False,False,False,312,12.479999542236328,0.264303982257843,17.499725341796875,0.9543007612228394,27.3598575592041,2.192296266555786,0.34566041827201843,0.5255420804023743
True,False,False,False,312,12.479999542236328,0.264303982257843,17.499725341796875,0.9543007612228394,27.3598575592041,2.192296266555786,0.34566041827201843,0.5255420804023743
True,False,False,False,312,12.479999542236328,0.26427391171455383,17.499731063842773,0.9543004631996155,27.35984992980957,2.192295789718628,0.34561464190483093,0.5255409479141235
True,False,False,False,312,12.479999542236328,0.26427391171455383,17.499731063842773,0.9543004631996155,27.35984992980957,2.192295789718628,0.34561464190483093,0.5255409479141235
True,False,False,False,312,12.479999542236328,0.2642338275909424,17.499713897705078,0.9543013572692871,27.35983657836914,2.1922945976257324,0.34562990069389343,0.5255414843559265
True,False,False,False,312,12.479999542236328,0.2642338275909424,17.499713897705078,0.9543013572692871,27.35983657836914,2.1922945976257324,0.34562990069389343,0.5255414843559265
True,False,False,False,312,12.479999542236328,0.2640734910964966,17.4996337890625,0.9543057084083557,27.359813690185547,2.1922929286956787,0.34556886553764343,0.5255375504493713
True,False,False,False,312,12.479999542236328,0.2640734910964966,17.4996337890625,0.9543057084083557,27.359813690185547,2.1922929286956787,0.34556886553764343,0.5255375504493713
True,False,False,False,312,12.479999542236328,0.2640734910964966,17.4996337890625,0.9543057084083557,27.359813690185547,2.1922929286956787,0.34556886553764343,0.5255375504493713
True,False,False,False,312,12.479999542236328,0.2640734910964966,17.4996337890625,0.9543057084083557,27.359813690185547,2.1922929286956787,0.34556886553764343,0.5255375504493713
True,False,False,False,312,12.479999542236328,0.2640734910964966,17.4996337890625,0.9543057084083557,27.359813690185547,2.1922929286956787,0.34556886553764343,0.5255375504493713
True,False,False,False,312,12.479999542236328,0.2639133036136627,17.49991798400879,0.9542902708053589,27.35980224609375,2.1922919750213623,0.34575197100639343,0.5255333781242371
True,False,False,False,312,12.479999542236328,0.2639133036136627,17.49991798400879,0.9542902708053589,27.35980224609375,2.1922919750213623,0.34575197100639343,0.5255333781242371
True,False,False,False,312,12.479999542236328,0.2639133036136627,17.49991798400879,0.9542902708053589,27.35980224609375,2.1922919750213623,0.34575197100639343,0.5255333781242371
True,False,False,False,312,12.479999542236328,0.2639133036136627,17.49991798400879,0.9542902708053589,27.35980224609375,2.1922919750213623,0.34575197100639343,0.5255333781242371
True,False,False,False,312,12.479999542236328,0.2639133036136627,17.49991798400879,0.9542902708053589,27.35980224609375,2.1922919750213623,0.34575197100639343,0.5255333781242371
True,False,False,False,312,12.479999542236328,0.2639133036136627,17.49991798400879,0.9542902708053589,27.35980224609375,2.1922919750213623,0.34575197100639343,0.5255333781242371
True,False,False,False,312,12.479999542236328,0.2639133036136627,17.49991798400879,0.9542902708053589,27.35980224609375,2.1922919750213623,0.34575197100639343,0.5255333781242371
True,False,False,False,312,12.479999542236328,0.2639133036136627,17.49991798400879,0.9542902708053589,27.35980224609375,2.1922919750213623,0.34575197100639343,0.5255333781242371
True,False,False,False,312,12.479999542236328,0.2639133036136627,17.49991798400879,0.9542902708053589,27.35980224609375,2.1922919750213623,0.34575197100639343,0.5255333781242371
True,False,False,False,312,12.479999542236328,0.2639133036136627,17.49991798400879,0.9542902708053589,27.35980224609375,2.1922919750213623,0.34575197100639343,0.5255333781242371
True,False,False,False,312,12.479999542236328,0.2639133036136627,17.49991798400879,0.9542902708053589,27.35980224609375,2.1922919750213623,0.34575197100639343,0.5255333781242371
True,False,False,False,312,12.479999542236328,0.2639133036136627,17.49991798400879,0.9542902708053589,27.35980224609375,2.1922919750213623,0.34575197100639343,0.5255333781242371
True,False,False,False,312,12.479999542236328,0.2640734910964966,17.4996337890625,0.9543057084083557,27.359813690185547,2.1922929286956787,0.34556886553764343,0.5255375504493713
True,False,False,False,312,12.479999542236328,0.2640734910964966,17.4996337890625,0.9543057084083557,27.359813690185547,2.1922929286956787,0.34556886553764343,0.5255375504493713
True,False,False,False,312,12.479999542236328,0.2640734910964966,17.4996337890625,0.9543057084083557,27.359813690185547,2.1922929286956787,0.34556886553764343,0.5255375504493713
True,False,False,False,312,12.479999542236328,0.2640734910964966,17.4996337890625,0.9543057084083557,27.359813690185547,2.1922929286956787,0.34556886553764343,0.5255375504493713
True,False,False,False,312,12.479999542236328,0.2640734910964966,17.4996337890625,0.9543057084083557,27.359813690185547,2.1922929286956787,0.34556886553764343,0.5255375504493713
True,False,False,False,312,12.479999542236328,0.2642338275909424,17.499713897705078,0.9543013572692871,27.35983657836914,2.1922945976257324,0.34562990069389343,0.5255414843559265
True,False,False,False,312,12.479999542236328,0.2642338275909424,17.499713897705078,0.9543013572692871,27.35983657836914,2.1922945976257324,0.34562990069389343,0.5255414843559265
True,False,False,False,312,12.479999542236328,0.26427391171455383,17.499731063842773,0.9543004631996155,27.35984992980957,2.192295789718628,0.34561464190483093,0.5255409479141235
True,False,False,False,312,12.479999542236328,0.26427391171455383,17.499731063842773,0.9543004631996155,27.35984992980957,2.192295789718628,0.34561464190483093,0.5255409479141235
True,False,False,False,312,12.479999542236328,0.264303982257843,17.499725341796875,0.9543007612228394,27.3598575592041,2.192296266555786,0.34566041827201843,0.5255420804023743
True,False,False,False,312,12.479999542236328,0.264303982257843,17.499725341796875,0.9543007612228394,27.3598575592041,2.192296266555786,0.34566041827201843,0.5255420804023743
True,False,False,False,312,12.479999542236328,0.26427391171455383,17.499731063842773,0.9543004631996155,27.35984992980957,2.192295789718628,0.34561464190483093,0.5255409479141235
True,False,False,False,312,12.479999542236328,0.26427391171455383,17.499731063842773,0.9543004631996155,27.35984992980957,2.192295789718628,0.34561464190483093,0.5255409479141235
True,False,False,False,312,12.479999542236328,0.2642338275909424,17.499713897705078,0.9543013572692871,27.35983657836914,2.1922945976257324,0.34562990069389343,0.5255414843559265
True,False,False,False,312,12.479999542236328,0.2642338275909424,17.499713897705078,0.9543013572692871,27.35983657836914,2.1922945976257324,0.34562990069389343,0.5255414843559265
True,False,False,False,312,12.479999542236328,0.2640734910964966,17.4996337890625,0.9543057084083557,27.359813690185547,2.1922929286956787,0.34556886553764343,0.5255375504493713
True,False,False,False,312,12.479999542236328,0.2640734910964966,17.4996337890625,0.9543057084083557,27.359813690185547,2.1922929286956787,0.34556886553764343,0.5255375504493713
True,False,False,False,312,12.479999542236328,0.2640734910964966,17.4996337890625,0.9543057084083557,27.359813690185547,2.1922929286956787,0.34556886553764343,0.5255375504493713
True,False,False,False,312,12.479999542236328,0.2640734910964966,17.4996337890625,0.9543057084083557,27.359813690185547,2.1922929286956787,0.34556886553764343,0.5255375504493713
True,False,False,False,312,12.479999542236328,0.2640734910964966,17.4996337890625,0.9543057084083557,27.359813690185547,2.1922929286956787,0.34556886553764343,0.5255375504493713
True,False,False,False,312,12.479999542236328,0.2639133036136627,17.49991798400879,0.9542902708053589,27.35980224609375,2.1922919750213623,0.34575197100639343,0.5255333781242371
True,False,False,False,312,12.479999542236328,0.2639133036136627,17.49991798400879,0.9542902708053589,27.35980224609375,2.1922919750213623,0.34575197100639343,0.5255333781242371
True,False,False,False,312,12.479999542236328,0.2639133036136627,17.49991798400879,0.9542902708053589,27.35980224609375,2.1922919750213623,0.34575197100639343,0.5255333781242371
True,False,False,False,312,12.479999542236328,0.2639133036136627,17.49991798400879,0.9542902708053589,27.35980224609375,2.1922919750213623,0.34575197100639343,0.5255333781242371
True,False,False,False,312,12.479999542236328,0.2639133036136627,17.49991798400879,0.9542902708053589,27.35980224609375,2.1922919750213623,0.34575197100639343,0.5255333781242371
True,False,False,False,312,12.479999542236328,0.2639133036136627,17.49991798400879,0.9542902708053589,27.35980224609375,2.1922919750213623,0.34575197100639343,0.5255333781242371
True,False,False,False,312,12.479999542236328,0.2639133036136627,17.49991798400879,0.9542902708053589,27.35980224609375,2.1922919750213623,0.34575197100639343,0.5255333781242371
True,False,False,False,312,12.479999542236328,0.2639133036136627,17.49991798400879,0.9542902708053589,27.35980224609375,2.1922919750213623,0.34575197100639343,0.5255333781242371
True,False,False,False,312,12.479999542236328,0.2639133036136627,17.49991798400879,0.9542902708053589,27.35980224609375,2.1922919750213623,0.34575197100639343,0.5255333781242371
True,False,False,False,312,12.479999542236328,0.2639133036136627,17.49991798400879,0.9542902708053589,27.35980224609375,2.1922919750213623,0.34575197100639343,0.5255333781242371
True,False,False,False,312,12.479999542236328,0.2639133036136627,17.49991798400879,0.9542902708053589,27.35980224609375,2.1922919750213623,0.34575197100639343,0.5255333781242371
True,False,False,False,312,12.479999542236328,0.2639133036136627,17.49991798400879,0.9542902708053589,27.35980224609375,2.1922919750213623,0.34575197100639343,0.5255333781242371
True,False,False,False,312,12.479999542236328,0.2640734910964966,17.4996337890625,0.9543057084083557,27.359813690185547,2.1922929286956787,0.34556886553764343,0.5255375504493713
True,False,False,False,312,12.479999542236328,0.2640734910964966,17.4996337890625,0.9543057084083557,27.359813690185547,2.1922929286956787,0.34556886553764343,0.5255375504493713
True,False,False,False,312,12.479999542236328,0.2640734910964966,17.4996337890625,0.9543057084083557,27.359813690185547,2.1922929286956787,0.34556886553764343,0.5255375504493713
True,False,False,False,312,12.479999542236328,0.2640734910964966,17.4996337890625,0.9543057084083557,27.359813690185547,2.1922929286956787,0.34556886553764343,0.5255375504493713
True,False,False,False,312,12.479999542236328,0.2640734910964966,17.4996337890625,0.9543057084083557,27.359813690185547,2.1922929286956787,0.34556886553764343,0.5255375504493713
True,False,False,False,312,12.479999542236328,0.2642338275909424,17.499713897705078,0.9543013572692871,27.35983657836914,2.1922945976257324,0.34562990069389343,0.5255414843559265
True,False,False,False,312,12.479999542236328,0.2642338275909424,17.499713897705078,0.9543013572692871,27.35983657836914,2.1922945976257324,0.34562990069389343,0.5255414843559265
True,False,False,False,312,12.479999542236328,0.26427391171455383,17.499731063842773,0.9543004631996155,27.35984992980957,2.192295789718628,0.34561464190483093,0.5255409479141235
True,False,False,False,312,12.479999542236328,0.26427391171455383,17.499731063842773,0.9543004631996155,27.35984992980957,2.192295789718628,0.34561464190483093,0.5255409479141235
True,False,False,False,312,12.479999542236328,0.264303982257843,17.499725341796875,0.9543007612228394,27.3598575592041,2.192296266555786,0.34566041827201843,0.5255420804023743
True,False,False,False,312,12.479999542236328,0.264303982257843,17.499725341796875,0.9543007612228394,27.3598575592041,2.192296266555786,0.34566041827201843,0.5255420804023743
True,False,False,False,312,12.479999542236328,0.26427391171455383,17.499731063842773,0.9543004631996155,27.35984992980957,2.192295789718628,0.34561464190483093,0.5255409479141235
True,False,False,False,312,12.479999542236328,0.26427391171455383,17.499731063842773,0.9543004631996155,27.35984992980957,2.192295789718628,0.34561464190483093,0.5255409479141235
True,False,False,False,312,12.479999542236328,0.2642338275909424,17.499713897705078,0.9543013572692871,27.35983657836914,2.1922945976257324,0.34562990069389343,0.5255414843559265
True,False,False,False,312,12.479999542236328,0.2642338275909424,17.499713897705078,0.9543013572692871,27.35983657836914,2.1922945976257324,0.34562990069389343,0.5255414843559265
True,False,False,False,312,12.479999542236328,0.2640734910964966,17.4996337890625,0.9543057084083557,27.359813690185547,2.1922929286956787,0.34556886553764343,0.5255375504493713
True,False,False,False,312,12.479999542236328,0.2640734910964966,17.4996337890625,0.9543057084083557,27.359813690185547,2.1922929286956787,0.34556886553764343,0.5255375504493713
True,False,False,False,312,12.479999542236328,0.2640734910964966,17.4996337890625,0.9543057084083557,27.359813690185547,2.1922929286956787,0.34556886553764343,0.5255375504493713
True,False,False,False,312,12.479999542236328,0.2640734910964966,17.4996337890625,0.9543057084083557,27.359813690185547,2.1922929286956787,0.34556886553764343,0.5255375504493713
True,False,False,False,312,12.479999542236328,0.2640734910964966,17.4996337890625,0.9543057084083557,27.359813690185547,2.1922929286956787,0.34556886553764343,0.5255375504493713
True,False,False,False,312,12.479999542236328,0.2639133036136627,17.49991798400879,0.9542902708053589,27.35980224609375,2.1922919750213623,0.34575197100639343,0.5255333781242371
True,False,False,False,312,12.479999542236328,0.2639133036136627,17.49991798400879,0.9542902708053589,27.35980224609375,2.1922919750213623,0.34575197100639343,0.5255333781242371
True,False,False,False,312,12.479999542236328,0.2639133036136627,17.49991798400879,0.9542902708053589,27.35980224609375,2.1922919750213623,0.34575197100639343,0.5255333781242371
True,False,False,False,312,12.479999542236328,0.2639133036136627,17.49991798400879,0.9542902708053589,27.35980224609375,2.1922919750213623,0.34575197100639343,0.5255333781242371
True,False,False,False,312,12.479999542236328,0.2639133036136627,17.49991798400879,0.9542902708053589,27.35980224609375,2.1922919750213623,0.34575197100639343,0.5255333781242371
True,False,False,False,312,12.479999542236328,0.2639133036136627,17.49991798400879,0.9542902708053589,27.35980224609375,2.1922919750213623,0.34575197100639343,0.5255333781242371
True,False,False,False,312,12.479999542236328,0.2639133036136627,17.49991798400879,0.9542902708053589,27.35980224609375,2.1922919750213623,0.34575197100639343,0.5255333781242371
True,False,False,False,312,12.479999542236328,0.2639133036136627,17.49991798400879,0.9542902708053589,27.35980224609375,2.1922919750213623,0.34575197100639343,0.5255333781242371
True,False,False,False,312,12.479999542236328,0.2639133036136627,17.49991798400879,0.9542902708053589,27.35980224609375,2.1922919750213623,0.34575197100639343,0.5255333781242371
True,False,False,False,312,12.479999542236328,0.2639133036136627,17.49991798400879,0.9542902708053589,27.35980224609375,2.1922919750213623,0.34575197100639343,0.5255333781242371
True,False,False,False,312,12.479999542236328,0.2639133036136627,17.49991798400879,0.9542902708053589,27.35980224609375,2.1922919750213623,0.34575197100639343,0.5255333781242371
True,False,False,False,312,12.479999542236328,0.2639133036136627,17.49991798400879,0.9542902708053589,27.35980224609375,2.1922919750213623,0.34575197100639343,0.5255333781242371
True,False,False,False,312,12.479999542236328,0.2640734910964966,17.4996337890625,0.9543057084083557,27.359813690185547,2.1922929286956787,0.34556886553764343,0.5255375504493713
True,False,False,False,312,12.479999542236328,0.2640734910964966,17.4996337890625,0.9543057084083557,27.359813690185547,2.1922929286956787,0.34556886553764343,0.5255375504493713
True,False,False,False,312,12.479999542236328,0.2640734910964966,17.4996337890625,0.9543057084083557,27.359813690185547,2.1922929286956787,0.34556886553764343,0.5255375504493713
True,False,False,False,312,12.479999542236328,0.2640734910964966,17.4996337890625,0.9543057084083557,27.359813690185547,2.1922929286956787,0.34556886553764343,0.5255375504493713
True,False,False,False,312,12.479999542236328,0.2640734910964966,17.4996337890625,0.9543057084083557,27.359813690185547,2.1922929286956787,0.34556886553764343,0.5255375504493713
True,False,False,False,312,12.479999542236328,0.2642338275909424,17.499713897705078,0.9543013572692871,27.35983657836914,2.1922945976257324,0.34562990069389343,0.5255414843559265
True,False,False,False,312,12.479999542236328,0.2642338275909424,17.499713897705078,0.9543013572692871,27.35983657836914,2.1922945976257324,0.34562990069389343,0.5255414843559265
True,False,False,False,312,12.479999542236328,0.26427391171455383,17.499731063842773,0.9543004631996155,27.35984992980957,2.192295789718628,0.34561464190483093,0.5255409479141235
True,False,False,False,312,12.479999542236328,0.26427391171455383,17.499731063842773,0.9543004631996155,27.35984992980957,2.192295789718628,0.34561464190483093,0.5255409479141235
True,False,False,False,312,12.479999542236328,0.264303982257843,17.499725341796875,0.9543007612228394,27.3598575592041,2.192296266555786,0.34566041827201843,0.5255420804023743
True,False,False,False,312,12.479999542236328,0.264303982257843,17.499725341796875,0.9543007612228394,27.3598575592041,2.192296266555786,0.34566041827201843,0.5255420804023743
True,False,False,False,312,12.479999542236328,0.26427391171455383,17.499731063842773,0.9543004631996155,27.35984992980957,2.192295789718628,0.34561464190483093,0.5255409479141235
True,False,False,False,312,12.479999542236328,0.26427391171455383,17.499731063842773,0.9543004631996155,27.35984992980957,2.192295789718628,0.34561464190483093,0.5255409479141235
True,False,False,False,312,12.479999542236328,0.2642338275909424,17.499713897705078,0.9543013572692871,27.35983657836914,2.1922945976257324,0.34562990069389343,0.5255414843559265
True,False,False,False,312,12.479999542236328,0.2642338275909424,17.499713897705078,0.9543013572692871,27.35983657836914,2.1922945976257324,0.34562990069389343,0.5255414843559265
True,False,False,False,312,12.479999542236328,0.2640734910964966,17.4996337890625,0.9543057084083557,27.359813690185547,2.1922929286956787,0.34556886553764343,0.5255375504493713
True,False,False,False,312,12.479999542236328,0.2640734910964966,17.4996337890625,0.9543057084083557,27.359813690185547,2.1922929286956787,0.34556886553764343,0.5255375504493713
True,False,False,False,312,12.479999542236328,0.2640734910964966,17.4996337890625,0.9543057084083557,27.359813690185547,2.1922929286956787,0.34556886553764343,0.5255375504493713
True,False,False,False,312,12.479999542236328,0.2640734910964966,17.4996337890625,0.9543057084083557,27.359813690185547,2.1922929286956787,0.34556886553764343,0.5255375504493713
True,False,False,False,312,12.479999542236328,0.2640734910964966,17.4996337890625,0.9543057084083557,27.359813690185547,2.1922929286956787,0.34556886553764343,0.5255375504493713
True,False,False,False,312,12.479999542236328,0.2639133036136627,17.49991798400879,0.9542902708053589,27.35980224609375,2.1922919750213623,0.34575197100639343,0.5255333781242371
True,False,False,False,312,12.479999542236328,0.2639133036136627,17.49991798400879,0.9542902708053589,27.35980224609375,2.1922919750213623,0.34575197100639343,0.5255333781242371
True,False,False,False,312,12.479999542236328,0.2639133036136627,17.49991798400879,0.9542902708053589,27.35980224609375,2.1922919750213623,0.34575197100639343,0.5255333781242371
True,False,False,False,312,12.479999542236328,0.2639133036136627,17.49991798400879,0.9542902708053589,27.35980224609375,2.1922919750213623,0.34575197100639343,0.5255333781242371
True,False,False,False,312,12.479999542236328,0.2639133036136627,17.49991798400879,0.9542902708053589,27.35980224609375,2.1922919750213623,0.34575197100639343,0.5255333781242371
True,False,False,False,312,12.479999542236328,0.2639133036136627,17.49991798400879,0.9542902708053589,27.35980224609375,2.1922919750213623,0.34575197100639343,0.5255333781242371
True,False,False,False,312,12.479999542236328,0.2639133036136627,17.49991798400879,0.9542902708053589,27.35980224609375,2.1922919750213623,0.34575197100639343,0.5255333781242371
True,False,False,False,312,12.479999542236328,0.2639133036136627,17.49991798400879,0.9542902708053589,27.35980224609375,2.1922919750213623,0.34575197100639343,0.5255333781242371
True,False,False,False,312,12.479999542236328,0.2639133036136627,17.49991798400879,0.9542902708053589,27.35980224609375,2.1922919750213623,0.34575197100639343,0.5255333781242371
True,False,False,False,312,12.479999542236328,0.2639133036136627,17.49991798400879,0.9542902708053589,27.35980224609375,2.1922919750213623,0.34575197100639343,0.5255333781242371
True,False,False,False,312,12.479999542236328,0.2639133036136627,17.49991798400879,0.9542902708053589,27.35980224609375,2.1922919750213623,0.34575197100639343,0.5255333781242371
True,False,False,False,312,12.479999542236328,0.2639133036136627,17.49991798400879,0.9542902708053589,27.35980224609375,2.1922919750213623,0.34575197100639343,0.5255333781242371
True,False,False,False,312,12.479999542236328,0.2640734910964966,17.4996337890625,0.9543057084083557,27.359813690185547,2.1922929286956787,0.34556886553764343,0.5255375504493713
True,False,False,False,312,12.479999542236328,0.2640734910964966,17.4996337890625,0.9543057084083557,27.359813690185547,2.1922929286956787,0.34556886553764343,0.5255375504493713
True,False,False,False,312,12.479999542236328,0.2640734910964966,17.4996337890625,0.9543057084083557,27.359813690185547,2.1922929286956787,0.34556886553764343,0.5255375504493713
True,False,False,False,312,12.479999542236328,0.2640734910964966,17.4996337890625,0.9543057084083557,27.359813690185547,2.1922929286956787,0.34556886553764343,0.5255375504493713
True,False,False,False,312,12.479999542236328,0.2640734910964966,17.4996337890625,0.9543057084083557,27.359813690185547,2.1922929286956787,0.34556886553764343,0.5255375504493713
True,False,False,False,312,12.479999542236328,0.2642338275909424,17.499713897705078,0.9543013572692871,27.35983657836914,2.1922945976257324,0.34562990069389343,0.5255414843559265
True,False,False,False,312,12.479999542236328,0.2642338275909424,17.499713897705078,0.9543013572692871,27.35983657836914,2.1922945976257324,0.34562990069389343,0.5255414843559265
True,False,False,False,312,12.479999542236328,0.26427391171455383,17.499731063842773,0.9543004631996155,27.35984992980957,2.192295789718628,0.34561464190483093,0.5255409479141235
True,False,False,False,312,12.479999542236328,0.26427391171455383,17.499731063842773,0.9543004631996155,27.35984992980957,2.192295789718628,0.34561464190483093,0.5255409479141235
True,False,False,False,312,12.479999542236328,0.264303982257843,17.499725341796875,0.9543007612228394,27.3598575592041,2.192296266555786,0.34566041827201843,0.5255420804023743
True,False,False,False,312,12.479999542236328,0.264303982257843,17.499725341796875,0.9543007612228394,27.3598575592041,2.192296266555786,0.34566041827201843,0.5255420804023743
True,False,False,False,312,12.479999542236328,0.26427391171455383,17.499731063842773,0.9543004631996155,27.35984992980957,2.192295789718628,0.34561464190483093,0.5255409479141235
True,False,False,False,312,12.479999542236328,0.26427391171455383,17.499731063842773,0.9543004631996155,27.35984992980957,2.192295789718628,0.34561464190483093,0.5255409479141235
True,False,False,False,312,12.479999542236328,0.2642338275909424,17.499713897705078,0.9543013572692871,27.35983657836914,2.1922945976257324,0.34562990069389343,0.5255414843559265
True,False,False,False,312,12.479999542236328,0.2642338275909424,17.499713897705078,0.9543013572692871,27.35983657836914,2.1922945976257324,0.34562990069389343,0.5255414843559265
True,False,False,False,312,12.479999542236328,0.2640734910964966,17.4996337890625,0.9543057084083557,27.359813690185547,2.1922929286956787,0.34556886553764343,0.5255375504493713
True,False,False,False,312,12.479999542236328,0.2640734910964966,17.4996337890625,0.9543057084083557,27.359813690185547,2.1922929286956787,0.34556886553764343,0.5255375504493713
True,False,False,False,312,12.479999542236328,0.2640734910964966,17.4996337890625,0.9543057084083557,27.359813690185547,2.1922929286956787,0.34556886553764343,0.5255375504493713
True,False,False,False,312,12.479999542236328,0.2640734910964966,17.4996337890625,0.9543057084083557,27.359813690185547,2.1922929286956787,0.34556886553764343,0.5255375504493713
True,False,False,False,312,12.479999542236328,0.2640734910964966,17.4996337890625,0.9543057084083557,27.359813690185547,2.1922929286956787,0.34556886553764343,0.5255375504493713
True,False,False,False,312,12.479999542236328,0.2639133036136627,17.49991798400879,0.9542902708053589,27.35980224609375,2.1922919750213623,0.34575197100639343,0.5255333781242371
True,False,False,False,312,12.479999542236328,0.2639133036136627,17.49991798400879,0.9542902708053589,27.35980224609375,2.1922919750213623,0.34575197100639343,0.5255333781242371
True,False,False,False,312,12.479999542236328,0.2639133036136627,17.49991798400879,0.9542902708053589,27.35980224609375,2.1922919750213623,0.34575197100639343,0.5255333781242371
True,False,False,False,312,12.479999542236328,0.2639133036136627,17.49991798400879,0.9542902708053589,27.35980224609375,2.1922919750213623,0.34575197100639343,0.5255333781242371
True,False,False,False,312,12.479999542236328,0.2639133036136627,17.49991798400879,0.9542902708053589,27.35980224609375,2.1922919750213623,0.34575197100639343,0.5255333781242371
True,False,False,False,312,12.479999542236328,0.2639133036136627,17.49991798400879,0.9542902708053589,27.35980224609375,2.1922919750213623,0.34575197100639343,0.5255333781242371
