scenario_id,episode_index,spawn_x_m,spawn_y_m,actuator_gain,wind_x_mps,wind_y_mps,goal_reached,collision,out_of_bounds,time_out,episode_steps,duration_s,final_distance_to_goal_m,path_length_m,trajectory_efficiency,command_variation_mps,command_variation_rate_mps2,min_clearance_m,mean_residual_mps
0,0,-8.32741928100586,0.09666666388511658,1.18940269947052,-0.07199876010417938,0.15480700135231018,False,True,False,False,44,1.7599999904632568,13.972174644470215,2.9620630741119385,5.5797929763793945,5.380921363830566,3.0573418140411377,-0.017109274864196777,0.0
1,0,-8.349674224853516,-1.1276546716690063,0.9774273037910461,-0.0766327977180481,-0.025195643305778503,True,False,False,False,362,14.479999542236328,0.24826519191265106,20.278757095336914,0.8179675936698914,167.89544677734375,11.594989776611328,0.6740908622741699,0.0
2,0,-8.9384765625,-0.2544955909252167,0.759093701839447,0.0910671055316925,-0.00329510192386806,True,False,False,False,425,17.0,0.27065616846084595,20.662904739379883,0.8295219540596008,139.1885223388672,8.187560081481934,0.2562936246395111,0.0
3,0,-8.438748359680176,0.7009971141815186,1.1856248378753662,-0.14819788932800293,0.06930068880319595,True,False,False,False,315,12.59999942779541,0.2944592833518982,20.80242156982422,0.8005437254905701,113.5374755859375,9.010910987854004,0.002444535493850708,0.0
4,0,-8.456989288330078,-0.5648274421691895,1.2678728103637695,-0.006088856142014265,0.18095043301582336,True,False,False,False,266,10.639999389648438,0.27328839898109436,20.092666625976562,0.829476535320282,90.8703384399414,8.540446281433105,0.17909875512123108,0.0
5,0,-8.601820945739746,-0.859895646572113,1.1669576168060303,-0.028393235057592392,-0.017700297757983208,True,False,False,False,296,11.84000015258789,0.24627289175987244,20.434112548828125,0.8233010768890381,132.1195068359375,11.15874195098877,0.6557230949401855,0.0
6,0,-8.644721031188965,-0.5899786353111267,0.7361537218093872,-0.017869964241981506,0.03125115483999252,True,False,False,False,466,18.639999389648438,0.26663362979888916,20.297439575195312,0.8303939700126648,149.31556701660156,8.010492324829102,0.5788019895553589,0.0
7,0,-8.12411117553711,-0.6473488807678223,1.0322067737579346,-0.047490332275629044,-0.15502463281154633,True,False,False,False,335,13.399999618530273,0.2560148537158966,20.041461944580078,0.81514573097229,148.47198486328125,11.079998970031738,0.5218656063079834,0.0
8,0,-8.041539192199707,-0.9289252758026123,0.8221261501312256,0.0875411257147789,-0.01729283109307289,True,False,False,False,374,14.960000038146973,0.280108779668808,19.5408992767334,0.8324899673461914,150.8793182373047,10.085515975952148,0.6329818964004517,0.0
9,0,-8.377717971801758,-0.6934953927993774,1.1633801460266113,0.014160344377160072,0.028671132400631905,True,False,False,False,286,11.4399995803833,0.2660122513771057,20.101898193359375,0.8253927230834961,112.62201690673828,9.844582557678223,0.615095853805542,0.0
10,0,-8.3806734085083,1.0179840326309204,0.8574161529541016,0.0111538739874959,0.008001729846000671,False,True,False,False,60,2.3999998569488525,14.019189834594727,3.106684684753418,5.346966743469238,4.192256450653076,1.746773600578308,-0.026500016450881958,0.0
11,0,-8.944375038146973,-1.003914475440979,0.9869098663330078,-0.09941423684358597,0.04025982692837715,True,False,False,False,373,14.920000076293945,0.28089606761932373,20.83424186706543,0.8242794871330261,141.84051513671875,9.506736755371094,0.6608092784881592,0.0
12,0,-8.407578468322754,0.05375325679779053,1.2958149909973145,0.03248511254787445,0.02223094180226326,False,True,False,False,38,1.5199999809265137,13.996853828430176,2.997389078140259,5.540709972381592,5.163421630859375,3.3969879150390625,-0.005063772201538086,0.0
13,0,-8.853896141052246,1.1047981977462769,1.1440542936325073,-0.029754960909485817,-0.10540476441383362,True,False,False,False,313,12.519999504089355,0.2781303822994232,21.21253776550293,0.8056098222732544,130.74330139160156,10.442755699157715,0.005784451961517334,0.0
14,0,-8.13306999206543,1.2206512689590454,0.7774293422698975,-0.01000780425965786,0.049646686762571335,True,False,False,False,437,17.479999542236328,0.27244725823402405,20.139089584350586,0.8132343888282776,150.80152893066406,8.627090454101562,0.44992002844810486,0.0
15,0,-8.542220115661621,0.16927644610404968,0.9591710567474365,0.08717438578605652,0.16495980322360992,False,True,False,False,53,2.119999885559082,13.990962982177734,3.146196126937866,5.32168436050415,3.762460470199585,1.7747455835342407,-0.0191706120967865,0.0
16,0,-8.329808235168457,-1.109179973602295,1.2654168605804443,0.06805895268917084,0.10641778260469437,True,False,False,False,252,10.079999923706055,0.2453182190656662,19.72702980041504,0.8397776484489441,100.29715728759766,9.950115203857422,0.6433367729187012,0.0
17,0,-8.078182220458984,0.7521392107009888,1.2340607643127441,0.06566642224788666,-0.05622272565960884,False,True,False,False,37,1.4800000190734863,13.994162559509277,2.8605825901031494,5.696474552154541,3.2986183166503906,2.2287962436676025,-0.0016994774341583252,0.0
18,0,-8.551227569580078,0.24184122681617737,0.8955519199371338,0.05943821743130684,-0.05249722674489021,True,False,False,False,368,14.719999313354492,0.280723512172699,20.500314712524414,0.8172041773796082,144.81275939941406,9.837823867797852,0.13550204038619995,0.0
19,0,-8.022303581237793,0.21966591477394104,1.165871262550354,0.05466645956039429,-0.010682966560125351,True,False,False,False,278,11.119999885559082,0.23880749940872192,19.950328826904297,0.8132078647613525,112.86119842529297,10.149388313293457,0.008854806423187256,0.0
20,0,-8.072949409484863,1.1916744709014893,0.7396361231803894,0.047638557851314545,-0.10021975636482239,False,True,False,False,62,2.4800000190734863,13.98231029510498,2.914774179458618,5.597599029541016,4.19631814956665,1.692063808441162,-0.014170289039611816,0.0
21,0,-8.694743156433105,-1.0740910768508911,0.7525783777236938,-0.09055019170045853,-0.09848013520240784,True,False,False,False,495,19.799999237060547,0.2952151298522949,20.664478302001953,0.8191960453987122,212.6348876953125,10.7391357421875,0.5974574089050293,0.0
22,0,-8.6766996383667,-0.6734914183616638,1.1702975034713745,-0.06802264600992203,-0.010954640805721283,True,False,False,False,303,12.119999885559082,0.2333124428987503,20.578866958618164,0.8207400441169739,127.2245101928711,10.497072219848633,0.6417241096496582,0.0
23,0,-8.253689765930176,-0.8787603378295898,0.9445728659629822,0.14841346442699432,-0.05171741917729378,True,False,False,False,322,12.880000114440918,0.2864886522293091,19.81435775756836,0.831554651260376,134.74661254882812,10.46169376373291,0.5854778289794922,0.0
24,0,-8.865460395812988,0.15534579753875732,0.7808798551559448,0.0985596776008606,-0.14329059422016144,False,True,False,False,276,11.039999961853027,5.134293556213379,14.250617027282715,1.1975730657577515,22.432910919189453,2.0319666862487793,-0.04019218683242798,0.0
25,0,-8.148633003234863,1.2488197088241577,1.2804057598114014,-0.05910845100879669,0.09006420522928238,True,False,False,False,272,10.880000114440918,0.299298495054245,20.22815704345703,0.8105238080024719,107.25892639160156,9.858357429504395,0.3805790841579437,0.0
26,0,-8.242948532104492,0.4817420244216919,0.7100800275802612,0.008946956135332584,0.07082509249448776,False,True,False,False,69,2.759999990463257,14.006937980651855,2.9003677368164062,5.671652793884277,3.529115676879883,1.2786650657653809,-0.010717540979385376,0.0
27,0,-8.485312461853027,-0.4621010422706604,1.031382441520691,-0.051906853914260864,-0.08416351675987244,True,False,False,False,341,13.639999389648438,0.2557879686355591,20.458614349365234,0.8158714175224304,150.92848205566406,11.065138816833496,0.6152533292770386,0.0
28,0,-8.937982559204102,-0.031447261571884155,0.9799343347549438,0.029832573607563972,-0.03992599621415138,True,False,False,False,351,14.039999961853027,0.27778899669647217,20.981918334960938,0.816798985004425,140.074462890625,9.976813316345215,0.11570319533348083,0.0
29,0,-8.68542766571045,1.1425424814224243,1.2506015300750732,-0.02251628413796425,0.011913873255252838,False,True,False,False,48,1.9199999570846558,14.0098876953125,3.553546905517578,4.762387275695801,3.3139090538024902,1.725994348526001,-0.005125284194946289,0.0
30,0,-8.860053062438965,-1.216692328453064,0.8374832272529602,0.01800871267914772,-0.08787553012371063,True,False,False,False,407,16.279998779296875,0.2693454921245575,20.564664840698242,0.8316518068313599,173.0834197998047,10.631660461425781,0.5567284822463989,0.0
31,0,-8.279605865478516,-0.998273491859436,0.9038752317428589,-0.09209631383419037,0.1131090447306633,True,False,False,False,392,15.679999351501465,0.2697935998439789,19.995481491088867,0.8256503343582153,141.57989501953125,9.029330253601074,0.6756097078323364,0.0
32,0,-8.399496078491211,0.5321348905563354,0.976538896560669,0.04954604059457779,-0.007385115139186382,True,False,False,False,339,13.559999465942383,0.2481786012649536,20.4240779876709,0.8131515979766846,125.62760925292969,9.264573097229004,0.0044758617877960205,0.0
33,0,-8.573602676391602,-0.6279342174530029,1.0245559215545654,0.041601188480854034,-0.05673476681113243,True,False,False,False,325,13.0,0.2514922618865967,20.401554107666016,0.8227386474609375,137.93267822265625,10.61020565032959,0.596245288848877,0.0
34,0,-8.560696601867676,-0.7750911712646484,0.745174765586853,0.12699437141418457,-0.005814469885081053,True,False,False,False,408,16.31999969482422,0.2772882580757141,19.998456954956055,0.8389794230461121,141.00250244140625,8.639859199523926,0.6130330562591553,0.0
35,0,-8.451294898986816,0.38893237709999084,0.7177792191505432,0.023758413270115852,0.05721279978752136,False,True,False,False,73,2.919999837875366,13.942244529724121,3.1603524684906006,5.27022123336792,3.7997639179229736,1.3012890815734863,-0.0006085038185119629,0.0
36,0,-8.397748947143555,0.8843094110488892,1.1207756996154785,-0.01176424790173769,-0.03540000319480896,True,False,False,False,312,12.479999542236328,0.26025906205177307,20.880510330200195,0.7959993481636047,131.03761291503906,10.499809265136719,0.0070695579051971436,0.0
37,0,-8.19602108001709,0.41636496782302856,1.186214566230774,0.037513840943574905,0.06866443157196045,False,True,False,False,40,1.5999999046325684,13.976873397827148,2.8702476024627686,5.714215278625488,3.0971062183380127,1.935691475868225,-0.01573324203491211,0.0
38,0,-8.26335334777832,-1.062108039855957,1.0772563219070435,-0.15817953646183014,-0.11942030489444733,True,False,False,False,347,13.880000114440918,0.29556509852409363,20.46406364440918,0.8061432838439941,174.5435791015625,12.575185775756836,0.6321558952331543,0.0
39,0,-8.07430362701416,-0.9444665908813477,0.9956603050231934,-0.16794732213020325,0.06711651384830475,True,False,False,False,372,14.880000114440918,0.25657394528388977,20.119958877563477,0.810200035572052,151.91714477539062,10.209485054016113,0.7062710523605347,0.0
40,0,-8.929498672485352,-0.9029470682144165,1.1003632545471191,0.08408339321613312,-0.029750701040029526,True,False,False,False,297,11.880000114440918,0.2847685217857361,20.441082000732422,0.8391371965408325,124.20968627929688,10.455360412597656,0.5919034481048584,0.0
41,0,-8.346029281616211,-0.5978177785873413,0.9189267754554749,-0.19097790122032166,0.045311011373996735,True,False,False,False,423,16.920000076293945,0.2757706344127655,20.601001739501953,0.8036810755729675,159.6642608642578,9.436422348022461,0.631260871887207,0.0
42,0,-8.451079368591309,-0.18801972270011902,0.9718876481056213,-0.05120677128434181,0.05616917461156845,True,False,False,False,362,14.479999542236328,0.2872087359428406,20.464754104614258,0.8136976361274719,126.17974090576172,8.714070320129395,0.13521596789360046,0.0
43,0,-8.022198677062988,-1.1333283185958862,0.7163824439048767,0.04128044471144676,0.033122818917036057,True,False,False,False,437,17.479999542236328,0.2738369107246399,19.4173583984375,0.8374477028846741,164.8140869140625,9.428723335266113,0.6738404035568237,0.0
44,0,-8.641993522644043,0.4029780626296997,0.7172314524650574,0.048328060656785965,-0.14020586013793945,True,False,False,False,461,18.440000534057617,0.28138217329978943,20.43916893005371,0.824237585067749,157.196044921875,8.524730682373047,0.32701346278190613,0.0
45,0,-8.971138000488281,-0.7589585781097412,1.2965223789215088,-0.009217476472258568,0.006605807226151228,True,False,False,False,269,10.760000228881836,0.2688590884208679,20.844562530517578,0.8245611190795898,115.37124633789062,10.722234725952148,0.6068607568740845,0.0
46,0,-8.625450134277344,-0.5904483795166016,0.832433819770813,0.08995214849710464,0.08454903215169907,True,False,False,False,379,15.15999984741211,0.27156728506088257,20.066194534301758,0.8390044569969177,115.51224517822266,7.619541168212891,0.367342084646225,0.0
47,0,-8.560689926147461,1.059498906135559,1.007324457168579,0.008617409504950047,-0.014165039174258709,False,True,False,False,56,2.240000009536743,14.001285552978516,3.4151039123535156,4.917436599731445,3.594557046890259,1.604712963104248,-0.012172430753707886,0.0
48,0,-8.7935791015625,-0.8214589953422546,0.8979089856147766,0.05792973190546036,-0.14687882363796234,True,False,False,False,370,14.799999237060547,0.27926596999168396,20.437557220458984,0.8324418663978577,146.76528930664062,9.916574478149414,0.5252450704574585,0.0
49,0,-8.452033996582031,-0.3192186951637268,1.1337072849273682,-0.029287444427609444,-0.07873444259166718,True,False,False,False,308,12.319999694824219,0.23921002447605133,20.617656707763672,0.8078047633171082,139.45245361328125,11.319192886352539,0.41428735852241516,0.0
50,0,-8.11702823638916,-0.272125244140625,0.9687972068786621,0.11901997029781342,0.0458553284406662,True,False,False,False,317,12.679999351501465,0.2772574722766876,19.685152053833008,0.8290135264396667,107.63042449951172,8.488204002380371,0.16934165358543396,0.0
51,0,-8.38223934173584,0.919487476348877,1.0894144773483276,-0.025459209457039833,0.021763384342193604,False,True,False,False,50,2.0,13.997610092163086,3.2047266960144043,5.182114601135254,3.215276002883911,1.6076380014419556,-0.009038746356964111,0.0
52,0,-8.75776481628418,0.014202147722244263,1.0327494144439697,0.04887326434254646,0.05942586064338684,False,True,False,False,54,2.1599998474121094,13.939343452453613,3.426757574081421,4.948634624481201,7.676115036010742,3.5537571907043457,-0.0006162524223327637,0.0
53,0,-8.421730995178223,-0.8156342506408691,1.1653342247009277,4.129041190026328e-05,0.03557378798723221,True,False,False,False,286,11.4399995803833,0.2641965448856354,20.0035457611084,0.8319213390350342,112.4428482055664,9.828920364379883,0.6339479684829712,0.0
54,0,-8.690196990966797,-0.20169958472251892,1.2907836437225342,-0.10734553635120392,0.044652193784713745,True,False,False,False,284,11.359999656677246,0.24669688940048218,20.97301483154297,0.8053863644599915,112.86630249023438,9.93541431427002,0.07756933569908142,0.0
55,0,-8.116551399230957,-0.056402236223220825,1.0216786861419678,0.0026998058892786503,0.022285519167780876,True,False,False,False,326,13.039999961853027,0.25824812054634094,20.008455276489258,0.8154875636100769,118.25483703613281,9.068622589111328,0.063784658908844,0.0
56,0,-8.899072647094727,-0.04431821405887604,1.066977858543396,-0.1264083832502365,-0.07816588133573532,True,False,False,False,356,14.239999771118164,0.2570560872554779,21.269489288330078,0.8039275407791138,158.51512145996094,11.131680488586426,0.2588757574558258,0.0
57,0,-8.396368980407715,-0.5422210097312927,0.9749454259872437,-0.06861554831266403,-0.11564523726701736,True,False,False,False,366,14.639999389648438,0.2759419083595276,20.462583541870117,0.8114844560623169,169.59617614746094,11.58443832397461,0.6118063926696777,0.0
58,0,-8.037210464477539,0.0372450053691864,1.2319965362548828,-0.06251060217618942,0.017571812495589256,True,False,False,False,280,11.199999809265137,0.28376632928848267,20.11608123779297,0.807177722454071,116.79222869873047,10.427877426147461,0.01787102222442627,0.0
59,0,-8.851086616516113,-0.7038414478302002,0.7117084860801697,-0.03853355720639229,0.05388643965125084,True,False,False,False,497,19.8799991607666,0.277458131313324,20.5574893951416,0.8301284909248352,150.42282104492188,7.566540718078613,0.6003550291061401,0.0
60,0,-8.151020050048828,-0.6938196420669556,1.286562442779541,-0.07776931673288345,0.07031790912151337,True,False,False,False,268,10.719999313354492,0.2438511699438095,19.986045837402344,0.818844735622406,104.12273406982422,9.712942123413086,0.5907453298568726,0.0
61,0,-8.443367004394531,0.7013262510299683,1.2522847652435303,0.006395737174898386,0.05483638867735863,False,True,False,False,43,1.71999990940094,13.974588394165039,3.2069621086120605,5.1942853927612305,3.488666534423828,2.028294563293457,-0.012654721736907959,0.0
62,0,-8.392545700073242,-1.0497139692306519,0.7582827806472778,-0.17883145809173584,0.0220863688737154,True,False,False,False,526,21.03999900817871,0.29336243867874146,20.780866622924805,0.8000209927558899,217.7566375732422,10.349650382995605,0.6866331100463867,0.0
63,0,-8.390852928161621,0.31421273946762085,1.2642452716827393,0.004897603299468756,-0.11825254559516907,True,False,False,False,270,10.800000190734863,0.22999055683612823,20.506807327270508,0.8091838359832764,120.21337890625,11.130867958068848,0.11075329780578613,0.0
64,0,-8.84836196899414,0.9194998741149902,0.8587758541107178,-0.10715669393539429,0.061442259699106216,False,True,False,False,79,3.1599998474121094,13.973884582519531,3.6881377696990967,4.629087924957275,4.090160369873047,1.2943545579910278,-0.002108931541442871,0.0
65,0,-8.920001029968262,0.369228720664978,0.8540910482406616,-0.04788757860660553,0.07968859374523163,True,False,False,False,424,16.959999084472656,0.27108731865882874,20.9491024017334,0.817405641078949,129.98422241210938,7.6641645431518555,0.008250445127487183,0.0
66,0,-8.19105339050293,-0.3879472017288208,0.7927197217941284,-0.07489611953496933,-0.05613981559872627,True,False,False,False,450,18.0,0.2879391312599182,20.24199676513672,0.8099775314331055,188.21572875976562,10.456429481506348,0.6293988227844238,0.0
67,0,-8.865208625793457,0.9043446183204651,0.9485896229743958,0.007328824605792761,0.0737484022974968,False,True,False,False,64,2.559999942779541,14.030475616455078,3.591801643371582,4.757707595825195,4.01609992980957,1.5687891244888306,-0.005200892686843872,0.0
68,0,-8.671667098999023,0.9731456637382507,1.0257145166397095,-0.02552024833858013,0.16331741213798523,True,False,False,False,342,13.679999351501465,0.2940065562725067,20.448532104492188,0.8264271020889282,95.12035369873047,6.953242778778076,0.10155868530273438,0.0
69,0,-8.85827350616455,-0.7669781446456909,1.0909900665283203,-0.09218541532754898,-0.09332439303398132,True,False,False,False,338,13.519999504089355,0.2541483938694,21.009456634521484,0.8127392530441284,161.47520446777344,11.943432807922363,0.6307129859924316,0.0
70,0,-8.81781005859375,-1.140720248222351,1.2722766399383545,0.09288707375526428,0.006228034384548664,True,False,False,False,255,10.199999809265137,0.24536900222301483,20.27324676513672,0.8412732481956482,114.79305267333984,11.254220962524414,0.6199544668197632,0.0
71,0,-8.796414375305176,-0.20669914782047272,0.7136408090591431,-0.17034971714019775,-0.007119375746697187,True,False,False,False,575,23.0,0.28111591935157776,21.338945388793945,0.7965552806854248,213.24066162109375,9.271332740783691,0.47468242049217224,0.0
72,0,-8.80530071258545,-0.21980687975883484,0.7324053049087524,0.0714215487241745,0.042843837291002274,True,False,False,False,440,17.600000381469727,0.2809491455554962,20.381994247436523,0.8343981504440308,131.4476776123047,7.468617916107178,0.14789190888404846,0.0
73,0,-8.867976188659668,0.12067720293998718,0.8857179284095764,-0.05284276604652405,0.0020411924924701452,True,False,False,False,408,16.31999969482422,0.296630322933197,20.959821701049805,0.8143388628959656,147.69007873535156,9.049637794494629,0.13408643007278442,0.0
74,0,-8.245854377746582,1.24444580078125,1.0109825134277344,0.04133591800928116,0.15056951344013214,True,False,False,False,327,13.079999923706055,0.28232717514038086,19.97418785095215,0.825667142868042,92.3348159790039,7.059236526489258,0.3034692704677582,0.0
75,0,-8.492918014526367,-0.6529397964477539,0.7866504192352295,0.10771259665489197,0.022623930126428604,True,False,False,False,391,15.639999389648438,0.29472628235816956,19.89535903930664,0.8396661281585693,128.53237915039062,8.218183517456055,0.5934535264968872,0.0
76,0,-8.27833080291748,0.5636703968048096,1.1176400184631348,-0.19123435020446777,-0.058163587003946304,True,False,False,False,347,13.880000114440918,0.2912105917930603,21.118215560913086,0.7807382345199585,164.67393493652344,11.864116668701172,0.12399381399154663,0.0
77,0,-8.561966896057129,0.7928463816642761,0.8220669031143188,-0.025134941563010216,0.028988666832447052,False,True,False,False,70,2.799999952316284,13.976486206054688,3.3581902980804443,4.996851444244385,3.595386028289795,1.2840664386749268,-0.004258304834365845,0.0
78,0,-8.992782592773438,-0.5209669470787048,1.0202622413635254,0.029637720435857773,0.19142118096351624,True,False,False,False,333,13.319999694824219,0.2818682789802551,20.55306053161621,0.8368845582008362,102.28163146972656,7.678801536560059,0.02262568473815918,0.0
79,0,-8.235491752624512,-0.8542447686195374,0.7962245941162109,0.001695095794275403,-0.08609660714864731,True,False,False,False,421,16.84000015258789,0.2837193012237549,20.024396896362305,0.8218615055084229,182.80079650878906,10.855154037475586,0.5874602794647217,0.0
80,0,-8.173370361328125,1.0095131397247314,1.234460711479187,-0.06703291088342667,0.019082825630903244,False,True,False,False,41,1.6399999856948853,14.008828163146973,2.9285125732421875,5.60144567489624,3.586676836013794,2.186998128890991,-0.028846681118011475,0.0
81,0,-8.464522361755371,-0.031539350748062134,0.8967593908309937,0.02124674618244171,0.005942290648818016,True,False,False,False,374,14.960000038146973,0.2846577763557434,20.388748168945312,0.8173406720161438,135.61187744140625,9.06496524810791,0.09300968050956726,0.0
82,0,-8.625245094299316,-1.1726741790771484,0.7050078511238098,-0.07126753777265549,0.09869863837957382,True,False,False,False,511,20.439998626708984,0.26390552520751953,20.332822799682617,0.8294641375541687,176.30035400390625,8.625262260437012,0.670819878578186,0.0
83,0,-8.662375450134277,0.33138394355773926,1.0379540920257568,-0.17301706969738007,-0.004304772708564997,True,False,False,False,375,15.0,0.2720820903778076,21.207626342773438,0.795259952545166,154.33204650878906,10.288803100585938,0.15865638852119446,0.0
84,0,-8.12050724029541,-0.9855915307998657,0.7868122458457947,0.07399961352348328,-0.01791287213563919,True,False,False,False,394,15.75999927520752,0.2812119722366333,19.5748233795166,0.8352414965629578,156.63133239746094,9.938536643981934,0.6365069150924683,0.0
85,0,-8.5637788772583,-0.31160110235214233,0.900651752948761,-0.011116573587059975,0.04044713079929352,True,False,False,False,380,15.199999809265137,0.2916940450668335,20.380537033081055,0.82267826795578,128.8889617919922,8.479537010192871,0.2485770285129547,0.0
86,0,-8.950371742248535,-0.2522003650665283,0.7909155488014221,0.007311149500310421,-0.004687092266976833,True,False,False,False,437,17.479999542236328,0.269639253616333,20.84380340576172,0.8228917121887207,154.1630859375,8.819398880004883,0.29650601744651794,0.0
87,0,-8.139530181884766,0.5474345684051514,1.1102579832077026,0.039834558963775635,0.06718127429485321,False,True,False,False,42,1.6799999475479126,14.007574081420898,2.8208887577056885,5.795526027679443,3.1144440174102783,1.8538358211517334,-0.00496324896812439,0.0
88,0,-8.783859252929688,-0.7142659425735474,0.9627746343612671,0.0001247619657078758,0.008844619616866112,True,False,False,False,355,14.199999809265137,0.2949819564819336,20.511354446411133,0.8287415504455566,137.4265899658203,9.677928924560547,0.6502695083618164,0.0
89,0,-8.489834785461426,0.9613698720932007,1.1278667449951172,-0.03637668862938881,0.06521037966012955,False,True,False,False,49,1.959999918937683,14.006834983825684,3.221022367477417,5.189970970153809,3.8858726024627686,1.9825881719589233,-0.03210434317588806,0.0
90,0,-8.98387622833252,0.7949103116989136,0.7905584573745728,-0.04816678538918495,-0.061051324009895325,True,False,False,False,464,18.559999465942383,0.2957964241504669,21.287540435791016,0.8080753684043884,180.47732543945312,9.723994255065918,0.1566900908946991,0.0
91,0,-8.907602310180664,1.1170835494995117,0.7746555209159851,-0.0934286117553711,0.03916129469871521,False,True,False,False,89,3.559999942779541,14.000767707824707,3.780827522277832,4.534300804138184,4.356198787689209,1.22365140914917,-0.001585841178894043,0.0
92,0,-8.804666519165039,-0.6561745405197144,0.880553126335144,0.15177486836910248,0.0070117260329425335,True,False,False,False,349,13.960000038146973,0.2827081084251404,20.24104881286621,0.840722382068634,117.76976776123047,8.436229705810547,0.5733972787857056,0.0
93,0,-8.187360763549805,0.45191869139671326,1.1015924215316772,-0.017144883051514626,-0.0411716066300869,True,False,False,False,312,12.479999542236328,0.28412118554115295,20.453449249267578,0.801501989364624,131.6129913330078,10.545912742614746,0.031133443117141724,0.0
94,0,-8.440844535827637,0.5438375473022461,0.9469873905181885,0.11378569900989532,0.050413597375154495,False,True,False,False,52,2.0799999237060547,13.977495193481445,3.1417582035064697,5.299444198608398,3.3162178993225098,1.5943355560302734,-0.016810715198516846,0.0
95,0,-8.317462921142578,0.3558175265789032,0.8993632793426514,-0.06533624976873398,0.1288270354270935,False,True,False,False,60,2.3999998569488525,13.97072982788086,2.9972753524780273,5.512081623077393,3.2069101333618164,1.3362126350402832,-0.00416979193687439,0.0
96,0,-8.674077033996582,-0.9946184158325195,1.0807582139968872,0.012041143141686916,0.0791587233543396,True,False,False,False,310,12.399999618530273,0.2435089498758316,20.238895416259766,0.8351667523384094,115.61802673339844,9.324034690856934,0.6704989671707153,0.0
97,0,-8.142507553100586,-0.1073022186756134,1.0665937662124634,0.09150537848472595,-0.016016099601984024,True,False,False,False,297,11.880000114440918,0.2484838366508484,19.910079956054688,0.820833146572113,114.16015625,9.609440803527832,0.10695996880531311,0.0
98,0,-8.980033874511719,-0.4911001920700073,0.9236605167388916,-0.04585125297307968,0.05799420550465584,True,False,False,False,387,15.479999542236328,0.29505354166030884,20.829126358032227,0.8251393437385559,129.002685546875,8.333507537841797,0.3238961398601532,0.0
99,0,-8.674955368041992,-1.2060303688049316,0.9672515392303467,-0.16586437821388245,0.07020671665668488,True,False,False,False,395,15.799999237060547,0.2893295884132385,20.712743759155273,0.8167555332183838,166.4473114013672,10.534640312194824,0.6778846979141235,0.0
100,0,-8.196430206298828,-0.6213588118553162,1.123992681503296,-0.010093117132782936,0.005282355472445488,True,False,False,False,297,11.880000114440918,0.26121577620506287,19.929319381713867,0.823309063911438,118.240966796875,9.952942848205566,0.6118661165237427,0.0
101,0,-8.842239379882812,-0.23546181619167328,1.2723623514175415,-0.014671919867396355,0.017144110053777695,True,False,False,False,275,11.0,0.2327851802110672,20.85865592956543,0.817111074924469,111.72052764892578,10.156411170959473,0.0718468725681305,0.0
102,0,-8.339653968811035,-0.28161829710006714,0.8419149518013,-0.0004246855096425861,-0.1087723821401596,True,False,False,False,403,16.119998931884766,0.2743334174156189,20.248868942260742,0.8169350028038025,168.76205444335938,10.469110488891602,0.5518797636032104,0.0
103,0,-8.781624794006348,1.2105106115341187,0.9147322773933411,-0.025446275249123573,0.008722512051463127,False,True,False,False,66,2.6399998664855957,14.02981185913086,3.5545551776885986,4.7893385887146,4.150271892547607,1.5720727443695068,-0.018645882606506348,0.0
104,0,-8.591693878173828,-0.45166516304016113,0.7745667099952698,0.009729047305881977,0.041391678154468536,True,False,False,False,432,17.279998779296875,0.2888956367969513,20.20901107788086,0.831196665763855,137.84718322753906,7.977268218994141,0.382100909948349,0.0
105,0,-8.880182266235352,0.1704689860343933,1.1485036611557007,-0.02012990228831768,-0.18966327607631683,True,False,False,False,308,12.319999694824219,0.2634448707103729,20.898147583007812,0.8173460364341736,122.86891174316406,9.973126411437988,0.27332547307014465,0.0
106,0,-8.554664611816406,0.9308152198791504,0.7612870335578918,0.16496942937374115,0.033651161938905716,False,True,False,False,64,2.559999942779541,13.952461242675781,3.3012802600860596,5.08289098739624,4.317835807800293,1.6866546869277954,-0.022444158792495728,0.0
107,0,-8.469745635986328,-0.5575594305992126,0.910464882850647,-0.0004984653205610812,0.00044436243479140103,True,False,False,False,371,14.839999198913574,0.28066733479499817,20.25885581970215,0.8232895135879517,136.86349487304688,9.222607612609863,0.5744415521621704,0.0
108,0,-8.434680938720703,-1.0445313453674316,1.1399670839309692,0.07976992428302765,-0.12854717671871185,True,False,False,False,285,11.399999618530273,0.28194618225097656,20.123315811157227,0.82823646068573,129.3110809326172,11.343077659606934,0.5265977382659912,0.0
109,0,-8.941666603088379,0.06955564022064209,0.9138065576553345,0.18989676237106323,-0.004378736484795809,True,False,False,False,336,13.4399995803833,0.2982761263847351,20.562271118164062,0.8336533308029175,116.33186340332031,8.655644416809082,0.01578301191329956,0.0
110,0,-8.370683670043945,-0.07039479911327362,1.190893530845642,-0.01999548077583313,0.017183266580104828,True,False,False,False,288,11.519999504089355,0.25212860107421875,20.383474349975586,0.8129541873931885,112.93181610107422,9.803109169006348,0.02188536524772644,0.0
111,0,-8.41067886352539,-1.0281037092208862,0.7111822962760925,-0.07975906133651733,-0.08282475173473358,True,False,False,False,513,20.520000457763672,0.28885579109191895,20.367877960205078,0.8170661330223083,223.58230590820312,10.89582347869873,0.6244434118270874,0.0
112,0,-8.821710586547852,0.8895799517631531,0.8827860355377197,0.1362210214138031,-0.11872567981481552,True,False,False,False,368,14.719999313354492,0.29370346665382385,21.09650421142578,0.8079319000244141,137.001708984375,9.307181358337402,0.025505900382995605,0.0
113,0,-8.576120376586914,-0.8660866022109985,0.846291720867157,0.0012064899783581495,-0.01798795536160469,True,False,False,False,398,15.920000076293945,0.28853315114974976,20.216108322143555,0.8309249877929688,159.70599365234375,10.031783103942871,0.6528887748718262,0.0
114,0,-8.264528274536133,-0.557097315788269,0.8600641489028931,-0.049825768917798996,-0.009159347042441368,True,False,False,False,403,16.119998931884766,0.2989114224910736,20.118162155151367,0.8188512921333313,157.4385986328125,9.766663551330566,0.651502251625061,0.0
115,0,-8.80655288696289,-0.5425413846969604,1.2732155323028564,0.12078134715557098,0.06258171051740646,True,False,False,False,253,10.119999885559082,0.28025022149086,20.357393264770508,0.8358170390129089,89.30230712890625,8.824338912963867,0.2526642382144928,0.0
116,0,-8.406055450439453,0.35095885396003723,0.877913236618042,0.050742097198963165,0.16431869566440582,False,True,False,False,57,2.2799999713897705,14.012157440185547,3.007202386856079,5.523305416107178,3.4790725708007812,1.5259090662002563,-0.025627940893173218,0.0
117,0,-8.51552677154541,0.16620993614196777,0.8191157579421997,0.11492457985877991,-0.015184025280177593,True,False,False,False,382,15.279999732971191,0.27593278884887695,20.240154266357422,0.8258997201919556,135.8459930419922,8.8904447555542,0.07391217350959778,0.0
118,0,-8.858893394470215,-0.9733024835586548,1.2816468477249146,0.01858942210674286,-0.013670518063008785,True,False,False,False,265,10.59999942779541,0.2472129911184311,20.538984298706055,0.831889271736145,119.77718353271484,11.299735069274902,0.6447166204452515,0.0
119,0,-8.18284797668457,-0.12822717428207397,1.234959363937378,0.010163724422454834,0.0340956412255764,True,False,False,False,270,10.800000190734863,0.2625783383846283,20.09197425842285,0.8154171705245972,105.05662536621094,9.72746467590332,0.036939024925231934,0.0
120,0,-8.129429817199707,0.5797256231307983,0.7164206504821777,-0.1131560280919075,-0.007197765167802572,True,False,False,False,528,21.119998931884766,0.26770418882369995,20.737781524658203,0.7879112362861633,200.61392211914062,9.49876594543457,0.06698665022850037,0.0
121,0,-8.118367195129395,0.686098039150238,0.8393940925598145,0.1020783856511116,0.06952300667762756,False,True,False,False,51,2.0399999618530273,14.031668663024902,2.739405393600464,5.962068557739258,4.027116298675537,1.9740766286849976,-0.004425913095474243,0.0
122,0,-8.631640434265137,-0.41242673993110657,0.7722813487052917,-0.15037256479263306,0.10753500461578369,True,False,False,False,507,20.279998779296875,0.27110564708709717,20.79020881652832,0.8098334074020386,154.40550231933594,7.613684177398682,0.28190937638282776,0.0
123,0,-8.991543769836426,0.7200142741203308,0.8736183643341064,0.09029819816350937,-0.0795740857720375,True,False,False,False,381,15.239999771118164,0.2789873778820038,21.112064361572266,0.8150011301040649,147.75929260253906,9.695491790771484,0.07882046699523926,0.0
124,0,-8.42449951171875,-0.8152249455451965,0.8764506578445435,-0.09582004696130753,-0.1322590708732605,True,False,False,False,416,16.639999389648438,0.2703680396080017,20.337053298950195,0.8184136748313904,181.4945831298828,10.907126426696777,0.5979169607162476,0.0
125,0,-8.979822158813477,-0.19805826246738434,0.7446765899658203,-0.003558758180588484,0.08484143018722534,True,False,False,False,467,18.68000030517578,0.2762395441532135,20.732952117919922,0.8286781311035156,132.251220703125,7.079829692840576,0.05770540237426758,0.0
126,0,-8.239495277404785,0.6241832971572876,1.0687804222106934,-0.11489556729793549,0.06728949397802353,False,True,False,False,51,2.0399999618530273,13.967782974243164,3.005244493484497,5.47413969039917,3.5031826496124268,1.717246413230896,-0.004923462867736816,0.0
127,0,-8.228972434997559,0.06322488188743591,1.2758255004882812,-0.053032286465168,0.08579475432634354,False,True,False,False,39,1.559999942779541,13.958807945251465,2.8803040981292725,5.703944206237793,4.811767578125,3.0844664573669434,-0.007294178009033203,0.0
128,0,-8.695015907287598,1.125688076019287,0.7849505543708801,0.12651589512825012,0.025226345285773277,True,False,False,False,397,15.880000114440918,0.276940256357193,20.351194381713867,0.8319818377494812,140.15708923339844,8.826013565063477,0.04183077812194824,0.0
129,0,-8.98377513885498,0.35012170672416687,0.9833436608314514,-0.10454307496547699,0.026398731395602226,True,False,False,False,383,15.319999694824219,0.2988726794719696,21.24085235595703,0.8091616034507751,137.27085876464844,8.96023941040039,0.10790771245956421,0.0
130,0,-8.772102355957031,0.7886931300163269,0.7096365690231323,-0.049078505486249924,-0.027168162167072296,True,False,False,False,516,20.639999389648438,0.27078235149383545,21.155498504638672,0.8031056523323059,187.04869079589844,9.062437057495117,0.06920036673545837,0.0
131,0,-8.707239151000977,0.963085412979126,0.7573144435882568,-0.028618086129426956,-0.10779063403606415,True,False,False,False,475,19.0,0.2690858542919159,21.125343322753906,0.8016044497489929,188.27667236328125,9.90929889678955,0.13341018557548523,0.0
132,0,-8.026762008666992,-0.2540305256843567,0.9246830940246582,-0.0648898184299469,-0.022600991651415825,True,False,False,False,378,15.119999885559082,0.2635255753993988,20.154443740844727,0.8052177429199219,159.29904174804688,10.535651206970215,0.3738696873188019,0.0
133,0,-8.417059898376465,0.8000496029853821,0.8769473433494568,-0.14118336141109467,0.035087138414382935,True,False,False,False,441,17.639999389648438,0.2798926532268524,21.118837356567383,0.7877312898635864,159.94444274902344,9.067145347595215,0.006202757358551025,0.0
134,0,-8.150403022766113,0.8879141807556152,1.0478277206420898,-0.021972646936774254,0.009262733161449432,False,True,False,False,46,1.8399999141693115,13.99890422821045,2.849036455154419,5.747227668762207,5.770303249359131,3.1360344886779785,-0.05109861493110657,0.0
135,0,-8.218998908996582,-0.5048376321792603,0.9402107000350952,0.1535205990076065,-0.08254207670688629,True,False,False,False,325,13.0,0.2993776798248291,19.930051803588867,0.8242135643959045,130.154541015625,10.011887550354004,0.5435742139816284,0.0
136,0,-8.94737720489502,0.8826035261154175,0.8277084827423096,-0.05743545666337013,-0.1074046641588211,True,False,False,False,448,17.920000076293945,0.266014963388443,21.391094207763672,0.8026558756828308,180.75294494628906,10.08665943145752,0.20073524117469788,0.0
137,0,-8.095117568969727,-0.4531903564929962,1.1420625448226929,-0.032560642808675766,-0.034499477595090866,True,False,False,False,297,11.880000114440918,0.2868868112564087,20.020225524902344,0.814241886138916,131.6624755859375,11.0826997756958,0.49388864636421204,0.0
138,0,-8.286020278930664,0.8069708943367004,0.7035751342773438,-0.04618751257658005,0.048563431948423386,False,True,False,False,74,2.9600000381469727,14.02114486694336,2.9694812297821045,5.558347225189209,4.177651882171631,1.4113688468933105,-0.013545960187911987,0.0
139,0,-8.608784675598145,-0.0339721143245697,0.9697446227073669,-0.04689675569534302,-0.03984643146395683,True,False,False,False,367,14.679999351501465,0.2883602976799011,20.77970314025879,0.8089056015014648,152.7461395263672,10.405051231384277,0.18818089365959167,0.0
140,0,-8.723888397216797,0.45425131916999817,0.8310586810112,-0.0917733833193779,-0.058313045650720596,True,False,False,False,451,18.03999900817871,0.2696535587310791,21.120220184326172,0.8015957474708557,184.54510498046875,10.22977352142334,0.2561397850513458,0.0
141,0,-8.97354507446289,-0.7441662549972534,0.7668361663818359,-0.016124054789543152,0.15464277565479279,True,False,False,False,454,18.15999984741211,0.2525254189968109,20.468311309814453,0.8398047089576721,117.9203872680664,6.49341344833374,0.2943092882633209,0.0
142,0,-8.884260177612305,0.44451266527175903,0.7706419825553894,-0.001301892683841288,-0.0019032811978831887,True,False,False,False,453,18.119998931884766,0.26330602169036865,20.924280166625977,0.8167517781257629,149.22015380859375,8.235108375549316,0.10933056473731995,0.0
143,0,-8.97805404663086,-1.0758986473083496,1.1160857677459717,0.03392684459686279,0.17291200160980225,True,False,False,False,298,11.920000076293945,0.2921411395072937,20.25657844543457,0.8496567010879517,90.91002655029297,7.62667989730835,0.5898662805557251,0.0
144,0,-8.384015083312988,-0.8788092136383057,1.1949470043182373,0.02797996997833252,-0.0086426492780447,True,False,False,False,277,11.079999923706055,0.2654842436313629,20.116069793701172,0.8255524635314941,123.35257720947266,11.132904052734375,0.6312941312789917,0.0
145,0,-8.711987495422363,-0.6782842874526978,1.0985640287399292,-0.006194354500621557,-0.19210639595985413,False,True,False,False,209,8.359999656677246,5.154397487640381,13.925871849060059,1.2153886556625366,26.42279052734375,3.160620927810669,-0.042778462171554565,0.0
146,0,-8.241517066955566,-1.2176110744476318,1.236328125,-0.02792784944176674,-0.13965986669063568,True,False,False,False,276,11.039999961853027,0.2474464625120163,20.069576263427734,0.8214292526245117,132.93402099609375,12.041125297546387,0.5386224985122681,0.0
147,0,-8.301019668579102,-0.46647942066192627,1.0743768215179443,0.001174271572381258,-0.0011509847827255726,True,False,False,False,312,12.479999542236328,0.2763521373271942,20.124433517456055,0.8202712535858154,123.45089721679688,9.891899108886719,0.4343004524707794,0.0
148,0,-8.109210968017578,0.2731643617153168,1.1097729206085205,-0.009472724981606007,-0.14471755921840668,True,False,False,False,306,12.239999771118164,0.2877753674983978,20.228147506713867,0.806374192237854,130.0211944580078,10.62264633178711,0.17164120078086853,0.0
149,0,-8.307855606079102,1.0058636665344238,1.215269684791565,0.03239777311682701,-0.002992564346641302,False,True,False,False,41,1.6399999856948853,14.0199556350708,3.0394787788391113,5.4410400390625,3.6275951862335205,2.2119483947753906,-0.028158336877822876,0.0
150,0,-8.165457725524902,0.6372852325439453,0.8552689552307129,0.005375096574425697,0.019237548112869263,False,True,False,False,57,2.2799999713897705,13.979903221130371,2.920517683029175,5.607786655426025,3.5100507736206055,1.5394959449768066,-0.008254408836364746,0.0
151,0,-8.45616626739502,0.07678315043449402,1.007056713104248,0.07564273476600647,-0.09533823281526566,True,False,False,False,324,12.960000038146973,0.26276668906211853,20.361431121826172,0.8180338144302368,130.32064819335938,10.0556058883667,0.15702560544013977,0.0
152,0,-8.964986801147461,0.4657360911369324,1.2590782642364502,-0.0018239079508930445,0.00037448806688189507,True,False,False,False,281,11.239999771118164,0.24955792725086212,21.207355499267578,0.8096811771392822,116.24160766601562,10.341780662536621,0.005609244108200073,0.0
153,0,-8.129406929016113,0.3501640260219574,0.871777355670929,0.0028469152748584747,0.06846992671489716,False,True,False,False,54,2.1599998474121094,13.978318214416504,2.7861361503601074,5.862274169921875,3.580615520477295,1.6576924324035645,-0.0033969879150390625,0.0
154,0,-8.24397087097168,1.0325145721435547,1.2803418636322021,0.08446159213781357,0.024716276675462723,True,False,False,False,252,10.079999923706055,0.2860583961009979,20.043231964111328,0.8220119476318359,113.65735626220703,11.275531768798828,0.025865226984024048,0.0
155,0,-8.97357177734375,-0.014803260564804077,1.2262927293777466,-0.0222980584949255,0.0042372532188892365,True,False,False,False,289,11.559999465942383,0.29032912850379944,21.049392700195312,0.815870463848114,122.74100494384766,10.617734909057617,0.01935410499572754,0.0
156,0,-8.497637748718262,-0.636809229850769,1.1150875091552734,0.13312594592571259,-0.029331084340810776,True,False,False,False,281,11.239999771118164,0.29170018434524536,20.051851272583008,0.833317756652832,115.66789245605469,10.290738105773926,0.6102102994918823,0.0
157,0,-8.82431697845459,-0.18861651420593262,1.120773196220398,-0.038706887513399124,0.03153403475880623,True,False,False,False,317,12.679999351501465,0.246153324842453,20.901996612548828,0.8145319819450378,119.39640045166016,9.416120529174805,0.08560329675674438,0.0
158,0,-8.162554740905762,0.3357386589050293,0.9241355061531067,0.04438697546720505,-0.0785137265920639,True,False,False,False,355,14.199999809265137,0.2883473038673401,20.194717407226562,0.8104068636894226,148.21444702148438,10.437637329101562,0.12521064281463623,0.0
159,0,-8.514880180358887,-0.9041398167610168,1.0334479808807373,0.11195480078458786,0.1550925374031067,True,False,False,False,301,12.039999961853027,0.27938470244407654,19.776517868041992,0.8464021682739258,94.71763610839844,7.866913318634033,0.5718115568161011,0.0
160,0,-8.106571197509766,-1.024641990661621,0.9694554805755615,0.1208212748169899,-0.01901148445904255,True,False,False,False,314,12.559999465942383,0.2916738986968994,19.537397384643555,0.8362501859664917,134.56707763671875,10.713939666748047,0.6289364099502563,0.0
161,0,-8.645954132080078,-0.11441811919212341,1.1991771459579468,-0.13745884597301483,0.11455932259559631,True,False,False,False,312,12.479999542236328,0.24783889949321747,20.952241897583008,0.8040350079536438,112.9837875366211,9.05318832397461,0.008040159940719604,0.0
162,0,-8.319994926452637,-1.1376675367355347,1.2327584028244019,0.0015957225114107132,-0.004686096683144569,True,False,False,False,270,10.800000190734863,0.2293490767478943,19.98326301574707,0.8286148309707642,124.947265625,11.569190979003906,0.612403392791748,0.0
163,0,-8.043684959411621,0.01602381467819214,0.9028534889221191,0.001126029877923429,-0.0002249475073767826,True,False,False,False,370,14.799999237060547,0.2851259410381317,20.057212829589844,0.8098679780960083,136.4821319580078,9.221766471862793,0.10628911852836609,0.0
164,0,-8.541232109069824,1.0777311325073242,0.9310027956962585,0.10197966545820236,0.16108781099319458,True,False,False,False,343,13.719999313354492,0.299346923828125,20.005069732666016,0.8385513424873352,80.2610855102539,5.849933624267578,0.2737295925617218,0.0
165,0,-8.802775382995605,0.9631985425949097,0.7248620390892029,-0.018556877970695496,-0.194088414311409,False,True,False,False,330,13.199999809265137,5.17820405960083,14.62978458404541,1.1640338897705078,20.801515579223633,1.5758724212646484,-0.037462055683135986,0.0
166,0,-8.355697631835938,-0.2031494677066803,0.9059309959411621,0.029734622687101364,0.10086144506931305,True,False,False,False,364,14.559999465942383,0.2800101041793823,20.079557418823242,0.824566125869751,116.03794860839844,7.969639778137207,0.04477706551551819,0.0
167,0,-8.19553279876709,-0.15817120671272278,1.193034291267395,0.08421368151903152,-0.060515422374010086,True,False,False,False,271,10.84000015258789,0.2806421220302582,20.14121437072754,0.8140662908554077,120.2169189453125,11.090121269226074,0.1796340048313141,0.0
168,0,-8.802131652832031,0.6789034605026245,1.2367686033248901,-0.017547737807035446,0.013522367924451828,True,False,False,False,285,11.399999618530273,0.27568143606185913,20.975860595703125,0.8111918568611145,112.18710327148438,9.840973854064941,0.0033235549926757812,0.0
169,0,-8.992120742797852,0.03685951232910156,0.9539726972579956,0.06118513271212578,0.1402851939201355,False,True,False,False,61,2.440000057220459,14.007776260375977,3.5766382217407227,4.806793212890625,8.871715545654297,3.635948896408081,-0.0012340545654296875,0.0
170,0,-8.541810989379883,-0.09576916694641113,0.9480873346328735,0.043131984770298004,0.022922150790691376,True,False,False,False,350,14.0,0.25648728013038635,20.41163444519043,0.8202224373817444,121.71136474609375,8.693669319152832,0.07648789882659912,0.0
171,0,-8.716482162475586,0.3138597309589386,1.113548755645752,0.048017241060733795,-0.05661686882376671,True,False,False,False,303,12.119999885559082,0.29287058115005493,20.731258392333984,0.8161271810531616,128.92613220214844,10.637469291687012,0.08566415309906006,0.0
172,0,-8.124727249145508,0.11670023202896118,0.9318528771400452,-0.16972783207893372,-0.012535104528069496,True,False,False,False,412,16.479999542236328,0.25112494826316833,20.732810974121094,0.7874059081077576,171.80018615722656,10.424768447875977,0.21791616082191467,0.0
173,0,-8.035531997680664,-1.1819449663162231,1.0885493755340576,-0.09332882612943649,0.028562506660819054,True,False,False,False,321,12.84000015258789,0.2723138630390167,19.97145652770996,0.8150492906570435,149.3675994873047,11.632990837097168,0.6981390714645386,0.0
174,0,-8.853442192077637,-0.9719933271408081,1.2991888523101807,-0.05738918110728264,0.0668817013502121,True,False,False,False,271,10.84000015258789,0.23988495767116547,20.60810089111328,0.8288315534591675,113.15213775634766,10.43838882446289,0.6404951810836792,0.0
175,0,-8.072858810424805,-0.08024081587791443,0.9327182769775391,0.0034678711090236902,-0.00832842756062746,True,False,False,False,357,14.279999732971191,0.2932252287864685,20.019521713256836,0.812859296798706,137.64137268066406,9.638751983642578,0.16761121153831482,0.0
176,0,-8.282169342041016,0.8263410329818726,1.0501132011413574,-0.16769914329051971,0.0003776215889956802,True,False,False,False,367,14.679999351501465,0.2443195879459381,21.12108039855957,0.7813284993171692,151.38427734375,10.312280654907227,0.0051351189613342285,0.0
177,0,-8.848299980163574,-0.8610379695892334,1.1846089363098145,0.10075581073760986,-0.1365624964237213,True,False,False,False,277,11.079999923706055,0.28164470195770264,20.506671905517578,0.8323952555656433,122.58109283447266,11.063275337219238,0.5354126691818237,0.0
178,0,-8.60645580291748,1.1165080070495605,0.9642406702041626,-0.06078053265810013,-0.01975899748504162,True,False,False,False,380,15.199999809265137,0.26273825764656067,21.247020721435547,0.7927160859107971,149.0745391845703,9.807535171508789,0.002229362726211548,0.0
179,0,-8.885783195495605,0.2007909119129181,0.869603157043457,-0.027632461860775948,0.04129309207201004,True,False,False,False,407,16.279998779296875,0.28042829036712646,20.82721519470215,0.8204142451286316,132.48275756835938,8.137762069702148,0.07968345284461975,0.0
180,0,-8.500656127929688,0.07160887122154236,0.9165464639663696,-0.02911316603422165,0.08066491782665253,True,False,False,False,381,15.239999771118164,0.2673002779483795,20.514814376831055,0.8140852451324463,128.61602783203125,8.439372062683105,0.010516643524169922,0.0
181,0,-8.099944114685059,-0.6227177381515503,1.1421838998794556,-0.12536172568798065,0.08195086568593979,True,False,False,False,311,12.4399995803833,0.25650131702423096,19.986757278442383,0.816121518611908,117.58712005615234,9.452341079711914,0.534232497215271,0.0
182,0,-8.811607360839844,-0.16827352344989777,1.1880704164505005,-0.05355636775493622,0.16638465225696564,False,True,False,False,50,2.0,14.001859664916992,3.4245691299438477,4.967756748199463,5.957789421081543,2.9788947105407715,-0.005771726369857788,0.0
183,0,-8.01916217803955,-0.23175016045570374,0.7066779136657715,-0.043937116861343384,0.04911517724394798,True,False,False,False,488,19.520000457763672,0.2867710292339325,19.936967849731445,0.8136035203933716,156.359130859375,8.010201454162598,0.2836383879184723,0.0
184,0,-8.048995018005371,0.9399675130844116,0.8612016439437866,-0.025020144879817963,0.15999694168567657,False,False,False,True,1124,44.959999084472656,1.7452595233917236,57.0279655456543,0.28539803624153137,2213.638916015625,49.235740661621094,0.42501100897789,0.0
185,0,-8.105890274047852,0.5417606234550476,1.2611699104309082,0.00952927302569151,0.002810586942359805,False,True,False,False,37,1.4800000190734863,13.986140251159668,2.8115344047546387,5.802783489227295,3.3732118606567383,2.2791972160339355,-0.0017755627632141113,0.0
186,0,-8.326355934143066,-0.06155639886856079,1.1957623958587646,0.059301357716321945,0.022575071081519127,False,True,False,False,40,1.5999999046325684,13.958684921264648,2.957019567489624,5.588893890380859,3.2720491886138916,2.0450308322906494,-0.00032195448875427246,0.0
187,0,-8.82219123840332,0.15030443668365479,0.8639004230499268,-0.002678321674466133,0.008913496509194374,True,False,False,False,404,16.15999984741211,0.27431103587150574,20.897600173950195,0.8145837187767029,143.588623046875,8.885435104370117,0.10633629560470581,0.0
188,0,-8.753413200378418,-0.5788671970367432,0.8684908747673035,-0.13168004155158997,-0.05143209546804428,True,False,False,False,442,17.68000030517578,0.2934909164905548,21.05331802368164,0.8057220578193665,196.0034637451172,11.08616828918457,0.6662092208862305,0.0
189,0,-8.33484935760498,0.1339341700077057,0.7169537544250488,0.0792425274848938,0.03249288722872734,True,False,False,False,440,17.600000381469727,0.2705802917480469,20.076610565185547,0.8236142992973328,137.73939514160156,7.826101779937744,0.05566084384918213,0.0
190,0,-8.606822967529297,0.5560595989227295,1.05742609500885,0.09663289785385132,-0.08916697651147842,True,False,False,False,311,12.4399995803833,0.2915019989013672,20.72185707092285,0.8115034699440002,127.0082015991211,10.209662437438965,0.04848489165306091,0.0
191,0,-8.31868839263916,0.5325509309768677,1.1510035991668701,0.043443743139505386,0.03675892576575279,False,True,False,False,43,1.71999990940094,13.97751522064209,3.0195133686065674,5.473437309265137,3.4081923961639404,1.9815073013305664,-0.014595568180084229,0.0
192,0,-8.643951416015625,-0.24215437471866608,1.0133888721466064,0.008186661638319492,0.015130789950489998,True,False,False,False,337,13.479999542236328,0.26972395181655884,20.580801010131836,0.8185133934020996,126.17121124267578,9.359882354736328,0.18856850266456604,0.0
193,0,-8.19393253326416,0.9144420623779297,0.8383457660675049,0.022419512271881104,-0.03485643491148949,False,True,False,False,59,2.359999895095825,13.98667049407959,3.049666166305542,5.383854389190674,3.552365303039551,1.5052396059036255,-0.010593384504318237,0.0
194,0,-8.6287841796875,0.1533697545528412,0.7475809454917908,-0.09238696098327637,0.13264068961143494,True,False,False,False,501,20.03999900817871,0.2645290493965149,20.651235580444336,0.8149377703666687,140.36660766601562,7.004322052001953,0.016054213047027588,0.0
195,0,-8.85971736907959,1.1317319869995117,0.874082088470459,0.05333610251545906,0.07956907153129578,True,False,False,False,382,15.279999732971191,0.2892267405986786,20.583744049072266,0.8305860757827759,117.73860931396484,7.705406665802002,0.09068787097930908,0.0
196,0,-8.680476188659668,-0.9904259443283081,0.8549355864524841,-0.16093243658542633,0.085193932056427,True,False,False,False,454,18.15999984741211,0.2541653513908386,20.78911590576172,0.8133584260940552,167.8583984375,9.243304252624512,0.6891673803329468,0.0
197,0,-8.312592506408691,1.053904414176941,0.8373297452926636,0.12925173342227936,0.010295454412698746,True,False,False,False,367,14.679999351501465,0.28467270731925964,20.008277893066406,0.8269373774528503,145.57760620117188,9.916730880737305,0.06460171937942505,0.0
198,0,-8.883503913879395,-1.0659797191619873,1.0646101236343384,0.016023652628064156,0.12005103379487991,True,False,False,False,316,12.639999389648438,0.24594905972480774,20.35044288635254,0.8410705327987671,110.5576400756836,8.746648788452148,0.63458251953125,0.0
199,0,-8.70097827911377,1.184213638305664,0.7407638430595398,-0.03768018260598183,-0.011405213735997677,True,False,False,False,491,19.639999389648438,0.26683294773101807,21.22871208190918,0.7980557084083557,172.62969970703125,8.78969955444336,0.00023660063743591309,0.0
200,0,-8.523483276367188,1.0674974918365479,1.1913481950759888,0.17187033593654633,-0.01704726740717888,False,True,False,False,42,1.6799999475479126,13.995930671691895,3.2747249603271484,5.117047309875488,3.956040620803833,2.3547861576080322,-0.05099603533744812,0.0
201,0,-8.468343734741211,0.858510434627533,0.9511662125587463,-0.13200418651103973,-0.002093374961987138,True,False,False,False,401,16.03999900817871,0.26203587651252747,21.15460777282715,0.7889556884765625,157.0337371826172,9.790133476257324,0.0106276273727417,0.0
202,0,-8.430411338806152,1.1085550785064697,1.029821515083313,-0.164297416806221,0.03482865169644356,False,True,False,False,58,2.319999933242798,14.014240264892578,3.2137410640716553,5.186063766479492,4.494359970092773,1.9372241497039795,-0.03297153115272522,0.0
203,0,-8.037500381469727,0.8039920330047607,1.1330407857894897,0.07814767211675644,0.01718784123659134,False,True,False,False,38,1.5199999809265137,14.032050132751465,2.686960458755493,6.050343036651611,5.1069536209106445,3.3598380088806152,-0.018780499696731567,0.0
204,0,-8.114498138427734,-0.275190532207489,0.7713991403579712,0.052861083298921585,-0.016770126298069954,True,False,False,False,412,16.479999542236328,0.2956289052963257,19.796510696411133,0.8242249488830566,146.42306518554688,8.884895324707031,0.3628116548061371,0.0
205,0,-8.776150703430176,-0.07425248622894287,1.2982511520385742,0.03384922444820404,-0.12243332713842392,True,False,False,False,264,10.559999465942383,0.276226669549942,20.82041358947754,0.8153685927391052,116.61764526367188,11.04333782196045,0.1385907232761383,0.0
206,0,-8.972881317138672,-1.0450626611709595,0.7613498568534851,0.09387217462062836,0.044752541929483414,True,False,False,False,414,16.559999465942383,0.29266357421875,20.265548706054688,0.8489336967468262,136.6787872314453,8.25355052947998,0.6265532970428467,0.0
207,0,-8.641590118408203,0.1568901538848877,1.2665233612060547,-0.07116055488586426,0.008317152038216591,True,False,False,False,283,11.319999694824219,0.2529886066913605,20.837129592895508,0.8082835674285889,116.96978759765625,10.333020210266113,0.024311602115631104,0.0
208,0,-8.934882164001465,-1.1039365530014038,1.2664724588394165,-0.016554461792111397,0.06076071783900261,True,False,False,False,271,10.84000015258789,0.28690361976623535,20.452648162841797,0.8394902944564819,113.97997283935547,10.51475715637207,0.6559934616088867,0.0
209,0,-8.67358112335205,0.13556182384490967,1.2342617511749268,0.17863360047340393,0.08280356228351593,False,True,False,False,41,1.6399999856948853,13.979381561279297,3.2925667762756348,5.124911785125732,5.600488662719727,3.4149322509765625,-0.027201533317565918,0.0
210,0,-8.18486499786377,0.7387939095497131,0.7543918490409851,-0.03507770970463753,-0.04211806133389473,True,False,False,False,465,18.600000381469727,0.2858956754207611,20.52978515625,0.7988983988761902,179.26414489746094,9.637857437133789,0.01765105128288269,0.0
211,0,-8.864834785461426,1.1035876274108887,0.9972383975982666,-0.02014210633933544,-0.08890701085329056,True,False,False,False,361,14.4399995803833,0.2757384479045868,21.3944149017334,0.7992677688598633,149.90170288085938,10.381004333496094,0.012958794832229614,0.0
212,0,-8.70292854309082,1.0654319524765015,1.131338357925415,0.06203490123152733,-0.042336758226156235,False,True,False,False,50,2.0,14.006175994873047,3.5406715869903564,4.783242225646973,3.40423583984375,1.702117919921875,-0.0015003979206085205,0.0
213,0,-8.74858283996582,-0.7737187147140503,1.207087755203247,0.0007444378570653498,-0.14169372618198395,True,False,False,False,285,11.399999618530273,0.2393888682126999,20.525989532470703,0.8265582919120789,126.2733154296875,11.076606750488281,0.5357509851455688,0.0
214,0,-8.712367057800293,-0.848185122013092,0.9991488456726074,0.003358657704666257,0.12543541193008423,True,False,False,False,338,13.519999504089355,0.2638503313064575,20.264158248901367,0.8356258273124695,105.84812927246094,7.829003810882568,0.5749697685241699,0.0
215,0,-8.901000022888184,-0.2848254144191742,0.7564345598220825,-0.023645617067813873,-0.15814056992530823,False,True,False,False,315,12.59999942779541,5.159433841705322,14.277761459350586,1.1979001760482788,28.52655601501465,2.264012575149536,-0.038669198751449585,0.0
216,0,-8.277209281921387,-0.36529654264450073,0.8183871507644653,0.0012813986977562308,-0.00018558210285846144,True,False,False,False,409,16.35999870300293,0.26400887966156006,20.102001190185547,0.8198779821395874,149.69635009765625,9.150144577026367,0.40813466906547546,0.0
217,0,-8.477250099182129,0.013267099857330322,0.7498953938484192,0.016127601265907288,-0.030985623598098755,True,False,False,False,450,18.0,0.27270862460136414,20.487638473510742,0.8140155076980591,169.00909423828125,9.38939380645752,0.2144622504711151,0.0
218,0,-8.824649810791016,-0.454990029335022,0.8837076425552368,-0.016202202066779137,-0.00817449577152729,True,False,False,False,393,15.719999313354492,0.2638273537158966,20.620166778564453,0.8259207606315613,143.945556640625,9.156842231750488,0.4624997675418854,0.0
219,0,-8.333693504333496,-0.8094245195388794,1.1055278778076172,0.005246463697403669,0.014773238450288773,True,False,False,False,300,12.0,0.2811567485332489,19.95632553100586,0.8294685482978821,124.83025360107422,10.402521133422852,0.6317803859710693,0.0
220,0,-8.122000694274902,-1.1129682064056396,0.8830841779708862,-0.14612223207950592,0.016978256404399872,True,False,False,False,421,16.84000015258789,0.2866186499595642,20.2451171875,0.8080576062202454,184.48870849609375,10.9553861618042,0.6974437236785889,0.0
221,0,-8.854419708251953,-0.12960955500602722,0.9304301738739014,0.001408365904353559,-0.0014308022800832987,True,False,False,False,371,14.839999198913574,0.2901134490966797,20.72995948791504,0.8227176070213318,132.37306213378906,8.920018196105957,0.1515825092792511,0.0
222,0,-8.225337982177734,1.0737805366516113,1.2287013530731201,0.021623486652970314,-0.025841139256954193,False,True,False,False,40,1.5999999046325684,14.007125854492188,2.990811824798584,5.503446102142334,3.9374539852142334,2.460908889770508,-0.0291195809841156,0.0
223,0,-8.218896865844727,0.2116851508617401,0.7872165441513062,-0.040167294442653656,-0.010985355824232101,True,False,False,False,444,17.760000228881836,0.27303946018218994,20.383195877075195,0.8055771589279175,165.4851531982422,9.31785774230957,0.1575275957584381,0.0
224,0,-8.636605262756348,0.8761752843856812,1.1347835063934326,-0.13867363333702087,0.0593753419816494,False,True,False,False,56,2.240000009536743,13.959406852722168,3.4781177043914795,4.847158908843994,3.8251309394836426,1.707647681236267,-0.005472958087921143,0.0
225,0,-8.522836685180664,0.11472418904304504,0.9932022094726562,0.13665950298309326,-0.1066889762878418,True,False,False,False,320,12.799999237060547,0.2999737560749054,20.469816207885742,0.8169699311256409,131.32322692871094,10.259627342224121,0.15479502081871033,0.0
226,0,-8.72188949584961,-0.0644586980342865,1.124097466468811,-0.03759812191128731,-0.12425535917282104,True,False,False,False,317,12.679999351501465,0.24766315519809723,20.92414093017578,0.8087314367294312,140.7814483642578,11.102638244628906,0.2745533883571625,0.0
227,0,-8.801694869995117,-0.2965105175971985,1.2680764198303223,0.03797576203942299,0.04385099560022354,True,False,False,False,266,10.639999389648438,0.2934034466743469,20.5704345703125,0.8266347646713257,100.60413360595703,9.455276489257812,0.08034572005271912,0.0
228,0,-8.342796325683594,0.21940574049949646,1.1923259496688843,-0.01199210062623024,-0.014529027044773102,True,False,False,False,287,11.479999542236328,0.278350830078125,20.422103881835938,0.8101136684417725,119.61447143554688,10.419379234313965,0.04386931657791138,0.0
229,0,-8.05620288848877,-0.9988034963607788,0.9122540354728699,-0.001466789748519659,-0.004664644133299589,True,False,False,False,360,14.399999618530273,0.26599401235580444,19.684885025024414,0.8273506760597229,150.56663513183594,10.456016540527344,0.6340833902359009,0.0
230,0,-8.379168510437012,1.1115633249282837,1.1663947105407715,-0.15238414704799652,-0.061125293374061584,True,False,False,False,328,13.119999885559082,0.23711274564266205,21.37430763244629,0.7773692607879639,152.73312377929688,11.641243934631348,0.014473110437393188,0.0
231,0,-8.972878456115723,-0.034638941287994385,0.8444744348526001,0.090717613697052,-0.014983933418989182,True,False,False,False,386,15.4399995803833,0.26538166403770447,20.731700897216797,0.8283407688140869,135.2141876220703,8.75739574432373,0.09413948655128479,0.0
232,0,-8.267857551574707,-0.5072749257087708,0.8380730748176575,-0.1659284234046936,0.016140101477503777,True,False,False,False,459,18.35999870300293,0.2701804041862488,20.52976417541504,0.8025191426277161,173.6195526123047,9.456403732299805,0.6245845556259155,0.0
233,0,-8.859268188476562,0.9614366292953491,1.202192783355713,0.06311474740505219,0.14633716642856598,False,True,False,False,49,1.959999918937683,13.982499122619629,3.5869829654693604,4.763298988342285,3.6730551719665527,1.8740078210830688,-0.03919956088066101,0.0
234,0,-8.723660469055176,0.9282923936843872,0.9048906564712524,0.09086625277996063,-0.05316119268536568,False,True,False,False,61,2.440000057220459,13.961170196533203,3.5643222332000732,4.7550859451293945,3.575711488723755,1.4654555320739746,-0.008485794067382812,0.0
235,0,-8.579694747924805,-0.3434981405735016,1.0552881956100464,0.006805964279919863,0.045120541006326675,True,False,False,False,322,12.880000114440918,0.2495710551738739,20.454545974731445,0.8205094933509827,115.7307357788086,8.985305786132812,0.20617541670799255,0.0
236,0,-8.080924034118652,-0.4147070050239563,0.9323782920837402,-0.1565663069486618,-0.0974489375948906,True,False,False,False,404,16.15999984741211,0.28574368357658386,20.425535202026367,0.7973407506942749,190.84002685546875,11.809408187866211,0.633246660232544,0.0
237,0,-8.152424812316895,1.1775217056274414,0.8425079584121704,-0.016918061301112175,-0.023812472820281982,True,False,False,False,406,16.239999771118164,0.2553721070289612,20.31841278076172,0.8068546056747437,180.3651885986328,11.106230735778809,0.08637800812721252,0.0
238,0,-8.635522842407227,0.591957688331604,1.0489301681518555,-0.15528294444084167,0.09319373965263367,True,False,False,False,367,14.679999351501465,0.2991347312927246,21.096691131591797,0.7985017895698547,129.52114868164062,8.822966575622559,0.011097460985183716,0.0
239,0,-8.7498779296875,0.49288466572761536,0.8156135678291321,0.05024436488747597,-0.08023092895746231,True,False,False,False,412,16.479999542236328,0.28546780347824097,20.836946487426758,0.8137909770011902,158.74630737304688,9.632664680480957,0.16426733136177063,0.0
240,0,-8.929732322692871,-0.5003994107246399,0.9332759976387024,-0.11899420619010925,-0.08769530802965164,True,False,False,False,407,16.279998779296875,0.26699191331863403,21.095365524291992,0.8123545050621033,179.1620635986328,11.005041122436523,0.6216952800750732,0.0
241,0,-8.159689903259277,0.13300225138664246,0.7437443733215332,0.038333699107170105,0.01661003939807415,True,False,False,False,435,17.399999618530273,0.291145920753479,19.96021842956543,0.8196414113044739,142.46514892578125,8.187652587890625,0.09994199872016907,0.0
242,0,-8.7628755569458,-0.33419376611709595,1.1032111644744873,-0.04906177893280983,-0.03667863458395004,True,False,False,False,323,12.920000076293945,0.2780413329601288,20.843217849731445,0.8139870762825012,135.9402313232422,10.521689414978027,0.3465329110622406,0.0
243,0,-8.853940963745117,-1.082430124282837,1.1844689846038818,-0.005520266015082598,0.015301624312996864,True,False,False,False,289,11.559999465942383,0.26224833726882935,20.491483688354492,0.8338911533355713,123.83206939697266,10.712117195129395,0.6459404230117798,0.0
244,0,-8.802848815917969,1.0175293684005737,0.7908715009689331,0.1636023372411728,-0.09169796854257584,False,True,False,False,67,2.679999828338623,13.958635330200195,3.6750240325927734,4.634729862213135,4.025915622711182,1.5022073984146118,-0.00785064697265625,0.0
245,0,-8.045646667480469,-0.7251168489456177,0.858129620552063,-0.18755513429641724,0.03590203821659088,True,False,False,False,451,18.03999900817871,0.2588077783584595,20.3924617767334,0.7974283695220947,179.1249542236328,9.9293212890625,0.7030559778213501,0.0
246,0,-8.755631446838379,0.636566162109375,1.1495699882507324,0.0029159397818148136,-0.020914295688271523,False,True,False,False,51,2.0399999618530273,13.926241874694824,3.536444902420044,4.797860622406006,2.8684186935424805,1.4060876369476318,-0.0009795725345611572,0.0
247,0,-8.163628578186035,-0.8925866484642029,1.199514627456665,-0.03142367675900459,0.0943913385272026,True,False,False,False,280,11.199999809265137,0.23014412820339203,19.853979110717773,0.8254022002220154,110.80470275878906,9.893277168273926,0.6650925874710083,0.0
248,0,-8.44875431060791,-0.6018883585929871,1.2469372749328613,-0.008562344126403332,0.041876133531332016,True,False,False,False,271,10.84000015258789,0.23318006098270416,20.1981258392334,0.8248012065887451,104.6151351928711,9.650842666625977,0.4572499692440033,0.0
249,0,-8.788642883300781,0.21342501044273376,1.059095859527588,-0.17666102945804596,0.006970083806663752,True,False,False,False,370,14.799999237060547,0.2451566904783249,21.34496307373047,0.7959705591201782,147.98538208007812,9.99901294708252,0.15979298949241638,0.0
250,0,-8.461490631103516,-0.42236602306365967,1.1382887363433838,0.13942955434322357,-0.061497196555137634,True,False,False,False,278,11.119999885559082,0.2769259512424469,20.252609252929688,0.8229433298110962,115.9000473022461,10.422666549682617,0.38815686106681824,0.0
251,0,-8.833518981933594,-1.1274715662002563,1.2601083517074585,0.003506448119878769,0.0020633290987461805,True,False,False,False,271,10.84000015258789,0.25721120834350586,20.5228214263916,0.8317642211914062,122.22315979003906,11.275198936462402,0.644244909286499,0.0
252,0,-8.535850524902344,-0.22785089910030365,1.0811142921447754,0.08304232358932495,-0.04597116634249687,True,False,False,False,302,12.079999923706055,0.28613412380218506,20.41572380065918,0.819827675819397,126.55266571044922,10.476214408874512,0.22602441906929016,0.0
253,0,-8.206460952758789,0.9767322540283203,0.7411750555038452,-0.048446036875247955,0.03026392124593258,True,False,False,False,477,19.079999923706055,0.25620895624160767,20.400428771972656,0.8056198358535767,185.33261108398438,9.713449478149414,0.01654544472694397,0.0
254,0,-8.653844833374023,-0.3736031651496887,0.9431975483894348,0.04612858593463898,-0.1650291234254837,True,False,False,False,353,14.119999885559082,0.2657051682472229,20.332578659057617,0.8291085362434387,134.4595184326172,9.522628784179688,0.4573099911212921,0.0
255,0,-8.891887664794922,-1.016813039779663,1.150478720664978,0.03344908356666565,-0.03328806906938553,True,False,False,False,293,11.719999313354492,0.28270596265792847,20.53887176513672,0.8336186408996582,132.9183349609375,11.341155052185059,0.6289997100830078,0.0
256,0,-8.820068359375,0.49729257822036743,1.2970917224884033,-0.08975392580032349,-0.04860435053706169,True,False,False,False,284,11.359999656677246,0.2771301567554474,21.276060104370117,0.8002988696098328,129.04380798339844,11.359490394592285,0.06489050388336182,0.0
257,0,-8.534147262573242,0.9597389698028564,0.9227346777915955,-0.039146579802036285,-0.03595903143286705,True,False,False,False,388,15.519999504089355,0.290920615196228,21.006534576416016,0.7979023456573486,155.79537963867188,10.038362503051758,0.009363383054733276,0.0
258,0,-8.99474811553955,-0.887197732925415,1.2749425172805786,0.09769252687692642,0.03422959893941879,True,False,False,False,256,10.239999771118164,0.29893091320991516,20.443496704101562,0.8421861529350281,101.84585571289062,9.945884704589844,0.6356322765350342,0.0
259,0,-8.639084815979004,-1.1494550704956055,0.9471107125282288,-0.043250471353530884,-0.08817040920257568,True,False,False,False,372,14.880000114440918,0.2851260006427765,20.489805221557617,0.8237065076828003,172.9187469482422,11.620882987976074,0.609308123588562,0.0
260,0,-8.00476360321045,-0.026638656854629517,1.2973475456237793,0.05737071856856346,-0.02078266069293022,False,True,False,False,33,1.3199999332427979,13.950116157531738,2.6463842391967773,6.123368740081787,2.974792718887329,2.2536308765411377,-0.0004544556140899658,0.0
261,0,-8.610313415527344,0.5442739725112915,1.1882362365722656,0.11201804876327515,0.07310636341571808,False,True,False,False,44,1.7599999904632568,13.98768424987793,3.2838518619537354,5.1217193603515625,3.3946475982666016,1.9287770986557007,-0.020572155714035034,0.0
262,0,-8.026293754577637,-0.957571804523468,1.0308237075805664,-0.018911000341176987,-0.06763364374637604,True,False,False,False,324,12.960000038146973,0.28877130150794983,19.77952766418457,0.8217594027519226,151.9718475341797,11.72622299194336,0.5996453762054443,0.0
263,0,-8.581385612487793,-1.2399481534957886,0.7794754505157471,0.06568372994661331,0.03550206497311592,True,False,False,False,405,16.19999885559082,0.29261332750320435,19.873458862304688,0.8466735482215881,150.67933654785156,9.301194190979004,0.664447546005249,0.0
264,0,-8.174501419067383,-0.7681092619895935,0.7307596206665039,-0.12728653848171234,0.05275873839855194,True,False,False,False,511,20.439998626708984,0.25726184248924255,20.197460174560547,0.8115963339805603,181.0101776123047,8.855684280395508,0.7079229354858398,0.0
265,0,-8.10815715789795,-0.2898643910884857,1.1820029020309448,0.0051241060718894005,0.03456088900566101,True,False,False,False,281,11.239999771118164,0.24250100553035736,19.97223663330078,0.8166680932044983,108.98866271972656,9.696500778198242,0.19145944714546204,0.0
266,0,-8.4835786819458,0.3099219501018524,1.0791497230529785,-0.05546854808926582,-0.03223723545670509,True,False,False,False,330,13.199999809265137,0.24558396637439728,20.769290924072266,0.8034172058105469,136.46693420410156,10.338404655456543,0.09645599126815796,0.0
267,0,-8.410341262817383,-1.1443430185317993,1.0695167779922485,0.006916843354701996,0.008888540789484978,True,False,False,False,310,12.399999618530273,0.27189281582832336,19.970365524291992,0.8336861729621887,134.7832794189453,10.869619369506836,0.6505357027053833,0.0
268,0,-8.313817977905273,-0.773505449295044,0.8171511888504028,-0.053182631731033325,0.16421300172805786,True,False,False,False,424,16.959999084472656,0.2789163291454315,19.845367431640625,0.8330206274986267,112.2951431274414,6.621176242828369,0.48500797152519226,0.0
269,0,-8.745767593383789,-0.5827856659889221,1.118331789970398,0.001622785348445177,-0.0004203831485938281,True,False,False,False,305,12.199999809265137,0.28320926427841187,20.4815731048584,0.8278471827507019,118.99690246582031,9.753844261169434,0.504675030708313,0.0
270,0,-8.462316513061523,1.159125566482544,0.9465925693511963,0.03748033568263054,0.08191046863794327,True,False,False,False,350,14.0,0.24198253452777863,20.182872772216797,0.8275271654129028,113.039794921875,8.074271202087402,0.2246818244457245,0.0
271,0,-8.094057083129883,0.4606664180755615,1.0021777153015137,-0.030163126066327095,0.0755499005317688,False,True,False,False,48,1.9199999570846558,13.980842590332031,2.7847509384155273,5.853468418121338,3.060565948486328,1.594044804573059,-0.011842459440231323,0.0
272,0,-8.457286834716797,1.1902403831481934,0.8116361498832703,0.12068850547075272,-0.13649505376815796,False,True,False,False,62,2.4800000190734863,13.966089248657227,3.435089111328125,4.861302852630615,3.7677602767944336,1.5192581415176392,-0.004957765340805054,0.0
273,0,-8.752008438110352,-0.28676971793174744,1.2256970405578613,0.10277323424816132,-0.1177150160074234,True,False,False,False,267,10.679999351501465,0.2878214120864868,20.499679565429688,0.8270565271377563,112.65319061279297,10.548051834106445,0.31268587708473206,0.0
274,0,-8.974538803100586,-0.713735818862915,0.7562300562858582,-0.0033631871920078993,-0.067507304251194,True,False,False,False,460,18.399999618530273,0.2740088105201721,20.743837356567383,0.8286369442939758,185.32034301757812,10.071758270263672,0.6007332801818848,0.0
275,0,-8.997859001159668,-0.7358235120773315,1.195575475692749,0.04636472836136818,-0.06908582895994186,True,False,False,False,285,11.399999618530273,0.2404109090566635,20.84773063659668,0.8256690502166748,128.86314392089844,11.30378532409668,0.5945974588394165,0.0
276,0,-8.61999225616455,-0.94600909948349,0.8578927516937256,0.03895153850317001,0.0737709030508995,True,False,False,False,380,15.199999809265137,0.26955968141555786,20.067352294921875,0.8394784331321716,130.0986785888672,8.559123992919922,0.6626834869384766,0.0
277,0,-8.342890739440918,-0.9219045639038086,1.1569117307662964,-0.11630595475435257,0.02926558442413807,True,False,False,False,310,12.399999618530273,0.2810402512550354,20.312055587768555,0.8156783580780029,137.88404846191406,11.119681358337402,0.6771928071975708,0.0
278,0,-8.889457702636719,-0.13455606997013092,1.2191885709762573,-0.03244581073522568,-0.10242902487516403,True,False,False,False,292,11.679999351501465,0.24740302562713623,21.007383346557617,0.8135225176811218,127.98214721679688,10.957376480102539,0.22177067399024963,0.0
279,0,-8.156512260437012,-0.07595591247081757,0.9275621175765991,-0.037356264889240265,0.14780060946941376,False,True,False,False,53,2.119999885559082,13.94899845123291,2.8150742053985596,5.8103928565979,3.576565980911255,1.6870595216751099,-0.0006759464740753174,0.0
280,0,-8.832595825195312,-0.9048965573310852,1.2421714067459106,0.08949820697307587,-0.06258844584226608,True,False,False,False,265,10.59999942779541,0.2967161238193512,20.512706756591797,0.8314944505691528,123.40509796142578,11.641990661621094,0.5946918725967407,0.0
281,0,-8.048392295837402,-0.8782796859741211,1.156802773475647,-0.02546427771449089,-0.04558370262384415,True,False,False,False,291,11.639999389648438,0.2902756631374359,19.92458724975586,0.8166635036468506,140.59669494628906,12.078754425048828,0.6114270687103271,0.0
282,0,-8.983162879943848,-0.995589017868042,0.7785882353782654,-0.03827677294611931,0.03600706905126572,True,False,False,False,457,18.279998779296875,0.2833296060562134,20.760786056518555,0.8290383219718933,163.79747009277344,8.960474967956543,0.6119964122772217,0.0
283,0,-8.231477737426758,0.016601979732513428,1.1400843858718872,0.15725430846214294,0.04187343269586563,False,True,False,False,38,1.5199999809265137,13.996679306030273,2.82004451751709,5.826676368713379,5.64710807800293,3.715202808380127,-0.0021874606609344482,0.0
284,0,-8.583977699279785,1.0502793788909912,1.1571770906448364,-0.017963550984859467,-0.06181354075670242,False,True,False,False,50,2.0,13.96333122253418,3.48921799659729,4.819484710693359,3.69332218170166,1.84666109085083,-0.0056854188442230225,0.0
285,0,-8.0460844039917,-1.0149654150009155,0.7642472982406616,-0.15184248983860016,0.12322471290826797,True,False,False,False,493,19.719999313354492,0.264209121465683,19.968236923217773,0.815153956413269,178.1043243408203,9.031660079956055,0.6627722978591919,0.0
286,0,-8.268047332763672,0.0716729462146759,1.1461008787155151,0.019264603033661842,-0.023711679503321648,True,False,False,False,293,11.719999313354492,0.2849063575267792,20.33755874633789,0.8097432255744934,122.7291259765625,10.471769332885742,0.045450836420059204,0.0
287,0,-8.975414276123047,-0.6345579624176025,0.7861487865447998,-0.056651510298252106,-0.04029883071780205,True,False,False,False,462,18.479999542236328,0.2771238386631012,20.87705421447754,0.8232450485229492,183.99234008789062,9.95629596710205,0.6195037364959717,0.0
288,0,-8.371438026428223,0.3349381685256958,0.8687927722930908,0.027122171595692635,-0.018928179517388344,True,False,False,False,385,15.399999618530273,0.2709082365036011,20.42201805114746,0.8116123676300049,144.20606994628906,9.364030838012695,0.08704283833503723,0.0
289,0,-8.488269805908203,-0.7768429517745972,1.2152392864227295,0.0009743440896272659,0.01717408373951912,True,False,False,False,276,11.039999961853027,0.22757446765899658,20.137601852416992,0.8295935392379761,114.07452392578125,10.332837104797363,0.6628905534744263,0.0
290,0,-8.817411422729492,-0.8722281455993652,1.230649471282959,0.1233673095703125,0.11262296140193939,True,False,False,False,258,10.319999694824219,0.28185275197029114,20.135902404785156,0.8462180495262146,88.98880767822266,8.622946739196777,0.5546549558639526,0.0
291,0,-8.511262893676758,-1.075908899307251,1.1260030269622803,-0.013617911376059055,-0.07719143480062485,True,False,False,False,304,12.15999984741211,0.2521488070487976,20.33461570739746,0.8234851956367493,144.38084411621094,11.873424530029297,0.6078155040740967,0.0
292,0,-8.927095413208008,-0.04262551665306091,1.2046563625335693,0.05141294747591019,-0.022912926971912384,True,False,False,False,283,11.319999694824219,0.2803419232368469,20.9389591217041,0.8179560303688049,118.47200012207031,10.46572494506836,0.016388684511184692,0.0
293,0,-8.034354209899902,-0.009498223662376404,0.8897861242294312,-0.03466934338212013,0.05193675309419632,True,False,False,False,383,15.319999694824219,0.2937380075454712,19.972251892089844,0.8128456473350525,128.25570678710938,8.371782302856445,0.05683651566505432,0.0
294,0,-8.754525184631348,-0.020967498421669006,1.1810728311538696,-0.07343241572380066,-0.049892671406269073,True,False,False,False,308,12.319999694824219,0.27012771368026733,21.07492446899414,0.8044885993003845,136.94664001464844,11.115798950195312,0.11671680212020874,0.0
295,0,-8.739385604858398,0.470479279756546,1.1161359548568726,-0.041084226220846176,0.0731278583407402,True,False,False,False,318,12.719999313354492,0.2856592535972595,20.79922103881836,0.8147326707839966,107.32237243652344,8.437294006347656,0.0059313178062438965,0.0
296,0,-8.208118438720703,-1.1859848499298096,0.7069898247718811,-0.010257949121296406,0.0064304587431252,True,False,False,False,472,18.8799991607666,0.28038468956947327,19.864002227783203,0.8281391859054565,188.7500762939453,9.997356414794922,0.6814969778060913,0.0
297,0,-8.955997467041016,-1.1703028678894043,1.2052195072174072,0.012856449000537395,-0.09381450712680817,True,False,False,False,287,11.479999542236328,0.255349338054657,20.7930850982666,0.8269665241241455,139.3063201904297,12.134696960449219,0.5991824865341187,0.0
298,0,-8.32447338104248,0.1667383313179016,1.0644102096557617,0.04356636479496956,0.17331965267658234,False,True,False,False,46,1.8399999141693115,13.99002456665039,2.9379260540008545,5.624818325042725,3.57074236869812,1.9406208992004395,-0.017882049083709717,0.0
299,0,-8.824122428894043,-0.9389176964759827,0.8565574288368225,0.008202411234378815,0.014014591462910175,True,False,False,False,395,15.799999237060547,0.27981090545654297,20.41598892211914,0.835107684135437,152.43218994140625,9.647607803344727,0.6786479949951172,0.0
300,0,-8.857067108154297,-0.5375659465789795,1.212252140045166,-0.0961306244134903,0.07891115546226501,True,False,False,False,300,12.0,0.26937660574913025,20.8325252532959,0.8191704750061035,106.43721008300781,8.869767189025879,0.2917766869068146,0.0
301,0,-8.813078880310059,0.6854952573776245,0.9348818063735962,0.004840269219130278,0.06929132342338562,False,True,False,False,63,2.5199999809265137,14.017646789550781,3.4889447689056396,4.880170822143555,3.4859836101531982,1.3833268880844116,-0.002639681100845337,0.0
302,0,-8.661703109741211,-0.1504763960838318,1.0365102291107178,-0.06830707937479019,0.008098578080534935,True,False,False,False,348,13.920000076293945,0.24704651534557343,20.851356506347656,0.8086938261985779,134.54721069335938,9.66574764251709,0.15094730257987976,0.0
303,0,-8.914149284362793,0.6445454359054565,1.194715976715088,0.024585261940956116,0.012417287565767765,True,False,False,False,290,11.59999942779541,0.2519332766532898,21.016889572143555,0.8148720264434814,112.33631134033203,9.684165000915527,0.002774268388748169,0.0
304,0,-8.332878112792969,1.1235759258270264,0.7236101627349854,-0.10685066133737564,-0.10210750997066498,True,False,False,False,530,21.19999885559082,0.28813862800598145,21.166715621948242,0.7828486561775208,224.0249481201172,10.567214965820312,0.07424351572990417,0.0
305,0,-8.79624080657959,0.6508104801177979,0.7864506840705872,-0.14144977927207947,-0.135701522231102,True,False,False,False,500,20.0,0.2671554386615753,21.136472702026367,0.8046982288360596,203.7521209716797,10.187605857849121,0.3997192084789276,0.0
306,0,-8.874767303466797,-1.1895678043365479,0.9212896823883057,0.00816219300031662,-0.15149961411952972,True,False,False,False,369,14.75999927520752,0.2936074733734131,20.247737884521484,0.8453014492988586,143.0139923095703,9.689295768737793,0.46214374899864197,0.0
307,0,-8.197732925415039,-0.13953492045402527,1.2894020080566406,-0.10080152004957199,-0.1439589560031891,True,False,False,False,275,11.0,0.2753288745880127,20.291118621826172,0.8081523776054382,125.00230407714844,11.363845825195312,0.3112747371196747,0.0
308,0,-8.26109790802002,-0.5093597769737244,0.9064158797264099,0.021823178976774216,-0.14722056686878204,True,False,False,False,365,14.59999942779541,0.29907408356666565,19.94098472595215,0.8258787393569946,145.98226928710938,9.998785972595215,0.4824473559856415,0.0
309,0,-8.449642181396484,0.2984805405139923,0.7286807894706726,0.06325076520442963,0.05677422508597374,True,False,False,False,441,17.639999389648438,0.2745720446109772,20.158159255981445,0.8260809183120728,130.04835510253906,7.372355937957764,0.003285706043243408,0.0
310,0,-8.059940338134766,-0.44586867094039917,1.1377149820327759,0.028077198192477226,0.027858994901180267,True,False,False,False,286,11.4399995803833,0.23773311078548431,19.792388916015625,0.8218281269073486,111.81707000732422,9.774219512939453,0.3706561028957367,0.0
311,0,-8.030494689941406,-0.3295619785785675,1.1000365018844604,0.15832054615020752,0.008911868557333946,True,False,False,False,276,11.039999961853027,0.2751663327217102,19.674535751342773,0.8251162767410278,111.6634521484375,10.114442825317383,0.24394842982292175,0.0
312,0,-8.02924919128418,0.18790468573570251,0.908096432685852,-0.0053717815317213535,0.07514708489179611,True,False,False,False,368,14.719999313354492,0.29528114199638367,19.919763565063477,0.8147846460342407,121.66199493408203,8.265081405639648,0.015982985496520996,0.0
313,0,-8.342089653015137,0.786098837852478,0.866365909576416,-0.09995972365140915,0.09104656428098679,False,True,False,False,64,2.559999942779541,14.002915382385254,3.0440773963928223,5.440212249755859,4.217941761016846,1.6476335525512695,-0.030246317386627197,0.0
314,0,-8.822940826416016,0.12001484632492065,1.2522320747375488,-0.17387934029102325,-0.09660685062408447,True,False,False,False,307,12.279999732971191,0.2868134677410126,21.285600662231445,0.7997593283653259,141.8788604736328,11.553653717041016,0.1960313618183136,0.0
315,0,-8.89083480834961,1.2212754487991333,1.0163624286651611,0.007068533916026354,-0.007432218175381422,False,True,False,False,61,2.440000057220459,14.02474308013916,3.7429962158203125,4.577526569366455,3.6920559406280518,1.513137698173523,-0.005381911993026733,0.0
316,0,-8.936797142028809,0.6140769720077515,0.8609809875488281,-0.032790157943964005,0.014960243366658688,True,False,False,False,419,16.760000228881836,0.27194634079933167,21.173742294311523,0.8098526000976562,143.47549438476562,8.560589790344238,0.03550940752029419,0.0
317,0,-8.230470657348633,-0.7105126976966858,0.7071755528450012,-0.05534116551280022,-0.1086031123995781,True,False,False,False,499,19.959999084472656,0.2909924387931824,20.055646896362305,0.8199961185455322,205.85626220703125,10.313440322875977,0.562859296798706,0.0
318,0,-8.427262306213379,0.9543889760971069,1.153516173362732,-0.0002938419347628951,0.0009183515794575214,False,True,False,False,47,1.8799999952316284,13.997382164001465,3.2518911361694336,5.121372699737549,3.503814697265625,1.8637312650680542,-0.01419714093208313,0.0
319,0,-8.587057113647461,-0.11831425130367279,1.019677758216858,-0.0005275456933304667,0.13751286268234253,False,True,False,False,53,2.119999885559082,13.980762481689453,3.202775239944458,5.241538047790527,4.978904724121094,2.3485400676727295,-0.013784676790237427,0.0
320,0,-8.94193172454834,-0.9032710790634155,0.838027834892273,-0.0468614287674427,0.002196522429585457,True,False,False,False,426,17.03999900817871,0.2706954777240753,20.74441146850586,0.8274665474891663,168.47325134277344,9.88692855834961,0.6564757823944092,0.0
321,0,-8.182999610900879,0.9522675275802612,1.2868833541870117,-0.0755368173122406,0.16709499061107635,True,False,False,False,273,10.920000076293945,0.2794896066188812,20.147743225097656,0.8144909143447876,97.59978485107422,8.937708854675293,0.13237300515174866,0.0
322,0,-8.968484878540039,-0.8796671032905579,0.781568169593811,0.06101736053824425,-0.011890358291566372,True,False,False,False,421,16.84000015258789,0.28921636939048767,20.607419967651367,0.8341956734657288,158.73619079589844,9.426139831542969,0.6308257579803467,0.0
323,0,-8.646657943725586,-1.16676926612854,1.2467501163482666,0.1297842413187027,-0.1334032416343689,True,False,False,False,258,10.319999694824219,0.2873818278312683,20.296030044555664,0.8320006728172302,119.54556274414062,11.58387279510498,0.5468467473983765,0.0
324,0,-8.906637191772461,-0.6522917151451111,0.7593336701393127,-0.02534453570842743,0.09299939125776291,True,False,False,False,460,18.399999618530273,0.28778472542762756,20.49934196472168,0.8350929617881775,128.9611358642578,7.008757591247559,0.40991154313087463,0.0
325,0,-8.807422637939453,-0.21128103137016296,1.0694581270217896,0.026179704815149307,0.01791103556752205,True,False,False,False,317,12.679999351501465,0.26742154359817505,20.618051528930664,0.8249427676200867,115.45621490478516,9.105380058288574,0.1046362817287445,0.0
326,0,-8.261445999145508,-0.7051184773445129,1.0523712635040283,0.18466907739639282,0.015169813297688961,True,False,False,False,283,11.319999694824219,0.2764897346496582,19.642301559448242,0.8388158082962036,108.29344940185547,9.566559791564941,0.6012707948684692,0.0
327,0,-8.146333694458008,0.4119272530078888,0.7418454885482788,-0.021169034764170647,0.12366608530282974,False,True,False,False,66,2.6399998664855957,14.015610694885254,2.7835536003112793,5.874300479888916,3.622941017150879,1.3723262548446655,-0.01628860831260681,0.0
328,0,-8.046403884887695,-0.9566434621810913,1.1580677032470703,-0.004308844916522503,0.005570128094404936,True,False,False,False,283,11.319999694824219,0.29387030005455017,19.62529754638672,0.829237699508667,124.14521026611328,10.966891288757324,0.6486661434173584,0.0
329,0,-8.954676628112793,0.30008941888809204,0.7556443810462952,0.18276239931583405,0.042141690850257874,False,True,False,False,70,2.799999952316284,13.937785148620605,3.6356465816497803,4.719176292419434,3.739896774291992,1.3356773853302002,-0.0003559589385986328,0.0
330,0,-8.862387657165527,-0.14385886490345,0.966289222240448,0.009576885960996151,0.03355727717280388,True,False,False,False,355,14.199999809265137,0.2650313079357147,20.687490463256836,0.8247972130775452,122.05911254882812,8.595712661743164,0.08035272359848022,0.0
331,0,-8.860359191894531,-0.252712219953537,1.1762608289718628,0.1667993664741516,-0.0569707490503788,True,False,False,False,272,10.880000114440918,0.28089627623558044,20.692466735839844,0.8245609998703003,112.1751937866211,10.310219764709473,0.1663500964641571,0.0
332,0,-8.670662879943848,0.9681421518325806,0.7173082828521729,-0.02978937327861786,-0.05450134724378586,True,False,False,False,501,20.03999900817871,0.27351921796798706,21.097694396972656,0.8009374737739563,187.98016357421875,9.380248069763184,0.028068959712982178,0.0
333,0,-8.155814170837402,0.6918506622314453,0.8848615884780884,0.04533028230071068,-0.14555251598358154,True,False,False,False,370,14.799999237060547,0.2730753719806671,20.144697189331055,0.8126296401023865,137.20623779296875,9.270691871643066,0.07772856950759888,0.0
334,0,-8.792702674865723,1.101762056350708,1.159434199333191,0.09925974905490875,0.10564125329256058,True,False,False,False,281,11.239999771118164,0.2847549319267273,20.354507446289062,0.8365599513053894,89.63233947753906,7.97440767288208,0.035566866397857666,0.0
335,0,-8.311649322509766,-0.35025888681411743,0.7900031208992004,0.12414149194955826,-0.025479258969426155,True,False,False,False,388,15.519999504089355,0.29100364446640015,19.99260902404785,0.8260701894760132,136.1548614501953,8.772865295410156,0.38996854424476624,0.0
336,0,-8.145182609558105,1.1571002006530762,0.7506046295166016,0.17518144845962524,0.0017923688283190131,True,False,False,False,387,15.479999542236328,0.28579267859458923,19.686141967773438,0.8323293328285217,136.25282287597656,8.801861763000488,0.33956632018089294,0.0
337,0,-8.296392440795898,-1.0525712966918945,1.082058310508728,0.040809161961078644,0.02893882989883423,True,False,False,False,298,11.920000076293945,0.24143561720848083,19.77072525024414,0.8360512852668762,124.21246337890625,10.42050838470459,0.6239529848098755,0.0
338,0,-8.863386154174805,-0.5288912057876587,0.7834617495536804,0.0758415088057518,-0.005963278003036976,True,False,False,False,413,16.520000457763672,0.29167288541793823,20.474788665771484,0.8337785601615906,142.86538696289062,8.648025512695312,0.5109097957611084,0.0
339,0,-8.988980293273926,0.6049604415893555,0.9763379096984863,-0.04304054006934166,0.05251716822385788,True,False,False,False,372,14.880000114440918,0.27344805002212524,21.204805374145508,0.8111104965209961,127.4115982055664,8.562607765197754,0.012783348560333252,0.0
340,0,-8.527922630310059,0.1659497618675232,0.8680965304374695,0.055241938680410385,0.008347876369953156,True,False,False,False,376,15.039999961853027,0.2797285318374634,20.27874755859375,0.8249391913414001,128.27833557128906,8.529144287109375,0.06455162167549133,0.0
341,0,-8.75552749633789,0.48942118883132935,0.9447168111801147,0.010430212132632732,0.024530135095119476,True,False,False,False,366,14.639999389648438,0.2547788619995117,20.857685089111328,0.8132478594779968,128.67465209960938,8.789252281188965,0.017483055591583252,0.0
342,0,-8.994089126586914,-0.7777392864227295,0.7876215577125549,-0.09098274260759354,-0.053740691393613815,True,False,False,False,478,19.119998931884766,0.28832003474235535,21.069711685180664,0.8168773651123047,204.0343017578125,10.671250343322754,0.5994842052459717,0.0
343,0,-8.109098434448242,0.5309766530990601,1.2601685523986816,-0.11528367549180984,-0.011568504385650158,True,False,False,False,286,11.4399995803833,0.2825203537940979,20.55082130432129,0.7940112352371216,124.85595703125,10.913982391357422,0.002307325601577759,0.0
344,0,-8.905550956726074,-0.6521901488304138,1.039690613746643,0.005873766727745533,0.00546225206926465,True,False,False,False,329,13.15999984741211,0.2517860233783722,20.590734481811523,0.8313335180282593,122.26480102539062,9.29063892364502,0.5606206655502319,0.0
345,0,-8.722061157226562,0.8967316150665283,0.989224910736084,-0.10141853243112564,0.1569788157939911,True,False,False,False,376,15.039999961853027,0.29927128553390503,20.73472785949707,0.8172469139099121,109.47888946533203,7.279181480407715,0.03330343961715698,0.0
346,0,-8.382662773132324,-0.6498502492904663,0.7738863229751587,-0.04347735270857811,-0.024098780006170273,True,False,False,False,451,18.03999900817871,0.2803500294685364,20.26504898071289,0.8189058303833008,177.10726928710938,9.817476272583008,0.6443814039230347,0.0
347,0,-8.009622573852539,1.1862943172454834,1.193427324295044,0.014986515045166016,-0.0054555716924369335,True,False,False,False,277,11.079999923706055,0.26592522859573364,19.961328506469727,0.8141836524009705,131.37136840820312,11.856621742248535,0.27943792939186096,0.0
348,0,-8.775110244750977,-0.16357578337192535,0.9464565515518188,-0.006285759154707193,-0.11667194962501526,True,False,False,False,367,14.679999351501465,0.28539082407951355,20.684093475341797,0.8207217454910278,148.32347106933594,10.103778839111328,0.40806612372398376,0.0
349,0,-8.356612205505371,1.0326594114303589,1.1559911966323853,0.017645981162786484,0.03349640220403671,False,True,False,False,45,1.7999999523162842,13.98279094696045,3.1375296115875244,5.2870306968688965,3.9821372032165527,2.2122983932495117,-0.006446212530136108,0.0
350,0,-8.780176162719727,-0.6953417658805847,0.9512151479721069,0.17796587944030762,0.031764138489961624,True,False,False,False,319,12.75999927520752,0.2952273488044739,20.147367477416992,0.8434929251670837,110.06776428222656,8.62600040435791,0.5395413637161255,0.0
351,0,-8.155379295349121,-0.352266788482666,0.7487608790397644,-0.040003083646297455,0.008787938393652439,True,False,False,False,460,18.399999618530273,0.27326035499572754,20.0457820892334,0.8160871863365173,159.68637084960938,8.678606986999512,0.4472770392894745,0.0
352,0,-8.437618255615234,1.2102292776107788,0.9228453040122986,-0.0369986891746521,0.015976835042238235,True,False,False,False,381,15.239999771118164,0.28289085626602173,20.60781478881836,0.809440553188324,158.22213745117188,10.382030487060547,0.06821060180664062,0.0
353,0,-8.291457176208496,0.7469416856765747,0.8186156153678894,-0.11666794866323471,-0.03560800850391388,True,False,False,False,461,18.440000534057617,0.29986390471458435,20.89763832092285,0.7899488210678101,188.4235076904297,10.218194007873535,0.04978078603744507,0.0
354,0,-8.168521881103516,1.0482765436172485,1.0578277111053467,-0.04123025760054588,0.026435060426592827,True,False,False,False,327,13.079999923706055,0.26406750082969666,20.277828216552734,0.8088367581367493,139.06072998046875,10.63155460357666,0.014398276805877686,0.0
355,0,-8.994611740112305,-1.047952651977539,1.1571468114852905,0.15548962354660034,-0.007571747526526451,True,False,False,False,273,10.920000076293945,0.27199000120162964,20.396602630615234,0.8445510268211365,112.96507263183594,10.344786643981934,0.6123515367507935,0.0
356,0,-8.73568058013916,-0.6486504673957825,1.162510871887207,0.07538025081157684,-0.1698990762233734,True,False,False,False,284,11.359999656677246,0.29800575971603394,20.371429443359375,0.831943690776825,117.1942138671875,10.316391944885254,0.48687228560447693,0.0
357,0,-8.164920806884766,0.8196969032287598,1.1676195859909058,0.09319747984409332,-0.06325740367174149,False,True,False,False,40,1.5999999046325684,13.982165336608887,2.9778709411621094,5.502276420593262,3.0726583003997803,1.9204115867614746,-0.014715194702148438,0.0
358,0,-8.178248405456543,-1.1066614389419556,0.9188079833984375,0.10669995099306107,0.07845798879861832,True,False,False,False,329,13.15999984741211,0.28704801201820374,19.354568481445312,0.8481162786483765,123.75071716308594,9.403550148010254,0.6358380317687988,0.0
359,0,-8.725410461425781,-0.5342782139778137,1.271618366241455,-0.06616917252540588,-0.1691686362028122,True,False,False,False,281,11.239999771118164,0.2955326735973358,20.68749237060547,0.8185474872589111,128.00146484375,11.388031005859375,0.573572039604187,0.0
360,0,-8.22616958618164,0.7485440373420715,0.9658111929893494,-0.005569233559072018,-0.006639463827013969,False,True,False,False,52,2.0799999237060547,13.982470512390137,3.0079665184020996,5.466454029083252,3.429018259048462,1.648566484451294,-0.007302194833755493,0.0
361,0,-8.733651161193848,-0.14895454049110413,0.8951051235198975,0.007326355203986168,-0.001326444442383945,True,False,False,False,383,15.319999694824219,0.29141703248023987,20.663005828857422,0.8195464611053467,140.0615692138672,9.142399787902832,0.19989922642707825,0.0
362,0,-8.190497398376465,-1.223268747329712,0.7325587272644043,0.0013443256029859185,-0.12102413177490234,True,False,False,False,455,18.19999885559082,0.2779204845428467,19.75585174560547,0.8319188952445984,178.5673828125,9.811395645141602,0.48590144515037537,0.0
363,0,-8.062438011169434,-0.18518440425395966,0.8349515199661255,0.05258864536881447,0.06275723874568939,True,False,False,False,381,15.239999771118164,0.264440655708313,19.728124618530273,0.8243802189826965,121.374267578125,7.96419095993042,0.13221579790115356,0.0
364,0,-8.549361228942871,-1.227079153060913,1.2735742330551147,-0.03473716229200363,-0.0045255813747644424,True,False,False,False,271,10.84000015258789,0.24367836117744446,20.38878059387207,0.8236620426177979,132.2129669189453,12.196767807006836,0.6589268445968628,0.0
365,0,-8.067337989807129,-0.33392882347106934,1.076263666152954,0.002940963488072157,-0.03853994980454445,True,False,False,False,310,12.399999618530273,0.26314666867256165,20.039365768432617,0.8119369745254517,135.60850524902344,10.93617057800293,0.38595953583717346,0.0
366,0,-8.352025032043457,1.1650452613830566,1.052827000617981,0.049481626600027084,0.18533755838871002,True,False,False,False,314,12.559999465942383,0.2622459828853607,19.97267723083496,0.8307473659515381,77.3620834350586,6.159401893615723,0.2716124951839447,0.0
367,0,-8.986532211303711,-0.5387652516365051,0.9726287126541138,-0.14248932898044586,-0.11103373765945435,True,False,False,False,400,16.0,0.26781314611434937,21.33185577392578,0.8060635924339294,181.2767333984375,11.329795837402344,0.6161086559295654,0.0
368,0,-8.7440824508667,0.5278590321540833,0.9582265615463257,0.17354431748390198,-0.011565306223928928,True,False,False,False,324,12.960000038146973,0.2825947403907776,20.504209518432617,0.8267648816108704,113.5470199584961,8.761343955993652,0.0033552348613739014,0.0
369,0,-8.092616081237793,0.5271904468536377,0.8941272497177124,0.10345344245433807,-0.1191270723938942,True,False,False,False,355,14.199999809265137,0.29443395137786865,20.205894470214844,0.8067443370819092,140.890869140625,9.921892166137695,0.06545084714889526,0.0
370,0,-8.97643756866455,-0.35474246740341187,0.8714829087257385,0.13592752814292908,-0.017784371972084045,True,False,False,False,363,14.519999504089355,0.2746172845363617,20.636945724487305,0.8324893712997437,128.74659729003906,8.866846084594727,0.29447636008262634,0.0
371,0,-8.629740715026855,0.16559243202209473,1.2108104228973389,-0.043399035930633545,0.015044700354337692,True,False,False,False,292,11.679999351501465,0.2916596531867981,20.78823471069336,0.8096187114715576,120.44715118408203,10.312256813049316,0.022921353578567505,0.0
372,0,-8.623295783996582,-1.2244906425476074,0.8097013235092163,-0.15957394242286682,-0.03620661422610283,True,False,False,False,484,19.35999870300293,0.2761504054069519,20.8775577545166,0.8079020380973816,219.07778930664062,11.316001892089844,0.6986227035522461,0.0
373,0,-8.497234344482422,-0.7153807878494263,0.761419415473938,-0.03601790964603424,-0.04569040238857269,True,False,False,False,459,18.35999870300293,0.28805819153785706,20.371854782104492,0.8203614354133606,191.44776916503906,10.427438735961914,0.6292811632156372,0.0
374,0,-8.789291381835938,0.8603225946426392,1.0864313840866089,-0.18841062486171722,-0.03459646552801132,True,False,False,False,368,14.719999313354492,0.23803290724754333,21.74382781982422,0.782322347164154,164.56759643554688,11.179864883422852,0.08211272954940796,0.0
375,0,-8.496286392211914,1.1223740577697754,0.9808437824249268,-0.011868654750287533,0.007641593925654888,False,True,False,False,56,2.240000009536743,14.012959480285645,3.2671687602996826,5.121653079986572,4.442409992218018,1.983218789100647,-0.01608225703239441,0.0
376,0,-8.970113754272461,0.4822438955307007,1.2203837633132935,-0.008795957081019878,-0.0045758020132780075,True,False,False,False,291,11.639999389648438,0.2291560024023056,21.22351837158203,0.8093271255493164,123.78194427490234,10.634188652038574,0.021910935640335083,0.0
377,0,-8.0626859664917,-0.7236982583999634,1.2568635940551758,0.04740161821246147,0.0076120696030557156,True,False,False,False,255,10.199999809265137,0.2578417658805847,19.639265060424805,0.8288748264312744,105.71601104736328,10.364315032958984,0.6098606586456299,0.0
378,0,-8.599853515625,0.3540727496147156,1.2803988456726074,-0.14021256566047668,-0.0467677116394043,True,False,False,False,294,11.75999927520752,0.2949846088886261,21.24563980102539,0.7909162044525146,141.0916290283203,11.997588157653809,0.08856695890426636,0.0
379,0,-8.961871147155762,-1.1840286254882812,0.925865888595581,0.026612335816025734,0.08614420145750046,True,False,False,False,361,14.4399995803833,0.26222020387649536,20.394638061523438,0.8434554934501648,130.6659698486328,9.048890113830566,0.6447112560272217,0.0
380,0,-8.324991226196289,-1.2318133115768433,0.8306880593299866,0.05756890028715134,0.05113572999835014,True,False,False,False,379,15.15999984741211,0.2932526171207428,19.656648635864258,0.842972993850708,144.0325469970703,9.50082778930664,0.6454685926437378,0.0
381,0,-8.979225158691406,-0.47110840678215027,0.8002806305885315,0.06432601809501648,0.06555730849504471,True,False,False,False,409,16.35999870300293,0.2692880928516388,20.512859344482422,0.8377951383590698,121.120361328125,7.403445720672607,0.2600439488887787,0.0
382,0,-8.444136619567871,-1.2466946840286255,0.8408510684967041,0.050931576639413834,-0.06004147604107857,True,False,False,False,385,15.399999618530273,0.28751900792121887,20.01335906982422,0.8339399695396423,169.0446319580078,10.976924896240234,0.6138277053833008,0.0
383,0,-8.808499336242676,0.5134307146072388,0.9446114301681519,0.041395653039216995,0.05530637502670288,False,True,False,False,61,2.440000057220459,13.961010932922363,3.512519598007202,4.844417572021484,3.936763286590576,1.6134275197982788,-0.0035941004753112793,0.0
384,0,-8.835759162902832,-0.34896448254585266,0.7019854784011841,0.04851432517170906,0.06706332415342331,True,False,False,False,466,18.639999389648438,0.29261231422424316,20.35527229309082,0.837093710899353,130.80975341796875,7.017690658569336,0.20178142189979553,0.0
385,0,-8.081162452697754,0.31544938683509827,0.9169131517410278,-0.031648412346839905,0.14959777891635895,False,True,False,False,52,2.0799999237060547,14.002123832702637,2.7055609226226807,6.01877498626709,3.3506124019622803,1.610871434211731,-0.010897070169448853,0.0
386,0,-8.489969253540039,0.48840463161468506,1.1764163970947266,-0.08054938167333603,-0.002199465176090598,True,False,False,False,307,12.279999732971191,0.2787262797355652,20.85702133178711,0.8005452156066895,127.35289764404297,10.370757102966309,0.02964925765991211,0.0
387,0,-8.286078453063965,-0.9320903420448303,0.9029450416564941,0.10391127318143845,-0.09664048254489899,True,False,False,False,346,13.84000015258789,0.26709067821502686,19.838783264160156,0.8323059678077698,146.65277099609375,10.596298217773438,0.5260227918624878,0.0
388,0,-8.326949119567871,0.6883065700531006,1.190434217453003,-0.12377449125051498,0.0787099227309227,False,True,False,False,47,1.8799999952316284,13.981891632080078,3.089383125305176,5.354150295257568,3.6088755130767822,1.9196146726608276,-0.007448554039001465,0.0
389,0,-8.45991325378418,0.27175843715667725,1.268885850906372,-0.04056130349636078,-0.1166510358452797,True,False,False,False,278,11.119999885559082,0.23606336116790771,20.774415969848633,0.8020486235618591,128.1244354248047,11.521982192993164,0.11893641948699951,0.0
390,0,-8.657981872558594,-0.41330522298812866,1.0521917343139648,0.062192246317863464,0.13249360024929047,True,False,False,False,311,12.4399995803833,0.2597198188304901,20.216928482055664,0.8341009616851807,98.19718933105469,7.893664836883545,0.08178600668907166,0.0
391,0,-8.394378662109375,1.0928131341934204,1.2716643810272217,-0.06402754038572311,-0.15168873965740204,True,False,False,False,283,11.319999694824219,0.2525298595428467,21.023855209350586,0.7909913659095764,125.71260070800781,11.105353355407715,0.0029361844062805176,0.0
392,0,-8.479415893554688,1.249795913696289,1.1302739381790161,0.09100678563117981,0.1467771679162979,True,False,False,False,285,11.399999618530273,0.2818770706653595,19.945606231689453,0.8385481834411621,79.04682922363281,6.933932781219482,0.3056267201900482,0.0
393,0,-8.548725128173828,0.46843215823173523,1.1012537479400635,-0.045396480709314346,-0.019943034276366234,True,False,False,False,322,12.880000114440918,0.2543208599090576,20.800447463989258,0.805519163608551,130.21044921875,10.109506607055664,0.049554646015167236,0.0
394,0,-8.180758476257324,0.5385257005691528,1.1261420249938965,-0.02718423493206501,0.027007730677723885,False,True,False,False,44,1.7599999904632568,13.965871810913086,2.912372350692749,5.62752628326416,3.710397243499756,2.108180284500122,-0.006783962249755859,0.0
395,0,-8.117677688598633,-0.2876575291156769,1.2491333484649658,-0.03034401684999466,-0.0835607647895813,True,False,False,False,275,11.0,0.2467615008354187,20.30768394470215,0.8036449551582336,132.40855407714844,12.037140846252441,0.3461829721927643,0.0
396,0,-8.649123191833496,0.6233341693878174,1.1225366592407227,-0.050076570361852646,0.06006115674972534,False,True,False,False,52,2.0799999237060547,13.982620239257812,3.3645100593566895,5.011264801025391,3.573629856109619,1.718091368675232,-0.0008959770202636719,0.0
397,0,-8.966076850891113,-0.41232937574386597,1.0366687774658203,0.11697201430797577,-0.041702862828969955,True,False,False,False,313,12.519999504089355,0.2802581787109375,20.685043334960938,0.8301138877868652,126.08399200439453,10.07060718536377,0.35374560952186584,0.0
398,0,-8.389432907104492,-0.9193134307861328,0.9697506427764893,-0.1489494889974594,-0.12238942831754684,True,False,False,False,390,15.59999942779541,0.2501659691333771,20.594322204589844,0.8067482709884644,182.96160888671875,11.72830867767334,0.6166911125183105,0.0
399,0,-8.687894821166992,-0.013086795806884766,1.103598952293396,0.10174599289894104,0.09153785556554794,False,True,False,False,47,1.8799999952316284,14.008430480957031,3.2728054523468018,5.160068988800049,8.628479957580566,4.589616775512695,-0.0009651482105255127,0.0
400,0,-8.52788257598877,-1.0875039100646973,0.95632404088974,-0.00857478752732277,0.025357214733958244,True,False,False,False,354,14.15999984741211,0.27908045053482056,20.2194881439209,0.8290306329727173,146.818603515625,10.368545532226562,0.6539046764373779,0.0
401,0,-8.415482521057129,-0.247529074549675,0.9823741912841797,0.07088472694158554,-0.07051847875118256,True,False,False,False,330,13.199999809265137,0.2742912173271179,20.203039169311523,0.8225145936012268,134.3793487548828,10.180253982543945,0.3358753025531769,0.0
402,0,-8.05518913269043,-0.7305225133895874,1.1349177360534668,0.0335255041718483,-0.08629630506038666,True,False,False,False,288,11.519999504089355,0.2788642644882202,19.87653350830078,0.8186185956001282,133.9122314453125,11.6243257522583,0.5713022947311401,0.0
403,0,-8.951614379882812,-0.14637522399425507,1.156914234161377,0.017834125086665154,0.05038399249315262,False,True,False,False,52,2.0799999237060547,13.928266525268555,3.6345925331115723,4.719161510467529,3.7593793869018555,1.807394027709961,-0.0008041858673095703,0.0
404,0,-8.494741439819336,0.943986177444458,0.8376762270927429,0.03237669914960861,0.021217554807662964,False,True,False,False,62,2.4800000190734863,14.035357475280762,3.178507089614868,5.260626792907715,4.564964294433594,1.8407113552093506,-0.014373153448104858,0.0
405,0,-8.897984504699707,0.009329468011856079,1.2089381217956543,0.017281781882047653,0.11463572829961777,False,True,False,False,48,1.9199999570846558,14.01193618774414,3.481400489807129,4.911237716674805,10.819689750671387,5.635255336761475,-0.0023173093795776367,0.0
406,0,-8.021676063537598,-0.39889827370643616,0.771602988243103,-0.09446096420288086,0.11024702340364456,True,False,False,False,465,18.600000381469727,0.26039358973503113,19.930429458618164,0.8141565918922424,143.27810668945312,7.703124046325684,0.30084511637687683,0.0
407,0,-8.10319709777832,-0.6265297532081604,0.7436991333961487,0.09727565944194794,0.015952425077557564,True,False,False,False,407,16.279998779296875,0.2834571301937103,19.508214950561523,0.8363151550292969,133.3907928466797,8.193538665771484,0.6254738569259644,0.0
408,0,-8.254949569702148,-0.9619316458702087,0.704394519329071,-0.15203215181827545,-0.11318106204271317,True,False,False,False,555,22.19999885559082,0.2781251072883606,20.364049911499023,0.8093940019607544,241.70144653320312,10.887453079223633,0.5147430896759033,0.0
409,0,-8.605264663696289,-1.1945984363555908,0.9490396976470947,-0.09221132844686508,0.04253334179520607,True,False,False,False,381,15.239999771118164,0.2624967098236084,20.520782470703125,0.8209691643714905,157.90576171875,10.361270904541016,0.695268988609314,0.0
410,0,-8.303647994995117,-0.5447037220001221,0.8939927220344543,0.0904473066329956,-0.03562271595001221,True,False,False,False,351,14.039999961853027,0.2837393283843994,19.880353927612305,0.8305925726890564,133.6087188720703,9.516290664672852,0.5999143123626709,0.0
411,0,-8.112732887268066,-1.136642575263977,1.1699386835098267,0.028575951233506203,-0.03073100745677948,True,False,False,False,278,11.119999885559082,0.25579339265823364,19.763776779174805,0.8273505568504333,131.75250244140625,11.848246574401855,0.6079074144363403,0.0
412,0,-8.045289039611816,-0.8171699047088623,1.0839965343475342,-0.05870040878653526,0.1669474095106125,True,False,False,False,312,12.479999542236328,0.24461223185062408,19.591371536254883,0.8302356600761414,102.38628387451172,8.204029083251953,0.6195346117019653,0.0
413,0,-8.378283500671387,0.02346709370613098,1.2213793992996216,0.0645865872502327,-0.08410366624593735,True,False,False,False,271,10.84000015258789,0.2927851974964142,20.422819137573242,0.8117538690567017,117.48486328125,10.83808708190918,0.07403510808944702,0.0
414,0,-8.839810371398926,0.33107712864875793,1.1324151754379272,0.17350006103515625,-0.02469353750348091,True,False,False,False,280,11.199999809265137,0.2829650342464447,20.645145416259766,0.8255195021629333,108.81212615966797,9.715368270874023,0.0019552409648895264,0.0
415,0,-8.329816818237305,0.29696717858314514,1.2040300369262695,-0.0037849927321076393,0.015697600319981575,True,False,False,False,283,11.319999694824219,0.2324458807706833,20.40389060974121,0.8102591037750244,109.01871490478516,9.63062858581543,0.009995073080062866,0.0
416,0,-8.767623901367188,-0.1863812655210495,0.8551751971244812,-0.11778810620307922,-0.07003334909677505,True,False,False,False,446,17.84000015258789,0.2529258728027344,21.091144561767578,0.8045381307601929,186.78182983398438,10.469833374023438,0.471131294965744,0.0
417,0,-8.91059684753418,1.1241607666015625,1.221776008605957,-0.06759993731975555,-0.17355456948280334,True,False,False,False,301,12.039999961853027,0.2584071159362793,21.402753829956055,0.801151692867279,125.15181732177734,10.394669532775879,0.08235228061676025,0.0
418,0,-8.256524085998535,0.48874229192733765,0.7617501616477966,-0.02398037537932396,-0.018824703991413116,True,False,False,False,454,18.15999984741211,0.2890789806842804,20.401521682739258,0.8069814443588257,163.28404235839844,8.991412162780762,0.07326462864875793,0.0
419,0,-8.560248374938965,-0.400836706161499,1.2489134073257446,-0.031138313934206963,0.08104792982339859,True,False,False,False,277,11.079999923706055,0.2826092541217804,20.448591232299805,0.8198587894439697,105.2824935913086,9.502030372619629,0.17493966221809387,0.0
420,0,-8.433345794677734,0.42102381587028503,1.0619604587554932,0.02005045861005783,0.05616831034421921,True,False,False,False,315,12.59999942779541,0.2958275377750397,20.241411209106445,0.8220068216323853,111.06758880615234,8.814888000488281,0.0045279860496521,0.0
421,0,-8.4878511428833,0.4206061363220215,0.7179880142211914,-0.059658732265233994,0.1634064018726349,False,True,False,False,78,3.119999885559082,14.004681587219238,3.131338596343994,5.330965518951416,4.655483245849609,1.4921420812606812,-0.006533622741699219,0.0
422,0,-8.574992179870605,-0.913392961025238,0.787945568561554,-0.07068125903606415,-0.02119506523013115,True,False,False,False,457,18.279998779296875,0.2865278124809265,20.500579833984375,0.8194600343704224,187.79273986816406,10.273126602172852,0.659652829170227,0.0
423,0,-8.772501945495605,0.07404744625091553,0.7580822110176086,0.08982624113559723,-0.011014936491847038,True,False,False,False,423,16.920000076293945,0.29515355825424194,20.51636505126953,0.8272743225097656,139.26727294921875,8.230926513671875,0.12520644068717957,0.0
424,0,-8.48913860321045,-0.0996040552854538,1.0070134401321411,-0.005855286959558725,-0.15522265434265137,True,False,False,False,342,13.679999351501465,0.2525673806667328,20.468936920166016,0.8153541088104248,138.33436584472656,10.112161636352539,0.38938841223716736,0.0
425,0,-8.80360221862793,0.33820345997810364,0.965894341468811,0.0572708360850811,-0.03690436854958534,True,False,False,False,348,13.920000076293945,0.26718607544898987,20.835344314575195,0.8162528276443481,133.37460327148438,9.58150863647461,0.09260722994804382,0.0
426,0,-8.169961929321289,0.35346686840057373,0.7060548663139343,0.003059624694287777,-0.00042319626663811505,True,False,False,False,476,19.03999900817871,0.2926361858844757,20.214426040649414,0.8100012540817261,162.955078125,8.558565139770508,0.07548597455024719,0.0
427,0,-8.710782051086426,-0.010128617286682129,0.780950129032135,0.003627524711191654,-0.02224264293909073,True,False,False,False,441,17.639999389648438,0.2704358994960785,20.717208862304688,0.8162675499916077,158.96009826660156,9.011343955993652,0.17483404278755188,0.0
428,0,-8.111631393432617,0.21906211972236633,0.7040672302246094,-0.06302526593208313,0.1146443709731102,True,False,False,False,506,20.239999771118164,0.2977239787578583,20.083498001098633,0.8122627139091492,142.69796752929688,7.050294876098633,0.006512582302093506,0.0
429,0,-8.406335830688477,-1.1121187210083008,0.9657506346702576,0.0334215946495533,0.11942882090806961,True,False,False,False,336,13.4399995803833,0.2593768537044525,19.84521484375,0.838634192943573,119.7090835571289,8.906926155090332,0.6291377544403076,0.0
430,0,-8.73589038848877,-1.1139112710952759,0.8817484378814697,0.11052289605140686,0.12827236950397491,True,False,False,False,352,14.079999923706055,0.2695084512233734,19.948984146118164,0.8507624864578247,109.1276626586914,7.75054407119751,0.5675082206726074,0.0
431,0,-8.497243881225586,-0.7328764200210571,1.297567367553711,-0.177383154630661,-0.08939432352781296,True,False,False,False,289,11.559999465942383,0.2934536635875702,20.744808197021484,0.8056491613388062,144.96981811523438,12.540642738342285,0.656699538230896,0.0
432,0,-8.343810081481934,0.8836063742637634,1.2732715606689453,0.08001763373613358,-0.0560302808880806,False,True,False,False,39,1.559999942779541,14.012740135192871,3.1273393630981445,5.297465801239014,3.0781686305999756,1.9731850624084473,-0.0002403855323791504,0.0
433,0,-8.935673713684082,0.6747415661811829,1.2056958675384521,0.013884211890399456,-0.1270976960659027,True,False,False,False,292,11.679999351501465,0.292258620262146,21.254512786865234,0.8068274259567261,128.65220642089844,11.014744758605957,0.09779495000839233,0.0
434,0,-8.370247840881348,0.9758773446083069,0.7302457094192505,0.011216926388442516,-0.00492473691701889,False,True,False,False,69,2.759999990463257,14.050102233886719,3.0551211833953857,5.432992458343506,4.706881523132324,1.7053918838500977,-0.0010801851749420166,0.0
435,0,-8.777497291564941,0.36842837929725647,0.7960622310638428,0.11304343491792679,0.05730122700333595,False,True,False,False,67,2.679999828338623,13.958760261535645,3.4475507736206055,4.9256486892700195,3.8966996669769287,1.453992486000061,-0.007065027952194214,0.0
436,0,-8.527630805969238,0.8933473825454712,0.8115684986114502,-0.14759469032287598,0.011675998568534851,True,False,False,False,486,19.439998626708984,0.26516276597976685,21.299619674682617,0.7864482402801514,179.5152130126953,9.234322547912598,0.008907943964004517,0.0
437,0,-8.171741485595703,-0.48229530453681946,0.9811779260635376,-0.15482060611248016,-0.011178610846400261,True,False,False,False,381,15.239999771118164,0.28329694271087646,20.465404510498047,0.8003123998641968,166.56478881835938,10.929448127746582,0.6055057048797607,0.0
438,0,-8.292991638183594,0.5418470501899719,1.2966766357421875,0.002130109118297696,-0.11920058727264404,True,False,False,False,265,10.59999942779541,0.28041449189186096,20.633638381958008,0.7997490167617798,121.61736297607422,11.473337173461914,0.033868491649627686,0.0
439,0,-8.21091079711914,-1.0060479640960693,0.8871212005615234,0.019711822271347046,-0.0035090509336441755,True,False,False,False,369,14.75999927520752,0.2716262638568878,19.88384246826172,0.8268607258796692,152.3285675048828,10.320363998413086,0.660761833190918,0.0
440,0,-8.089804649353027,-0.4176572561264038,1.2535340785980225,0.01078124437481165,0.0034127954859286547,True,False,False,False,263,10.519999504089355,0.26387158036231995,19.875879287719727,0.8198410868644714,112.6562728881836,10.708771705627441,0.3477496802806854,0.0
441,0,-8.920807838439941,0.576323390007019,0.7476904988288879,0.013461926020681858,-0.006735754664987326,True,False,False,False,462,18.479999542236328,0.26407602429389954,20.93648910522461,0.818204939365387,152.87208557128906,8.272298812866211,0.07068055868148804,0.0
442,0,-8.851490020751953,-0.7389765977859497,1.1945304870605469,-0.05489209294319153,0.12152006477117538,True,False,False,False,296,11.84000015258789,0.23341885209083557,20.636991500854492,0.8270207643508911,106.62191009521484,9.005228996276855,0.41064706444740295,0.0
443,0,-8.684093475341797,-1.198548436164856,1.1920067071914673,-0.004196320194751024,-0.0006776379304938018,True,False,False,False,285,11.399999618530273,0.26754704117774963,20.342369079589844,0.8320487141609192,125.99954986572266,11.052592277526855,0.6140034198760986,0.0
444,0,-8.077011108398438,0.02461642026901245,0.7705948948860168,0.012471333146095276,-0.007266516797244549,True,False,False,False,429,17.15999984741211,0.2710951864719391,20.012706756591797,0.8133348226547241,154.1145782470703,8.981036186218262,0.15330204367637634,0.0
445,0,-8.858052253723145,0.04795089364051819,0.7736550569534302,-0.013421572744846344,0.005100398324429989,True,False,False,False,454,18.15999984741211,0.2800123393535614,20.86882972717285,0.8173969984054565,155.1987762451172,8.546188354492188,0.15560486912727356,0.0
446,0,-8.25430965423584,-0.3438377380371094,1.03961181640625,-0.003547323402017355,0.004407116677612066,True,False,False,False,325,13.0,0.254878968000412,20.234302520751953,0.813363254070282,130.31475830078125,10.024211883544922,0.322270005941391,0.0
447,0,-8.697728157043457,-1.1296374797821045,0.9239736199378967,0.033039942383766174,-0.011517265811562538,True,False,False,False,359,14.359999656677246,0.2658085525035858,20.295719146728516,0.8344019651412964,151.08934020996094,10.521541595458984,0.6229864358901978,0.0
448,0,-8.357658386230469,0.24777710437774658,0.7277010679244995,0.05158286914229393,-0.16021715104579926,False,True,False,False,295,11.800000190734863,5.17803430557251,13.802116394042969,1.1997783184051514,23.468538284301758,1.9888591766357422,-0.007801234722137451,0.0
449,0,-8.046247482299805,1.0397475957870483,1.1385750770568848,-0.0975765511393547,-0.07824819535017014,True,False,False,False,319,12.75999927520752,0.29318568110466003,20.820283889770508,0.7818762063980103,150.96829223632812,11.831371307373047,0.014880150556564331,0.0
450,0,-8.310829162597656,-0.9784508943557739,0.9640393853187561,-0.012154292315244675,0.03616089001297951,True,False,False,False,348,13.920000076293945,0.2680116295814514,19.99690818786621,0.8270918726921082,137.68411254882812,9.89109992980957,0.6760751008987427,0.0
451,0,-8.040356636047363,0.8023515343666077,1.1893737316131592,-0.16738221049308777,0.0901988223195076,False,True,False,False,43,1.71999990940094,13.996434211730957,2.771538019180298,5.866708278656006,3.9046006202697754,2.2701168060302734,-0.042739659547805786,0.0
452,0,-8.518945693969727,0.5248686671257019,0.7592607140541077,0.004436500370502472,0.024016618728637695,True,False,False,False,450,18.0,0.2858332693576813,20.544340133666992,0.814191997051239,145.046630859375,8.058146476745605,0.013846904039382935,0.0
453,0,-8.286581039428711,1.1371325254440308,0.9603509902954102,-0.026148313656449318,0.007996929809451103,True,False,False,False,359,14.359999656677246,0.24518345296382904,20.363445281982422,0.8115057349205017,150.51718139648438,10.481698036193848,0.0463767945766449,0.0
454,0,-8.337449073791504,-0.018452033400535583,0.8833341598510742,-0.03834099322557449,-0.08532079309225082,True,False,False,False,397,15.880000114440918,0.29461774230003357,20.496292114257812,0.8068512082099915,166.33084106445312,10.474234580993652,0.29947546124458313,0.0
455,0,-8.108113288879395,0.1960998773574829,0.7058107852935791,-0.06108789145946503,0.1117505431175232,True,False,False,False,504,20.15999984741211,0.25873517990112305,20.106285095214844,0.8111528754234314,140.1736602783203,6.95305871963501,0.008189916610717773,0.0
456,0,-8.974313735961914,0.3364458680152893,1.0387578010559082,0.0675102099776268,-0.11118343472480774,True,False,False,False,324,12.960000038146973,0.28458908200263977,20.8957576751709,0.8220593333244324,126.61591339111328,9.769746780395508,0.17373332381248474,0.0
457,0,-8.686290740966797,-0.5781219005584717,0.9848437309265137,0.008769591338932514,-0.0207043644040823,True,False,False,False,343,13.719999313354492,0.298490434885025,20.363079071044922,0.829737663269043,131.24099731445312,9.56567096710205,0.5845750570297241,0.0
458,0,-8.7616605758667,-0.5814960598945618,0.8967657685279846,0.18754731118679047,0.003383518196642399,True,False,False,False,337,13.479999542236328,0.28325238823890686,20.26958656311035,0.837286651134491,114.49893188476562,8.493986129760742,0.4755301773548126,0.0
459,0,-8.958931922912598,0.595819354057312,1.225158929824829,-0.026394415646791458,0.02715146727859974,True,False,False,False,291,11.639999389648438,0.27102822065353394,21.11873435974121,0.8129794001579285,112.44970703125,9.660628318786621,0.0012385845184326172,0.0
460,0,-8.539464950561523,-0.07455788552761078,1.0899821519851685,0.024543335661292076,-0.05824818089604378,True,False,False,False,312,12.479999542236328,0.2745690643787384,20.64730453491211,0.8107415437698364,134.66464233398438,10.790436744689941,0.14626187086105347,0.0
461,0,-8.773988723754883,-1.116248607635498,1.1801573038101196,0.010107592679560184,0.163967564702034,True,False,False,False,284,11.359999656677246,0.29199856519699097,20.179058074951172,0.8429539799690247,98.86946868896484,8.703298568725586,0.6024829149246216,0.0
462,0,-8.83471393585205,0.4206390678882599,1.2783468961715698,0.1602373868227005,0.05237976461648941,False,True,False,False,42,1.6799999475479126,14.00510311126709,3.4559478759765625,4.930576801300049,4.070804595947266,2.423098087310791,-0.009736955165863037,0.0
463,0,-8.391502380371094,0.31526148319244385,0.8642582893371582,-0.0032674202229827642,-0.051395233720541,True,False,False,False,395,15.799999237060547,0.26311755180358887,20.441255569458008,0.8118113875389099,154.31968688964844,9.767068862915039,0.1633301079273224,0.0
464,0,-8.550957679748535,-0.6438733339309692,1.2784368991851807,0.043617479503154755,-0.08884818106889725,True,False,False,False,261,10.4399995803833,0.24125893414020538,20.354267120361328,0.8235673904418945,116.18370819091797,11.128707885742188,0.5651658773422241,0.0
465,0,-8.251469612121582,-0.2069457620382309,0.9989504814147949,-0.02999754436314106,0.007739098742604256,True,False,False,False,343,13.719999313354492,0.24050773680210114,20.214811325073242,0.8138956427574158,129.58937072753906,9.445289611816406,0.22334608435630798,0.0
466,0,-8.65957260131836,0.724418044090271,0.9044183492660522,-0.012726032175123692,0.014652017503976822,True,False,False,False,387,15.479999542236328,0.25794097781181335,20.824792861938477,0.8103253245353699,135.27093505859375,8.738432884216309,0.002433091402053833,0.0
467,0,-8.862963676452637,-0.6522805690765381,1.026552677154541,0.014202838763594627,-0.009517704136669636,True,False,False,False,332,13.279999732971191,0.283519446849823,20.60572624206543,0.8286634683609009,128.51463317871094,9.67730712890625,0.5987694263458252,0.0
468,0,-8.324324607849121,1.0846669673919678,1.1828055381774902,-0.03702075406908989,-0.04981318488717079,False,True,False,False,45,1.7999999523162842,14.02508544921875,3.1727190017700195,5.219262599945068,3.3187944889068604,1.8437747955322266,-0.0038167238235473633,0.0
469,0,-8.769598007202148,-0.9444496631622314,0.9489779472351074,-0.02386540360748768,-0.00709051638841629,True,False,False,False,366,14.639999389648438,0.2688991129398346,20.54006004333496,0.8274272680282593,150.4724578857422,10.278173446655273,0.6362346410751343,0.0
470,0,-8.343441009521484,0.25288447737693787,0.8579345941543579,-0.0012427306501194835,-0.04727734252810478,True,False,False,False,396,15.839999198913574,0.27193987369537354,20.368114471435547,0.812315821647644,150.26956176757812,9.486715316772461,0.16275307536125183,0.0
471,0,-8.939769744873047,-0.29629313945770264,1.2805852890014648,0.08034124970436096,0.02466631680727005,True,False,False,False,261,10.4399995803833,0.29272860288619995,20.754146575927734,0.8259693384170532,104.1330337524414,9.9744291305542,0.061941295862197876,0.0
472,0,-8.210533142089844,0.15858858823776245,0.8012969493865967,-0.04384294152259827,-0.04566771537065506,True,False,False,False,436,17.440000534057617,0.2995404899120331,20.324981689453125,0.8074440360069275,175.3191680908203,10.052703857421875,0.24064144492149353,0.0
473,0,-8.459818840026855,0.4906216263771057,1.0756207704544067,-0.11870259791612625,0.07610086351633072,True,False,False,False,342,13.679999351501465,0.28252607583999634,20.652942657470703,0.8069995641708374,118.81002807617188,8.684944152832031,0.015641599893569946,0.0
474,0,-8.422679901123047,-1.0162286758422852,1.00496244430542,-0.026194371283054352,-0.0030960370786488056,True,False,False,False,341,13.639999389648438,0.24476270377635956,20.259553909301758,0.8219907283782959,150.89035034179688,11.062342643737793,0.6391280889511108,0.0
475,0,-8.58090877532959,-0.6387348175048828,0.7123771905899048,0.08553136885166168,-0.1724494844675064,False,True,False,False,295,11.800000190734863,5.1753716468811035,13.803418159484863,1.2165718078613281,22.415945053100586,1.8996562957763672,-0.017882853746414185,0.0
476,0,-8.270211219787598,-1.1048219203948975,0.7181248068809509,0.0033935485407710075,0.0028949554543942213,True,False,False,False,460,18.399999618530273,0.2673749327659607,19.877334594726562,0.8304214477539062,176.21031188964844,9.576647758483887,0.6537988185882568,0.0
477,0,-8.396745681762695,-0.17405331134796143,1.0672461986541748,0.09746760874986649,-0.0938558578491211,True,False,False,False,302,12.079999923706055,0.27625903487205505,20.274566650390625,0.8186435103416443,127.67139434814453,10.56882381439209,0.2555457651615143,0.0
478,0,-8.01858901977539,-0.5727157592773438,1.0220108032226562,0.022461172193288803,-0.09394893050193787,True,False,False,False,322,12.880000114440918,0.27266186475753784,19.915245056152344,0.8148790597915649,147.72198486328125,11.469098091125488,0.5588459968566895,0.0
479,0,-8.289843559265137,0.5733287334442139,0.7344949245452881,-0.005180965177714825,0.0015974489506334066,True,False,False,False,467,18.68000030517578,0.2780047059059143,20.500885009765625,0.8048252463340759,163.32887268066406,8.743515968322754,0.006855100393295288,0.0
480,0,-8.00628662109375,-0.372200071811676,1.1231179237365723,0.0023261811584234238,-0.023918377235531807,True,False,False,False,297,11.880000114440918,0.24461007118225098,20.032442092895508,0.8092114329338074,130.9131317138672,11.019623756408691,0.39130887389183044,0.0
481,0,-8.887453079223633,-0.8580005168914795,0.9585146903991699,0.12204781174659729,-0.03318041190505028,True,False,False,False,331,13.239999771118164,0.27343830466270447,20.384403228759766,0.8392990231513977,133.61941528320312,10.092101097106934,0.6001201868057251,0.0
482,0,-8.833468437194824,-0.5490128993988037,0.8586845397949219,0.08765536546707153,-0.10989350080490112,True,False,False,False,379,15.15999984741211,0.27963608503341675,20.518844604492188,0.8305614590644836,149.01083374023438,9.829211235046387,0.543757438659668,0.0
483,0,-8.974211692810059,-0.031799525022506714,0.8874422311782837,-0.033016107976436615,-0.0982738509774208,True,False,False,False,404,16.15999984741211,0.28206634521484375,21.006486892700195,0.8175684809684753,160.0623016357422,9.904845237731934,0.3148591220378876,0.0
484,0,-8.920928001403809,-0.6739051342010498,0.801287055015564,-0.13948103785514832,-0.11395180225372314,True,False,False,False,492,19.68000030517578,0.26429709792137146,21.17635726928711,0.8091080188751221,210.240234375,10.682938575744629,0.5871155261993408,0.0
485,0,-8.757461547851562,-0.13926707208156586,1.0477466583251953,0.07708697766065598,-0.07033105939626694,True,False,False,False,316,12.639999389648438,0.29467952251434326,20.655887603759766,0.8209778070449829,131.31361389160156,10.3887357711792,0.19933685660362244,0.0
486,0,-8.71485424041748,0.08864641189575195,1.1239731311798096,-0.06420063227415085,-0.12327727675437927,True,False,False,False,322,12.880000114440918,0.2917068898677826,20.9816837310791,0.8061832785606384,142.98321533203125,11.101181030273438,0.220402330160141,0.0
487,0,-8.924030303955078,-1.0813584327697754,1.2804796695709229,-0.0152926966547966,0.14272306859493256,True,False,False,False,267,10.679999351501465,0.2915911376476288,20.362184524536133,0.8426185846328735,100.21353912353516,9.38329029083252,0.6378207206726074,0.0
488,0,-8.416716575622559,0.30023202300071716,0.7863933444023132,0.10065142810344696,-0.006365057546645403,True,False,False,False,399,15.960000038146973,0.27303600311279297,20.167978286743164,0.8240480422973633,135.47508239746094,8.48841381072998,0.055724143981933594,0.0
489,0,-8.829020500183105,0.955422043800354,1.1027929782867432,0.1420169323682785,0.014127909205853939,False,True,False,False,50,2.0,14.033269882202148,3.5587167739868164,4.792553424835205,3.4821910858154297,1.7410955429077148,-0.004047513008117676,0.0
490,0,-8.537010192871094,-0.30682384967803955,0.8690963983535767,0.11415046453475952,0.0993383452296257,True,False,False,False,357,14.279999732971191,0.2897823452949524,19.94057273864746,0.8394830226898193,103.64875793457031,7.258316516876221,0.07015246152877808,0.0
491,0,-8.948674201965332,-0.4004499316215515,1.095909833908081,-0.020387016236782074,-0.0027094881515949965,True,False,False,False,322,12.880000114440918,0.25031861662864685,20.952943801879883,0.8186567425727844,127.39362335205078,9.890809059143066,0.30434295535087585,0.0
492,0,-8.553175926208496,0.12431666254997253,1.0418025255203247,-0.04287600517272949,-0.0548320934176445,True,False,False,False,340,13.59999942779541,0.25723797082901,20.76686668395996,0.8067481517791748,145.77090454101562,10.718449592590332,0.1531837284564972,0.0
493,0,-8.042309761047363,-0.2814304828643799,0.885940432548523,-0.009805325418710709,0.08058881759643555,True,False,False,False,377,15.079999923706055,0.2575496733188629,19.87103843688965,0.8175064921379089,125.49678802490234,8.322068214416504,0.1993105709552765,0.0
494,0,-8.948451042175293,0.20519882440567017,0.8822487592697144,0.02660289593040943,-0.0159933902323246,True,False,False,False,389,15.559999465942383,0.29045557975769043,20.938705444335938,0.8190410733222961,143.4918975830078,9.221844673156738,0.12481045722961426,0.0
495,0,-8.281436920166016,-0.644192099571228,0.9561059474945068,0.009684327058494091,0.0894169807434082,True,False,False,False,343,13.719999313354492,0.276441752910614,19.765087127685547,0.834491491317749,114.65335083007812,8.356658935546875,0.49449822306632996,0.0
496,0,-8.917132377624512,-0.19285164773464203,1.2199475765228271,-0.0034871858078986406,-0.08494359254837036,True,False,False,False,288,11.519999504089355,0.286763072013855,21.021923065185547,0.814302384853363,125.52103424072266,10.895923614501953,0.22008666396141052,0.0
497,0,-8.197305679321289,0.24429678916931152,0.9465231895446777,0.016706502065062523,-0.084775909781456,True,False,False,False,354,14.15999984741211,0.29587888717651367,20.28351593017578,0.8084936141967773,149.9052276611328,10.586527824401855,0.16217544674873352,0.0
498,0,-8.565630912780762,0.4127056896686554,0.8769108653068542,-0.027104133740067482,0.08110661059617996,False,True,False,False,64,2.559999942779541,13.967878341674805,3.241882085800171,5.173112869262695,3.7920446395874023,1.4812674522399902,-0.0014434754848480225,0.0
499,0,-8.99134635925293,1.1204233169555664,0.7042779326438904,-0.02857387252151966,-0.0697902962565422,True,False,False,False,517,20.68000030517578,0.29026973247528076,21.39041519165039,0.8053698539733887,194.67129516601562,9.413505554199219,0.06993302702903748,0.0
500,0,-8.533025741577148,0.0583609938621521,0.9558563828468323,-0.1383991539478302,0.06719434261322021,True,False,False,False,397,15.880000114440918,0.2848401963710785,20.88714599609375,0.8011208176612854,144.32583618164062,9.088528633117676,0.09139809012413025,0.0
501,0,-8.081681251525879,0.34561872482299805,1.1012136936187744,0.04406936839222908,0.025227367877960205,True,False,False,False,298,11.920000076293945,0.27905118465423584,20.111539840698242,0.8097481727600098,115.61847686767578,9.699536323547363,0.011044859886169434,0.0
502,0,-8.131141662597656,-0.5148671865463257,0.9776980876922607,0.08167301118373871,0.13023827970027924,True,False,False,False,318,12.719999313354492,0.27853885293006897,19.471158981323242,0.8391441702842712,97.4015121459961,7.657351970672607,0.2725082337856293,0.0
503,0,-8.621891021728516,0.08282139897346497,0.7632580399513245,-0.004537397529929876,0.0011343731312081218,True,False,False,False,452,18.079999923706055,0.26523271203041077,20.629858016967773,0.8154245018959045,156.44581604003906,8.652976989746094,0.1533782184123993,0.0
504,0,-8.699385643005371,0.33663585782051086,0.873909592628479,-0.048079803586006165,0.06787417829036713,True,False,False,False,410,16.399999618530273,0.2845628261566162,20.767311096191406,0.813908040523529,133.49185180664062,8.139747619628906,0.029033899307250977,0.0
505,0,-8.765399932861328,0.8808844089508057,1.2002058029174805,0.02601800672709942,0.012662128545343876,False,True,False,False,49,1.959999918937683,13.982303619384766,3.566377639770508,4.763336658477783,3.594984292984009,1.834175705909729,-0.0012811720371246338,0.0
506,0,-8.78897476196289,-0.4744546115398407,1.2429862022399902,-0.020204469561576843,0.17526346445083618,True,False,False,False,281,11.239999771118164,0.2286016047000885,20.67010498046875,0.8222253918647766,95.7485580444336,8.5185546875,0.03597366809844971,0.0
507,0,-8.694494247436523,-1.226096272468567,0.7203118801116943,0.11013548076152802,0.16587646305561066,True,False,False,False,419,16.760000228881836,0.28241515159606934,19.620811462402344,0.8632749319076538,105.73632049560547,6.308849811553955,0.47952160239219666,0.0
508,0,-8.18789291381836,-0.07471747696399689,1.2551159858703613,-0.10100162774324417,-0.11919816583395004,True,False,False,False,287,11.479999542236328,0.25203055143356323,20.617223739624023,0.7948723435401917,137.96949768066406,12.01824951171875,0.23250922560691833,0.0
509,0,-8.598114013671875,-1.1681088209152222,0.8332631587982178,-0.08668065816164017,-0.03199675679206848,True,False,False,False,437,17.479999542236328,0.2659330368041992,20.537879943847656,0.81984943151474,195.8896484375,11.206501960754395,0.6776431798934937,0.0
510,0,-8.61133098602295,0.35770758986473083,0.7517940998077393,0.10455874353647232,-0.09140618145465851,True,False,False,False,422,16.8799991607666,0.27910539507865906,20.457904815673828,0.8219351768493652,151.35009765625,8.966238021850586,0.20276889204978943,0.0
511,0,-8.51096248626709,-1.1569972038269043,0.9111036062240601,0.06740514189004898,-0.032956577837467194,True,False,False,False,352,14.079999923706055,0.27229997515678406,20.017807006835938,0.8367682099342346,145.99378967285156,10.368877410888672,0.6070799827575684,0.0
512,0,-8.448217391967773,-0.5596768260002136,0.912291407585144,0.007354701869189739,-0.06043867766857147,True,False,False,False,369,14.75999927520752,0.25896504521369934,20.248126983642578,0.8226664662361145,152.755615234375,10.349296569824219,0.5956829786300659,0.0
513,0,-8.985481262207031,0.13506978750228882,0.945686936378479,0.006296449340879917,-0.05170280858874321,True,False,False,False,369,14.75999927520752,0.2849656641483307,21.01067543029785,0.8179653286933899,144.69549560546875,9.803217887878418,0.15408828854560852,0.0
514,0,-8.501382827758789,-0.5330339670181274,0.8183698058128357,0.11435175687074661,-0.005561385303735733,True,False,False,False,377,15.079999923706055,0.26898735761642456,19.970796585083008,0.8367086052894592,132.06834411621094,8.757847785949707,0.5135184526443481,0.0
515,0,-8.018146514892578,-0.8603489995002747,0.8614459037780762,-0.07839230448007584,0.1202293261885643,True,False,False,False,404,16.15999984741211,0.2446298599243164,19.74558448791504,0.8224895596504211,139.5190887451172,8.633606910705566,0.6669338941574097,0.0
516,0,-8.408586502075195,-0.12518718838691711,1.1958585977554321,-0.015025359578430653,0.019383981823921204,True,False,False,False,287,11.479999542236328,0.23517781496047974,20.446731567382812,0.8123083710670471,115.71316528320312,10.079544067382812,0.04260256886482239,0.0
517,0,-8.861283302307129,0.5611633062362671,0.7864910364151001,-0.03427856042981148,-0.10057131946086884,True,False,False,False,458,18.31999969482422,0.29211291670799255,21.05837631225586,0.8106204867362976,180.91696166992188,9.875380516052246,0.2700524628162384,0.0
518,0,-8.207404136657715,0.5439361929893494,1.0093441009521484,-0.10168232023715973,-0.1289854794740677,True,False,False,False,361,14.4399995803833,0.2726952135562897,20.624269485473633,0.7959679961204529,158.6756591796875,10.988619804382324,0.1836073100566864,0.0
519,0,-8.204190254211426,-1.0865615606307983,0.9161226749420166,0.010098415426909924,-0.0053926617838442326,True,False,False,False,360,14.399999618530273,0.26384830474853516,19.906997680664062,0.8258147239685059,151.8665771484375,10.546290397644043,0.6477317810058594,0.0
520,0,-8.11511516571045,-0.36061787605285645,0.8063232898712158,0.1403120756149292,-0.019857481122016907,True,False,False,False,371,14.839999198913574,0.2971876561641693,19.68654441833496,0.8289433121681213,131.7089385986328,8.875266075134277,0.38613489270210266,0.0
521,0,-8.877349853515625,0.47557905316352844,1.1876002550125122,0.08583188056945801,-0.012176216579973698,True,False,False,False,281,11.239999771118164,0.2882401943206787,20.8278751373291,0.8202400207519531,112.2659683227539,9.988075256347656,0.00984010100364685,0.0
522,0,-8.746337890625,0.2646252512931824,0.8969742655754089,-0.13639532029628754,0.0704866573214531,True,False,False,False,429,17.15999984741211,0.271043062210083,21.061243057250977,0.8047183156013489,141.97952270507812,8.27386474609375,0.08473888039588928,0.0
523,0,-8.066457748413086,1.1096209287643433,0.8069504499435425,-0.008662112057209015,0.02412564679980278,True,False,False,False,418,16.719999313354492,0.2984250783920288,20.08045196533203,0.8119128942489624,164.4078826904297,9.8330078125,0.2381797730922699,0.0
524,0,-8.574368476867676,-0.23430079221725464,1.0172942876815796,-0.03220072016119957,0.009964008815586567,True,False,False,False,343,13.719999313354492,0.2756213843822479,20.565502166748047,0.8157338500022888,129.3667449951172,9.42906379699707,0.20892545580863953,0.0
525,0,-8.925932884216309,0.26827454566955566,1.2034111022949219,-0.05949505791068077,-0.08086107671260834,True,False,False,False,303,12.119999885559082,0.28049710392951965,21.276622772216797,0.805014967918396,132.65870666503906,10.945438385009766,0.11265352368354797,0.0
526,0,-8.09356689453125,0.6342636346817017,0.9929153919219971,0.09417479485273361,0.15331248939037323,False,True,False,False,45,1.7999999523162842,13.955329895019531,2.804934024810791,5.813215255737305,3.764014720916748,2.0911192893981934,-0.0009284615516662598,0.0
527,0,-8.832295417785645,-0.9272375106811523,1.1565436124801636,0.0055128708481788635,0.015014829114079475,True,False,False,False,293,11.719999313354492,0.29151085019111633,20.391590118408203,0.8364761471748352,119.82494354248047,10.22397232055664,0.6340657472610474,0.0
528,0,-8.781315803527832,-0.20075567066669464,1.0767641067504883,0.06329243630170822,-0.047923970967531204,True,False,False,False,310,12.399999618530273,0.28340548276901245,20.672983169555664,0.8214818835258484,123.78660583496094,9.98279094696045,0.1998506486415863,0.0
529,0,-8.309874534606934,0.9522274136543274,1.194490909576416,-0.03135540336370468,0.07509536296129227,False,True,False,False,44,1.7599999904632568,13.976187705993652,3.074622631072998,5.3784894943237305,3.904688835144043,2.2185733318328857,-0.03236496448516846,0.0
530,0,-8.34329891204834,-0.5144771337509155,0.7961954474449158,-0.02770351618528366,-0.08163077384233475,True,False,False,False,433,17.31999969482422,0.29825523495674133,20.204654693603516,0.8191753625869751,182.3485565185547,10.528207778930664,0.5869697332382202,0.0
531,0,-8.567150115966797,1.096461296081543,0.76543790102005,-0.07492785900831223,-0.054490163922309875,True,False,False,False,486,19.439998626708984,0.283215194940567,21.161376953125,0.7940095663070679,189.33572387695312,9.739492416381836,0.009072661399841309,0.0
532,0,-8.237533569335938,0.502132773399353,1.277942419052124,0.10004770755767822,0.10187967866659164,False,True,False,False,37,1.4800000190734863,13.985705375671387,2.9252800941467285,5.621706008911133,3.4461653232574463,2.3284900188446045,-0.02363067865371704,0.0
533,0,-8.352143287658691,-0.921756386756897,0.7295771241188049,-0.18594475090503693,0.013841122388839722,True,False,False,False,554,22.15999984741211,0.2781153619289398,20.80156898498535,0.7969270944595337,226.78787231445312,10.234109878540039,0.6879626512527466,0.0
534,0,-8.619269371032715,-0.5454964637756348,1.0981935262680054,0.047633830457925797,0.18819543719291687,True,False,False,False,299,11.960000038146973,0.2830095887184143,20.058134078979492,0.8389594554901123,89.77570343017578,7.506329536437988,0.10594502091407776,0.0
535,0,-8.307756423950195,-0.06951294839382172,0.7736988067626953,0.05269668996334076,0.057626329362392426,True,False,False,False,415,16.600000381469727,0.280317097902298,19.96399688720703,0.8268835544586182,127.0689926147461,7.654758453369141,0.05130845308303833,0.0
536,0,-8.351666450500488,-1.2093110084533691,0.7155331373214722,0.07289791852235794,0.005555006209760904,True,False,False,False,436,17.440000534057617,0.2702121436595917,19.804697036743164,0.8379325866699219,169.0369110107422,9.692482948303223,0.6312557458877563,0.0
537,0,-8.832728385925293,-0.6334448456764221,0.9794297814369202,-0.08339478820562363,0.16430330276489258,True,False,False,False,370,14.799999237060547,0.2506975531578064,20.561538696289062,0.8289408683776855,113.29606628417969,7.655139923095703,0.2432543933391571,0.0
538,0,-8.503727912902832,0.7397037744522095,0.7326683402061462,-0.10892458260059357,-0.01889425329864025,True,False,False,False,522,20.8799991607666,0.2599458694458008,21.08352279663086,0.7930272817611694,195.66845703125,9.371094703674316,0.08635860681533813,0.0
539,0,-8.295975685119629,-0.5173433423042297,1.2961337566375732,0.004627120681107044,-0.0037484357599169016,True,False,False,False,258,10.319999694824219,0.29381266236305237,20.103412628173828,0.8209521770477295,112.84131622314453,10.934236526489258,0.4369352161884308,0.0
540,0,-8.36294937133789,0.6461267471313477,0.7461588382720947,0.04881524294614792,-0.02691393531858921,True,False,False,False,441,17.639999389648438,0.28361812233924866,20.467370986938477,0.8098414540290833,157.50123596191406,8.928642272949219,0.005921274423599243,0.0
541,0,-8.273077964782715,-1.1062676906585693,1.2241872549057007,0.04775640368461609,-0.07029221206903458,True,False,False,False,267,10.679999351501465,0.26212048530578613,19.986116409301758,0.8260495066642761,131.07864379882812,12.273282051086426,0.5976047515869141,0.0
542,0,-8.420106887817383,0.6323848962783813,0.8677539229393005,0.134224995970726,-0.11792617291212082,True,False,False,False,364,14.559999465942383,0.2915917634963989,20.511241912841797,0.810868501663208,137.0260009765625,9.411127090454102,0.05900704860687256,0.0
543,0,-8.672884941101074,0.2610132098197937,0.9645300507545471,0.058244798332452774,-0.020180562511086464,True,False,False,False,346,13.84000015258789,0.28972870111465454,20.69826316833496,0.8152795433998108,133.71678161621094,9.661617279052734,0.07535120844841003,0.0
544,0,-8.636627197265625,0.5729459524154663,0.7222715020179749,0.14012350142002106,-0.05319388583302498,True,False,False,False,428,17.119998931884766,0.28638678789138794,20.531591415405273,0.8205016851425171,145.76455688476562,8.51428508758545,0.028983473777770996,0.0
545,0,-8.60440444946289,-1.0019768476486206,1.2938109636306763,0.026566335931420326,0.01981695368885994,True,False,False,False,257,10.279999732971191,0.2836550176143646,20.187313079833984,0.8338766098022461,111.74083709716797,10.869731903076172,0.6527830362319946,0.0
546,0,-8.074078559875488,1.0648813247680664,1.2403981685638428,-0.009730830788612366,-0.03943072259426117,False,True,False,False,39,1.559999942779541,13.963164329528809,2.902116537094116,5.619433879852295,3.650519847869873,2.3400769233703613,-0.020017504692077637,0.0
547,0,-8.895946502685547,0.5343848466873169,1.2121303081512451,-0.06098227575421333,-0.08102308958768845,True,False,False,False,301,12.039999961853027,0.282988578081131,21.294137954711914,0.8032329082489014,136.21189880371094,11.313281059265137,0.10299602150917053,0.0
548,0,-8.76979923248291,1.1442269086837769,1.2854621410369873,-0.017814716324210167,-0.048807624727487564,False,True,False,False,48,1.9199999570846558,13.956992149353027,3.7102277278900146,4.583994388580322,3.8595657348632812,2.010190486907959,-0.0029955804347991943,0.0
549,0,-8.9227876663208,1.0820021629333496,0.9512740969657898,0.08081043511629105,-0.051905907690525055,False,True,False,False,62,2.4800000190734863,13.985636711120605,3.771740198135376,4.548656940460205,3.6589407920837402,1.4753793478012085,-0.008647054433822632,0.0
550,0,-8.832958221435547,-1.002805471420288,0.8723739385604858,-0.05742572620511055,-0.012060807086527348,True,False,False,False,410,16.399999618530273,0.2818753123283386,20.654024124145508,0.826083242893219,170.15487670898438,10.375297546386719,0.6668778657913208,0.0
551,0,-8.558452606201172,-0.961871862411499,1.1878114938735962,-0.0016310797072947025,-0.0017977459356188774,True,False,False,False,284,11.359999656677246,0.2702854871749878,20.223739624023438,0.8299924731254578,126.20523071289062,11.109615325927734,0.6622358560562134,0.0
552,0,-8.976773262023926,0.675001859664917,0.7882386445999146,-0.011002304032444954,0.013755903579294682,True,False,False,False,451,18.03999900817871,0.29048117995262146,21.15093231201172,0.8127208948135376,149.80917358398438,8.304278373718262,0.015505701303482056,0.0
553,0,-8.222673416137695,-0.008055642247200012,1.0923762321472168,-0.013837468810379505,-0.0030160716269165277,True,False,False,False,312,12.479999542236328,0.24685633182525635,20.306577682495117,0.8087368011474609,126.77510070800781,10.1582612991333,0.055616408586502075,0.0
554,0,-8.399707794189453,-0.058775171637535095,0.828197717666626,-0.039742548018693924,-0.022334545850753784,True,False,False,False,423,16.920000076293945,0.27449625730514526,20.458789825439453,0.811378002166748,158.54965209960938,9.370546340942383,0.23550108075141907,0.0
555,0,-8.207260131835938,-1.0334104299545288,1.0370006561279297,0.015141154639422894,-0.047666359692811966,True,False,False,False,319,12.75999927520752,0.25577014684677124,19.973777770996094,0.8230385780334473,150.08731079101562,11.7623291015625,0.6051632165908813,0.0
556,0,-8.34125804901123,-1.1280996799468994,1.1462315320968628,0.050881776958703995,-0.056028880178928375,True,False,False,False,284,11.359999656677246,0.26160579919815063,19.97614860534668,0.8299397826194763,135.3108673095703,11.911168098449707,0.5990853309631348,0.0
557,0,-8.804512023925781,-0.12525804340839386,0.9865881204605103,0.00019521637295838445,0.010894143022596836,True,False,False,False,351,14.039999961853027,0.25819122791290283,20.778350830078125,0.8183982968330383,125.29207611083984,8.92393684387207,0.10848662257194519,0.0
558,0,-8.445525169372559,-1.0065137147903442,1.08136785030365,-0.06624441593885422,-0.1656496822834015,False,True,False,False,216,8.639999389648438,5.148956298828125,13.617144584655762,1.2245880365371704,29.481531143188477,3.412214517593384,-0.035901397466659546,0.0
559,0,-8.206388473510742,0.859462320804596,1.0327612161636353,0.11023033410310745,-0.08268128335475922,False,True,False,False,45,1.7999999523162842,13.983840942382812,3.0280067920684814,5.425510406494141,3.2201216220855713,1.7889565229415894,-0.012499511241912842,0.0
560,0,-8.42258071899414,1.0922057628631592,0.8512356281280518,-0.1183777004480362,0.03126213327050209,False,True,False,False,69,2.759999990463257,14.019412994384766,3.205233097076416,5.197060585021973,4.474216461181641,1.6210929155349731,-0.006277501583099365,0.0
561,0,-8.226665496826172,-0.964328944683075,1.0056473016738892,-0.032848309725522995,0.004284560214728117,True,False,False,False,336,13.4399995803833,0.29393330216407776,19.902503967285156,0.8267523050308228,143.4742889404297,10.6751708984375,0.65233314037323,0.0
562,0,-8.162603378295898,-1.1820937395095825,1.0751142501831055,-0.07143357396125793,-0.15935082733631134,True,False,False,False,325,13.0,0.26631882786750793,19.96211814880371,0.8217806220054626,145.28053283691406,11.17542552947998,0.5301980972290039,0.0
563,0,-8.34177303314209,0.501099705696106,0.7543286085128784,-0.1500861495733261,-9.079543087864295e-05,True,False,False,False,521,20.84000015258789,0.2805410325527191,21.001174926757812,0.7880144119262695,197.35426330566406,9.469974517822266,0.14763972163200378,0.0
564,0,-8.480344772338867,-0.9593635201454163,1.1511963605880737,0.07968612760305405,-0.10602182894945145,True,False,False,False,282,11.279999732971191,0.2507342994213104,20.140117645263672,0.8295595049858093,130.333740234375,11.554409980773926,0.5599883794784546,0.0
565,0,-8.208170890808105,0.572363018989563,0.8195662498474121,0.11035516113042831,0.09334322810173035,False,True,False,False,53,2.119999885559082,14.03385066986084,2.79600191116333,5.871946334838867,4.180834770202637,1.9720920324325562,-0.01568886637687683,0.0
566,0,-8.055519104003906,0.6187605857849121,1.2920382022857666,-0.04375363141298294,0.03204497694969177,False,True,False,False,38,1.5199999809265137,13.94709300994873,2.866858959197998,5.6741814613342285,3.34844970703125,2.202927350997925,-0.003799140453338623,0.0
567,0,-8.90005874633789,-0.9435946345329285,1.2145411968231201,0.10060243308544159,-0.14831818640232086,True,False,False,False,269,10.760000228881836,0.2571922242641449,20.380556106567383,0.8402924537658691,114.38050842285156,10.630158424377441,0.5213680267333984,0.0
568,0,-8.58472728729248,0.4026450216770172,1.2213997840881348,-0.05951869860291481,0.057399652898311615,True,False,False,False,290,11.59999942779541,0.26068827509880066,20.64301300048828,0.8133246898651123,104.9803695678711,9.050032615661621,0.010922402143478394,0.0
569,0,-8.123740196228027,-0.8661711812019348,0.7528485059738159,-0.09360171854496002,0.1048966571688652,True,False,False,False,475,19.0,0.2894022464752197,19.871915817260742,0.8225826025009155,153.28622436523438,8.067695617675781,0.6729596853256226,0.0
570,0,-8.875436782836914,-1.1491237878799438,1.0842957496643066,-0.10076168179512024,0.03615272045135498,True,False,False,False,335,13.399999618530273,0.29950830340385437,20.6590576171875,0.8283724188804626,138.7090606689453,10.351422309875488,0.6810908317565918,0.0
571,0,-8.211421966552734,-0.36131852865219116,0.8524401187896729,-0.10527804493904114,-0.032939206808805466,True,False,False,False,427,17.079999923706055,0.2885884642601013,20.32303810119629,0.8077202439308167,174.83981323242188,10.236522674560547,0.5487538576126099,0.0
572,0,-8.727782249450684,-0.14455676078796387,0.7951600551605225,-0.11060366034507751,-0.009677237831056118,True,False,False,False,477,19.079999923706055,0.2631682753562927,20.99347686767578,0.8063642978668213,178.36875915527344,9.348467826843262,0.3313082158565521,0.0
573,0,-8.854412078857422,-0.4254204034805298,1.2543041706085205,-0.031027773395180702,-0.006254241801798344,True,False,False,False,281,11.239999771118164,0.2727719843387604,20.85545539855957,0.8179934620857239,116.39154052734375,10.355119705200195,0.29038920998573303,0.0
574,0,-8.449785232543945,-0.3852193057537079,1.2522473335266113,0.06437493860721588,0.15308234095573425,True,False,False,False,261,10.4399995803833,0.235757976770401,20.10601806640625,0.8283173441886902,91.03868103027344,8.72018051147461,0.044470638036727905,0.0
575,0,-8.014622688293457,-0.7328236103057861,0.9022445678710938,0.004319494590163231,0.005424427334219217,True,False,False,False,363,14.519999504089355,0.2701662480831146,19.7047061920166,0.8237054347991943,143.6820831298828,9.895461082458496,0.6504780054092407,0.0
576,0,-8.27417278289795,-0.2984820306301117,0.8176950216293335,0.15075625479221344,-0.03707579895853996,True,False,False,False,368,14.719999313354492,0.29711228609085083,19.894498825073242,0.8282103538513184,132.08673095703125,8.973283767700195,0.3494103252887726,0.0
577,0,-8.182815551757812,1.043766736984253,1.2926208972930908,-0.014997823163866997,0.049764130264520645,True,False,False,False,261,10.4399995803833,0.2697668671607971,20.059778213500977,0.8183258771896362,113.44066619873047,10.865964889526367,0.028793364763259888,0.0
578,0,-8.898155212402344,0.3580912947654724,1.2924895286560059,-0.08039308339357376,-0.07698940485715866,True,False,False,False,285,11.399999618530273,0.25587573647499084,21.346878051757812,0.8011401295661926,129.28663635253906,11.340933799743652,0.10688114166259766,0.0
579,0,-8.285593032836914,-0.23864470422267914,0.7362092137336731,-0.05943809822201729,0.032829366624355316,True,False,False,False,482,19.279998779296875,0.2580467164516449,20.318246841430664,0.8114523887634277,160.1932373046875,8.308778762817383,0.314218133687973,0.0
580,0,-8.45700454711914,-0.21761558949947357,0.8137699961662292,0.05350438132882118,0.04561569541692734,True,False,False,False,399,15.960000038146973,0.28372761607170105,20.18328285217285,0.8253563642501831,128.8992462158203,8.076394081115723,0.14872124791145325,0.0
581,0,-8.562267303466797,0.7683694362640381,1.004879355430603,-0.07725998014211655,-0.09322157502174377,True,False,False,False,365,14.59999942779541,0.26411789655685425,21.094181060791016,0.7954592108726501,161.552734375,11.065256118774414,0.11269935965538025,0.0
582,0,-8.959981918334961,-0.06347030401229858,1.217622995376587,-0.18093541264533997,-0.04454595595598221,True,False,False,False,322,12.880000114440918,0.23240303993225098,21.599239349365234,0.7944769859313965,147.39779663085938,11.443927764892578,0.1449940800666809,0.0
583,0,-8.316734313964844,0.014904439449310303,1.2472023963928223,-0.08587666600942612,0.03354475274682045,True,False,False,False,286,11.4399995803833,0.24611669778823853,20.578279495239258,0.802629828453064,118.12106323242188,10.325267791748047,0.01760411262512207,0.0
584,0,-8.96950912475586,0.5940833687782288,0.9518744945526123,0.07892079651355743,-0.008620948530733585,True,False,False,False,349,13.960000038146973,0.28115928173065186,20.853382110595703,0.8238284587860107,125.4124755859375,8.983701705932617,0.011334031820297241,0.0
585,0,-8.784065246582031,-0.46249693632125854,1.0474178791046143,0.07391476631164551,-0.021427979692816734,True,False,False,False,313,12.519999504089355,0.2841748893260956,20.44516944885254,0.8310155272483826,121.85939025878906,9.73317813873291,0.3996792137622833,0.0
586,0,-8.20893669128418,1.2405269145965576,0.8712408542633057,0.019978217780590057,0.022784849628806114,True,False,False,False,381,15.239999771118164,0.2986011803150177,20.13276481628418,0.817320704460144,154.832763671875,10.15963077545166,0.3158256709575653,0.0
587,0,-8.062474250793457,1.0147744417190552,0.9585409164428711,0.10383424162864685,-0.09071587026119232,False,True,False,False,45,1.7999999523162842,14.009590148925781,2.800069570541382,5.818974018096924,3.673830509185791,2.0410170555114746,-0.03932276368141174,0.0
588,0,-8.84572982788086,-1.0656671524047852,1.1646974086761475,-0.18206287920475006,0.010160716250538826,True,False,False,False,331,13.239999771118164,0.271666020154953,21.113540649414062,0.8088854551315308,151.35214233398438,11.43143081665039,0.6808677911758423,0.0
589,0,-8.354425430297852,-0.8014713525772095,1.1735637187957764,0.10478518158197403,0.049136530607938766,True,False,False,False,267,10.679999351501465,0.24588339030742645,19.759082794189453,0.8387773633003235,99.82819366455078,9.347209930419922,0.651165246963501,0.0
590,0,-8.85695743560791,0.8987617492675781,0.9511034488677979,-0.08106213063001633,-0.03410371392965317,True,False,False,False,394,15.75999927520752,0.25005269050598145,21.45438575744629,0.7961174845695496,156.23504638671875,9.913392066955566,0.03760284185409546,0.0
591,0,-8.792134284973145,0.4753214120864868,1.1159454584121704,0.02309822477400303,0.10362925380468369,False,True,False,False,52,2.0799999237060547,13.985603332519531,3.464531660079956,4.906482696533203,3.782052516937256,1.8182945251464844,-0.0024137794971466064,0.0
592,0,-8.50719928741455,-0.5925943851470947,0.7614418864250183,-0.014503438957035542,-0.00873603206127882,True,False,False,False,449,17.959999084472656,0.27838918566703796,20.289785385131836,0.823937714099884,164.9772186279297,9.18581485748291,0.6495126485824585,0.0
593,0,-8.169046401977539,-0.7517588138580322,0.807655930519104,-0.09974437206983566,0.03068223036825657,True,False,False,False,446,17.84000015258789,0.28900542855262756,20.115581512451172,0.8145919442176819,165.66749572753906,9.286294937133789,0.6937013864517212,0.0
594,0,-8.721330642700195,-0.9729867577552795,0.7860050797462463,-0.11575591564178467,0.05779124051332474,True,False,False,False,479,19.15999984741211,0.2824672758579254,20.704513549804688,0.8186038732528687,173.88037109375,9.075176239013672,0.6835793256759644,0.0
595,0,-8.836166381835938,0.9029865264892578,1.1195006370544434,-0.09249117970466614,0.1721426397562027,False,True,False,False,57,2.2799999713897705,14.003793716430664,3.5520122051239014,4.8028178215026855,4.0645294189453125,1.7826883792877197,-0.007421940565109253,0.0
596,0,-8.836134910583496,0.5055623054504395,0.7151926159858704,-0.11430013179779053,-0.019171420484781265,True,False,False,False,545,21.799999237060547,0.28536784648895264,21.324462890625,0.7992467284202576,203.04847717285156,9.3141508102417,0.24472585320472717,0.0
597,0,-8.330195426940918,0.6439416408538818,0.930405855178833,0.0707467794418335,0.1318543553352356,False,True,False,False,51,2.0399999618530273,14.035632133483887,2.9385716915130615,5.629439830780029,3.9042253494262695,1.9138360023498535,-0.00019282102584838867,0.0
598,0,-8.783522605895996,-0.15403345227241516,1.112767219543457,-0.06677564978599548,0.16969773173332214,False,True,False,False,54,2.1599998474121094,13.983990669250488,3.420046806335449,4.966075420379639,6.500804424285889,3.009631872177124,-0.0022746622562408447,0.0
599,0,-8.737560272216797,-0.4097023010253906,1.0959820747375488,-0.0002961787977255881,0.08314047008752823,True,False,False,False,313,12.519999504089355,0.28190600872039795,20.55239486694336,0.824353039264679,110.98320007324219,8.864473342895508,0.16023579239845276,0.0
600,0,-8.614084243774414,-0.8334441184997559,1.2991362810134888,-0.07407061755657196,-0.061838191002607346,True,False,False,False,274,10.960000038146973,0.2908135652542114,20.649553298950195,0.815241277217865,135.77081298828125,12.387847900390625,0.6123725175857544,0.0
601,0,-8.706985473632812,1.2111937999725342,1.2122019529342651,0.07703009247779846,0.029335662722587585,False,True,False,False,47,1.8799999952316284,13.964539527893066,3.5369889736175537,4.792088031768799,3.824622869491577,2.0343737602233887,-0.036073893308639526,0.0
602,0,-8.149515151977539,-0.912356972694397,1.2369998693466187,0.041916195303201675,-0.09422063082456589,True,False,False,False,264,10.559999465942383,0.2873059809207916,19.899036407470703,0.8228787779808044,127.76949310302734,12.099384307861328,0.5629554986953735,0.0
603,0,-8.474788665771484,-1.1848082542419434,1.0300157070159912,0.027717724442481995,0.05725685879588127,True,False,False,False,318,12.719999313354492,0.27232107520103455,19.970386505126953,0.8370438814163208,129.9662628173828,10.217473983764648,0.6495116949081421,0.0
604,0,-8.848381042480469,0.3160126507282257,0.8712302446365356,-0.004826448857784271,-0.004863745998591185,True,False,False,False,400,16.0,0.2737869620323181,20.84524154663086,0.8179929256439209,143.39622497558594,8.962264060974121,0.11503872275352478,0.0
605,0,-8.570110321044922,-1.2380565404891968,1.1187841892242432,0.02930474281311035,-0.02660025842487812,True,False,False,False,298,11.920000076293945,0.2517673969268799,20.279050827026367,0.8291783332824707,137.34120178222656,11.521912574768066,0.6157486438751221,0.0
606,0,-8.787679672241211,0.8722060918807983,1.1237585544586182,0.1510218381881714,0.025548677891492844,False,True,False,False,48,1.9199999570846558,14.03253173828125,3.487360954284668,4.877518653869629,3.538597822189331,1.843019723892212,-0.006141573190689087,0.0
607,0,-8.421374320983887,1.0870599746704102,1.1365212202072144,0.004914626479148865,-0.000193909858353436,False,True,False,False,46,1.8399999141693115,14.04278564453125,3.145137310028076,5.2958760261535645,3.934889554977417,2.1385269165039062,-0.0016523897647857666,0.0
608,0,-8.924152374267578,0.2155841886997223,1.2141172885894775,0.02234547771513462,-0.11155187338590622,True,False,False,False,286,11.4399995803833,0.2750360667705536,21.022096633911133,0.8146421909332275,124.80567169189453,10.909586906433105,0.12833479046821594,0.0
609,0,-8.218939781188965,-1.18101167678833,0.8993754386901855,-0.06383869796991348,0.11590223014354706,True,False,False,False,384,15.359999656677246,0.249435693025589,19.86846923828125,0.8284786343574524,149.95169067382812,9.762479782104492,0.6600157022476196,0.0
610,0,-8.427645683288574,-1.088638424873352,1.0584564208984375,0.04375940561294556,-0.14070655405521393,True,False,False,False,310,12.399999618530273,0.2795797288417816,19.975250244140625,0.8341631293296814,132.60147094726562,10.6936674118042,0.5208873748779297,0.0
611,0,-8.128546714782715,-0.8156853914260864,0.7541463375091553,0.0005780574283562601,0.0055321455001831055,True,False,False,False,438,17.520000457763672,0.2731975317001343,19.830371856689453,0.824419379234314,169.49490356445312,9.674365997314453,0.6589950323104858,0.0
612,0,-8.794934272766113,0.7979246973991394,1.117100477218628,0.07388584315776825,-0.1356711983680725,True,False,False,False,302,12.079999923706055,0.2632204592227936,20.97188949584961,0.811244547367096,124.28522491455078,10.288512229919434,0.04612603783607483,0.0
613,0,-8.044957160949707,-0.44472938776016235,1.2060964107513428,-0.06433016806840897,0.031139543280005455,True,False,False,False,285,11.399999618530273,0.2747865617275238,20.010610580444336,0.8121157884597778,116.42254638671875,10.212504386901855,0.4024159610271454,0.0
614,0,-8.549322128295898,-1.067676067352295,0.772921621799469,0.037944596260786057,-0.1217130497097969,True,False,False,False,425,17.0,0.2961311936378479,20.035118103027344,0.8376651406288147,165.2609100341797,9.721229553222656,0.509796142578125,0.0
615,0,-8.412156105041504,-1.2421058416366577,1.245450496673584,0.00984349474310875,0.03639625012874603,True,False,False,False,265,10.59999942779541,0.25064215064048767,19.90554428100586,0.8368375897407532,118.12411499023438,11.14378547668457,0.625757098197937,0.0
616,0,-8.017560958862305,0.9443119168281555,1.2134616374969482,0.11500431597232819,0.025225592777132988,True,False,False,False,256,10.239999771118164,0.29223695397377014,19.59865951538086,0.8288594484329224,104.08728790283203,10.164774894714355,0.049129366874694824,0.0
617,0,-8.4686918258667,0.4796674847602844,1.0332329273223877,0.021652575582265854,0.009183748625218868,True,False,False,False,327,13.079999923706055,0.25645557045936584,20.501689910888672,0.8133705258369446,122.18280029296875,9.341193199157715,0.0038527250289916992,0.0
618,0,-8.997048377990723,-1.200644850730896,0.7900445461273193,-0.035831037908792496,-0.04768216982483864,True,False,False,False,450,18.0,0.2791833281517029,20.723480224609375,0.8318194150924683,187.3101043701172,10.406116485595703,0.5988814830780029,0.0
619,0,-8.397866249084473,0.6409949064254761,0.7091594934463501,-0.019818948581814766,-0.02117176726460457,True,False,False,False,492,19.68000030517578,0.26732200384140015,20.62507438659668,0.8053314089775085,176.03443908691406,8.944839477539062,0.031340211629867554,0.0
620,0,-8.291011810302734,-0.302833616733551,1.297611117362976,0.17234334349632263,-0.09162411838769913,True,False,False,False,242,9.679999351501465,0.2591504156589508,20.182159423828125,0.817243754863739,105.3488540649414,10.883147239685059,0.2707314193248749,0.0
621,0,-8.670119285583496,-0.7032548189163208,1.1399437189102173,-0.003576192306354642,0.14654095470905304,True,False,False,False,299,11.960000038146973,0.2476251721382141,20.359054565429688,0.829336941242218,102.74256134033203,8.59051513671875,0.3668259084224701,0.0
622,0,-8.214343070983887,0.4669596254825592,0.7191314101219177,-0.04630217328667641,-0.08230061084032059,True,False,False,False,492,19.68000030517578,0.295438677072525,20.452905654907227,0.802862286567688,197.5203857421875,10.036604881286621,0.2186635434627533,0.0
623,0,-8.083996772766113,0.36341384053230286,0.967162013053894,-0.01892182230949402,-0.04027928039431572,True,False,False,False,352,14.079999923706055,0.284793883562088,20.214847564697266,0.8057433366775513,140.9209442138672,10.008589744567871,0.07305672764778137,0.0
624,0,-8.886144638061523,0.5975806713104248,0.819570004940033,-0.06898459047079086,-0.001956728519871831,True,False,False,False,452,18.079999923706055,0.25474539399147034,21.192296981811523,0.8067277073860168,161.93344116210938,8.95649528503418,0.10312741994857788,0.0
625,0,-8.163780212402344,-0.9011387825012207,0.9581910967826843,-0.11394958943128586,0.09313879907131195,True,False,False,False,373,14.920000076293945,0.2677062451839447,19.984819412231445,0.8200288414955139,137.13778686523438,9.191540718078613,0.6821780204772949,0.0
626,0,-8.062817573547363,-0.6892898678779602,1.0787124633789062,-0.023376353085041046,-0.059386298060417175,True,False,False,False,313,12.519999504089355,0.2775596082210541,19.981355667114258,0.8146171569824219,147.97610473632812,11.819178581237793,0.6256922483444214,0.0
627,0,-8.996882438659668,-0.4030124843120575,0.9448180794715881,-0.0011059712851420045,-0.0906924158334732,True,False,False,False,369,14.75999927520752,0.26019296050071716,20.839675903320312,0.8254218697547913,149.20053100585938,10.108437538146973,0.5608677864074707,0.0
628,0,-8.362923622131348,-0.1574062556028366,1.2111705541610718,-0.05717475712299347,-0.15141485631465912,True,False,False,False,290,11.59999942779541,0.2784801721572876,20.440155029296875,0.8103489279747009,128.2374267578125,11.054950714111328,0.3433801233768463,0.0
629,0,-8.62039566040039,0.39435118436813354,1.2157905101776123,-0.01684478111565113,-0.0025977282784879208,True,False,False,False,287,11.479999542236328,0.2376236915588379,20.77613067626953,0.8098205327987671,119.44527435302734,10.404641151428223,0.022706925868988037,0.0
630,0,-8.210455894470215,0.7027007341384888,0.7093120217323303,-0.14196594059467316,0.04910092055797577,True,False,False,False,554,22.15999984741211,0.29296162724494934,20.901744842529297,0.7858303785324097,185.40750122070312,8.366765022277832,0.013500630855560303,0.0
631,0,-8.741724967956543,-0.35076791048049927,0.7757641673088074,-0.1673971265554428,-0.03027808666229248,True,False,False,False,518,20.719999313354492,0.2838059067726135,21.19866371154785,0.7993566989898682,213.04989624023438,10.282331466674805,0.5938495397567749,0.0
632,0,-8.440406799316406,-0.012447312474250793,0.7029763460159302,-0.06910014152526855,0.052960578352212906,True,False,False,False,517,20.68000030517578,0.29205822944641113,20.557395935058594,0.8094610571861267,166.8398895263672,8.067692756652832,0.1349605917930603,0.0
633,0,-8.481832504272461,0.04313245415687561,1.0609939098358154,-0.017097346484661102,-0.05028296262025833,True,False,False,False,326,13.039999961853027,0.2846253216266632,20.566144943237305,0.8111334443092346,138.31944274902344,10.607318878173828,0.12458387017250061,0.0
634,0,-8.683094024658203,-1.234289526939392,0.7162293195724487,-0.12233363091945648,-0.08357138186693192,True,False,False,False,541,21.639999389648438,0.2779126465320587,20.858047485351562,0.8115509748458862,239.48040771484375,11.06656265258789,0.6412712335586548,0.0
635,0,-8.127015113830566,0.8162044286727905,1.1522053480148315,0.020762719213962555,0.09716519713401794,False,True,False,False,41,1.6399999856948853,13.994874000549316,2.8362843990325928,5.7635393142700195,3.93563175201416,2.399775505065918,-0.009518712759017944,0.0
636,0,-8.247286796569824,-1.0486663579940796,1.2545650005340576,0.13045194745063782,-0.0025176990311592817,True,False,False,False,246,9.84000015258789,0.2791960835456848,19.60441780090332,0.8406314253807068,112.02680206298828,11.38483715057373,0.6013476848602295,0.0
637,0,-8.21133804321289,0.2627183496952057,0.9912689328193665,-0.0008722639759071171,-0.0015714634209871292,True,False,False,False,340,13.59999942779541,0.264506995677948,20.21253204345703,0.8120409846305847,129.2174072265625,9.501280784606934,0.07123085856437683,0.0
638,0,-8.472359657287598,1.0399036407470703,0.758100688457489,0.13222180306911469,-0.10099244117736816,False,True,False,False,64,2.559999942779541,13.99859619140625,3.3232603073120117,5.0264458656311035,3.8021719455718994,1.485223412513733,-0.0064811110496521,0.0
639,0,-8.265198707580566,0.15070170164108276,1.0243806838989258,-0.02756296843290329,-0.01440854649990797,True,False,False,False,336,13.4399995803833,0.2939820885658264,20.347707748413086,0.8092250823974609,133.1602020263672,9.907752990722656,0.09065234661102295,0.0
640,0,-8.827177047729492,-0.9958941340446472,1.0030769109725952,0.003934753593057394,0.023560160771012306,True,False,False,False,339,13.559999465942383,0.2824711799621582,20.455862045288086,0.8337842226028442,137.73660278320312,10.157567024230957,0.6727273464202881,0.0
641,0,-8.502798080444336,-0.946845531463623,1.2935526371002197,0.05502647906541824,-0.02636798657476902,True,False,False,False,253,10.119999885559082,0.2594567835330963,20.092876434326172,0.8325907588005066,116.01811981201172,11.464241027832031,0.5960379838943481,0.0
642,0,-8.961420059204102,-0.2944692373275757,0.8975712060928345,-0.016507204622030258,0.053801584988832474,True,False,False,False,392,15.679999351501465,0.2727908194065094,20.872379302978516,0.822326123714447,126.6397476196289,8.076515197753906,0.15749099850654602,0.0
643,0,-8.564937591552734,0.5205512046813965,1.0854541063308716,0.03162866085767746,-0.09757436811923981,True,False,False,False,314,12.559999465942383,0.29125064611434937,20.773231506347656,0.8074274063110352,134.99124145507812,10.747711181640625,0.09242981672286987,0.0
644,0,-8.798166275024414,1.241369366645813,0.8684189915657043,0.06521382927894592,0.014766552485525608,False,True,False,False,68,2.7200000286102295,13.911943435668945,3.696476459503174,4.610512733459473,4.5858964920043945,1.6859912872314453,-0.003854513168334961,0.0
645,0,-8.33884334564209,0.9673386812210083,1.0095559358596802,0.0637209340929985,-0.1589377522468567,True,False,False,False,327,13.079999923706055,0.28088513016700745,20.47462272644043,0.8091287612915039,122.62371063232422,9.37490177154541,0.00757211446762085,0.0
646,0,-8.838508605957031,0.5137176513671875,1.2144078016281128,-0.04098045453429222,-0.08750295639038086,True,False,False,False,297,11.880000114440918,0.2888064682483673,21.24652671813965,0.8023014068603516,135.72528076171875,11.424686431884766,0.10367703437805176,0.0
647,0,-8.605181694030762,0.9001681208610535,1.0705907344818115,0.07557566463947296,0.06872054934501648,False,True,False,False,49,1.959999918937683,14.047208786010742,3.254772424697876,5.170516014099121,3.8547089099884033,1.9666882753372192,-0.002828925848007202,0.0
648,0,-8.989681243896484,-0.3192785382270813,0.8090953230857849,0.11143592745065689,0.10963600873947144,True,False,False,False,393,15.719999313354492,0.2762318253517151,20.48601531982422,0.8392357230186462,112.5308609008789,7.158452033996582,0.015089333057403564,0.0
649,0,-8.55840015411377,0.34535884857177734,0.925017237663269,0.1544049233198166,0.05905408039689064,False,True,False,False,53,2.119999885559082,13.964818000793457,3.2197511196136475,5.205960273742676,3.5525588989257812,1.6757354736328125,-0.010308653116226196,0.0
650,0,-8.850654602050781,-1.0252060890197754,1.019234299659729,0.002399798482656479,-0.02565247192978859,True,False,False,False,336,13.4399995803833,0.25794756412506104,20.55860137939453,0.8308404088020325,143.9699249267578,10.712048530578613,0.6314660310745239,0.0
651,0,-8.853914260864258,-0.4413849711418152,0.9026146531105042,0.09910666942596436,0.07144000381231308,True,False,False,False,353,14.119999885559082,0.2748819887638092,20.286964416503906,0.8409107327461243,106.3095703125,7.529006481170654,0.21124985814094543,0.0
652,0,-8.014925003051758,1.1221325397491455,1.0725936889648438,0.10966495424509048,-0.11561916768550873,False,True,False,False,41,1.6399999856948853,13.961790084838867,2.841682195663452,5.71950101852417,3.690399169921875,2.2502434253692627,-0.011633574962615967,0.0
653,0,-8.11949634552002,-0.609862208366394,1.0655300617218018,-0.042388565838336945,-0.06906118243932724,True,False,False,False,323,12.920000076293945,0.2585490643978119,20.15485382080078,0.810260534286499,149.6427459716797,11.582255363464355,0.6404660940170288,0.0
654,0,-8.666884422302246,-0.6374627351760864,0.9084065556526184,0.029765738174319267,0.03683352842926979,True,False,False,False,364,14.559999465942383,0.2843940556049347,20.209138870239258,0.8352022171020508,124.90364074707031,8.578547477722168,0.5351853370666504,0.0
655,0,-8.25500202178955,0.48271119594573975,1.043628454208374,0.18745742738246918,0.023818055167794228,False,True,False,False,42,1.6799999475479126,14.00143051147461,2.91282320022583,5.651546001434326,3.5658483505249023,2.1225287914276123,-0.007279425859451294,0.0
656,0,-8.422609329223633,-0.8946519494056702,0.8449068069458008,0.002760088536888361,-0.008714680559933186,True,False,False,False,397,15.880000114440918,0.2944227457046509,20.15771484375,0.8258000612258911,162.0874786376953,10.207019805908203,0.647962212562561,0.0
657,0,-8.998615264892578,0.4288823902606964,0.7940343022346497,0.10951921343803406,0.07466042786836624,False,True,False,False,71,2.8399999141693115,13.998842239379883,3.622066020965576,4.749739646911621,3.8930296897888184,1.370785117149353,-0.004117071628570557,0.0
658,0,-8.023119926452637,0.42550697922706604,0.9438686966896057,0.049353450536727905,0.1573854684829712,False,True,False,False,46,1.8399999141693115,14.04311752319336,2.600135087966919,6.2414445877075195,3.244249105453491,1.7631789445877075,-0.007070273160934448,0.0
659,0,-8.315998077392578,-0.24726517498493195,1.0064245462417603,-0.08576588332653046,-0.02318545989692211,True,False,False,False,356,14.239999771118164,0.26181623339653015,20.480867385864258,0.8064998388290405,149.71070861816406,10.513392448425293,0.34184500575065613,0.0
660,0,-8.677087783813477,-0.6913716793060303,0.8863774538040161,0.011107883416116238,-0.009493389166891575,True,False,False,False,381,15.239999771118164,0.26287031173706055,20.401830673217773,0.8279157280921936,144.07550048828125,9.453773498535156,0.6298421621322632,0.0
661,0,-8.653661727905273,-1.0796258449554443,1.1190016269683838,-0.008804918266832829,-0.005770277231931686,True,False,False,False,304,12.15999984741211,0.2900807559490204,20.316940307617188,0.8312080502510071,134.65724182128906,11.073786735534668,0.6364080905914307,0.0
662,0,-8.376768112182617,-0.7015289068222046,0.8554003834724426,0.033212810754776,-0.07236051559448242,True,False,False,False,384,15.359999656677246,0.2733383774757385,20.071117401123047,0.826627790927887,164.47311401367188,10.7078857421875,0.5891317129135132,0.0
663,0,-8.890795707702637,0.3885704278945923,0.9726375937461853,-0.09978510439395905,-0.13998113572597504,True,False,False,False,387,15.479999542236328,0.2573520243167877,21.226497650146484,0.8053678274154663,163.08547973632812,10.535238265991211,0.3267473876476288,0.0
664,0,-8.252595901489258,-0.0254802405834198,0.7411401271820068,0.07777947187423706,-0.11060759425163269,True,False,False,False,430,17.19999885559082,0.2970685064792633,20.12099838256836,0.8176838755607605,161.55714416503906,9.392857551574707,0.34685441851615906,0.0
665,0,-8.377947807312012,0.07103607058525085,1.0715768337249756,0.01052033994346857,0.017363565042614937,True,False,False,False,314,12.559999465942383,0.25804847478866577,20.293241500854492,0.8169270753860474,120.02690124511719,9.556282043457031,0.02529767155647278,0.0
666,0,-8.610817909240723,-0.2378445863723755,1.0149288177490234,-0.02926023118197918,0.0012491923989728093,True,False,False,False,343,13.719999313354492,0.2857685387134552,20.550640106201172,0.8180996179580688,130.148681640625,9.486056327819824,0.23401501774787903,0.0
667,0,-8.653724670410156,0.8948895335197449,0.9741693735122681,-0.04591505229473114,-0.10205529630184174,True,False,False,False,370,14.799999237060547,0.2997284233570099,21.081867218017578,0.800548255443573,157.6425018310547,10.651520729064941,0.07915648818016052,0.0
668,0,-8.484219551086426,0.35671815276145935,1.2630083560943604,0.0066615198738873005,0.00034800678258761764,True,False,False,False,272,10.880000114440918,0.25099560618400574,20.671768188476562,0.8072829246520996,116.8902359008789,10.743587493896484,0.00789254903793335,0.0
669,0,-8.219111442565918,-0.1032961905002594,0.8847282528877258,-0.0035449392162263393,0.02845907025039196,True,False,False,False,379,15.15999984741211,0.2730158567428589,20.06387710571289,0.8183578848838806,131.48570251464844,8.673199653625488,0.12520602345466614,0.0
670,0,-8.996000289916992,-0.1124156266450882,1.105764389038086,0.1448734998703003,0.01473861001431942,False,True,False,False,51,2.0399999618530273,13.932685852050781,3.667351484298706,4.6890411376953125,3.873530387878418,1.898789405822754,-0.0018064379692077637,0.0
671,0,-8.564652442932129,1.0089828968048096,1.0397748947143555,-0.08334743976593018,-0.04977009445428848,True,False,False,False,356,14.239999771118164,0.24340449273586273,21.270235061645508,0.7895753979682922,154.2441864013672,10.831754684448242,0.016466200351715088,0.0
672,0,-8.860257148742676,0.5588668584823608,1.1216514110565186,0.07543564587831497,0.015012522228062153,True,False,False,False,298,11.920000076293945,0.2693680226802826,20.79478645324707,0.8208428621292114,111.19376373291016,9.328335762023926,0.0011354386806488037,0.0
673,0,-8.91169548034668,-0.8959048986434937,1.0574378967285156,0.08888787776231766,0.012176170945167542,True,False,False,False,308,12.319999694824219,0.24720114469528198,20.47608757019043,0.8368165493011475,120.78754425048828,9.804183959960938,0.6484595537185669,0.0
674,0,-8.690377235412598,-0.3957091271877289,0.8098209500312805,0.052370697259902954,-0.032446298748254776,True,False,False,False,406,16.239999771118164,0.26505300402641296,20.429479598999023,0.8269878029823303,150.60382080078125,9.27363395690918,0.4565623104572296,0.0
675,0,-8.540945053100586,-0.04180639982223511,0.7066682577133179,0.022350268438458443,0.06256551295518875,True,False,False,False,471,18.84000015258789,0.2819352149963379,20.268957138061523,0.8259426951408386,139.4960479736328,7.4042487144470215,0.04582926630973816,0.0
676,0,-8.3066987991333,0.5685971975326538,1.1151541471481323,-0.0120328888297081,0.0653023049235344,False,True,False,False,46,1.8399999141693115,13.983610153198242,3.0168023109436035,5.4747748374938965,3.4959969520568848,1.899998426437378,-0.01153188943862915,0.0
677,0,-8.25601577758789,-0.954590916633606,1.0853781700134277,-0.003956092521548271,0.08714229613542557,True,False,False,False,304,12.15999984741211,0.24516327679157257,19.759801864624023,0.8341777324676514,114.30183410644531,9.399822235107422,0.6666969060897827,0.0
678,0,-8.013381004333496,-0.16212254762649536,1.1595323085784912,-0.02319842204451561,0.10007751733064651,True,False,False,False,288,11.519999504089355,0.29410281777381897,19.763471603393555,0.8204114437103271,104.84205627441406,9.100872993469238,0.028721094131469727,0.0
679,0,-8.438447952270508,-0.5392017960548401,1.117461919784546,-9.327770385425538e-05,-0.031011048704385757,True,False,False,False,302,12.079999923706055,0.24843676388263702,20.237321853637695,0.8225904703140259,124.13127899169922,10.275768280029297,0.5448287725448608,0.0
680,0,-8.18682861328125,0.06224334239959717,0.778452455997467,-0.0741429403424263,0.011906099505722523,True,False,False,False,462,18.479999542236328,0.2576703429222107,20.437198638916016,0.8018195629119873,165.88729858398438,8.976585388183594,0.1849510371685028,0.0
681,0,-8.247328758239746,-0.424472838640213,0.9909095764160156,-8.759810589253902e-05,0.06577171385288239,True,False,False,False,336,13.4399995803833,0.25040265917778015,19.959510803222656,0.8243042230606079,117.82648468017578,8.766851425170898,0.30520740151405334,0.0
682,0,-8.994694709777832,0.9593728184700012,0.7528213262557983,-0.1133330762386322,-0.08016867935657501,True,False,False,False,522,20.8799991607666,0.28766366839408875,21.6381893157959,0.7958604693412781,211.19931030273438,10.114910125732422,0.2190026342868805,0.0
683,0,-8.037670135498047,-1.22464919090271,1.0789331197738647,-0.0024901654105633497,-0.04872637242078781,True,False,False,False,306,12.239999771118164,0.27102258801460266,19.742389678955078,0.8247711658477783,144.13197326660156,11.775487899780273,0.6035566329956055,0.0
684,0,-8.790674209594727,0.5592702627182007,1.0537164211273193,-0.047985613346099854,0.055962804704904556,True,False,False,False,340,13.59999942779541,0.24452896416187286,20.905601501464844,0.8131656646728516,115.59284210205078,8.499473571777344,0.004353582859039307,0.0
685,0,-8.945138931274414,0.0665844976902008,0.8386799097061157,-0.051135700196027756,-0.09373389184474945,True,False,False,False,434,17.35999870300293,0.29335325956344604,21.041162490844727,0.8148441314697266,173.8024139404297,10.0116605758667,0.34306469559669495,0.0
686,0,-8.816043853759766,0.37191346287727356,0.7244065999984741,-0.09195710718631744,0.13682349026203156,False,True,False,False,90,3.5999999046325684,13.99901008605957,3.4634366035461426,4.9142045974731445,4.274098873138428,1.1872496604919434,-0.001723170280456543,0.0
687,0,-8.518492698669434,0.014506280422210693,1.1493757963180542,0.006789569277316332,0.0071731386706233025,True,False,False,False,297,11.880000114440918,0.24244184792041779,20.546396255493164,0.8136950135231018,117.23133087158203,9.86795711517334,0.014755666255950928,0.0
688,0,-8.658745765686035,0.9297888278961182,0.7325215935707092,0.19449792802333832,-0.042877133935689926,False,True,False,False,66,2.6399998664855957,14.011240005493164,3.4140543937683105,4.94541597366333,3.5163514614105225,1.331951379776001,-0.022284090518951416,0.0
689,0,-8.944853782653809,1.1543703079223633,0.8845221996307373,-0.013340604491531849,-0.02140350081026554,False,True,False,False,73,2.919999837875366,13.965572357177734,3.8640832901000977,4.446852207183838,3.870861053466797,1.3256374597549438,-0.001179337501525879,0.0
690,0,-8.1902494430542,0.08696809411048889,0.7558656334877014,-0.030260583385825157,0.05135947838425636,True,False,False,False,454,18.15999984741211,0.29812949895858765,20.085554122924805,0.8160331845283508,143.0730743408203,7.878473281860352,0.09656110405921936,0.0
691,0,-8.702617645263672,0.8393868803977966,0.8857325315475464,0.17872527241706848,-0.08852466195821762,False,True,False,False,57,2.2799999713897705,13.97861385345459,3.4799489974975586,4.8630266189575195,3.656597137451172,1.6037707328796387,-0.0005854964256286621,0.0
692,0,-8.26476764678955,1.0783424377441406,1.2689266204833984,-0.11843869835138321,0.042981866747140884,False,True,False,False,43,1.71999990940094,13.986845970153809,3.0713284015655518,5.372076988220215,3.7872157096862793,2.2018697261810303,-0.01467105746269226,0.0
693,0,-8.197359085083008,1.2337021827697754,0.7720624804496765,-0.06421907991170883,-0.06460998952388763,False,True,False,False,68,2.7200000286102295,14.01606559753418,3.0405020713806152,5.407947063446045,4.217533111572266,1.5505635738372803,-0.01980772614479065,0.0
694,0,-8.900727272033691,-1.0720398426055908,1.2107300758361816,0.04804392531514168,-0.01854126900434494,True,False,False,False,276,11.039999961853027,0.27095943689346313,20.488367080688477,0.8362656831741333,121.64393615722656,11.018472671508789,0.6230992078781128,0.0
695,0,-8.145402908325195,0.28498873114585876,0.7919095754623413,-0.011639861389994621,-0.019495852291584015,True,False,False,False,428,17.119998931884766,0.2807581424713135,20.177846908569336,0.8101876974105835,161.16110229492188,9.413616180419922,0.1346592903137207,0.0
696,0,-8.802406311035156,-0.03258019685745239,1.1937050819396973,-0.07780797779560089,-0.00015995260037016124,True,False,False,False,306,12.239999771118164,0.2555735111236572,21.129669189453125,0.8046712875366211,129.79774475097656,10.604391098022461,0.0632924735546112,0.0
697,0,-8.671734809875488,1.0215797424316406,0.8729698061943054,-0.011415429413318634,0.12370140105485916,True,False,False,False,399,15.960000038146973,0.2828144133090973,20.490375518798828,0.8248797655105591,110.45246887207031,6.920580863952637,0.15259531140327454,0.0
698,0,-8.808395385742188,-0.984224796295166,0.806867778301239,0.09045831859111786,0.018617864698171616,True,False,False,False,391,15.639999389648438,0.28854134678840637,20.150802612304688,0.845443069934845,139.9234161376953,8.946510314941406,0.6328625679016113,0.0
699,0,-8.181478500366211,0.836023211479187,0.7407681345939636,0.12343212962150574,-0.07707871496677399,False,True,False,False,59,2.359999895095825,14.006951332092285,2.959325075149536,5.542620658874512,3.5815932750701904,1.5176243782043457,-0.007066667079925537,0.0
700,0,-8.545004844665527,0.5513346195220947,0.8500947952270508,-0.021959900856018066,-0.09621892124414444,True,False,False,False,413,16.520000457763672,0.28709644079208374,20.75083351135254,0.8073854446411133,169.8032684326172,10.278648376464844,0.19186875224113464,0.0
701,0,-8.222403526306152,-1.2229969501495361,0.9517066478729248,0.01421712338924408,-0.009617466479539871,True,False,False,False,345,13.799999237060547,0.2814940810203552,19.8603572845459,0.8291425704956055,149.33924865722656,10.821684837341309,0.6297763586044312,0.0
702,0,-8.976888656616211,1.165225625038147,0.9932372570037842,0.13980059325695038,0.14026480913162231,True,False,False,False,321,12.84000015258789,0.2626395523548126,20.406112670898438,0.8436536192893982,82.77335357666016,6.4465227127075195,0.20923778414726257,0.0
703,0,-8.015487670898438,-0.23171938955783844,1.0576766729354858,-0.06549588590860367,-0.021427931264042854,True,False,False,False,328,13.119999885559082,0.25262966752052307,20.10198211669922,0.8067420125007629,138.45191955566406,10.552738189697266,0.3022608458995819,0.0
704,0,-8.806363105773926,-0.13655103743076324,1.0939197540283203,0.000771528051700443,0.0051267496310174465,True,False,False,False,318,12.719999313354492,0.246454656124115,20.881465911865234,0.8144495487213135,123.4448471069336,9.704784393310547,0.0835995078086853,0.0
705,0,-8.274619102478027,0.5290107727050781,1.0750478506088257,0.08804024010896683,0.1281125545501709,False,True,False,False,44,1.7599999904632568,14.0204439163208,2.9091365337371826,5.665928363800049,3.300955295562744,1.8755427598953247,-0.018854856491088867,0.0
706,0,-8.195157051086426,-0.9648429155349731,0.8869811296463013,0.0064373929053545,-0.1474364995956421,True,False,False,False,376,15.039999961853027,0.2646552622318268,19.85259437561035,0.8272477388381958,154.9611358642578,10.303267478942871,0.5179941654205322,0.0
707,0,-8.409139633178711,-0.7707556486129761,0.972467303276062,-0.03311259299516678,-0.17431458830833435,False,True,False,False,236,9.4399995803833,5.147256851196289,13.66263484954834,1.2169466018676758,25.01181983947754,2.64955735206604,-0.05264630913734436,0.0
708,0,-8.982906341552734,-0.1260656863451004,0.8005836606025696,-0.011645299382507801,-0.01616479456424713,True,False,False,False,440,17.600000381469727,0.2652950584888458,20.96377182006836,0.8196693658828735,156.64752197265625,8.900426864624023,0.25064584612846375,0.0
709,0,-8.623773574829102,0.37331849336624146,1.1509238481521606,0.10075424611568451,-0.044796157628297806,True,False,False,False,284,11.359999656677246,0.24849186837673187,20.56495475769043,0.8182777166366577,115.4021987915039,10.158644676208496,0.013910949230194092,0.0
710,0,-8.610588073730469,0.4930858314037323,1.0360298156738281,-0.05236315354704857,-0.07465439289808273,True,False,False,False,348,13.920000076293945,0.24974796175956726,21.035703659057617,0.7994831800460815,150.6373291015625,10.821646690368652,0.14712673425674438,0.0
711,0,-8.515453338623047,0.56488037109375,0.8382623195648193,0.10316196084022522,-0.11580223590135574,True,False,False,False,384,15.359999656677246,0.2850423753261566,20.571285247802734,0.8130181431770325,140.83932495117188,9.16922664642334,0.1231151819229126,0.0
712,0,-8.34518814086914,-1.1512997150421143,0.8063833713531494,-0.022396104410290718,-0.05793773755431175,True,False,False,False,423,16.920000076293945,0.2737554907798767,20.075273513793945,0.8261151909828186,185.176025390625,10.944209098815918,0.6004230976104736,0.0
713,0,-8.098766326904297,0.04460632801055908,0.9598942399024963,-0.01666206307709217,0.013548149727284908,True,False,False,False,352,14.079999923706055,0.2909146845340729,20.07282257080078,0.8119847774505615,129.0740203857422,9.16718864440918,0.08596557378768921,0.0
714,0,-8.55825138092041,0.11677682399749756,1.1508113145828247,-0.08715849369764328,-0.11889784783124924,True,False,False,False,316,12.639999389648438,0.2499874383211136,20.869327545166016,0.803027868270874,142.99879455566406,11.313196182250977,0.21549281477928162,0.0
715,0,-8.88326644897461,-0.4801732301712036,1.2605748176574707,-0.028118673712015152,0.08305390179157257,True,False,False,False,278,11.119999885559082,0.2635539174079895,20.747159957885742,0.823722243309021,101.52641296386719,9.130073547363281,0.1834157407283783,0.0
716,0,-8.289759635925293,-0.12905701994895935,0.8309473395347595,-0.15434694290161133,0.029185667634010315,True,False,False,False,464,18.559999465942383,0.2544054090976715,20.739805221557617,0.7951018214225769,170.14710998535156,9.16740894317627,0.28032079339027405,0.0
717,0,-8.029897689819336,-0.6799086928367615,1.0655078887939453,0.019183335825800896,-0.024486789479851723,True,False,False,False,306,12.239999771118164,0.25106388330459595,19.749643325805664,0.8224895596504211,131.63528442382812,10.7545166015625,0.6307327747344971,0.0
718,0,-8.584468841552734,0.9626838564872742,1.2992217540740967,0.05280816927552223,-0.02649940364062786,False,True,False,False,43,1.71999990940094,13.964359283447266,3.452289581298828,4.869687557220459,3.093374013900757,1.7984733581542969,-0.01272699236869812,0.0
719,0,-8.70983600616455,0.8156520128250122,0.8252837657928467,-0.07288522273302078,0.0552063025534153,False,True,False,False,76,3.0399999618530273,13.980134963989258,3.4985194206237793,4.838947772979736,3.595092535018921,1.182596206665039,-0.004669517278671265,0.0
720,0,-8.300250053405762,-0.9690589904785156,1.2368979454040527,0.005640014074742794,-0.06293286383152008,True,False,False,False,271,10.84000015258789,0.2918716073036194,20.124204635620117,0.8213083744049072,132.273193359375,12.202323913574219,0.5746979713439941,0.0
721,0,-8.72324275970459,-0.9540671706199646,1.2479777336120605,0.023226067423820496,0.06533564627170563,True,False,False,False,267,10.679999351501465,0.29434213042259216,20.212369918823242,0.8385780453681946,104.81031036376953,9.813699722290039,0.6557629108428955,0.0
722,0,-8.156579971313477,-0.36869561672210693,1.1601958274841309,-0.039489880204200745,0.07100673764944077,True,False,False,False,293,11.719999313354492,0.24765101075172424,19.992420196533203,0.8183431625366211,108.51155090332031,9.258665084838867,0.23896077275276184,0.0
723,0,-8.227203369140625,1.1364762783050537,1.0374009609222412,-0.06093483790755272,0.023464882746338844,True,False,False,False,339,13.559999465942383,0.292594313621521,20.390371322631836,0.8075265884399414,148.61817932128906,10.960042953491211,0.056857407093048096,0.0
724,0,-8.287440299987793,-0.8441457152366638,1.294702172279358,0.0036113106179982424,-0.0167459137737751,True,False,False,False,259,10.359999656677246,0.2406318038702011,20.144498825073242,0.8195116519927979,121.95059967041016,11.771293640136719,0.6295818090438843,0.0
725,0,-8.429634094238281,1.0659950971603394,0.9659378528594971,-0.17900827527046204,0.01788664609193802,True,False,False,False,410,16.399999618530273,0.24624280631542206,21.352121353149414,0.780398428440094,155.1697998046875,9.461573600769043,0.01363515853881836,0.0
726,0,-8.562877655029297,0.7153589725494385,0.7408159375190735,-0.1344851404428482,-0.029188081622123718,True,False,False,False,531,21.239999771118164,0.26175323128700256,21.268115997314453,0.7888742089271545,208.09652709960938,9.797388076782227,0.1496807336807251,0.0
727,0,-8.181163787841797,-0.18013134598731995,1.0844696760177612,0.007869414985179901,0.023106468841433525,True,False,False,False,307,12.279999732971191,0.2987368702888489,20.0518741607666,0.8169878125190735,118.71772766113281,9.667567253112793,0.1454182267189026,0.0
728,0,-8.360713958740234,0.30829280614852905,0.8171271681785583,0.13815179467201233,0.10026246309280396,False,True,False,False,56,2.240000009536743,13.995927810668945,2.9769439697265625,5.563938140869141,3.632615804672241,1.6217035055160522,-0.015019327402114868,0.0
729,0,-8.558701515197754,0.4257109761238098,0.7130835652351379,0.05364659056067467,-0.08250217139720917,True,False,False,False,462,18.479999542236328,0.294617235660553,20.562009811401367,0.8152905702590942,173.09620666503906,9.366678237915039,0.1956799328327179,0.0
730,0,-8.122749328613281,-0.2872917652130127,1.1337130069732666,0.06983863562345505,-0.044181499630212784,True,False,False,False,284,11.359999656677246,0.2520535886287689,19.968042373657227,0.8175680637359619,119.22352600097656,10.49502944946289,0.29442736506462097,0.0
731,0,-8.012284278869629,-0.3640963137149811,1.0321192741394043,0.04530620574951172,-0.13416506350040436,True,False,False,False,313,12.519999504089355,0.2588411271572113,19.75139045715332,0.8210205435752869,129.47222900390625,10.341232299804688,0.5301723480224609,0.0
732,0,-8.308679580688477,0.989203929901123,0.7674074769020081,-0.09547307342290878,0.10726641863584518,True,False,False,False,487,19.479999542236328,0.25543221831321716,20.621967315673828,0.8019487857818604,144.34669494628906,7.409994602203369,0.20815899968147278,0.0
733,0,-8.911808013916016,-0.6001092195510864,1.1926419734954834,0.02526036463677883,-0.013321593403816223,True,False,False,False,286,11.4399995803833,0.2774434983730316,20.705799102783203,0.8269251585006714,119.77404022216797,10.469758987426758,0.49152693152427673,0.0
734,0,-8.573380470275879,-0.38606470823287964,0.9429545402526855,-0.054871879518032074,-0.16254045069217682,True,False,False,False,372,14.880000114440918,0.29664120078086853,20.167139053344727,0.8319347500801086,145.1500244140625,9.754705429077148,0.4792774021625519,0.0
735,0,-8.672019958496094,-0.6800580024719238,0.8044024705886841,0.04422243312001228,0.04848790168762207,True,False,False,False,407,16.279998779296875,0.29235321283340454,20.253040313720703,0.8337257504463196,133.77195739746094,8.216951370239258,0.5667077302932739,0.0
736,0,-8.712831497192383,0.9424462914466858,1.0024793148040771,0.10589390993118286,-0.06020155921578407,False,True,False,False,54,2.1599998474121094,13.99380874633789,3.507093667984009,4.829814910888672,3.5143816471099854,1.6270287036895752,-0.008676111698150635,0.0
737,0,-8.628791809082031,-0.030272454023361206,0.8114553689956665,0.19443370401859283,-0.010213174857199192,True,False,False,False,367,14.679999351501465,0.29501739144325256,20.2501277923584,0.831047534942627,120.9947509765625,8.242149353027344,0.034401267766952515,0.0
738,0,-8.932793617248535,0.4124639928340912,0.9894551038742065,0.1336950808763504,0.025162696838378906,True,False,False,False,325,13.0,0.28084051609039307,20.730714797973633,0.8266802430152893,113.40230560302734,8.723254203796387,0.003228992223739624,0.0
739,0,-8.31032943725586,0.6966754794120789,1.0024768114089966,-0.08858854323625565,-0.1747460812330246,True,False,False,False,361,14.4399995803833,0.25599175691604614,20.577495574951172,0.80305016040802,149.98374938964844,10.386686325073242,0.19830122590065002,0.0
740,0,-8.286310195922852,0.41573911905288696,0.9610309600830078,0.08199672400951385,-0.02349966950714588,True,False,False,False,336,13.4399995803833,0.26299136877059937,20.28955841064453,0.8128052353858948,129.45816040039062,9.632304191589355,0.0080355703830719,0.0
741,0,-8.971412658691406,0.4711174964904785,1.095874309539795,0.0690678134560585,-0.02452932856976986,True,False,False,False,307,12.279999732971191,0.2781260907649994,20.897571563720703,0.821998119354248,119.1490707397461,9.702692985534668,0.027428537607192993,0.0
742,0,-8.595697402954102,-0.8367281556129456,0.9630237817764282,0.03964642435312271,0.050269145518541336,True,False,False,False,339,13.559999465942383,0.24589918553829193,20.052263259887695,0.838616669178009,120.11930847167969,8.858356475830078,0.6820729970932007,0.0
743,0,-8.252006530761719,0.0916329026222229,1.1851741075515747,-0.00023432716261595488,-0.029056867584586143,True,False,False,False,287,11.479999542236328,0.23990540206432343,20.40900230407715,0.8061274290084839,120.07722473144531,10.459689140319824,0.053529947996139526,0.0
744,0,-8.392159461975098,-0.5042788982391357,0.7892997860908508,-0.015777619555592537,0.017958151176571846,True,False,False,False,430,17.19999885559082,0.2878243029117584,20.133472442626953,0.8244820237159729,149.7987518310547,8.709230422973633,0.5238837003707886,0.0
745,0,-8.624078750610352,-0.5121710896492004,0.8617680072784424,-0.10755964368581772,-0.09906961768865585,True,False,False,False,434,17.35999870300293,0.2621506452560425,20.77628517150879,0.8101418018341064,192.2665557861328,11.075263023376465,0.603914737701416,0.0
746,0,-8.372498512268066,-0.3949999213218689,1.1604615449905396,-0.06771872192621231,-0.09423268586397171,True,False,False,False,302,12.079999923706055,0.255988210439682,20.297191619873047,0.8167199492454529,129.62908935546875,10.730884552001953,0.5304598808288574,0.0
747,0,-8.778973579406738,0.4831305146217346,1.2081429958343506,0.013976657763123512,0.18190601468086243,False,True,False,False,48,1.9199999570846558,14.016789436340332,3.4032561779022217,4.991022109985352,3.3540985584259033,1.7469264268875122,-0.011469990015029907,0.0
748,0,-8.354048728942871,-0.7560316324234009,1.0487053394317627,-0.09550749510526657,0.0740630030632019,True,False,False,False,338,13.519999504089355,0.23643404245376587,20.16912078857422,0.821602463722229,120.37353515625,8.90336799621582,0.6793469190597534,0.0
749,0,-8.00141716003418,-0.13264551758766174,1.100630521774292,-0.010924261063337326,-0.0009555451106280088,True,False,False,False,305,12.199999809265137,0.235999196767807,20.031707763671875,0.8088153004646301,123.06040954589844,10.086918830871582,0.14057055115699768,0.0
750,0,-8.37770938873291,-1.0950663089752197,1.1294366121292114,0.015579822473227978,0.008102568797767162,True,False,False,False,294,11.75999927520752,0.2548988461494446,20.081327438354492,0.8272957801818848,130.84095764160156,11.125932693481445,0.6563839912414551,0.0
751,0,-8.044228553771973,0.24090513586997986,1.1430991888046265,-0.11161781847476959,0.0414288155734539,True,False,False,False,314,12.559999465942383,0.26544636487960815,20.357011795043945,0.7980534434318542,120.1376953125,9.565103530883789,0.024910658597946167,0.0
752,0,-8.66390323638916,0.1829729974269867,0.7942348122596741,0.11453414708375931,-0.1441575437784195,True,False,False,False,400,16.0,0.2939055562019348,20.43756675720215,0.8251901268959045,134.45504760742188,8.403440475463867,0.3105006515979767,0.0
753,0,-8.719772338867188,-0.2956463396549225,0.7953776717185974,0.17037644982337952,-0.09261731058359146,False,True,False,False,418,16.719999313354492,1.6334114074707031,21.962413787841797,0.7705124020576477,143.26364135742188,8.568400382995605,-0.002322375774383545,0.0
754,0,-8.865303993225098,1.1381134986877441,1.206362009048462,-0.06314403563737869,0.17779342830181122,True,False,False,False,300,12.0,0.25180450081825256,20.78080177307129,0.8229979872703552,88.89025115966797,7.407520771026611,0.10346934199333191,0.0
755,0,-8.767060279846191,0.2975080907344818,0.9315619468688965,-0.03446503356099129,0.19074828922748566,False,True,False,False,64,2.559999942779541,14.009515762329102,3.366408348083496,5.040868282318115,3.723738193511963,1.454585313796997,-0.01021835207939148,0.0
756,0,-8.117193222045898,0.290425568819046,1.039960265159607,0.013928406871855259,0.005856692790985107,True,False,False,False,320,12.799999237060547,0.24645373225212097,20.112085342407227,0.811439037322998,122.26229858398438,9.551742553710938,0.033591240644454956,0.0
757,0,-8.58800220489502,1.0842455625534058,0.9504461288452148,-0.05212092027068138,0.03581623360514641,False,True,False,False,61,2.440000057220459,14.019510269165039,3.340306282043457,5.036174774169922,4.275429725646973,1.7522252798080444,-0.01720234751701355,0.0
758,0,-8.848031997680664,0.8396099805831909,1.0794001817703247,0.011073465459048748,-0.02441249042749405,True,False,False,False,324,12.960000038146973,0.2943371534347534,21.115726470947266,0.8083235025405884,127.56166076660156,9.842720985412598,0.012595385313034058,0.0
759,0,-8.324166297912598,-0.6741988658905029,1.181684970855713,-0.08287429064512253,0.13682712614536285,True,False,False,False,296,11.84000015258789,0.25502169132232666,20.108381271362305,0.8224267363548279,102.39614868164062,8.648323059082031,0.4546709358692169,0.0
760,0,-8.03227424621582,-0.8925162553787231,1.083051323890686,-0.023490561172366142,0.044416554272174835,True,False,False,False,308,12.319999694824219,0.26965299248695374,19.778656005859375,0.8219137787818909,128.59573364257812,10.437965393066406,0.6874338388442993,0.0
761,0,-8.245980262756348,0.5776193737983704,0.70294588804245,-0.07232765108346939,-0.1343553364276886,True,False,False,False,516,20.639999389648438,0.2888321578502655,20.402915954589844,0.8065483570098877,199.0064697265625,9.641786575317383,0.31217482686042786,0.0
762,0,-8.320221900939941,-1.155447006225586,1.2622706890106201,0.1822369247674942,-0.018307102844119072,True,False,False,False,240,9.59999942779541,0.2889557182788849,19.650300979614258,0.8427280783653259,111.40409088134766,11.604593276977539,0.579472541809082,0.0
763,0,-8.513185501098633,0.7801717519760132,0.7769079208374023,0.0664353296160698,0.12969014048576355,True,False,False,False,414,16.559999465942383,0.28435018658638,19.958986282348633,0.8382723331451416,96.65833282470703,5.836855888366699,0.0929432213306427,0.0
764,0,-8.684343338012695,-1.0204391479492188,0.7102431654930115,-0.09514737129211426,0.0808398500084877,True,False,False,False,522,20.8799991607666,0.2767541706562042,20.519407272338867,0.8243228197097778,178.245361328125,8.53665542602539,0.6892349720001221,0.0
765,0,-8.713042259216309,1.0464847087860107,1.0923876762390137,-0.059692393988370895,-0.07390213757753372,True,False,False,False,335,13.399999618530273,0.2747292220592499,21.33342742919922,0.794285237789154,146.49830627441406,10.932709693908691,0.010681867599487305,0.0
766,0,-8.165194511413574,0.1307988166809082,1.249518632888794,0.14651209115982056,0.07627535611391068,False,True,False,False,35,1.399999976158142,13.974547386169434,2.797106981277466,5.8509416580200195,3.75547194480896,2.6824800968170166,-0.01656484603881836,0.0
767,0,-8.648904800415039,-1.126029372215271,1.0316436290740967,-0.08042105287313461,-0.05814560875296593,True,False,False,False,350,14.0,0.28049442172050476,20.66876983642578,0.8169733285903931,171.02841186523438,12.216315269470215,0.6527935266494751,0.0
768,0,-8.237378120422363,1.0867619514465332,1.1237075328826904,0.05283578485250473,-0.14155441522598267,True,False,False,False,298,11.920000076293945,0.2632722556591034,20.619388580322266,0.7988899946212769,122.61373138427734,10.286386489868164,0.001972794532775879,0.0
769,0,-8.978765487670898,0.9583103656768799,1.1573832035064697,-0.15877988934516907,-0.03531160578131676,True,False,False,False,339,13.559999465942383,0.27189719676971436,21.80136489868164,0.789171576499939,152.6868896484375,11.260095596313477,0.05047103762626648,0.0
770,0,-8.941354751586914,-0.576610803604126,0.889025866985321,-0.005617020186036825,0.010124287568032742,True,False,False,False,389,15.559999465942383,0.28089258074760437,20.67556381225586,0.8295243978500366,136.52537536621094,8.774125099182129,0.523298978805542,0.0
771,0,-8.523726463317871,-0.6848675012588501,1.2892285585403442,0.09115957468748093,-0.06873088330030441,True,False,False,False,253,10.119999885559082,0.26787126064300537,20.310646057128906,0.8240751624107361,115.87666320800781,11.450263023376465,0.6008723974227905,0.0
772,0,-8.108465194702148,-0.9800804257392883,1.2200126647949219,-0.042450737208127975,0.027897339314222336,True,False,False,False,276,11.039999961853027,0.272942453622818,19.81551170349121,0.8244732022285461,122.64537811279297,11.109183311462402,0.6449012756347656,0.0
773,0,-8.175726890563965,0.4893769323825836,0.9758409261703491,-0.03452995419502258,0.021802369505167007,True,False,False,False,356,14.239999771118164,0.25612494349479675,20.424633026123047,0.8021151423454285,132.9110107421875,9.333638191223145,0.010162055492401123,0.0
774,0,-8.297778129577637,0.9348301887512207,0.7899483442306519,0.06994416564702988,-0.13518144190311432,False,True,False,False,274,10.960000038146973,5.145152568817139,14.057767868041992,1.1754193305969238,21.160619735717773,1.930713415145874,-0.03222990036010742,0.0
775,0,-8.503297805786133,-0.28911179304122925,1.169723629951477,0.025682900100946426,0.08033625036478043,True,False,False,False,284,11.359999656677246,0.29303741455078125,20.15203094482422,0.8289861679077148,95.97785949707031,8.448755264282227,0.0708555281162262,0.0
776,0,-8.890453338623047,-0.7482789754867554,0.9537564516067505,-0.08227129280567169,-0.10377540439367294,True,False,False,False,385,15.399999618530273,0.2685084640979767,20.857219696044922,0.8201737403869629,172.31280517578125,11.189143180847168,0.6058785915374756,0.0
777,0,-8.361729621887207,0.2132326364517212,0.7182243466377258,-0.05397334322333336,0.01789182610809803,True,False,False,False,496,19.84000015258789,0.268623948097229,20.470212936401367,0.8091307282447815,162.2388916015625,8.177363395690918,0.16089949011802673,0.0
778,0,-8.33652400970459,-0.2383219450712204,0.70827716588974,0.09889238327741623,-0.08133910596370697,True,False,False,False,441,17.639999389648438,0.2942906618118286,20.109724044799805,0.8223987221717834,164.32437133789062,9.315441131591797,0.4495122730731964,0.0
779,0,-8.96675968170166,0.6228350400924683,0.708065927028656,0.05579579994082451,-0.01783422939479351,True,False,False,False,471,18.84000015258789,0.2932041585445404,20.89879608154297,0.8219545483589172,156.20477294921875,8.291123390197754,0.060932546854019165,0.0
780,0,-8.047367095947266,0.47389060258865356,0.9519612789154053,-0.01523677445948124,0.05511220544576645,False,True,False,False,49,1.959999918937683,13.98881721496582,2.7348899841308594,5.943256378173828,3.362490653991699,1.7155565023422241,-0.0056577324867248535,0.0
781,0,-8.606829643249512,-0.20066045224666595,0.8273584842681885,-0.15073440968990326,0.09241672605276108,True,False,False,False,470,18.799999237060547,0.2525494694709778,20.859378814697266,0.8057770133018494,149.35382080078125,7.944352626800537,0.15262243151664734,0.0
782,0,-8.307112693786621,-0.09660132229328156,0.7115830779075623,0.02775762602686882,-0.09232994168996811,True,False,False,False,462,18.479999542236328,0.29360276460647583,20.073347091674805,0.8223537802696228,175.75424194335938,9.51051139831543,0.42130401730537415,0.0
783,0,-8.26634693145752,0.45043542981147766,1.1452021598815918,0.05747904255986214,-0.04119159281253815,True,False,False,False,288,11.519999504089355,0.23847483098506927,20.34208869934082,0.8097690939903259,116.16093444824219,10.083415031433105,0.019143253564834595,0.0
784,0,-8.450519561767578,-0.9183262586593628,1.2886130809783936,-0.04830486327409744,-0.03309134766459465,True,False,False,False,269,10.760000228881836,0.268649697303772,20.348384857177734,0.8194938898086548,128.85166931152344,11.975062370300293,0.6138597726821899,0.0
785,0,-8.066512107849121,-0.14036566019058228,0.8101891875267029,-0.04239538311958313,-0.13105422258377075,True,False,False,False,426,17.03999900817871,0.2775461673736572,19.963197708129883,0.8148548603057861,170.56539916992188,10.0097074508667,0.520097017288208,0.0
786,0,-8.384812355041504,0.524199903011322,1.183542251586914,0.053676094859838486,-0.13974562287330627,True,False,False,False,283,11.319999694824219,0.27913880348205566,20.573036193847656,0.8065385818481445,120.9466552734375,10.684333801269531,0.08217087388038635,0.0
787,0,-8.537117958068848,0.9835618734359741,0.896577000617981,0.00994476955384016,0.013106373138725758,False,True,False,False,62,2.4800000190734863,14.010563850402832,3.3447282314300537,5.012510776519775,3.738757848739624,1.507563591003418,-0.013864785432815552,0.0
788,0,-8.886518478393555,-1.0909806489944458,1.0545718669891357,-0.016269030049443245,-0.010385296307504177,True,False,False,False,329,13.15999984741211,0.29910382628440857,20.629440307617188,0.8299165368080139,147.8880615234375,11.23769474029541,0.643831729888916,0.0
789,0,-8.163703918457031,0.3901776671409607,0.9265711307525635,0.00010629071039147675,-4.091591472388245e-05,True,False,False,False,365,14.59999942779541,0.2502579391002655,20.29267120361328,0.8066100478172302,136.24595642089844,9.331914901733398,0.029097169637680054,0.0
790,0,-8.297025680541992,-1.244471549987793,1.234831690788269,0.06437419354915619,-0.05706619471311569,True,False,False,False,261,10.4399995803833,0.29260802268981934,19.86248207092285,0.8328800201416016,122.89716339111328,11.771759033203125,0.5728943347930908,0.0
791,0,-8.166339874267578,1.0070738792419434,0.7880604267120361,-0.09225109219551086,0.1041739359498024,True,False,False,False,466,18.639999389648438,0.27785658836364746,20.363750457763672,0.8051924705505371,145.6947479248047,7.816242218017578,0.29911884665489197,0.0
792,0,-8.633020401000977,-0.6781485676765442,1.2315449714660645,0.003912611864507198,0.10065257549285889,True,False,False,False,274,10.960000038146973,0.2990253269672394,20.266361236572266,0.8312512040138245,99.02146911621094,9.034805297851562,0.40947845578193665,0.0
793,0,-8.813715934753418,1.0213487148284912,0.9801394939422607,-0.0029592544306069613,0.13106904923915863,True,False,False,False,353,14.119999885559082,0.2828349769115448,20.489849090576172,0.831817626953125,102.4301528930664,7.254260063171387,0.0720365047454834,0.0
794,0,-8.681170463562012,0.6861820816993713,1.2006218433380127,-0.1563941389322281,-0.05626993253827095,True,False,False,False,321,12.84000015258789,0.2482106238603592,21.504636764526367,0.7856383919715881,152.5224609375,11.87869644165039,0.09225192666053772,0.0
795,0,-8.957518577575684,0.37625864148139954,1.2388360500335693,0.037604063749313354,0.07324995845556259,False,True,False,False,48,1.9199999570846558,13.986297607421875,3.5996010303497314,4.767632484436035,3.730970859527588,1.9432140588760376,-0.0021436214447021484,0.0
796,0,-8.862844467163086,0.024990588426589966,1.0457208156585693,-0.15272752940654755,-0.0747804045677185,True,False,False,False,371,14.839999198913574,0.29169216752052307,21.382707595825195,0.7979748249053955,167.419921875,11.28166675567627,0.2547886073589325,0.0
797,0,-8.134963035583496,0.7373671531677246,0.7472215890884399,-0.04846725985407829,-0.0292502474039793,True,False,False,False,474,18.959999084472656,0.2864072620868683,20.514097213745117,0.7970762252807617,175.522705078125,9.257527351379395,0.011124968528747559,0.0
798,0,-8.19517993927002,0.33936917781829834,1.0399094820022583,-0.061878375709056854,-0.030833007767796516,True,False,False,False,339,13.559999465942383,0.28510600328445435,20.467750549316406,0.8011934757232666,145.673095703125,10.742854118347168,0.09329727292060852,0.0
799,0,-8.301143646240234,-0.8170095682144165,1.2942373752593994,-0.009319030679762363,0.0006652864394709468,True,False,False,False,259,10.359999656677246,0.2945176064968109,20.03166389465332,0.8247441649436951,115.13270568847656,11.11319637298584,0.6058599948883057,0.0
800,0,-8.519430160522461,-0.8782714605331421,1.0527642965316772,0.07307866960763931,-0.1827491670846939,False,True,False,False,204,8.15999984741211,5.153388500213623,13.634040832519531,1.2279614210128784,28.771278381347656,3.5258920192718506,-0.03565716743469238,0.0
801,0,-8.979937553405762,-0.4253518581390381,0.8107332587242126,0.01004747860133648,0.016570812091231346,True,False,False,False,424,16.959999084472656,0.2571689784526825,20.768638610839844,0.8274549841880798,142.29818725585938,8.390223503112793,0.3688666522502899,0.0
802,0,-8.428670883178711,1.2432878017425537,1.1780842542648315,-0.09400560706853867,-0.014920449815690517,False,True,False,False,48,1.9199999570846558,14.026320457458496,3.2380852699279785,5.149421215057373,3.798485040664673,1.9783776998519897,-0.0185563862323761,0.0
803,0,-8.030892372131348,-0.6708053350448608,1.2391600608825684,-0.008001335896551609,-0.007880575954914093,True,False,False,False,267,10.679999351501465,0.2898121774196625,19.777891159057617,0.8213462829589844,116.7776107788086,10.934233665466309,0.612871527671814,0.0
804,0,-8.458456993103027,-0.9437049627304077,1.2067172527313232,-0.04559079557657242,-0.13405564427375793,True,False,False,False,287,11.479999542236328,0.2868990898132324,20.216354370117188,0.8253068923950195,135.1707763671875,11.774457931518555,0.5854548215866089,0.0
805,0,-8.020228385925293,0.10207802057266235,0.7202318906784058,0.07158713787794113,0.11225665360689163,False,True,False,False,59,2.359999895095825,13.970005989074707,2.6433303356170654,6.136404514312744,3.4345314502716064,1.4553099870681763,-0.005823075771331787,0.0
806,0,-8.329854011535645,-0.2629270553588867,1.1044234037399292,-0.05463789030909538,-0.18950003385543823,False,True,False,False,209,8.359999656677246,5.163610458374023,13.662185668945312,1.2100485563278198,23.844831466674805,2.852252721786499,-0.031792134046554565,0.0
807,0,-8.30373477935791,-0.5492062568664551,0.906688392162323,0.051703352481126785,0.07829650491476059,True,False,False,False,354,14.15999984741211,0.2611408531665802,19.857921600341797,0.8315425515174866,115.89737701416016,8.184843063354492,0.3969307839870453,0.0
808,0,-8.949106216430664,0.2681638300418854,1.2005023956298828,0.007806875742971897,-0.08267474919557571,True,False,False,False,293,11.719999313354492,0.295860230922699,21.174503326416016,0.8099914789199829,128.57066345214844,10.970193862915039,0.086931973695755,0.0
809,0,-8.385435104370117,0.190981924533844,0.8559271097183228,-0.17319363355636597,0.09369920194149017,True,False,False,False,461,18.440000534057617,0.250066876411438,20.893766403198242,0.7938499450683594,154.366455078125,8.371282577514648,0.0943402647972107,0.0
810,0,-8.750693321228027,-0.3798390030860901,1.137291669845581,0.06363314390182495,-0.05333476886153221,True,False,False,False,294,11.75999927520752,0.2824111878871918,20.6691951751709,0.8202968835830688,127.01158142089844,10.800305366516113,0.35862430930137634,0.0
811,0,-8.921154975891113,-0.3433365225791931,0.9007279872894287,-0.15499910712242126,-0.06798343360424042,True,False,False,False,438,17.520000457763672,0.2638930082321167,21.365392684936523,0.8015082478523254,194.71542358398438,11.113893508911133,0.5985289812088013,0.0
812,0,-8.834532737731934,-0.14196805655956268,0.726944625377655,-0.016063248738646507,-0.02860409766435623,True,False,False,False,483,19.31999969482422,0.2910129129886627,20.80081558227539,0.818963885307312,176.43382263183594,9.132185935974121,0.32987532019615173,0.0
813,0,-8.874960899353027,-1.1599360704421997,1.0850054025650024,0.11132600903511047,0.10117927938699722,True,False,False,False,293,11.719999313354492,0.2434028536081314,20.20905113220215,0.8468303680419922,109.63816833496094,9.354792594909668,0.6319830417633057,0.0
814,0,-8.361778259277344,0.6260759830474854,1.2629863023757935,-0.03659475967288017,-0.004781309049576521,True,False,False,False,276,11.039999961853027,0.2661473751068115,20.585107803344727,0.8051159381866455,112.45519256591797,10.186159133911133,0.00165557861328125,0.0
815,0,-8.134194374084473,0.697942852973938,0.7720857262611389,0.013437040150165558,-0.17598214745521545,False,True,False,False,287,11.479999542236328,5.182586669921875,13.863216400146484,1.179295539855957,20.809581756591797,1.8126814365386963,-0.01733335852622986,0.0
816,0,-8.627703666687012,0.15779182314872742,1.2256052494049072,-0.17355984449386597,0.058136455714702606,True,False,False,False,310,12.399999618530273,0.2724190056324005,20.98023223876953,0.8021089434623718,116.82557678222656,9.421418190002441,0.03329187631607056,0.0
817,0,-8.008892059326172,1.050687313079834,0.9505259394645691,0.19689194858074188,-0.007834513671696186,True,False,False,False,308,12.319999694824219,0.29924991726875305,19.58905792236328,0.8291513919830322,129.5878143310547,10.518491744995117,0.20890679955482483,0.0
818,0,-8.539974212646484,-0.24651490151882172,0.867662250995636,0.031564533710479736,-0.016007324680685997,True,False,False,False,384,15.359999656677246,0.26615044474601746,20.39560890197754,0.8208510875701904,139.871337890625,9.106206893920898,0.2955819070339203,0.0
819,0,-8.010555267333984,1.224790096282959,0.7009637951850891,0.006135268602520227,0.16230452060699463,True,False,False,False,476,19.03999900817871,0.284075528383255,19.540111541748047,0.8319258689880371,100.4593276977539,5.276225566864014,0.2995864450931549,0.0
820,0,-8.295016288757324,0.6394143104553223,0.713550865650177,-0.06516536325216293,-0.0011777952313423157,True,False,False,False,508,20.31999969482422,0.26490652561187744,20.656301498413086,0.7991355657577515,174.6643829345703,8.595687866210938,0.020701706409454346,0.0
821,0,-8.5868501663208,0.7703182101249695,0.7799960374832153,0.08092718571424484,0.043766748160123825,False,True,False,False,66,2.6399998664855957,14.039944648742676,3.2476086616516113,5.1743316650390625,3.65030837059021,1.382692575454712,-0.007671713829040527,0.0
822,0,-8.245862007141113,-0.4536139965057373,0.9125005602836609,-0.03311343491077423,0.06175752729177475,True,False,False,False,373,14.920000076293945,0.24917066097259521,19.98896598815918,0.8230543732643127,121.36597442626953,8.134449005126953,0.37524333596229553,0.0
823,0,-8.420221328735352,-0.2809596061706543,0.9362274408340454,-0.04529538378119469,-0.15606069564819336,True,False,False,False,375,15.0,0.29704487323760986,20.330533981323242,0.817615270614624,156.07147216796875,10.404765129089355,0.5471668243408203,0.0
824,0,-8.55773639678955,-1.1759681701660156,0.8633045554161072,0.11008641868829727,0.08388590812683105,True,False,False,False,357,14.279999732971191,0.2781946361064911,19.85725212097168,0.8459490537643433,128.5911102294922,9.004980087280273,0.6198161840438843,0.0
825,0,-8.174345016479492,0.5002479553222656,0.8668645620346069,-0.013374648056924343,0.182241290807724,True,False,False,False,390,15.59999942779541,0.24850130081176758,19.738656997680664,0.8299372792243958,92.38175964355469,5.921907901763916,0.007999539375305176,0.0
826,0,-8.119173049926758,-0.5265253782272339,0.8018669486045837,-0.033660050481557846,0.1398419290781021,True,False,False,False,424,16.959999084472656,0.25372210144996643,19.77194595336914,0.8257917761802673,124.34954071044922,7.331930637359619,0.3073948919773102,0.0
827,0,-8.150354385375977,-1.0978732109069824,0.7067393064498901,-0.14018425345420837,0.13902918994426727,True,False,False,False,535,21.399999618530273,0.27936726808547974,19.97127342224121,0.8205040693283081,175.2237548828125,8.188026428222656,0.6425983905792236,0.0
828,0,-8.018802642822266,0.286618173122406,0.7513818740844727,-0.011026030406355858,-0.159722700715065,False,True,False,False,296,11.84000015258789,5.171203136444092,13.575230598449707,1.1949182748794556,22.821016311645508,1.9274506568908691,-0.02194729447364807,0.0
829,0,-8.81213092803955,-0.0688575953245163,1.1618770360946655,-0.1023092195391655,0.074504055082798,True,False,False,False,317,12.679999351501465,0.23900049924850464,20.982439041137695,0.8107860088348389,114.42593383789062,9.024127960205078,0.004832029342651367,0.0
830,0,-8.259608268737793,-0.3675289452075958,1.0401270389556885,0.03274985030293465,-0.0015441100113093853,True,False,False,False,315,12.59999942779541,0.26918449997901917,20.003633499145508,0.8230323791503906,122.17267608642578,9.696244239807129,0.334723562002182,0.0
831,0,-8.800549507141113,-0.001135990023612976,1.2934056520462036,-0.05965505167841911,0.012413190677762032,True,False,False,False,277,11.079999923706055,0.29442262649536133,20.945566177368164,0.8116538524627686,120.16048431396484,10.844809532165527,0.016878336668014526,0.0
832,0,-8.067858695983887,1.1777596473693848,0.8324159383773804,-0.0951850563287735,-0.06803496181964874,False,True,False,False,61,2.440000057220459,14.027449607849121,2.8847386837005615,5.653777122497559,4.174651145935059,1.7109225988388062,-0.020370185375213623,0.0
833,0,-8.793692588806152,0.9537151455879211,1.2296245098114014,0.00593710970133543,0.03594266250729561,False,True,False,False,49,1.959999918937683,13.993785858154297,3.599222421646118,4.728791236877441,3.4748125076293945,1.7728636264801025,-0.010260164737701416,0.0
834,0,-8.851375579833984,-1.1816824674606323,1.2796800136566162,-0.06692437827587128,-0.14888016879558563,True,False,False,False,279,11.15999984741211,0.293119877576828,20.641176223754883,0.8280326724052429,130.5338134765625,11.696578025817871,0.5818088054656982,0.0
835,0,-8.372078895568848,0.1415957510471344,0.8567632436752319,-0.0671800747513771,-0.17928560078144073,False,True,False,False,278,11.119999885559082,5.155914306640625,13.914443969726562,1.1910409927368164,18.877586364746094,1.697624683380127,-0.04597115516662598,0.0
836,0,-8.444151878356934,1.2189112901687622,0.8029739856719971,-0.004811462480574846,0.002486645011231303,True,False,False,False,426,17.03999900817871,0.284126341342926,20.451047897338867,0.8159943222999573,172.89923095703125,10.146669387817383,0.06280586123466492,0.0
837,0,-8.026355743408203,-0.42503058910369873,1.2737622261047363,0.101633220911026,0.04036468639969826,True,False,False,False,247,9.880000114440918,0.28478628396987915,19.715538024902344,0.8233009576797485,100.60921478271484,10.18311882019043,0.2914658486843109,0.0
838,0,-8.306601524353027,1.0716450214385986,1.094254970550537,0.0463339239358902,-0.08667543530464172,False,True,False,False,46,1.8399999141693115,14.019168853759766,3.164742946624756,5.226565361022949,3.395049571990967,1.8451356887817383,-0.00031691789627075195,0.0
839,0,-8.386003494262695,-0.8975222110748291,1.0805429220199585,-0.06038999930024147,0.02138270065188408,True,False,False,False,322,12.880000114440918,0.24551673233509064,20.2285213470459,0.82110995054245,138.92552185058594,10.78614330291748,0.6843292713165283,0.0
840,0,-8.306455612182617,0.8227702975273132,1.1402058601379395,-0.018618576228618622,0.18023774027824402,True,False,False,False,300,12.0,0.25871625542640686,20.056411743164062,0.8240049481391907,84.22891235351562,7.019075870513916,0.06600093841552734,0.0
841,0,-8.970467567443848,1.1030049324035645,1.0811876058578491,-0.04047124832868576,-0.00442599318921566,False,True,False,False,61,2.440000057220459,13.958744049072266,3.8715527057647705,4.444018363952637,3.7206497192382812,1.524856448173523,-0.0041970014572143555,0.0
842,0,-8.110075950622559,0.2147674560546875,1.281577229499817,-0.15392176806926727,0.03462705761194229,True,False,False,False,286,11.4399995803833,0.2821648120880127,20.52828025817871,0.794585108757019,118.67190551757812,10.373418807983398,0.024562567472457886,0.0
843,0,-8.376225471496582,-0.4439506530761719,0.7403748035430908,0.06455591320991516,0.03478054329752922,True,False,False,False,428,17.119998931884766,0.28654393553733826,19.943925857543945,0.8314343094825745,135.162353515625,7.894997596740723,0.3846660554409027,0.0
844,0,-8.098956108093262,0.3846246004104614,0.967102587223053,-0.0052491966634988785,-0.015676068142056465,True,False,False,False,350,14.0,0.25745296478271484,20.25231170654297,0.8050149083137512,136.4659881591797,9.747570991516113,0.0438685417175293,0.0
845,0,-8.207414627075195,1.1991777420043945,0.8969965577125549,-0.029211359098553658,-0.19499076902866364,False,True,False,False,261,10.4399995803833,5.169187545776367,14.250581741333008,1.1543666124343872,22.93979835510254,2.197298765182495,-0.041182905435562134,0.0
846,0,-8.622095108032227,0.31659379601478577,1.1250722408294678,0.025706909596920013,0.03826805204153061,True,False,False,False,302,12.079999923706055,0.2366424798965454,20.624284744262695,0.8157868981361389,113.19094848632812,9.370111465454102,0.0005708038806915283,0.0
847,0,-8.932586669921875,0.2234455943107605,1.190069556236267,-0.06850896775722504,-0.18350979685783386,True,False,False,False,307,12.279999732971191,0.28664785623550415,21.121309280395508,0.8112195730209351,130.6734161376953,10.641158103942871,0.26399025321006775,0.0
848,0,-8.479671478271484,0.8803005218505859,0.8899766802787781,-0.14891912043094635,0.07515835016965866,True,False,False,False,438,17.520000457763672,0.26610660552978516,21.123640060424805,0.7907006740570068,150.74346923828125,8.604079246520996,0.008080929517745972,0.0
849,0,-8.250120162963867,-0.03611519932746887,1.0761833190917969,0.020044077187776566,0.09390117973089218,False,True,False,False,44,1.7599999904632568,13.98453140258789,2.8487167358398438,5.774586200714111,4.676486492156982,2.657094717025757,-0.003498554229736328,0.0
850,0,-8.095161437988281,-1.2364706993103027,1.2600092887878418,0.09655605256557465,0.09989595413208008,True,False,False,False,247,9.880000114440918,0.2934698164463043,19.505189895629883,0.8377853035926819,105.78215789794922,10.706695556640625,0.6272770166397095,0.0
851,0,-8.344156265258789,-0.5149351954460144,1.261064052581787,0.0042857276275753975,0.09036698937416077,True,False,False,False,266,10.639999389648438,0.28928136825561523,20.148426055908203,0.8215047121047974,101.80777740478516,9.568400382995605,0.303398996591568,0.0
852,0,-8.555065155029297,0.0481162965297699,0.8418453931808472,0.07678710669279099,0.042438264936208725,True,False,False,False,382,15.279999732971191,0.29072245955467224,20.259878158569336,0.8270106315612793,125.69573211669922,8.226161003112793,0.02480754256248474,0.0
853,0,-8.286446571350098,0.0706423819065094,1.1588448286056519,0.14221636950969696,-0.12419477850198746,True,False,False,False,271,10.84000015258789,0.2733795642852783,20.076580047607422,0.8211854100227356,112.2841567993164,10.358317375183105,0.09088754653930664,0.0
854,0,-8.59886646270752,0.5764044523239136,0.9839332103729248,-0.025295382365584373,0.1025850772857666,False,True,False,False,58,2.319999933242798,13.995511054992676,3.29235577583313,5.105334758758545,3.4804861545562744,1.5002095699310303,-0.006198078393936157,0.0
855,0,-8.780152320861816,0.6658984422683716,0.8861717581748962,-0.07611309736967087,0.03974131494760513,True,False,False,False,417,16.68000030517578,0.25669804215431213,21.0762996673584,0.8062599897384644,138.8948974609375,8.327032089233398,0.01554599404335022,0.0
856,0,-8.14644718170166,0.8589044213294983,0.7645360827445984,-0.10730262845754623,-0.11775055527687073,True,False,False,False,492,19.68000030517578,0.2700269818305969,20.80754280090332,0.786666214466095,209.05580139160156,10.622754096984863,0.1346445381641388,0.0
857,0,-8.807969093322754,1.1204743385314941,1.1461619138717651,0.011019266210496426,0.004248656332492828,False,True,False,False,53,2.119999885559082,14.009340286254883,3.662005662918091,4.654334545135498,3.537838935852051,1.6687920093536377,-0.0023936331272125244,0.0
858,0,-8.580885887145996,-1.084028720855713,1.1455327272415161,-0.041426170617341995,-0.0035432646982371807,True,False,False,False,303,12.119999885559082,0.2498798668384552,20.400976181030273,0.8242375254631042,137.95912170410156,11.382765769958496,0.6638760566711426,0.0
859,0,-8.290725708007812,0.10234951972961426,0.9974139928817749,0.0003472614916972816,-0.013196044601500034,True,False,False,False,339,13.559999465942383,0.2730658948421478,20.29329490661621,0.8126347661018372,132.94151306152344,9.803946495056152,0.10231965780258179,0.0
860,0,-8.034382820129395,0.5974282026290894,0.7801316380500793,-0.011715545319020748,-0.006657308898866177,True,False,False,False,435,17.399999618530273,0.28882449865341187,20.19506072998047,0.8044131398200989,154.16224670410156,8.859899520874023,0.0057409703731536865,0.0
861,0,-8.213784217834473,0.08483618497848511,1.2747550010681152,-0.1873330920934677,-0.01816214621067047,True,False,False,False,297,11.880000114440918,0.26972696185112,20.901023864746094,0.7853203415870667,140.22291564941406,11.803276062011719,0.10172435641288757,0.0
862,0,-8.044631958007812,0.35943418741226196,1.2265347242355347,0.1374182105064392,-0.015567908063530922,False,True,False,False,35,1.399999976158142,13.942538261413574,2.7631640434265137,5.8804097175598145,3.6850125789642334,2.6321518421173096,-0.008669942617416382,0.0
863,0,-8.988265037536621,1.1624231338500977,1.1877715587615967,-0.027393124997615814,0.02214507758617401,False,True,False,False,55,2.200000047683716,14.006911277770996,3.846024751663208,4.479133129119873,3.714059352874756,1.688208818435669,-0.0037916898727416992,0.0
864,0,-8.876030921936035,0.341375470161438,0.7324426174163818,-0.09209881722927094,0.12060210108757019,True,False,False,False,519,20.760000228881836,0.2541840374469757,20.942148208618164,0.815550684928894,144.5818634033203,6.964444160461426,0.0028852522373199463,0.0
865,0,-8.008511543273926,0.13816595077514648,1.1448620557785034,-0.10400820523500443,0.11570920795202255,True,False,False,False,312,12.479999542236328,0.230621337890625,20.26933479309082,0.7996852993965149,114.65707397460938,9.18726634979248,0.004447847604751587,0.0
866,0,-8.833847045898438,-0.713388979434967,1.0560461282730103,-0.0769152045249939,-0.05284871906042099,True,False,False,False,344,13.75999927520752,0.241228848695755,20.881303787231445,0.8164490461349487,156.01800537109375,11.338518142700195,0.6412937641143799,0.0
867,0,-8.764717102050781,0.4670621454715729,1.1920795440673828,-0.0004065649409312755,-0.00010081526852445677,True,False,False,False,292,11.679999351501465,0.26226288080215454,20.879467010498047,0.8128097653388977,118.81716918945312,10.172703742980957,0.018064439296722412,0.0
868,0,-8.430112838745117,-0.18519170582294464,0.9481973052024841,-0.09263995289802551,0.03755195066332817,True,False,False,False,383,15.319999694824219,0.2793790400028229,20.590709686279297,0.807700514793396,134.09669494628906,8.753047943115234,0.20271119475364685,0.0
869,0,-8.471540451049805,-0.8182773590087891,1.1476072072982788,-0.03394421190023422,-0.03377614542841911,True,False,False,False,301,12.039999961853027,0.28325191140174866,20.368375778198242,0.819469153881073,138.4415740966797,11.498469352722168,0.6195465326309204,0.0
870,0,-8.869397163391113,1.146952509880066,0.7881104946136475,0.030010851100087166,0.01383085735142231,False,True,False,False,75,3.0,14.016112327575684,3.619032859802246,4.727015018463135,4.784674644470215,1.5948915481567383,-0.027877241373062134,0.0
871,0,-8.610001564025879,0.6170307397842407,0.8023486733436584,0.0007374544511549175,-0.06594831496477127,True,False,False,False,432,17.279998779296875,0.27055996656417847,20.814180374145508,0.8081569075584412,167.03366088867188,9.666300773620605,0.13173922896385193,0.0
872,0,-8.223173141479492,0.5721673369407654,0.7252153158187866,-0.15091045200824738,-0.035085324198007584,True,False,False,False,544,21.760000228881836,0.2914395034313202,20.98944091796875,0.782915472984314,221.77838134765625,10.192021369934082,0.18568184971809387,0.0
873,0,-8.2366943359375,0.5483958125114441,1.0512540340423584,0.12152720242738724,-0.043775785714387894,True,False,False,False,301,12.039999961853027,0.2651556432247162,20.198986053466797,0.8141832947731018,118.92424774169922,9.877429008483887,0.0026878416538238525,0.0
874,0,-8.65717887878418,-0.040848925709724426,0.702613890171051,0.18655537068843842,-0.04604875296354294,False,True,False,False,454,18.15999984741211,1.5703339576721191,21.749738693237305,0.7750542163848877,141.05435180664062,7.76731014251709,-0.003405749797821045,0.0
875,0,-8.00068187713623,0.33865705132484436,0.9625272750854492,-0.06702917814254761,-0.09829811751842499,True,False,False,False,365,14.59999942779541,0.2894192636013031,20.25669288635254,0.7999410033226013,160.2706756591797,10.97744369506836,0.1886242926120758,0.0
876,0,-8.023990631103516,0.6007827520370483,0.8939632177352905,-0.07108595222234726,0.02838774397969246,True,False,False,False,399,15.960000038146973,0.2467808723449707,20.445049285888672,0.7940753102302551,143.35308837890625,8.982023239135742,0.010565698146820068,0.0
877,0,-8.110404968261719,0.24328351020812988,1.2109400033950806,-0.17522022128105164,-0.026914138346910477,True,False,False,False,309,12.359999656677246,0.28885626792907715,20.683095932006836,0.7886723875999451,141.2127685546875,11.424981117248535,0.11219272017478943,0.0
878,0,-8.243383407592773,-0.5439758896827698,1.0962457656860352,-0.15316800773143768,-0.08312418311834335,True,False,False,False,340,13.59999942779541,0.29770588874816895,20.58722496032715,0.7991468906402588,168.16250610351562,12.364891052246094,0.6182609796524048,0.0
879,0,-8.977058410644531,-1.1134672164916992,0.7140575051307678,-0.015153267420828342,0.0043006460182368755,True,False,False,False,487,19.479999542236328,0.2989591956138611,20.614818572998047,0.8349572420120239,184.3610076904297,9.464118003845215,0.6151854991912842,0.0
880,0,-8.687516212463379,0.7978439331054688,1.2854299545288086,-0.086620032787323,-0.12220806628465652,True,False,False,False,287,11.479999542236328,0.22936777770519257,21.33070182800293,0.7925676703453064,133.138916015625,11.597467422485352,0.07374155521392822,0.0
881,0,-8.025769233703613,-0.34150511026382446,0.9272080659866333,-0.1585109531879425,-0.011000684462487698,True,False,False,False,405,16.19999885559082,0.2513449788093567,20.399234771728516,0.7955836653709412,170.8223114013672,10.544588088989258,0.49042120575904846,0.0
882,0,-8.794035911560059,-0.16476333141326904,1.0495442152023315,0.1183033213019371,0.0003034294059034437,True,False,False,False,306,12.239999771118164,0.2651803493499756,20.48571014404297,0.829594075679779,111.15339660644531,9.081159591674805,0.07371687889099121,0.0
883,0,-8.166240692138672,-0.783510684967041,1.0487983226776123,0.0406358502805233,-0.06264791637659073,True,False,False,False,311,12.4399995803833,0.287984162569046,19.95291519165039,0.8211656808853149,142.03318786621094,11.417459487915039,0.6226363182067871,0.0
884,0,-8.65311050415039,-0.8106579780578613,0.9139507412910461,-0.07276086509227753,0.010070462711155415,True,False,False,False,393,15.719999313354492,0.24996061623096466,20.58986473083496,0.8194447159767151,158.03184509277344,10.052916526794434,0.694055438041687,0.0
885,0,-8.674785614013672,-0.6083934307098389,1.062880516052246,-0.03714831918478012,0.06536267697811127,True,False,False,False,328,13.119999885559082,0.2756144404411316,20.49616050720215,0.8238400816917419,115.96707153320312,8.838953971862793,0.438493937253952,0.0
886,0,-8.64593505859375,-0.6622846126556396,1.0637667179107666,0.00021940580336377025,8.099644765025005e-05,True,False,False,False,318,12.719999313354492,0.2867053747177124,20.298643112182617,0.8305344581604004,123.49629211425781,9.708828926086426,0.6311484575271606,0.0
887,0,-8.338083267211914,-0.3703206777572632,1.0775848627090454,-0.013292466290295124,-0.009024015627801418,True,False,False,False,316,12.639999389648438,0.2670065760612488,20.289661407470703,0.8152997493743896,130.6785125732422,10.33849048614502,0.3591836988925934,0.0
888,0,-8.093271255493164,0.556495189666748,0.9693914651870728,-0.07474879175424576,-0.11125911772251129,True,False,False,False,369,14.75999927520752,0.2661522328853607,20.539661407470703,0.7937132120132446,161.79344177246094,10.961615562438965,0.142872154712677,0.0
889,0,-8.735424995422363,0.4064890742301941,1.1663198471069336,0.013279952108860016,0.013216700404882431,True,False,False,False,295,11.800000190734863,0.2837958037853241,20.76862907409668,0.815663754940033,115.46121215820312,9.7848482131958,0.006461799144744873,0.0
890,0,-8.90683364868164,0.24558112025260925,0.7415992021560669,0.0007428998360410333,0.025142932310700417,True,False,False,False,469,18.760000228881836,0.2729182243347168,20.863473892211914,0.8200247883796692,149.98611450195312,7.9949951171875,0.10714295506477356,0.0
891,0,-8.48357105255127,-1.0630371570587158,1.0709419250488281,-0.10221298784017563,0.0485437773168087,True,False,False,False,335,13.399999618530273,0.290854811668396,20.37787437438965,0.8203410506248474,140.96182250976562,10.519538879394531,0.6970096826553345,0.0
892,0,-8.244179725646973,0.45598700642585754,1.2248075008392334,0.13769882917404175,-0.008449827320873737,False,True,False,False,38,1.5199999809265137,13.938807487487793,2.992405652999878,5.497378826141357,3.5099895000457764,2.309203624725342,-0.006711184978485107,0.0
893,0,-8.111407279968262,0.9661643505096436,1.2262814044952393,0.03757716342806816,-0.04946101829409599,False,True,False,False,38,1.5199999809265137,13.981460571289062,2.8715667724609375,5.69009256362915,5.539422988891602,3.644357204437256,-0.06858518719673157,0.0
894,0,-8.931180953979492,-0.023007839918136597,0.818864643573761,0.0015316122444346547,3.4585259527375456e-06,True,False,False,False,426,17.03999900817871,0.27241942286491394,20.95452880859375,0.8175414800643921,147.93780517578125,8.68179702758789,0.13849112391471863,0.0
895,0,-8.616422653198242,-0.04748545587062836,1.1840496063232422,0.0034411726519465446,0.0003011726657859981,True,False,False,False,290,11.59999942779541,0.265826553106308,20.637422561645508,0.8148542046546936,116.89814758300781,10.07742691040039,0.027750849723815918,0.0
896,0,-8.132014274597168,1.0040769577026367,0.8559086322784424,0.1750774085521698,-0.008715563453733921,True,False,False,False,345,13.799999237060547,0.2838349938392639,19.737688064575195,0.8289875388145447,135.3168487548828,9.805569648742676,0.0851077139377594,0.0
897,0,-8.204154014587402,-1.0666288137435913,0.756145179271698,0.0016237037489190698,0.024145159870386124,True,False,False,False,435,17.399999618530273,0.29770606756210327,19.769508361816406,0.8314913511276245,167.32435607910156,9.616342544555664,0.6706029176712036,0.0
898,0,-8.43765926361084,1.1725133657455444,1.1835360527038574,0.021319463849067688,-0.1718064844608307,True,False,False,False,289,11.559999465942383,0.2995254397392273,20.73728370666504,0.8042613863945007,116.2791976928711,10.058754920959473,0.01848176121711731,0.0
899,0,-8.75288200378418,0.7826085090637207,0.9712696075439453,0.05641370266675949,0.011613530106842518,False,True,False,False,58,2.319999933242798,13.992022514343262,3.4926631450653076,4.8589348793029785,3.3399887084960938,1.439650297164917,-0.00935247540473938,0.0
900,0,-8.432535171508789,-0.04351086914539337,1.0330027341842651,0.02979530394077301,0.016134347766637802,True,False,False,False,323,12.920000076293945,0.25147607922554016,20.336406707763672,0.8178726434707642,118.52286529541016,9.173596382141113,0.04036504030227661,0.0
901,0,-8.814356803894043,0.2389688789844513,0.9880900979042053,-0.10496526211500168,0.04858582466840744,True,False,False,False,378,15.119999885559082,0.26855728030204773,21.048681259155273,0.8084120154380798,130.8267822265625,8.652565002441406,0.07481670379638672,0.0
902,0,-8.263639450073242,-0.22607013583183289,0.7923159003257751,-0.1103675588965416,-0.10190682113170624,True,False,False,False,469,18.760000228881836,0.26319995522499084,20.46917724609375,0.8043882846832275,202.6835479736328,10.80402660369873,0.6075922250747681,0.0
903,0,-8.011181831359863,0.7325900793075562,1.0107965469360352,-0.01676315627992153,-0.14918947219848633,True,False,False,False,338,13.519999504089355,0.29418835043907166,20.283950805664062,0.80001300573349,138.21958923339844,10.223342895507812,0.03807607293128967,0.0
904,0,-8.710248947143555,-0.9577909111976624,0.7972365021705627,-0.11028541624546051,0.09084431082010269,True,False,False,False,468,18.719999313354492,0.2763742208480835,20.594770431518555,0.8223873972892761,157.87059020996094,8.433258056640625,0.6940501928329468,0.0
905,0,-8.67948055267334,1.0656242370605469,0.8486073017120361,-0.007197882980108261,0.06838922202587128,True,False,False,False,409,16.35999870300293,0.2823793590068817,20.611289978027344,0.8205454349517822,144.6029510498047,8.838811874389648,0.02298000454902649,0.0
906,0,-8.98157787322998,-1.2148239612579346,1.2320561408996582,-0.12657226622104645,-0.06282427906990051,True,False,False,False,304,12.15999984741211,0.29575902223587036,21.13579750061035,0.8149084448814392,154.7316131591797,12.724638938903809,0.6372802257537842,0.0
907,0,-8.6558837890625,-0.38192063570022583,0.9047089219093323,0.07678811252117157,-0.06517902761697769,True,False,False,False,358,14.319999694824219,0.29276567697525024,20.323993682861328,0.829568088054657,140.8727569580078,9.837483406066895,0.4727284014225006,0.0
908,0,-8.974246978759766,-1.219449758529663,1.1168066263198853,-0.005839198362082243,-0.007999417372047901,True,False,False,False,309,12.359999656677246,0.2887626588344574,20.638553619384766,0.8342031240463257,135.44618225097656,10.958429336547852,0.6264967918395996,0.0
909,0,-8.650601387023926,-1.0675528049468994,0.8844265341758728,0.002722446108236909,0.005651699844747782,True,False,False,False,381,15.239999771118164,0.29387953877449036,20.25575828552246,0.833530604839325,154.31350708007812,10.125557899475098,0.6525919437408447,0.0
910,0,-8.10596752166748,1.213814616203308,0.9867452383041382,-0.1383233517408371,-0.0813087448477745,False,True,False,False,53,2.119999885559082,14.037647247314453,2.9300971031188965,5.580112457275391,5.291126728057861,2.495814561843872,-0.013256818056106567,0.0
911,0,-8.102193832397461,-0.9970395565032959,0.7221124768257141,-0.060556523501873016,-0.02982601709663868,True,False,False,False,485,19.399999618530273,0.2892065644264221,19.995025634765625,0.8168084621429443,208.02122497558594,10.72274398803711,0.6588584184646606,0.0
912,0,-8.890518188476562,-0.5008611679077148,1.0404133796691895,-0.056114405393600464,0.02027818188071251,True,False,False,False,344,13.75999927520752,0.2852935791015625,20.824655532836914,0.8210329413414001,130.1234130859375,9.456644058227539,0.4088766276836395,0.0
913,0,-8.289090156555176,-0.5899778008460999,1.155327558517456,0.02326126955449581,0.0009082261240109801,True,False,False,False,285,11.399999618530273,0.2400374412536621,19.977825164794922,0.8258883357048035,115.0970687866211,10.096234321594238,0.55478835105896,0.0
914,0,-8.717203140258789,-0.3655342757701874,1.2722197771072388,0.0025807267520576715,-0.11045947670936584,True,False,False,False,271,10.84000015258789,0.2791321277618408,20.660261154174805,0.8190159797668457,120.21394348144531,11.08984661102295,0.40644189715385437,0.0
915,0,-8.320585250854492,-0.19372113049030304,1.209054708480835,0.03715763986110687,-0.0037297464441508055,True,False,False,False,274,10.960000038146973,0.2502225637435913,20.2131404876709,0.8173742890357971,116.07319641113281,10.590620040893555,0.12106618285179138,0.0
916,0,-8.51291561126709,-0.19892551004886627,0.8867377638816833,0.013537198305130005,-0.04053734242916107,True,False,False,False,380,15.199999809265137,0.26036322116851807,20.380149841308594,0.8201156854629517,144.62525939941406,9.514820098876953,0.2997800409793854,0.0
917,0,-8.8314790725708,0.7448173761367798,1.1146363019943237,0.008449088782072067,-0.04967754706740379,True,False,False,False,315,12.59999942779541,0.2836983799934387,21.169607162475586,0.8052806854248047,134.44021606445312,10.669858932495117,0.02301657199859619,0.0
918,0,-8.091023445129395,0.8690862655639648,0.9484034776687622,0.014955252408981323,0.009555172175168991,False,True,False,False,49,1.959999918937683,13.998069763183594,2.8111460208892822,5.803245544433594,3.875253915786743,1.977170467376709,-0.04017564654350281,0.0
919,0,-8.83668327331543,-0.7743080854415894,1.2675914764404297,0.035279661417007446,0.05282490700483322,True,False,False,False,263,10.519999504089355,0.2901400327682495,20.322799682617188,0.8391543626785278,99.81499481201172,9.488118171691895,0.569259524345398,0.0
920,0,-8.399888038635254,-1.1263277530670166,0.7535984516143799,-0.07924695312976837,0.043821126222610474,True,False,False,False,474,18.959999084472656,0.26313477754592896,20.16661262512207,0.8249961733818054,180.59698486328125,9.525157928466797,0.7117373943328857,0.0
921,0,-8.919878005981445,0.13309240341186523,1.1134538650512695,-0.08776363730430603,0.05955206975340843,True,False,False,False,331,13.239999771118164,0.23761917650699615,21.108348846435547,0.8110717535018921,121.14934539794922,9.150253295898438,0.01477360725402832,0.0
922,0,-8.687660217285156,-0.22913090884685516,1.1239371299743652,-0.08838080614805222,-0.0007259626872837543,True,False,False,False,324,12.960000038146973,0.2722766101360321,20.896217346191406,0.8082413673400879,131.88356018066406,10.176200866699219,0.21766254305839539,0.0
923,0,-8.036785125732422,0.7811075448989868,1.0476703643798828,0.10614988952875137,-0.08883652091026306,False,True,False,False,42,1.6799999475479126,13.970187187194824,2.861447811126709,5.680768966674805,3.3222389221191406,1.9775232076644897,-0.014457494020462036,0.0
924,0,-8.321353912353516,0.6806522607803345,0.7295457720756531,-0.028811728581786156,-0.02200339175760746,True,False,False,False,482,19.279998779296875,0.26433032751083374,20.653905868530273,0.8005807995796204,175.72149658203125,9.11418628692627,0.016133636236190796,0.0
925,0,-8.128716468811035,0.8627313375473022,1.128474235534668,0.042291201651096344,0.05235225334763527,False,True,False,False,42,1.6799999475479126,13.955759048461914,2.8932693004608154,5.651420593261719,3.723496437072754,2.21636700630188,-0.03211095929145813,0.0
926,0,-8.980408668518066,0.17585128545761108,0.9828366041183472,-0.12965375185012817,-0.14787141978740692,True,False,False,False,390,15.59999942779541,0.25826534628868103,21.20307159423828,0.8103209733963013,161.79641723632812,10.371565818786621,0.38642457127571106,0.0
927,0,-8.907736778259277,-0.50020432472229,1.0067466497421265,0.1597898006439209,-0.016429783776402473,True,False,False,False,312,12.479999542236328,0.27243104577064514,20.520275115966797,0.83404940366745,115.28374481201172,9.237480163574219,0.3857276141643524,0.0
928,0,-8.207491874694824,-0.7604649662971497,1.1533446311950684,-0.19003146886825562,0.03419405221939087,True,False,False,False,325,13.0,0.27972227334976196,20.4271183013916,0.8040679693222046,142.26646423339844,10.943573951721191,0.6970659494400024,0.0
929,0,-8.916731834411621,-0.27230098843574524,1.0427862405776978,-0.020940402522683144,0.005280258599668741,True,False,False,False,338,13.519999504089355,0.2441464364528656,20.91193389892578,0.8186168670654297,129.05926513671875,9.545804023742676,0.20558330416679382,0.0
930,0,-8.765463829040527,0.47770604491233826,0.8918793201446533,0.04985375702381134,-0.09232122451066971,True,False,False,False,378,15.119999885559082,0.28582239151000977,20.836875915527344,0.8145209550857544,151.74136352539062,10.035804748535156,0.17021384835243225,0.0
931,0,-8.699203491210938,-0.9573502540588379,1.2600637674331665,-0.09516087174415588,0.05256742238998413,True,False,False,False,283,11.319999694824219,0.29381126165390015,20.49104881286621,0.8260108828544617,117.42625427246094,10.373344421386719,0.6632386445999146,0.0
932,0,-8.735405921936035,0.019475817680358887,1.246957540512085,0.14758269488811493,-0.038287680596113205,True,False,False,False,259,10.359999656677246,0.2764870822429657,20.6452693939209,0.8203048706054688,110.40695190429688,10.657042503356934,0.008628129959106445,0.0
933,0,-8.99734115600586,-0.602029025554657,0.9796026945114136,0.11244252324104309,-0.10226937383413315,True,False,False,False,329,13.15999984741211,0.2689100503921509,20.503198623657227,0.8392688035964966,131.65179443359375,10.003935813903809,0.523343563079834,0.0
934,0,-8.697779655456543,0.3083750605583191,1.1716816425323486,0.1467588096857071,0.03359834477305412,False,True,False,False,44,1.7599999904632568,13.987722396850586,3.3277578353881836,5.0786590576171875,3.6485650539398193,2.0730483531951904,-0.0035317838191986084,0.0
935,0,-8.492232322692871,-0.7402887940406799,0.7194629311561584,-0.10131710767745972,-0.13592205941677094,False,True,False,False,347,13.880000114440918,5.167419910430908,13.83554458618164,1.2076396942138672,27.196958541870117,1.959434986114502,-0.023445069789886475,0.0
936,0,-8.550054550170898,1.151186227798462,1.220617413520813,0.08795437216758728,-0.09931443631649017,False,True,False,False,44,1.7599999904632568,14.004002571105957,3.4355368614196777,4.886826992034912,3.305013418197632,1.877848505973816,-0.008676648139953613,0.0
937,0,-8.545879364013672,-1.2434686422348022,0.7678477764129639,0.17541095614433289,0.030243489891290665,True,False,False,False,383,15.319999694824219,0.29975026845932007,19.951539993286133,0.8415979146957397,144.34242248535156,9.421829223632812,0.6388936042785645,0.0
938,0,-8.985054016113281,-0.32744938135147095,0.9828478693962097,0.014657454565167427,-0.10151442885398865,True,False,False,False,350,14.0,0.28539127111434937,20.745403289794922,0.8285266757011414,140.96119689941406,10.068656921386719,0.47266826033592224,0.0
939,0,-8.283300399780273,1.0763592720031738,0.7019802331924438,0.08442028611898422,0.01924920454621315,True,False,False,False,444,17.760000228881836,0.29342883825302124,19.92724609375,0.8289043307304382,162.26611328125,9.136605262756348,0.15657803416252136,0.0
940,0,-8.242464065551758,0.8816860914230347,1.1311619281768799,0.0541464239358902,-0.08968186378479004,False,True,False,False,43,1.71999990940094,13.988751411437988,3.064701557159424,5.372681140899658,3.337097644805908,1.9401731491088867,-0.0040464699268341064,0.0
941,0,-8.40310001373291,0.4425258934497833,1.2967536449432373,-0.01660836488008499,-0.01762445643544197,True,False,False,False,267,10.679999351501465,0.2416195571422577,20.632715225219727,0.8049784302711487,115.85005950927734,10.847384452819824,0.0033497214317321777,0.0
942,0,-8.888700485229492,-1.1395583152770996,0.9934553503990173,-0.019172847270965576,0.025708341971039772,True,False,False,False,349,13.960000038146973,0.2902573049068451,20.585908889770508,0.8319283723831177,144.05697631835938,10.319267272949219,0.6763538122177124,0.0
943,0,-8.802927017211914,0.7575463056564331,1.1450982093811035,0.10719257593154907,0.049403805285692215,False,True,False,False,49,1.959999918937683,13.98617172241211,3.529402256011963,4.822206020355225,3.5958523750305176,1.8346186876296997,-0.02559998631477356,0.0
944,0,-8.705914497375488,-0.9539011716842651,0.9104617834091187,-0.014097757637500763,-0.0048947809264063835,True,False,False,False,378,15.119999885559082,0.2694660723209381,20.46695327758789,0.8273012638092041,152.6649932861328,10.096891403198242,0.6485341787338257,0.0
945,0,-8.267627716064453,0.8405429124832153,1.162268877029419,-0.08294083178043365,0.12756508588790894,False,True,False,False,46,1.8399999141693115,13.973748207092285,3.0251102447509766,5.450605869293213,3.655799150466919,1.9868474006652832,-0.009335488080978394,0.0
946,0,-8.822525978088379,-0.5491858124732971,0.9386364817619324,-0.07969216257333755,0.12387241423130035,True,False,False,False,386,15.4399995803833,0.2736932933330536,20.608797073364258,0.8264057636260986,120.29727935791016,7.791274547576904,0.25523361563682556,0.0
947,0,-8.19020938873291,0.6482393741607666,0.9103878736495972,-0.08572164922952652,-0.10504718124866486,True,False,False,False,398,15.920000076293945,0.2916516959667206,20.607301712036133,0.7959700226783752,172.3177490234375,10.823979377746582,0.1302395761013031,0.0
948,0,-8.244750022888184,0.745311975479126,0.7242881059646606,0.06297535449266434,0.1208951398730278,True,False,False,False,440,17.600000381469727,0.2862400412559509,19.790746688842773,0.8317690491676331,104.32041931152344,5.9272966384887695,0.1498761773109436,0.0
949,0,-8.713666915893555,-1.1475168466567993,0.7107099294662476,-0.0738309994339943,-0.03910135477781296,True,False,False,False,515,20.600000381469727,0.2813882827758789,20.62397575378418,0.82194983959198,215.14759826660156,10.444058418273926,0.6635123491287231,0.0
950,0,-8.454736709594727,-0.791206955909729,0.8121028542518616,0.055216558277606964,-0.14183233678340912,True,False,False,False,396,15.839999198913574,0.29959532618522644,19.8112735748291,0.8416010737419128,146.2979278564453,9.235980987548828,0.42978808283805847,0.0
951,0,-8.738129615783691,0.4454749822616577,0.8505603075027466,-0.1819160431623459,-0.004273350350558758,True,False,False,False,477,19.079999923706055,0.26401761174201965,21.472318649291992,0.789103627204895,186.9746856689453,9.799511909484863,0.22105064988136292,0.0
952,0,-8.8488187789917,-0.3558178246021271,0.8646199703216553,-0.020784704014658928,0.043804168701171875,True,False,False,False,405,16.19999885559082,0.2872568964958191,20.714902877807617,0.823198139667511,132.3358154296875,8.168877601623535,0.26291200518608093,0.0
953,0,-8.376195907592773,0.08012071251869202,0.9798333048820496,0.07463904470205307,-0.02838589809834957,True,False,False,False,331,13.239999771118164,0.2646143138408661,20.27968978881836,0.8173885941505432,130.1202392578125,9.827813148498535,0.0777803361415863,0.0
954,0,-8.64301586151123,0.6660194396972656,0.8138611912727356,-0.005089076701551676,-0.12220486253499985,True,False,False,False,428,17.119998931884766,0.2915508449077606,20.782962799072266,0.8110464811325073,166.2241973876953,9.709358215332031,0.21342042088508606,0.0
955,0,-8.603331565856934,0.2384805679321289,1.234246850013733,-0.11910329014062881,0.060618266463279724,True,False,False,False,298,11.920000076293945,0.24887028336524963,20.856956481933594,0.8057262301445007,112.14028930664062,9.407742500305176,0.01646605134010315,0.0
956,0,-8.735986709594727,0.49974605441093445,0.7771164178848267,0.08253875374794006,0.07408090680837631,False,True,False,False,69,2.759999990463257,14.007254600524902,3.372816801071167,5.023466110229492,3.5077621936798096,1.2709283828735352,-0.0091916024684906,0.0
957,0,-8.81025218963623,-0.16499720513820648,1.2168910503387451,-0.07988124340772629,0.060014206916093826,True,False,False,False,297,11.880000114440918,0.26283493638038635,20.875375747680664,0.8148854374885559,107.72134399414062,9.067453384399414,0.009291768074035645,0.0
958,0,-8.718915939331055,-1.0472817420959473,1.2625764608383179,0.17708554863929749,-0.06125625967979431,True,False,False,False,250,10.0,0.2522317171096802,20.38195037841797,0.8316542506217957,117.6470718383789,11.764707565307617,0.5847374200820923,0.0
959,0,-8.581866264343262,-0.26988834142684937,1.2343506813049316,-0.08526261895895004,-0.04585420340299606,True,False,False,False,293,11.719999313354492,0.2718158960342407,20.86507225036621,0.8044065237045288,132.05758666992188,11.267712593078613,0.2858664095401764,0.0
960,0,-8.474186897277832,0.7761485576629639,0.8246710896492004,-0.1813618689775467,-0.02973037213087082,True,False,False,False,491,19.639999389648438,0.2902675271034241,21.391063690185547,0.780322253704071,206.16708374023438,10.497305870056152,0.1281968057155609,0.0
961,0,-8.04715633392334,-1.065905213356018,1.1594291925430298,0.08849344402551651,-0.097113236784935,True,False,False,False,273,10.920000076293945,0.2797330617904663,19.716276168823242,0.825787365436554,128.9939727783203,11.812634468078613,0.5371179580688477,0.0
962,0,-8.641222953796387,-0.6783552169799805,1.1469347476959229,0.09682980179786682,0.05688830092549324,True,False,False,False,279,11.15999984741211,0.268929660320282,20.117053985595703,0.8378285765647888,100.57422637939453,9.012027740478516,0.46067216992378235,0.0
963,0,-8.56584644317627,-0.7983759045600891,0.7349715232849121,-0.02907608076930046,-0.14630581438541412,True,False,False,False,474,18.959999084472656,0.26999494433403015,20.129924774169922,0.8338088393211365,173.10728454589844,9.130131721496582,0.47756269574165344,0.0
964,0,-8.692039489746094,-0.9578145742416382,0.9441162347793579,-0.07934138178825378,-0.12866738438606262,True,False,False,False,384,15.359999656677246,0.2539941072463989,20.546594619750977,0.8234308958053589,166.86061096191406,10.863321304321289,0.5847104787826538,0.0
965,0,-8.284971237182617,-0.6091693043708801,1.0957540273666382,-0.04837551340460777,-0.01722664013504982,True,False,False,False,314,12.559999465942383,0.26067066192626953,20.128173828125,0.8195489048957825,136.56385803222656,10.872919082641602,0.6549090147018433,0.0
966,0,-8.751487731933594,0.8637514710426331,0.9092906713485718,0.11267826706171036,0.019482096657156944,False,True,False,False,60,2.3999998569488525,14.000974655151367,3.5050480365753174,4.842472553253174,3.241607189178467,1.3506697416305542,-0.0199262797832489,0.0
967,0,-8.295838356018066,0.6421864032745361,0.805759608745575,0.007891091518104076,0.00856777187436819,True,False,False,False,420,16.799999237060547,0.27109235525131226,20.409643173217773,0.8088388442993164,146.46221923828125,8.717989921569824,0.004479050636291504,0.0
968,0,-8.449785232543945,-0.41733378171920776,1.1603187322616577,0.1816987246274948,0.017437560483813286,True,False,False,False,262,10.479999542236328,0.2997247278690338,19.84886932373047,0.8390867114067078,96.35015869140625,9.193717956542969,0.24918565154075623,0.0
969,0,-8.433385848999023,1.0677690505981445,1.1760026216506958,-0.017839988693594933,0.006392231676727533,False,True,False,False,46,1.8399999141693115,14.032387733459473,3.2111423015594482,5.190370559692383,3.428034782409668,1.8630625009536743,-0.016236573457717896,0.0
970,0,-8.954699516296387,-1.0434753894805908,0.9660372734069824,0.060763049870729446,-0.03390584513545036,True,False,False,False,342,13.679999351501465,0.2965189814567566,20.50553321838379,0.8381085991859436,141.2809600830078,10.327555656433105,0.6037131547927856,0.0
971,0,-8.603342056274414,-1.0663591623306274,1.2002577781677246,0.02016100473701954,-0.1297600120306015,True,False,False,False,281,11.239999771118164,0.27172380685806274,20.303447723388672,0.8292460441589355,131.28660583496094,11.680303573608398,0.580133318901062,0.0
972,0,-8.769437789916992,-0.8830239772796631,0.9671329259872437,-0.009448395110666752,-0.009991711005568504,True,False,False,False,356,14.239999771118164,0.2495502531528473,20.538726806640625,0.827315092086792,146.26202392578125,10.271209716796875,0.6313138008117676,0.0
973,0,-8.449841499328613,0.5344441533088684,1.116092324256897,0.07817837595939636,-0.12437981367111206,True,False,False,False,296,11.84000015258789,0.2839636206626892,20.570219039916992,0.8098244667053223,124.18389129638672,10.488504409790039,0.06736233830451965,0.0
974,0,-8.277002334594727,-0.5823891758918762,0.7040331959724426,-0.13632678985595703,0.13625140488147736,True,False,False,False,544,21.760000228881836,0.27806392312049866,20.242366790771484,0.8144851922988892,156.94309997558594,7.212458610534668,0.39103928208351135,0.0
975,0,-8.196844100952148,-1.0454192161560059,0.813941478729248,-0.04937845095992088,-0.008460692130029202,True,False,False,False,424,16.959999084472656,0.27727797627449036,19.99424171447754,0.8217136263847351,179.5902557373047,10.589048385620117,0.6704407930374146,0.0
976,0,-8.86214828491211,1.131603479385376,1.2867352962493896,0.08411584049463272,0.15580816566944122,True,False,False,False,258,10.319999694824219,0.2756413221359253,20.443498611450195,0.8364021182060242,78.15061950683594,7.572734832763672,0.09400424361228943,0.0
977,0,-8.049483299255371,-0.6529707908630371,1.227907657623291,0.08170230686664581,0.09422104805707932,True,False,False,False,256,10.239999771118164,0.28735828399658203,19.557876586914062,0.8314993381500244,97.02558898925781,9.4751558303833,0.47452136874198914,0.0
978,0,-8.368768692016602,-0.10538741946220398,0.9787915945053101,-0.015056397765874863,0.11348360776901245,False,True,False,False,53,2.119999885559082,13.927762985229492,3.0431222915649414,5.444769382476807,3.6788556575775146,1.735309362411499,-0.0011364519596099854,0.0
979,0,-8.990273475646973,-0.7014507055282593,0.8180296421051025,-0.011987609788775444,-0.1001250296831131,True,False,False,False,428,17.119998931884766,0.26058903336524963,20.705921173095703,0.8308895826339722,174.74476623535156,10.20705509185791,0.559040904045105,0.0
980,0,-8.794632911682129,-0.1943584531545639,0.9404730796813965,0.15632879734039307,0.026600072160363197,True,False,False,False,330,13.199999809265137,0.29742932319641113,20.35628318786621,0.8349130153656006,106.76342010498047,8.08813762664795,0.06433901190757751,0.0
981,0,-8.20252799987793,-1.1527974605560303,1.187660813331604,0.1295512169599533,-0.016551537439227104,True,False,False,False,261,10.4399995803833,0.2454996109008789,19.727834701538086,0.8334550857543945,122.74549865722656,11.757231712341309,0.6261820793151855,0.0
982,0,-8.932720184326172,-0.7006716728210449,1.2191436290740967,0.08247333019971848,-0.04735901951789856,True,False,False,False,272,10.880000114440918,0.29938507080078125,20.632474899291992,0.8310585618019104,118.44580078125,10.88656234741211,0.5807528495788574,0.0
983,0,-8.92793083190918,1.194434642791748,1.129507303237915,-0.19343669712543488,0.0005454328493215144,True,False,False,False,355,14.199999809265137,0.296821653842926,21.813220977783203,0.7870829105377197,144.24234008789062,10.15791130065918,0.013387829065322876,0.0
984,0,-8.724220275878906,-0.46043381094932556,1.034760594367981,0.09217420220375061,0.08209788054227829,True,False,False,False,311,12.4399995803833,0.2710478603839874,20.259307861328125,0.8356837630271912,101.62126922607422,8.168912887573242,0.17915078997612,0.0
985,0,-8.505871772766113,1.012898564338684,0.7689809799194336,0.039841264486312866,-0.037911657243967056,False,True,False,False,70,2.799999952316284,13.984748840332031,3.3729164600372314,4.961880683898926,4.246862888336182,1.5167367458343506,-0.011002898216247559,0.0
986,0,-8.304492950439453,-0.2460820972919464,1.242616891860962,-0.009256436489522457,-0.1571369171142578,True,False,False,False,275,11.0,0.25263017416000366,20.32331657409668,0.8121851682662964,121.10189819335938,11.009263038635254,0.3927190601825714,0.0
987,0,-8.166869163513184,-0.3763914704322815,1.290959358215332,-0.043860748410224915,-0.04119352623820305,True,False,False,False,267,10.679999351501465,0.2745829224586487,20.283830642700195,0.8071020245552063,125.03321075439453,11.707230567932129,0.3727819621562958,0.0
988,0,-8.872591972351074,1.1590327024459839,0.997934103012085,9.207807124766987e-06,0.03503561019897461,False,True,False,False,61,2.440000057220459,14.015584945678711,3.630474328994751,4.713217258453369,4.450287818908691,1.8238884210586548,-0.029139071702957153,0.0
989,0,-8.81345272064209,0.7741326093673706,1.0130438804626465,0.04635995626449585,-0.16657046973705292,True,False,False,False,337,13.479999542236328,0.27185526490211487,20.948354721069336,0.8129875659942627,127.70906829833984,9.473966598510742,0.15040215849876404,0.0
990,0,-8.963225364685059,0.5121973156929016,1.1508276462554932,-0.009671518579125404,-0.02245071902871132,True,False,False,False,308,12.319999694824219,0.26897960901260376,21.1731014251709,0.810969352722168,128.1522979736328,10.401972770690918,0.05397942662239075,0.0
991,0,-8.395251274108887,0.4734213650226593,1.0623916387557983,-0.13257557153701782,-0.14183473587036133,True,False,False,False,352,14.079999923706055,0.27290886640548706,20.854570388793945,0.7960789799690247,155.74061584472656,11.06112289428711,0.23847880959510803,0.0
992,0,-8.168474197387695,-0.5834110975265503,0.8673407435417175,0.09518060833215714,-0.04363684728741646,True,False,False,False,357,14.279999732971191,0.265705406665802,19.696577072143555,0.8315496444702148,139.9311981201172,9.799103736877441,0.5969946384429932,0.0
993,0,-8.205552101135254,-0.9510154724121094,0.7854230403900146,0.09727909415960312,-0.005945183802396059,True,False,False,False,389,15.559999465942383,0.28631827235221863,19.61335563659668,0.8378270268440247,148.43338012695312,9.539421081542969,0.6347931623458862,0.0
994,0,-8.194534301757812,0.11013329029083252,0.9055944085121155,0.023902926594018936,0.07016696035861969,True,False,False,False,365,14.59999942779541,0.2556222975254059,20.076929092407227,0.8166038393974304,119.2155990600586,8.165452003479004,0.013695478439331055,0.0
995,0,-8.340446472167969,-0.7866191864013672,0.9858124256134033,-0.020079366862773895,-0.1775161325931549,True,False,False,False,344,13.75999927520752,0.25843700766563416,19.86210823059082,0.8336883783340454,135.17764282226562,9.823957443237305,0.4680970013141632,0.0
996,0,-8.842728614807129,0.10258018970489502,0.8502974510192871,-0.006430269684642553,-0.013629957102239132,True,False,False,False,410,16.399999618530273,0.2756741940975189,20.827402114868164,0.8182985186576843,150.42678833007812,9.172365188598633,0.15189877152442932,0.0
997,0,-8.779701232910156,-0.33084556460380554,0.8772874474525452,-0.14533543586730957,-0.10069219768047333,True,False,False,False,443,17.719999313354492,0.2942862808704376,21.075450897216797,0.8058128952980042,195.4813690185547,11.0316801071167,0.6405528783798218,0.0
998,0,-8.604930877685547,1.1683077812194824,0.7062450647354126,-0.099256232380867,0.07796990871429443,True,False,False,False,540,21.600000381469727,0.26431676745414734,20.899980545043945,0.8059712648391724,170.267578125,7.882758140563965,0.20821639895439148,0.0
999,0,-8.929685592651367,0.9993737936019897,1.1494715213775635,-0.14620746672153473,-0.03162841498851776,True,False,False,False,338,13.519999504089355,0.28339052200317383,21.715473175048828,0.790142297744751,143.69798278808594,10.628549575805664,0.023159116506576538,0.0
1000,0,-8.709214210510254,0.1903073489665985,1.0742896795272827,0.02175440639257431,-0.024028515443205833,True,False,False,False,319,12.75999927520752,0.24430933594703674,20.796661376953125,0.8131241202354431,126.47423553466797,9.911774635314941,0.067528635263443,0.0
1001,0,-8.078622817993164,-0.44595882296562195,0.7285867929458618,0.03438081964850426,-0.022391706705093384,True,False,False,False,440,17.600000381469727,0.29084646701812744,19.732799530029297,0.8252564668655396,161.00205993652344,9.147844314575195,0.5629924535751343,0.0
1002,0,-8.625962257385254,0.5369654297828674,0.9656957387924194,-0.02299930714070797,-0.04881465807557106,True,False,False,False,364,14.559999465942383,0.29477766156196594,20.825897216796875,0.8083386421203613,148.27035522460938,10.183403968811035,0.10982808470726013,0.0
1003,0,-8.163655281066895,-0.8976092338562012,0.9027225971221924,-0.13050076365470886,-0.007935764268040657,True,False,False,False,407,16.279998779296875,0.28647473454475403,20.2615909576416,0.8088116645812988,178.4749755859375,10.962837219238281,0.6674307584762573,0.0
1004,0,-8.952531814575195,-0.8079925179481506,1.2163430452346802,-0.036889493465423584,-0.15625199675559998,True,False,False,False,292,11.679999351501465,0.27601149678230286,20.802227020263672,0.8254513740539551,131.13522338867188,11.227331161499023,0.5373892784118652,0.0
1005,0,-8.340703964233398,-0.045829564332962036,0.7544665336608887,0.0682528018951416,0.021112661808729172,True,False,False,False,421,16.84000015258789,0.2790151834487915,20.017730712890625,0.8263058066368103,135.1376495361328,8.024801254272461,0.09380185604095459,0.0
1006,0,-8.53160285949707,1.2310832738876343,1.1412184238433838,-0.1253368854522705,0.12671159207820892,True,False,False,False,326,13.039999961853027,0.27039065957069397,20.750465393066406,0.8084656596183777,118.0643081665039,9.054011344909668,0.19747325778007507,0.0
1007,0,-8.262690544128418,1.220474123954773,0.9164355993270874,-0.008586215786635876,0.1563665121793747,True,False,False,False,375,15.0,0.26501190662384033,20.138715744018555,0.819668173789978,102.93153381347656,6.862102031707764,0.3231031596660614,0.0
1008,0,-8.517166137695312,-0.7966197729110718,1.2922353744506836,0.05866250395774841,-0.03882821276783943,True,False,False,False,254,10.15999984741211,0.27360665798187256,20.177637100219727,0.8294233679771423,113.13129425048828,11.134969711303711,0.6047961711883545,0.0
1009,0,-8.52441692352295,-0.45491302013397217,0.8005160689353943,0.009157328866422176,-0.032327234745025635,True,False,False,False,419,16.760000228881836,0.2961931824684143,20.238561630249023,0.8266642689704895,156.43797302246094,9.33400821685791,0.568462610244751,0.0
1010,0,-8.515324592590332,-0.4753561317920685,0.7002334594726562,0.15889126062393188,-0.026733597740530968,False,False,False,True,1124,44.959999084472656,1.8099074363708496,48.71355438232422,0.3432712256908417,1998.1951904296875,44.443843841552734,0.008068859577178955,0.0
1011,0,-8.261273384094238,-1.223564863204956,1.0985814332962036,0.17856551706790924,0.013369421474635601,True,False,False,False,272,10.880000114440918,0.2860003113746643,19.58816146850586,0.8426453471183777,117.47305297851562,10.797155380249023,0.6024470329284668,0.0
1012,0,-8.748435020446777,-0.07835879921913147,0.8539825677871704,0.027479540556669235,0.049022823572158813,True,False,False,False,395,15.799999237060547,0.25628387928009033,20.581043243408203,0.8235060572624207,124.53229522705078,7.881791114807129,0.035353004932403564,0.0
1013,0,-8.527702331542969,-0.8137980103492737,0.8184389472007751,-0.05169050022959709,0.06686294078826904,True,False,False,False,428,17.119998931884766,0.2713691294193268,20.253982543945312,0.8268566131591797,140.27450561523438,8.193604469299316,0.6895878314971924,0.0
1014,0,-8.246881484985352,-0.1186574250459671,1.0963785648345947,-0.08460860699415207,-0.0955822616815567,True,False,False,False,325,13.0,0.2704315483570099,20.429187774658203,0.8050884008407593,147.2633056640625,11.327946662902832,0.31249818205833435,0.0
1015,0,-8.535601615905762,0.7191790342330933,0.8803331851959229,0.09393930435180664,-0.07600408792495728,True,False,False,False,368,14.719999313354492,0.2777782380580902,20.587438583374023,0.8136405944824219,139.92059326171875,9.505475997924805,0.018895983695983887,0.0
1016,0,-8.660588264465332,0.8474907279014587,0.7253592014312744,-0.016641827300190926,-0.08809410035610199,True,False,False,False,486,19.439998626708984,0.2993960976600647,20.88671112060547,0.8082413077354431,187.3421630859375,9.636942863464355,0.12348639965057373,0.0
1017,0,-8.327041625976562,-0.06852522492408752,0.7232503890991211,-0.033078499138355255,-0.11981175094842911,False,True,False,False,319,12.75999927520752,5.163841247558594,13.702617645263672,1.2061331272125244,22.829601287841797,1.789153814315796,-0.00622326135635376,0.0
1018,0,-8.078160285949707,-1.2100340127944946,0.7116958498954773,0.055312514305114746,0.022848593071103096,True,False,False,False,435,17.399999618530273,0.29493170976638794,19.41130256652832,0.8408637046813965,162.8823699951172,9.361056327819824,0.6478571891784668,0.0
1019,0,-8.386581420898438,1.0848853588104248,1.2176694869995117,0.055259209126234055,0.022212665528059006,False,True,False,False,43,1.71999990940094,13.944687843322754,3.2199814319610596,5.161953926086426,3.693450927734375,2.147355318069458,-0.022822439670562744,0.0
1020,0,-8.456571578979492,0.6131568551063538,0.8759844899177551,0.15134397149085999,-0.11985224485397339,True,False,False,False,358,14.319999694824219,0.29609596729278564,20.54026985168457,0.8114623427391052,133.76712036132812,9.341279983520508,0.0650772750377655,0.0
1021,0,-8.284497261047363,-1.0699323415756226,1.135490894317627,0.09641321003437042,-0.11513565480709076,True,False,False,False,279,11.15999984741211,0.29237282276153564,19.804519653320312,0.8340805172920227,122.62664794921875,10.988051414489746,0.5336126089096069,0.0
1022,0,-8.960603713989258,0.04072830080986023,1.2555615901947021,-0.010949235409498215,-0.1523880660533905,True,False,False,False,282,11.279999732971191,0.28298038244247437,21.07420539855957,0.814296543598175,121.62752532958984,10.78258228302002,0.1825818121433258,0.0
1023,0,-8.572114944458008,-0.5430967211723328,0.9402009844779968,-0.008298256434500217,0.014281580224633217,True,False,False,False,362,14.479999542236328,0.26122474670410156,20.320161819458008,0.8258178234100342,133.03533935546875,9.18752384185791,0.5134148597717285,0.0
