scenario_id,episode_index,spawn_x_m,spawn_y_m,actuator_gain,wind_x_mps,wind_y_mps,goal_reached,collision,out_of_bounds,time_out,episode_steps,duration_s,final_distance_to_goal_m,path_length_m,trajectory_efficiency,command_variation_mps,command_variation_rate_mps2,min_clearance_m,mean_residual_mps
0,0,-8.32741928100586,0.09666666388511658,1.18940269947052,-0.07199876010417938,0.15480700135231018,False,False,False,True,1124,44.959999084472656,9.498372077941895,52.339332580566406,0.3157796859741211,1242.586669921875,27.637603759765625,0.34343263506889343,0.0
1,0,-8.349674224853516,-1.1276546716690063,0.9774273037910461,-0.0766327977180481,-0.025195643305778503,True,False,False,False,553,22.119998931884766,0.2878194749355316,20.164215087890625,0.8226140141487122,200.60052490234375,9.068739891052246,0.43526002764701843,0.0
2,0,-8.9384765625,-0.2544955909252167,0.759093701839447,0.0910671055316925,-0.00329510192386806,True,False,False,False,593,23.719999313354492,0.281786173582077,19.850479125976562,0.8634719848632812,192.03048706054688,8.095720291137695,0.33931276202201843,0.0
3,0,-8.438748359680176,0.7009971141815186,1.1856248378753662,-0.14819788932800293,0.06930068880319595,True,False,False,False,484,19.35999870300293,0.28139835596084595,20.4409122467041,0.8147017955780029,181.4204864501953,9.370893478393555,0.33616945147514343,0.0
4,0,-8.456989288330078,-0.5648274421691895,1.2678728103637695,-0.006088856142014265,0.18095043301582336,False,False,False,True,1124,44.959999084472656,14.544510841369629,56.310386657714844,0.2959737181663513,1544.2669677734375,34.34757614135742,0.6750427484512329,0.0
5,0,-8.601820945739746,-0.859895646572113,1.1669576168060303,-0.028393235057592392,-0.017700297757983208,True,False,False,False,443,17.719999313354492,0.25911882519721985,20.24443817138672,0.8310147523880005,150.37127685546875,8.485963821411133,0.43214723467826843,0.0
6,0,-8.644721031188965,-0.5899786353111267,0.7361537218093872,-0.017869964241981506,0.03125115483999252,False,False,False,True,1124,44.959999084472656,1.6359385251998901,32.64793014526367,0.5162615776062012,491.00384521484375,10.920904159545898,0.44540247321128845,0.0
7,0,-8.12411117553711,-0.6473488807678223,1.0322067737579346,-0.047490332275629044,-0.15502463281154633,False,False,False,True,1124,44.959999084472656,9.613149642944336,45.419395446777344,0.3596858084201813,1347.6165771484375,29.973678588867188,0.5408356189727783,0.0
8,0,-8.041539192199707,-0.9289252758026123,0.8221261501312256,0.0875411257147789,-0.01729283109307289,True,False,False,False,528,21.119998931884766,0.2908458113670349,18.911191940307617,0.8602103590965271,185.03890991210938,8.761312484741211,0.43751832842826843,0.0
9,0,-8.377717971801758,-0.6934953927993774,1.1633801460266113,0.014160344377160072,0.028671132400631905,True,False,False,False,433,17.31999969482422,0.28098011016845703,20.365528106689453,0.8147081136703491,162.9453125,9.407928466796875,0.43832704424858093,0.0
10,0,-8.3806734085083,1.0179840326309204,0.8574161529541016,0.0111538739874959,0.008001729846000671,True,False,False,False,563,22.51999855041504,0.291253924369812,19.51798439025879,0.8510786294937134,194.37159729003906,8.63106632232666,0.33822938799858093,0.0
11,0,-8.944375038146973,-1.003914475440979,0.9869098663330078,-0.09941423684358597,0.04025982692837715,True,False,False,False,648,25.920000076293945,0.29745060205459595,23.637989044189453,0.7265101671218872,264.1180725097656,10.189740180969238,0.4462082087993622,0.0
12,0,-8.407578468322754,0.05375325679779053,1.2958149909973145,0.03248511254787445,0.02223094180226326,True,False,False,False,373,14.920000076293945,0.2523336112499237,19.73586082458496,0.8414968252182007,129.66531372070312,8.690704345703125,0.33108827471733093,0.0
13,0,-8.853896141052246,1.1047981977462769,1.1440542936325073,-0.029754960909485817,-0.10540476441383362,False,False,False,True,1124,44.959999084472656,4.672323226928711,50.89457702636719,0.3357730805873871,916.5245971679688,20.385334014892578,0.3317328989505768,0.0
14,0,-8.13306999206543,1.2206512689590454,0.7774293422698975,-0.01000780425965786,0.049646686762571335,False,False,False,True,1124,44.959999084472656,9.540621757507324,34.718353271484375,0.4717332124710083,688.4610595703125,15.312746047973633,0.3421890437602997,0.0
15,0,-8.542220115661621,0.16927644610404968,0.9591710567474365,0.08717438578605652,0.16495980322360992,False,False,False,True,1124,44.959999084472656,9.588576316833496,42.99996566772461,0.38937386870384216,1690.302734375,37.595703125,0.3424322307109833,0.0
16,0,-8.329808235168457,-1.109179973602295,1.2654168605804443,0.06805895268917084,0.10641778260469437,True,False,False,False,581,23.239999771118164,0.24900513887405396,30.174596786499023,0.5490154027938843,348.0252685546875,14.97527027130127,0.4390556514263153,0.0
17,0,-8.078182220458984,0.7521392107009888,1.2340607643127441,0.06566642224788666,-0.05622272565960884,True,False,False,False,389,15.559999465942383,0.2889510989189148,20.024442672729492,0.8137673139572144,153.8320770263672,9.886380195617676,0.32988664507865906,0.0
18,0,-8.551227569580078,0.24184122681617737,0.8955519199371338,0.05943821743130684,-0.05249722674489021,True,False,False,False,613,24.51999855041504,0.2849580645561218,22.962108612060547,0.7295907735824585,266.70526123046875,10.877050399780273,0.33423539996147156,0.0
19,0,-8.022303581237793,0.21966591477394104,1.165871262550354,0.05466645956039429,-0.010682966560125351,True,False,False,False,408,16.31999969482422,0.2941991984844208,19.754796981811523,0.8212569355964661,150.22509765625,9.20496940612793,0.33305665850639343,0.0
20,0,-8.072949409484863,1.1916744709014893,0.7396361231803894,0.047638557851314545,-0.10021975636482239,False,False,False,True,1124,44.959999084472656,14.611161231994629,33.070350646972656,0.49336448311805725,1516.9830322265625,33.740726470947266,0.597772479057312,0.0
21,0,-8.694743156433105,-1.0740910768508911,0.7525783777236938,-0.09055019170045853,-0.09848013520240784,False,False,False,True,1124,44.959999084472656,9.655200958251953,32.00822448730469,0.5288721919059753,895.6513061523438,19.921070098876953,0.5452148914337158,0.0
22,0,-8.6766996383667,-0.6734914183616638,1.1702975034713745,-0.06802264600992203,-0.010954640805721283,True,False,False,False,463,18.520000457763672,0.2909831404685974,20.613182067871094,0.8193737268447876,158.79592895507812,8.574294090270996,0.43837282061576843,0.0
23,0,-8.253689765930176,-0.8787603378295898,0.9445728659629822,0.14841346442699432,-0.05171741917729378,True,False,False,False,444,17.760000228881836,0.2834767997264862,18.944061279296875,0.8697565197944641,154.9072265625,8.722253799438477,0.43599244952201843,0.0
24,0,-8.865460395812988,0.15534579753875732,0.7808798551559448,0.0985596776008606,-0.14329059422016144,False,False,False,True,1124,44.959999084472656,14.589370727539062,34.43185806274414,0.49565011262893677,1844.0579833984375,41.015525817871094,0.5718218088150024,0.0
25,0,-8.148633003234863,1.2488197088241577,1.2804057598114014,-0.05910845100879669,0.09006420522928238,True,False,False,False,465,18.600000381469727,0.2894444763660431,22.845264434814453,0.717671811580658,206.3956298828125,11.096538543701172,0.33609315752983093,0.0
26,0,-8.242948532104492,0.4817420244216919,0.7100800275802612,0.008946956135332584,0.07082509249448776,False,False,False,True,1124,44.959999084472656,9.604159355163574,31.90476417541504,0.5155931711196899,992.9976196289062,22.086246490478516,0.34484943747520447,0.0
27,0,-8.485312461853027,-0.4621010422706604,1.031382441520691,-0.051906853914260864,-0.08416351675987244,False,False,False,True,1124,44.959999084472656,9.572797775268555,45.72493362426758,0.3650436997413635,866.3292846679688,19.268890380859375,0.5389282703399658,0.0
28,0,-8.937982559204102,-0.031447261571884155,0.9799343347549438,0.029832573607563972,-0.03992599621415138,True,False,False,False,553,22.119998931884766,0.29428228735923767,22.143783569335938,0.7739422917366028,211.6333770751953,9.567512512207031,0.33421632647514343,0.0
29,0,-8.68542766571045,1.1425424814224243,1.2506015300750732,-0.02251628413796425,0.011913873255252838,True,False,False,False,410,16.399999618530273,0.25724709033966064,20.17622947692871,0.838777482509613,147.84327697753906,9.0148344039917,0.33217164874076843,0.0
30,0,-8.860053062438965,-1.216692328453064,0.8374832272529602,0.01800871267914772,-0.08787553012371063,False,False,False,True,1124,44.959999084472656,9.594725608825684,37.53304672241211,0.4556688368320465,1036.5032958984375,23.05389976501465,0.5485413074493408,0.0
31,0,-8.279605865478516,-0.998273491859436,0.9038752317428589,-0.09209631383419037,0.1131090447306633,False,False,False,True,1124,44.959999084472656,14.56617546081543,39.57645034790039,0.41714897751808167,1163.619384765625,25.881214141845703,0.690595269203186,0.0
32,0,-8.399496078491211,0.5321348905563354,0.976538896560669,0.04954604059457779,-0.007385115139186382,True,False,False,False,480,19.19999885559082,0.28137585520744324,19.551891326904297,0.8494253158569336,166.22317504882812,8.65745735168457,0.33589479327201843,0.0
33,0,-8.573602676391602,-0.6279342174530029,1.0245559215545654,0.041601188480854034,-0.05673476681113243,True,False,False,False,479,19.15999984741211,0.29279863834381104,20.221908569335938,0.830047607421875,170.0093994140625,8.87314224243164,0.43461915850639343,0.0
34,0,-8.560696601867676,-0.7750911712646484,0.745174765586853,0.12699437141418457,-0.005814469885081053,True,False,False,False,563,22.51999855041504,0.27334603667259216,19.20330047607422,0.8737192749977112,180.29737854003906,8.00610065460205,0.43895265460014343,0.0
35,0,-8.451294898986816,0.38893237709999084,0.7177792191505432,0.023758413270115852,0.05721279978752136,False,False,False,True,1124,44.959999084472656,9.53698444366455,32.37900924682617,0.5143998265266418,815.5007934570312,18.138362884521484,0.34309694170951843,0.0
36,0,-8.397748947143555,0.8843094110488892,1.1207756996154785,-0.01176424790173769,-0.03540000319480896,True,False,False,False,448,17.920000076293945,0.2631606161594391,19.903966903686523,0.8350532650947571,168.17422485351562,9.384722709655762,0.33284303545951843,0.0
37,0,-8.19602108001709,0.41636496782302856,1.186214566230774,0.037513840943574905,0.06866443157196045,True,False,False,False,413,16.520000457763672,0.2722249925136566,20.030702590942383,0.8188036680221558,157.74359130859375,9.548643112182617,0.33772239089012146,0.0
38,0,-8.26335334777832,-1.062108039855957,1.0772563219070435,-0.15817953646183014,-0.11942030489444733,False,False,False,True,1124,44.959999084472656,9.615764617919922,45.90943145751953,0.3593372106552124,1070.299072265625,23.805583953857422,0.5396245718002319,0.0
39,0,-8.07430362701416,-0.9444665908813477,0.9956603050231934,-0.16794732213020325,0.06711651384830475,False,False,False,True,1124,44.959999084472656,14.549883842468262,42.995487213134766,0.379137247800827,781.3685302734375,17.379194259643555,0.6444369554519653,0.0
40,0,-8.929498672485352,-0.9029470682144165,1.1003632545471191,0.08408339321613312,-0.029750701040029526,True,False,False,False,424,16.959999084472656,0.28255024552345276,19.85317039489746,0.8639865517616272,137.48260498046875,8.10628604888916,0.4368475377559662,0.0
41,0,-8.346029281616211,-0.5978177785873413,0.9189267754554749,-0.19097790122032166,0.045311011373996735,False,False,False,True,1124,44.959999084472656,14.579968452453613,39.04824447631836,0.42400458455085754,589.9439086914062,13.121528625488281,0.6400384902954102,0.0
42,0,-8.451079368591309,-0.18801972270011902,0.9718876481056213,-0.05120677128434181,0.05616917461156845,False,False,False,True,1124,44.959999084472656,8.052210807800293,43.05845260620117,0.38673296570777893,667.316162109375,14.84244155883789,0.34016725420951843,0.0
43,0,-8.022198677062988,-1.1333283185958862,0.7163824439048767,0.04128044471144676,0.033122818917036057,True,False,False,False,637,25.479999542236328,0.2993738055229187,19.135875701904297,0.8497663140296936,237.37428283691406,9.316102027893066,0.4416051208972931,0.0
44,0,-8.641993522644043,0.4029780626296997,0.7172314524650574,0.048328060656785965,-0.14020586013793945,False,False,False,True,1124,44.959999084472656,14.609169960021973,31.676422119140625,0.5318381786346436,1948.2572021484375,43.33312225341797,0.5748903751373291,0.0
45,0,-8.971138000488281,-0.7589585781097412,1.2965223789215088,-0.009217476472258568,0.006605807226151228,True,False,False,False,400,16.0,0.2810356914997101,20.6160888671875,0.8336991667747498,138.85519409179688,8.678449630737305,0.43158265948295593,0.0
46,0,-8.625450134277344,-0.5904483795166016,0.832433819770813,0.08995214849710464,0.08454903215169907,False,False,False,True,1124,44.959999084472656,14.590922355651855,37.03957748413086,0.4545307457447052,1155.999755859375,25.71173858642578,0.6910983324050903,0.0
47,0,-8.560689926147461,1.059498906135559,1.007324457168579,0.008617409504950047,-0.014165039174258709,True,False,False,False,488,19.520000457763672,0.272726446390152,19.82449722290039,0.8471113443374634,176.97393798828125,9.066287994384766,0.33830663561820984,0.0
48,0,-8.7935791015625,-0.8214589953422546,0.8979089856147766,0.05792973190546036,-0.14687882363796234,False,False,False,True,1124,44.959999084472656,9.61254596710205,40.17596435546875,0.4234640896320343,1588.042236328125,35.321224212646484,0.5448739528656006,0.0
49,0,-8.452033996582031,-0.3192186951637268,1.1337072849273682,-0.029287444427609444,-0.07873444259166718,True,False,False,False,676,27.03999900817871,0.2939351499080658,30.11907196044922,0.552973210811615,349.0771789550781,12.909659385681152,0.4314415156841278,0.0
50,0,-8.11702823638916,-0.272125244140625,0.9687972068786621,0.11901997029781342,0.0458553284406662,True,False,False,False,456,18.239999771118164,0.2844362258911133,19.419471740722656,0.840355396270752,179.18777465820312,9.823891639709473,0.33796998858451843,0.0
51,0,-8.38223934173584,0.919487476348877,1.0894144773483276,-0.025459209457039833,0.021763384342193604,True,False,False,False,463,18.520000457763672,0.2937702238559723,19.752933502197266,0.8407491445541382,167.55198669433594,9.047082901000977,0.3360702693462372,0.0
52,0,-8.75776481628418,0.014202147722244263,1.0327494144439697,0.04887326434254646,0.05942586064338684,True,False,False,False,479,19.15999984741211,0.27366071939468384,20.520112991333008,0.8263975381851196,175.9066925048828,9.180933952331543,0.33706972002983093,0.0
53,0,-8.421730995178223,-0.8156342506408691,1.1653342247009277,4.129041190026328e-05,0.03557378798723221,True,False,False,False,431,17.239999771118164,0.2595949172973633,20.11005401611328,0.8275152444839478,163.8494415283203,9.5040283203125,0.43399354815483093,0.0
54,0,-8.690196990966797,-0.20169958472251892,1.2907836437225342,-0.10734553635120392,0.044652193784713745,True,False,False,False,435,17.399999618530273,0.28335368633270264,20.918243408203125,0.8074951767921448,157.82919311523438,9.070643424987793,0.34225645661354065,0.0
55,0,-8.116551399230957,-0.056402236223220825,1.0216786861419678,0.0026998058892786503,0.022285519167780876,True,False,False,False,478,19.119998931884766,0.2931532859802246,19.577959060668945,0.8334192037582397,167.78396606445312,8.775312423706055,0.33635255694389343,0.0
56,0,-8.899072647094727,-0.04431821405887604,1.066977858543396,-0.1264083832502365,-0.07816588133573532,False,False,False,True,1124,44.959999084472656,14.54631233215332,46.74617004394531,0.36578673124313354,849.1820068359375,18.887500762939453,0.5255600214004517,0.0
57,0,-8.396368980407715,-0.5422210097312927,0.9749454259872437,-0.06861554831266403,-0.11564523726701736,False,False,False,True,1124,44.959999084472656,9.651034355163574,42.788169860839844,0.38807615637779236,1090.4417724609375,24.253599166870117,0.5407440662384033,0.0
58,0,-8.037210464477539,0.0372450053691864,1.2319965362548828,-0.06251060217618942,0.017571812495589256,True,False,False,False,423,16.920000076293945,0.26202964782714844,19.950389862060547,0.813881516456604,156.25286865234375,9.234803199768066,0.33232423663139343,0.0
59,0,-8.851086616516113,-0.7038414478302002,0.7117084860801697,-0.03853355720639229,0.05388643965125084,False,False,False,True,1124,44.959999084472656,14.654726028442383,31.681169509887695,0.5386593341827393,864.9581298828125,19.238393783569336,0.6896712779998779,0.0
60,0,-8.151020050048828,-0.6938196420669556,1.286562442779541,-0.07776931673288345,0.07031790912151337,True,False,False,False,424,16.959999084472656,0.26578253507614136,20.755603790283203,0.7884843349456787,181.5403594970703,10.704030990600586,0.43428346514701843,0.0
61,0,-8.443367004394531,0.7013262510299683,1.2522847652435303,0.006395737174898386,0.05483638867735863,True,False,False,False,400,16.0,0.2643965184688568,20.056556701660156,0.83054518699646,147.08985900878906,9.193116188049316,0.33943483233451843,0.0
62,0,-8.392545700073242,-1.0497139692306519,0.7582827806472778,-0.17883145809173584,0.0220863688737154,True,False,False,False,927,37.07999801635742,0.29751819372177124,22.84168243408203,0.7278417348861694,385.5746154785156,10.398452758789062,0.43983766436576843,0.0
63,0,-8.390852928161621,0.31421273946762085,1.2642452716827393,0.004897603299468756,-0.11825254559516907,False,False,False,True,1124,44.959999084472656,4.5568695068359375,56.59994125366211,0.2931765615940094,958.156005859375,21.31130027770996,0.3349238336086273,0.0
64,0,-8.84836196899414,0.9194998741149902,0.8587758541107178,-0.10715669393539429,0.061442259699106216,False,False,False,True,1124,44.959999084472656,9.605758666992188,36.919952392578125,0.4624251425266266,748.9371948242188,16.657855987548828,0.3405734598636627,0.0
65,0,-8.920001029968262,0.369228720664978,0.8540910482406616,-0.04788757860660553,0.07968859374523163,False,False,False,True,1124,44.959999084472656,9.579216957092285,37.69612121582031,0.45426198840141296,932.8030395507812,20.747398376464844,0.34047242999076843,0.0
66,0,-8.19105339050293,-0.3879472017288208,0.7927197217941284,-0.07489611953496933,-0.05613981559872627,False,False,False,True,1124,44.959999084472656,9.652054786682129,34.53424835205078,0.4747624099254608,689.9157104492188,15.345100402832031,0.5408203601837158,0.0
67,0,-8.865208625793457,0.9043446183204651,0.9485896229743958,0.007328824605792761,0.0737484022974968,False,False,False,True,1124,44.959999084472656,9.592124938964844,42.5405158996582,0.4017050862312317,817.1265258789062,18.174522399902344,0.34068605303764343,0.0
68,0,-8.671667098999023,0.9731456637382507,1.0257145166397095,-0.02552024833858013,0.16331741213798523,False,False,False,True,1124,44.959999084472656,9.612165451049805,45.1811408996582,0.3740326464176178,1453.392333984375,32.32634353637695,0.34477540850639343,0.0
69,0,-8.85827350616455,-0.7669781446456909,1.0909900665283203,-0.09218541532754898,-0.09332439303398132,False,False,False,True,1124,44.959999084472656,9.51699447631836,47.8129768371582,0.35712501406669617,805.7149047851562,17.920705795288086,0.5408203601837158,0.0
70,0,-8.81781005859375,-1.140720248222351,1.2722766399383545,0.09288707375526428,0.006228034384548664,True,False,False,False,366,14.639999389648438,0.2769744396209717,19.788528442382812,0.8618801236152649,126.32672882080078,8.628875732421875,0.43666383624076843,0.0
71,0,-8.796414375305176,-0.20669914782047272,0.7136408090591431,-0.17034971714019775,-0.007119375746697187,True,False,False,False,1003,40.119998931884766,0.2809467017650604,23.09617042541504,0.7359510064125061,392.0679626464844,9.772381782531738,0.33906862139701843,0.0
72,0,-8.80530071258545,-0.21980687975883484,0.7324053049087524,0.0714215487241745,0.042843837291002274,False,False,False,True,1124,44.959999084472656,9.614875793457031,33.3863410949707,0.5093908905982971,602.9712524414062,13.411282539367676,0.34176942706108093,0.0
73,0,-8.867976188659668,0.12067720293998718,0.8857179284095764,-0.05284276604652405,0.0020411924924701452,True,False,False,False,620,24.799999237060547,0.27595949172973633,20.883386611938477,0.8173194527626038,216.8415985107422,8.743613243103027,0.33667299151420593,0.0
74,0,-8.245854377746582,1.24444580078125,1.0109825134277344,0.04133591800928116,0.15056951344013214,False,False,False,True,1124,44.959999084472656,9.59018325805664,45.14497375488281,0.3653126657009125,1521.0948486328125,33.83218002319336,0.34466323256492615,0.0
75,0,-8.492918014526367,-0.6529397964477539,0.7866504192352295,0.10771259665489197,0.022623930126428604,True,False,False,False,572,22.8799991607666,0.2875465154647827,19.97148323059082,0.8364656567573547,202.09201049804688,8.832693099975586,0.44092103838920593,0.0
76,0,-8.27833080291748,0.5636703968048096,1.1176400184631348,-0.19123435020446777,-0.058163587003946304,True,False,False,False,561,22.439998626708984,0.29744863510131836,21.631793975830078,0.7622020840644836,248.90478515625,11.09201431274414,0.3307754695415497,0.0
77,0,-8.561966896057129,0.7928463816642761,0.8220669031143188,-0.025134941563010216,0.028988666832447052,True,False,False,False,623,24.920000076293945,0.27517640590667725,19.921260833740234,0.8423351645469666,218.07156372070312,8.75086498260498,0.34229543805122375,0.0
78,0,-8.992782592773438,-0.5209669470787048,1.0202622413635254,0.029637720435857773,0.19142118096351624,False,False,False,True,1124,44.959999084472656,14.617218017578125,45.100440979003906,0.38138294219970703,1983.632568359375,44.11994171142578,0.5961425304412842,0.0
79,0,-8.235491752624512,-0.8542447686195374,0.7962245941162109,0.001695095794275403,-0.08609660714864731,False,False,False,True,1124,44.959999084472656,9.538962364196777,35.55916213989258,0.4628140926361084,1053.703125,23.436458587646484,0.5488855838775635,0.0
80,0,-8.173370361328125,1.0095131397247314,1.234460711479187,-0.06703291088342667,0.019082825630903244,True,False,False,False,428,17.119998931884766,0.27380990982055664,20.183551788330078,0.8127362132072449,161.6670379638672,9.443168640136719,0.3324415385723114,0.0
81,0,-8.464522361755371,-0.031539350748062134,0.8967593908309937,0.02124674618244171,0.005942290648818016,True,False,False,False,543,21.719999313354492,0.297181099653244,19.853309631347656,0.839384138584137,185.38360595703125,8.535157203674316,0.33653566241264343,0.0
82,0,-8.625245094299316,-1.1726741790771484,0.7050078511238098,-0.07126753777265549,0.09869863837957382,False,False,False,True,1124,44.959999084472656,14.63241195678711,30.780473709106445,0.5479235649108887,1146.322509765625,25.496498107910156,0.7309792041778564,0.0
83,0,-8.662375450134277,0.33138394355773926,1.0379540920257568,-0.17301706969738007,-0.004304772708564997,True,False,False,False,606,24.239999771118164,0.2940848469734192,21.72117042541504,0.7764579653739929,225.54733276367188,9.304758071899414,0.3341171443462372,0.0
84,0,-8.12050724029541,-0.9855915307998657,0.7868122458457947,0.07399961352348328,-0.01791287213563919,True,False,False,False,567,22.68000030517578,0.2752177119255066,19.205039978027344,0.851323664188385,188.3624267578125,8.305221557617188,0.4374954402446747,0.0
85,0,-8.5637788772583,-0.31160110235214233,0.900651752948761,-0.011116573587059975,0.04044713079929352,True,False,False,False,566,22.639999389648438,0.29550448060035706,20.161052703857422,0.8316344022750854,200.06301879882812,8.836706161499023,0.33786317706108093,0.0
86,0,-8.950371742248535,-0.2522003650665283,0.7909155488014221,0.007311149500310421,-0.004687092266976833,True,False,False,False,642,25.68000030517578,0.29903823137283325,20.47879981994629,0.8375585079193115,211.97120666503906,8.2543306350708,0.33812257647514343,0.0
87,0,-8.139530181884766,0.5474345684051514,1.1102579832077026,0.039834558963775635,0.06718127429485321,True,False,False,False,421,16.84000015258789,0.2669689655303955,19.19574546813965,0.8516748547554016,156.45303344726562,9.290559768676758,0.33581849932670593,0.0
88,0,-8.783859252929688,-0.7142659425735474,0.9627746343612671,0.0001247619657078758,0.008844619616866112,True,False,False,False,529,21.15999984741211,0.2701433598995209,20.404796600341797,0.833069384098053,180.29730224609375,8.520666122436523,0.43721315264701843,0.0
89,0,-8.489834785461426,0.9613698720932007,1.1278667449951172,-0.03637668862938881,0.06521037966012955,True,False,False,False,536,21.439998626708984,0.29732561111450195,23.537206649780273,0.7102377414703369,225.66412353515625,10.525379180908203,0.33653566241264343,0.0
90,0,-8.98387622833252,0.7949103116989136,0.7905584573745728,-0.04816678538918495,-0.061051324009895325,False,False,False,True,1124,44.959999084472656,14.576140403747559,35.127559661865234,0.4896991550922394,886.2703247070312,19.712419509887695,0.5540735721588135,0.0
91,0,-8.907602310180664,1.1170835494995117,0.7746555209159851,-0.0934286117553711,0.03916129469871521,False,False,False,True,1124,44.959999084472656,9.572126388549805,33.271114349365234,0.515264093875885,541.8106079101562,12.050948143005371,0.34028932452201843,0.0
92,0,-8.804666519165039,-0.6561745405197144,0.880553126335144,0.15177486836910248,0.0070117260329425335,True,False,False,False,484,19.35999870300293,0.2677002549171448,19.523460388183594,0.8716233372688293,160.35659790039062,8.282882690429688,0.43724367022514343,0.0
93,0,-8.187360763549805,0.45191869139671326,1.1015924215316772,-0.017144883051514626,-0.0411716066300869,True,False,False,False,456,18.239999771118164,0.2826838791370392,19.826892852783203,0.8268305063247681,178.33267211914062,9.777010917663574,0.33598634600639343,0.0
94,0,-8.440844535827637,0.5438375473022461,0.9469873905181885,0.11378569900989532,0.050413597375154495,True,False,False,False,500,20.0,0.2752199172973633,20.651172637939453,0.8062289357185364,178.86683654785156,8.943342208862305,0.33891603350639343,0.0
95,0,-8.317462921142578,0.3558175265789032,0.8993632793426514,-0.06533624976873398,0.1288270354270935,False,False,False,True,1124,44.959999084472656,9.529401779174805,39.258731842041016,0.4208293557167053,1191.69873046875,26.505754470825195,0.3438580334186554,0.0
96,0,-8.674077033996582,-0.9946184158325195,1.0807582139968872,0.012041143141686916,0.0791587233543396,True,False,False,False,814,32.55999755859375,0.2957073450088501,35.32124328613281,0.4785463809967041,469.7623291015625,14.427591323852539,0.43840333819389343,0.0
97,0,-8.142507553100586,-0.1073022186756134,1.0665937662124634,0.09150537848472595,-0.016016099601984024,True,False,False,False,427,17.079999923706055,0.27827468514442444,19.49323844909668,0.8383857607841492,161.97262573242188,9.483175277709961,0.33305665850639343,0.0
98,0,-8.980033874511719,-0.4911001920700073,0.9236605167388916,-0.04585125297307968,0.05799420550465584,False,False,False,True,1124,44.959999084472656,12.395888328552246,41.10731887817383,0.4180990755558014,786.5634155273438,17.49473762512207,0.5339844226837158,0.0
99,0,-8.674955368041992,-1.2060303688049316,0.9672515392303467,-0.16586437821388245,0.07020671665668488,False,False,False,True,1124,44.959999084472656,14.628190994262695,41.66167449951172,0.40606260299682617,826.9423828125,18.392847061157227,0.6721707582473755,0.0
100,0,-8.196430206298828,-0.6213588118553162,1.123992681503296,-0.010093117132782936,0.005282355472445488,True,False,False,False,446,17.84000015258789,0.2690761089324951,19.909692764282227,0.8241207003593445,156.23780822753906,8.75772476196289,0.43483278155326843,0.0
101,0,-8.842239379882812,-0.23546181619167328,1.2723623514175415,-0.014671919867396355,0.017144110053777695,True,False,False,False,407,16.279998779296875,0.28920814394950867,20.505970001220703,0.8311647176742554,142.9591827392578,8.781277656555176,0.33208009600639343,0.0
102,0,-8.339653968811035,-0.28161829710006714,0.8419149518013,-0.0004246855096425861,-0.1087723821401596,False,False,False,True,1124,44.959999084472656,14.64241886138916,37.41399002075195,0.4421343207359314,1447.5211181640625,32.19575500488281,0.5765784978866577,0.0
103,0,-8.781624794006348,1.2105106115341187,0.9147322773933411,-0.025446275249123573,0.008722512051463127,True,False,False,False,568,22.719999313354492,0.2819858491420746,20.284744262695312,0.8392497897148132,197.69505310058594,8.701367378234863,0.33635255694389343,0.0
104,0,-8.591693878173828,-0.45166516304016113,0.7745667099952698,0.009729047305881977,0.041391678154468536,False,False,False,True,1124,44.959999084472656,4.6706318855285645,34.924461364746094,0.4809712767601013,606.0239868164062,13.479181289672852,0.44035646319389343,0.0
105,0,-8.880182266235352,0.1704689860343933,1.1485036611557007,-0.02012990228831768,-0.18966327607631683,False,False,False,True,1124,44.959999084472656,14.585929870605469,50.72806167602539,0.3367173373699188,1654.2421875,36.793643951416016,0.563495397567749,0.0
106,0,-8.554664611816406,0.9308152198791504,0.7612870335578918,0.16496942937374115,0.033651161938905716,True,False,False,False,517,20.68000030517578,0.27157607674598694,18.685270309448242,0.8980361819267273,178.15914916992188,8.615045547485352,0.33998414874076843,0.0
107,0,-8.469745635986328,-0.5575594305992126,0.910464882850647,-0.0004984653205610812,0.00044436243479140103,True,False,False,False,555,22.19999885559082,0.2712324857711792,20.183135986328125,0.8263782262802124,192.01541137695312,8.649343490600586,0.43617555499076843,0.0
108,0,-8.434680938720703,-1.0445313453674316,1.1399670839309692,0.07976992428302765,-0.12854717671871185,False,False,False,True,1124,44.959999084472656,9.489234924316406,51.168975830078125,0.3257220685482025,1205.070068359375,26.803159713745117,0.5459549427032471,0.0
109,0,-8.941666603088379,0.06955564022064209,0.9138065576553345,0.18989676237106323,-0.004378736484795809,True,False,False,False,451,18.03999900817871,0.2842104732990265,19.416879653930664,0.8828300833702087,142.1787567138672,7.881306171417236,0.3365127742290497,0.0
110,0,-8.370683670043945,-0.07039479911327362,1.190893530845642,-0.01999548077583313,0.017183266580104828,True,False,False,False,427,17.079999923706055,0.27297428250312805,20.062990188598633,0.8259402513504028,152.43125915527344,8.92454719543457,0.3326675593852997,0.0
111,0,-8.41067886352539,-1.0281037092208862,0.7111822962760925,-0.07975906133651733,-0.08282475173473358,False,False,False,True,1124,44.959999084472656,9.645270347595215,30.438844680786133,0.5467324256896973,958.7433471679688,21.324363708496094,0.5433390140533447,0.0
112,0,-8.821710586547852,0.8895799517631531,0.8827860355377197,0.1362210214138031,-0.11872567981481552,False,False,False,True,1124,44.959999084472656,14.580007553100586,38.98350524902344,0.4372243583202362,1493.7569580078125,33.2241325378418,0.6096744537353516,0.0
113,0,-8.576120376586914,-0.8660866022109985,0.846291720867157,0.0012064899783581495,-0.01798795536160469,True,False,False,False,590,23.600000381469727,0.2692309319972992,19.996084213256836,0.8400679230690002,201.78367614746094,8.550155639648438,0.43762895464897156,0.0
114,0,-8.264528274536133,-0.557097315788269,0.8600641489028931,-0.049825768917798996,-0.009159347042441368,True,False,False,False,619,24.760000228881836,0.2876558303833008,20.254121780395508,0.8133546113967896,219.39833068847656,8.86099910736084,0.43825075030326843,0.0
115,0,-8.80655288696289,-0.5425413846969604,1.2732155323028564,0.12078134715557098,0.06258171051740646,True,False,False,False,368,14.719999313354492,0.2850818336009979,20.200223922729492,0.8423202037811279,136.576904296875,9.27832317352295,0.44279178977012634,0.0
116,0,-8.406055450439453,0.35095885396003723,0.877913236618042,0.050742097198963165,0.16431869566440582,False,False,False,True,1124,44.959999084472656,9.622638702392578,39.142520904541016,0.4243389666080475,1794.2864990234375,39.90850830078125,0.34397539496421814,0.0
117,0,-8.51552677154541,0.16620993614196777,0.8191157579421997,0.11492457985877991,-0.015184025280177593,True,False,False,False,531,21.239999771118164,0.2931925654411316,19.440258026123047,0.8598824739456177,193.10415649414062,9.091532707214355,0.33764955401420593,0.0
118,0,-8.858893394470215,-0.9733024835586548,1.2816468477249146,0.01858942210674286,-0.013670518063008785,True,False,False,False,389,15.559999465942383,0.2744978070259094,20.17089080810547,0.8470702171325684,133.34878540039062,8.569973945617676,0.43611451983451843,0.0
119,0,-8.18284797668457,-0.12822717428207397,1.234959363937378,0.010163724422454834,0.0340956412255764,True,False,False,False,398,15.920000076293945,0.26961764693260193,19.786392211914062,0.8280104994773865,141.44395446777344,8.88467025756836,0.33546480536460876,0.0
120,0,-8.129429817199707,0.5797256231307983,0.7164206504821777,-0.1131560280919075,-0.007197765167802572,True,False,False,False,841,33.63999938964844,0.29743123054504395,21.009654998779297,0.7777153253555298,326.5957946777344,9.708555221557617,0.33887025713920593,0.0
121,0,-8.118367195129395,0.686098039150238,0.8393940925598145,0.1020783856511116,0.06952300667762756,False,False,False,True,1124,44.959999084472656,9.629490852355957,38.00185012817383,0.42978233098983765,884.7924194335938,19.679546356201172,0.341484397649765,0.0
122,0,-8.631640434265137,-0.41242673993110657,0.7722813487052917,-0.15037256479263306,0.10753500461578369,False,False,False,True,1124,44.959999084472656,9.59438705444336,31.726537704467773,0.530678927898407,1040.0472412109375,23.132722854614258,0.34373781085014343,0.0
123,0,-8.991543769836426,0.7200142741203308,0.8736183643341064,0.09029819816350937,-0.0795740857720375,False,False,False,True,1124,44.959999084472656,14.597702980041504,39.052650451660156,0.44059380888938904,1057.985595703125,23.531707763671875,0.5492153167724609,0.0
124,0,-8.42449951171875,-0.8152249455451965,0.8764506578445435,-0.09582004696130753,-0.1322590708732605,False,False,False,True,1124,44.959999084472656,9.599721908569336,37.60149002075195,0.4426453113555908,1076.285400390625,23.938732147216797,0.5420715808868408,0.0
125,0,-8.979822158813477,-0.19805826246738434,0.7446765899658203,-0.003558758180588484,0.08484143018722534,False,False,False,True,1124,44.959999084472656,9.610087394714355,33.302879333496094,0.515899658203125,1039.179443359375,23.113422393798828,0.34288331866264343,0.0
126,0,-8.239495277404785,0.6241832971572876,1.0687804222106934,-0.11489556729793549,0.06728949397802353,False,False,False,True,1124,44.959999084472656,9.57469367980957,46.656288146972656,0.35260260105133057,716.0059814453125,15.925400733947754,0.33638307452201843,0.0
127,0,-8.228972434997559,0.06322488188743591,1.2758255004882812,-0.053032286465168,0.08579475432634354,False,False,False,True,1124,44.959999084472656,9.504271507263184,56.85997009277344,0.28893956542015076,761.5289306640625,16.93792152404785,0.33427736163139343,0.0
128,0,-8.695015907287598,1.125688076019287,0.7849505543708801,0.12651589512825012,0.025226345285773277,True,False,False,False,533,21.31999969482422,0.28514838218688965,19.03177833557129,0.8896605968475342,177.33538818359375,8.317794799804688,0.33912965655326843,0.0
129,0,-8.98377513885498,0.35012170672416687,0.9833436608314514,-0.10454307496547699,0.026398731395602226,True,False,False,False,593,23.719999313354492,0.28495416045188904,21.228151321411133,0.8096457719802856,216.1551971435547,9.11278247833252,0.33687135577201843,0.0
130,0,-8.772102355957031,0.7886931300163269,0.7096365690231323,-0.049078505486249924,-0.027168162167072296,True,False,False,False,778,31.119998931884766,0.2952564060688019,20.818483352661133,0.8161065578460693,294.5915832519531,9.466310501098633,0.33842775225639343,0.0
131,0,-8.707239151000977,0.963085412979126,0.7573144435882568,-0.028618086129426956,-0.10779063403606415,False,False,False,True,1124,44.959999084472656,14.59916877746582,33.604129791259766,0.5039312243461609,1423.7574462890625,31.667203903198242,0.6046558618545532,0.0
132,0,-8.026762008666992,-0.2540305256843567,0.9246830940246582,-0.0648898184299469,-0.022600991651415825,True,False,False,False,599,23.959999084472656,0.2861178517341614,20.923267364501953,0.7756301164627075,254.27163696289062,10.61233901977539,0.33513185381889343,0.0
133,0,-8.417059898376465,0.8000496029853821,0.8769473433494568,-0.14118336141109467,0.035087138414382935,False,False,False,True,1124,44.959999084472656,1.677255630493164,35.9257926940918,0.4630647897720337,469.2857666015625,10.437850952148438,0.3447306454181671,0.0
134,0,-8.150403022766113,0.8879141807556152,1.0478277206420898,-0.021972646936774254,0.009262733161449432,True,False,False,False,475,19.0,0.2928452789783478,19.547147750854492,0.8376701474189758,170.308349609375,8.963597297668457,0.33522340655326843,0.0
135,0,-8.218998908996582,-0.5048376321792603,0.9402107000350952,0.1535205990076065,-0.08254207670688629,False,False,False,True,1124,44.959999084472656,9.648200988769531,42.23759460449219,0.3889099061489105,928.6109008789062,20.654157638549805,0.5390655994415283,0.0
136,0,-8.94737720489502,0.8826035261154175,0.8277084827423096,-0.05743545666337013,-0.1074046641588211,False,False,False,True,1124,44.959999084472656,14.610262870788574,36.49418258666992,0.4704773724079132,1307.921875,29.090789794921875,0.6007189750671387,0.0
137,0,-8.095117568969727,-0.4531903564929962,1.1420625448226929,-0.032560642808675766,-0.034499477595090866,True,False,False,False,459,18.35999870300293,0.2976253032684326,20.470455169677734,0.7963333129882812,186.09170532226562,10.135714530944824,0.43675538897514343,0.0
138,0,-8.286020278930664,0.8069708943367004,0.7035751342773438,-0.04618751257658005,0.048563431948423386,False,False,False,True,1124,44.959999084472656,9.522533416748047,30.919574737548828,0.5338174104690552,669.548583984375,14.892095565795898,0.34138795733451843,0.0
139,0,-8.608784675598145,-0.0339721143245697,0.9697446227073669,-0.04689675569534302,-0.03984643146395683,True,False,False,False,555,22.19999885559082,0.2737399935722351,20.627994537353516,0.8148547410964966,215.87631225585938,9.72415828704834,0.3338119685649872,0.0
140,0,-8.723888397216797,0.45425131916999817,0.8310586810112,-0.0917733833193779,-0.058313045650720596,False,False,False,True,1124,44.959999084472656,14.532971382141113,36.46316909790039,0.4643007814884186,748.1746826171875,16.64089584350586,0.5305038690567017,0.0
141,0,-8.97354507446289,-0.7441662549972534,0.7668361663818359,-0.016124054789543152,0.15464277565479279,False,False,False,True,1124,44.959999084472656,14.619288444519043,33.642005920410156,0.5109500288963318,1889.8214111328125,42.03339385986328,0.6041686534881592,0.0
142,0,-8.884260177612305,0.44451266527175903,0.7706419825553894,-0.001301892683841288,-0.0019032811978831887,True,False,False,False,663,26.51999855041504,0.27683788537979126,20.409704208374023,0.8373439908027649,225.26499938964844,8.494155883789062,0.3388015925884247,0.0
143,0,-8.97805404663086,-1.0758986473083496,1.1160857677459717,0.03392684459686279,0.17291200160980225,False,False,False,True,1124,44.959999084472656,14.647274017333984,49.68531036376953,0.34640294313430786,1695.3609619140625,37.70820617675781,0.6179625988006592,0.0
144,0,-8.384015083312988,-0.8788092136383057,1.1949470043182373,0.02797996997833252,-0.0086426492780447,True,False,False,False,405,16.19999885559082,0.2899223268032074,19.738039016723633,0.8413637280464172,139.6205596923828,8.61855411529541,0.43507120013237,0.0
145,0,-8.711987495422363,-0.6782842874526978,1.0985640287399292,-0.006194354500621557,-0.19210639595985413,False,False,False,True,1124,44.959999084472656,9.608631134033203,48.57423782348633,0.34844285249710083,1610.9697265625,35.8311767578125,0.5423920154571533,0.0
146,0,-8.241517066955566,-1.2176110744476318,1.236328125,-0.02792784944176674,-0.13965986669063568,False,False,False,True,1124,44.959999084472656,9.601673126220703,54.93061447143555,0.3001192808151245,1145.3548583984375,25.4749755859375,0.5368874073028564,0.0
147,0,-8.301019668579102,-0.46647942066192627,1.0743768215179443,0.001174271572381258,-0.0011509847827255726,True,False,False,False,483,19.31999969482422,0.26241564750671387,20.775955200195312,0.7945480346679688,198.57904052734375,10.27841854095459,0.43588563799858093,0.0
148,0,-8.109210968017578,0.2731643617153168,1.1097729206085205,-0.009472724981606007,-0.14471755921840668,False,False,False,True,1124,44.959999084472656,14.604259490966797,49.40278244018555,0.3301728367805481,1436.0260009765625,31.940080642700195,0.5662391185760498,0.0
149,0,-8.307855606079102,1.0058636665344238,1.215269684791565,0.03239777311682701,-0.002992564346641302,True,False,False,False,391,15.639999389648438,0.2809254825115204,19.449810028076172,0.8502872586250305,142.17872619628906,9.09071159362793,0.33238527178764343,0.0
150,0,-8.165457725524902,0.6372852325439453,0.8552689552307129,0.005375096574425697,0.019237548112869263,True,False,False,False,565,22.600000381469727,0.2873584032058716,19.422460556030273,0.8432319760322571,199.2557830810547,8.816627502441406,0.33783265948295593,0.0
151,0,-8.45616626739502,0.07678315043449402,1.007056713104248,0.07564273476600647,-0.09533823281526566,False,False,False,True,1124,44.959999084472656,14.584809303283691,44.97137451171875,0.37037649750709534,1094.551513671875,24.345006942749023,0.5539820194244385,0.0
152,0,-8.964986801147461,0.4657360911369324,1.2590782642364502,-0.0018239079508930445,0.00037448806688189507,True,False,False,False,407,16.279998779296875,0.26428064703941345,20.482648849487305,0.8383288979530334,141.3983612060547,8.685403823852539,0.33461305499076843,0.0
153,0,-8.129406929016113,0.3501640260219574,0.871777355670929,0.0028469152748584747,0.06846992671489716,False,False,False,True,1124,44.959999084472656,9.610711097717285,39.15791320800781,0.4171083867549896,839.647705078125,18.675437927246094,0.34263917803764343,0.0
154,0,-8.24397087097168,1.0325145721435547,1.2803418636322021,0.08446159213781357,0.024716276675462723,True,False,False,False,354,14.15999984741211,0.25753098726272583,19.11604118347168,0.8618822693824768,127.90266418457031,9.032673835754395,0.33259889483451843,0.0
155,0,-8.97357177734375,-0.014803260564804077,1.2262927293777466,-0.0222980584949255,0.0042372532188892365,True,False,False,False,429,17.15999984741211,0.26210516691207886,20.729888916015625,0.8284452557563782,151.3686981201172,8.821020126342773,0.3335469663143158,0.0
156,0,-8.497637748718262,-0.636809229850769,1.1150875091552734,0.13312594592571259,-0.029331084340810776,True,False,False,False,393,15.719999313354492,0.25889331102371216,19.280881881713867,0.8666390180587769,127.90258026123047,8.136297225952148,0.43269655108451843,0.0
157,0,-8.82431697845459,-0.18861651420593262,1.120773196220398,-0.038706887513399124,0.03153403475880623,True,False,False,False,470,18.799999237060547,0.293302983045578,20.47754669189453,0.8314152359962463,158.59400939941406,8.43585205078125,0.33522340655326843,0.0
158,0,-8.162554740905762,0.3357386589050293,0.9241355061531067,0.04438697546720505,-0.0785137265920639,False,False,False,True,1124,44.959999084472656,14.570197105407715,41.3417854309082,0.3958691656589508,989.643310546875,22.011640548706055,0.5488746166229248,0.0
159,0,-8.514880180358887,-0.9041398167610168,1.0334479808807373,0.11195480078458786,0.1550925374031067,False,False,False,True,1124,44.959999084472656,14.604535102844238,45.78575134277344,0.3655916452407837,1678.3046875,37.32884216308594,0.7187421321868896,0.0
160,0,-8.106571197509766,-1.024641990661621,0.9694554805755615,0.1208212748169899,-0.01901148445904255,True,False,False,False,438,17.520000457763672,0.29513952136039734,18.758159637451172,0.8709890842437744,149.9960174560547,8.561416625976562,0.4360187351703644,0.0
161,0,-8.645954132080078,-0.11441811919212341,1.1991771459579468,-0.13745884597301483,0.11455932259559631,False,False,False,True,1124,44.959999084472656,9.617928504943848,52.14118576049805,0.3230907917022705,843.4500732421875,18.760011672973633,0.340433806180954,0.0
162,0,-8.319994926452637,-1.1376675367355347,1.2327584028244019,0.0015957225114107132,-0.004686096683144569,True,False,False,False,398,15.920000076293945,0.28425872325897217,19.6391544342041,0.8431334495544434,139.62062072753906,8.770139694213867,0.43403932452201843,0.0
163,0,-8.043684959411621,0.01602381467819214,0.9028534889221191,0.001126029877923429,-0.0002249475073767826,True,False,False,False,541,21.639999389648438,0.2870703935623169,19.558454513549805,0.8305203318595886,184.6032257080078,8.530648231506348,0.33906862139701843,0.0
164,0,-8.541232109069824,1.0777311325073242,0.9310027956962585,0.10197966545820236,0.16108781099319458,False,False,False,True,1124,44.959999084472656,9.615260124206543,41.607330322265625,0.4031808376312256,1691.86376953125,37.63042449951172,0.34592846035957336,0.0
165,0,-8.802775382995605,0.9631985425949097,0.7248620390892029,-0.018556877970695496,-0.194088414311409,False,False,False,True,1124,44.959999084472656,14.625242233276367,31.29403305053711,0.5441793203353882,1818.4595947265625,40.4461669921875,0.576637864112854,0.0
166,0,-8.355697631835938,-0.2031494677066803,0.9059309959411621,0.029734622687101364,0.10086144506931305,False,False,False,True,1124,44.959999084472656,9.521247863769531,40.7815055847168,0.40599095821380615,1132.283203125,25.184234619140625,0.34151002764701843,0.0
167,0,-8.19553279876709,-0.15817120671272278,1.193034291267395,0.08421368151903152,-0.060515422374010086,True,False,False,False,428,17.119998931884766,0.25307026505470276,21.463088989257812,0.7639293670654297,205.64724731445312,12.012105941772461,0.32991334795951843,0.0
168,0,-8.802131652832031,0.6789034605026245,1.2367686033248901,-0.017547737807035446,0.013522367924451828,True,False,False,False,413,16.520000457763672,0.28915873169898987,20.191680908203125,0.842695951461792,139.13755798339844,8.422369956970215,0.33215638995170593,0.0
169,0,-8.992120742797852,0.03685951232910156,0.9539726972579956,0.06118513271212578,0.1402851939201355,False,False,False,True,1124,44.959999084472656,9.630151748657227,42.922454833984375,0.40053999423980713,1458.445068359375,32.438724517822266,0.3458351790904999,0.0
170,0,-8.541810989379883,-0.09576916694641113,0.9480873346328735,0.043131984770298004,0.022922150790691376,True,False,False,False,500,20.0,0.2856384217739105,19.6873722076416,0.8503969311714172,166.02127075195312,8.301063537597656,0.33696290850639343,0.0
171,0,-8.716482162475586,0.3138597309589386,1.113548755645752,0.048017241060733795,-0.05661686882376671,True,False,False,False,438,17.520000457763672,0.29053568840026855,20.197343826293945,0.8377014398574829,171.32252502441406,9.778682708740234,0.33233949542045593,0.0
172,0,-8.124727249145508,0.11670023202896118,0.9318528771400452,-0.16972783207893372,-0.012535104528069496,True,False,False,False,675,27.0,0.2926490604877472,21.431791305541992,0.7617253065109253,263.1678466796875,9.746956825256348,0.33662721514701843,0.0
173,0,-8.035531997680664,-1.1819449663162231,1.0885493755340576,-0.09332882612943649,0.028562506660819054,True,False,False,False,497,19.8799991607666,0.28697478771209717,20.12630271911621,0.8087785243988037,187.72463989257812,9.442890167236328,0.43480923771858215,0.0
174,0,-8.853442192077637,-0.9719933271408081,1.2991888523101807,-0.05738918110728264,0.0668817013502121,True,False,False,False,444,17.760000228881836,0.2648685574531555,22.306047439575195,0.7657405138015747,179.93255615234375,10.13133716583252,0.43923625349998474,0.0
175,0,-8.072858810424805,-0.08024081587791443,0.9327182769775391,0.0034678711090236902,-0.00832842756062746,True,False,False,False,536,21.439998626708984,0.2691193222999573,20.073274612426758,0.8106825947761536,190.76304626464844,8.897530555725098,0.33545705676078796,0.0
176,0,-8.282169342041016,0.8263410329818726,1.0501132011413574,-0.16769914329051971,0.0003776215889956802,True,False,False,False,575,23.0,0.27505210041999817,20.95362663269043,0.7875726222991943,216.45140075683594,9.410930633544922,0.33492299914360046,0.0
177,0,-8.848299980163574,-0.8610379695892334,1.1846089363098145,0.10075581073760986,-0.1365624964237213,False,False,False,True,1124,44.959999084472656,9.608743667602539,53.213645935058594,0.32077592611312866,1219.0238037109375,27.1135196685791,0.5387604236602783,0.0
178,0,-8.60645580291748,1.1165080070495605,0.9642406702041626,-0.06078053265810013,-0.01975899748504162,True,False,False,False,567,22.68000030517578,0.2800143361091614,20.745744705200195,0.8118703961372375,208.1953125,9.1796875,0.3345749080181122,0.0
179,0,-8.885783195495605,0.2007909119129181,0.869603157043457,-0.027632461860775948,0.04129309207201004,True,False,False,False,602,24.079999923706055,0.28067976236343384,20.33734130859375,0.8401759266853333,207.61788940429688,8.622005462646484,0.33890077471733093,0.0
180,0,-8.500656127929688,0.07160887122154236,0.9165464639663696,-0.02911316603422165,0.08066491782665253,False,False,False,True,1124,44.959999084472656,9.596148490905762,40.82804870605469,0.409052312374115,895.3737182617188,19.91489601135254,0.34131166338920593,0.0
181,0,-8.099944114685059,-0.6227177381515503,1.1421838998794556,-0.12536172568798065,0.08195086568593979,False,False,False,True,1124,44.959999084472656,4.673457145690918,49.245262145996094,0.33123230934143066,756.9996337890625,16.837181091308594,0.43892213702201843,0.0
182,0,-8.811607360839844,-0.16827352344989777,1.1880704164505005,-0.05355636775493622,0.16638465225696564,False,False,False,True,1124,44.959999084472656,9.605018615722656,52.49962615966797,0.3240485191345215,1309.8779296875,29.134296417236328,0.33861085772514343,0.0
183,0,-8.01916217803955,-0.23175016045570374,0.7066779136657715,-0.043937116861343384,0.04911517724394798,False,False,False,True,1124,44.959999084472656,9.58098316192627,31.203105926513672,0.5198452472686768,681.7940673828125,15.164459228515625,0.34202882647514343,0.0
184,0,-8.048995018005371,0.9399675130844116,0.8612016439437866,-0.025020144879817963,0.15999694168567657,False,False,False,True,1124,44.959999084472656,9.639056205749512,37.712276458740234,0.43157482147216797,1616.2191162109375,35.947933197021484,0.34511110186576843,0.0
185,0,-8.105890274047852,0.5417606234550476,1.2611699104309082,0.00952927302569151,0.002810586942359805,True,False,False,False,384,15.359999656677246,0.2968820035457611,19.486515045166016,0.8372315764427185,138.0749969482422,8.9892578125,0.33124086260795593,0.0
186,0,-8.326355934143066,-0.06155639886856079,1.1957623958587646,0.059301357716321945,0.022575071081519127,True,False,False,False,396,15.839999198913574,0.28627124428749084,19.707117080688477,0.8386040329933167,140.6636505126953,8.880281448364258,0.33314821124076843,0.0
187,0,-8.82219123840332,0.15030443668365479,0.8639004230499268,-0.002678321674466133,0.008913496509194374,True,False,False,False,590,23.600000381469727,0.29035231471061707,20.331125259399414,0.8372799754142761,200.23814392089844,8.48466682434082,0.33821412920951843,0.0
188,0,-8.753413200378418,-0.5788671970367432,0.8684908747673035,-0.13168004155158997,-0.05143209546804428,False,False,False,True,1124,44.959999084472656,3.3635759353637695,36.00518035888672,0.4711300730705261,586.2852783203125,13.040153503417969,0.43498536944389343,0.0
189,0,-8.33484935760498,0.1339341700077057,0.7169537544250488,0.0792425274848938,0.03249288722872734,True,False,False,False,609,24.35999870300293,0.27751821279525757,19.08574867248535,0.8663733005523682,204.34410095214844,8.388510704040527,0.34102174639701843,0.0
190,0,-8.606822967529297,0.5560595989227295,1.05742609500885,0.09663289785385132,-0.08916697651147842,False,False,False,True,1124,44.959999084472656,14.544785499572754,47.23988342285156,0.3559674024581909,989.6849365234375,22.01256561279297,0.5157556533813477,0.0
191,0,-8.31868839263916,0.5325509309768677,1.1510035991668701,0.043443743139505386,0.03675892576575279,True,False,False,False,413,16.520000457763672,0.2670228183269501,19.58661651611328,0.84379643201828,143.7550506591797,8.701879501342773,0.33605197072029114,0.0
192,0,-8.643951416015625,-0.24215437471866608,1.0133888721466064,0.008186661638319492,0.015130789950489998,True,False,False,False,500,20.0,0.2840281128883362,20.399818420410156,0.8257750272750854,173.8981475830078,8.694907188415527,0.33516237139701843,0.0
193,0,-8.19393253326416,0.9144420623779297,0.8383457660675049,0.022419512271881104,-0.03485643491148949,True,False,False,False,564,22.559999465942383,0.2933075428009033,19.35092544555664,0.8484843969345093,208.2437744140625,9.230664253234863,0.33732911944389343,0.0
194,0,-8.6287841796875,0.1533697545528412,0.7475809454917908,-0.09238696098327637,0.13264068961143494,False,False,False,True,1124,44.959999084472656,9.622604370117188,31.58858299255371,0.5327706933021545,1161.837646484375,25.841585159301758,0.3442504107952118,0.0
195,0,-8.85971736907959,1.1317319869995117,0.874082088470459,0.05333610251545906,0.07956907153129578,False,False,False,True,1124,44.959999084472656,9.612655639648438,39.45315170288086,0.4333385229110718,949.3892822265625,21.116310119628906,0.34102174639701843,0.0
196,0,-8.680476188659668,-0.9904259443283081,0.8549355864524841,-0.16093243658542633,0.085193932056427,False,False,False,True,1124,44.959999084472656,14.651496887207031,36.376792907714844,0.46482938528060913,1132.424560546875,25.187379837036133,0.7071377038955688,0.0
197,0,-8.312592506408691,1.053904414176941,0.8373297452926636,0.12925173342227936,0.010295454412698746,True,False,False,False,495,19.799999237060547,0.279135525226593,18.76475715637207,0.8817376494407654,171.85784912109375,8.679689407348633,0.33861085772514343,0.0
198,0,-8.883503913879395,-1.0659797191619873,1.0646101236343384,0.016023652628064156,0.12005103379487991,False,False,False,True,1124,44.959999084472656,14.660370826721191,47.594730377197266,0.3596229553222656,1261.8856201171875,28.066850662231445,0.6588510274887085,0.0
199,0,-8.70097827911377,1.184213638305664,0.7407638430595398,-0.03768018260598183,-0.011405213735997677,True,False,False,False,719,28.760000228881836,0.29006001353263855,20.414945602416992,0.8298672437667847,257.5171203613281,8.954002380371094,0.33832094073295593,0.0
200,0,-8.523483276367188,1.0674974918365479,1.1913481950759888,0.17187033593654633,-0.01704726740717888,True,False,False,False,360,14.399999618530273,0.25512582063674927,19.2592716217041,0.8700703978538513,129.91293334960938,9.02173137664795,0.33153077960014343,0.0
201,0,-8.468343734741211,0.858510434627533,0.9511662125587463,-0.13200418651103973,-0.002093374961987138,True,False,False,False,620,24.799999237060547,0.2920752465724945,20.860851287841797,0.8000655174255371,230.525634765625,9.295389175415039,0.33713075518608093,0.0
202,0,-8.430411338806152,1.1085550785064697,1.029821515083313,-0.164297416806221,0.03482865169644356,True,False,False,False,587,23.479999542236328,0.2928880453109741,20.902849197387695,0.7973394393920898,224.44322204589844,9.558910369873047,0.33662721514701843,0.0
203,0,-8.037500381469727,0.8039920330047607,1.1330407857894897,0.07814767211675644,0.01718784123659134,True,False,False,False,397,15.880000114440918,0.29279547929763794,19.02541160583496,0.8544904589653015,140.27346801757812,8.833341598510742,0.3362991511821747,0.0
204,0,-8.114498138427734,-0.275190532207489,0.7713991403579712,0.052861083298921585,-0.016770126298069954,True,False,False,False,625,25.0,0.2755950689315796,20.313709259033203,0.8032397031784058,271.9865417480469,10.879461288452148,0.33929750323295593,0.0
205,0,-8.776150703430176,-0.07425248622894287,1.2982511520385742,0.03384922444820404,-0.12243332713842392,False,False,False,True,1124,44.959999084472656,4.567698955535889,58.32926559448242,0.2910427749156952,986.3418579101562,21.938209533691406,0.3342212736606598,0.0
206,0,-8.972881317138672,-1.0450626611709595,0.7613498568534851,0.09387217462062836,0.044752541929483414,False,False,False,True,1124,44.959999084472656,14.621851921081543,33.99850845336914,0.5060253739356995,666.1205444335938,14.815848350524902,0.6112945079803467,0.0
207,0,-8.641590118408203,0.1568901538848877,1.2665233612060547,-0.07116055488586426,0.008317152038216591,True,False,False,False,427,17.079999923706055,0.27756404876708984,20.61436653137207,0.8170180916786194,152.14907836914062,8.908025741577148,0.3314039409160614,0.0
208,0,-8.934882164001465,-1.1039365530014038,1.2664724588394165,-0.016554461792111397,0.06076071783900261,True,False,False,False,411,16.440000534057617,0.27178525924682617,20.614456176757812,0.8329009413719177,149.82493591308594,9.113438606262207,0.43940970301628113,0.0
209,0,-8.67358112335205,0.13556182384490967,1.2342617511749268,0.17863360047340393,0.08280356228351593,True,False,False,False,396,15.839999198913574,0.2766748070716858,21.575244903564453,0.7821053862571716,159.8078155517578,10.08887767791748,0.34153124690055847,0.0
210,0,-8.18486499786377,0.7387939095497131,0.7543918490409851,-0.03507770970463753,-0.04211806133389473,False,False,False,True,1124,44.959999084472656,14.5357084274292,33.6667366027832,0.4871637225151062,661.530029296875,14.713746070861816,0.5355020761489868,0.0
211,0,-8.864834785461426,1.1035876274108887,0.9972383975982666,-0.02014210633933544,-0.08890701085329056,False,False,False,True,1124,44.959999084472656,14.603089332580566,44.615379333496094,0.3832729160785675,961.4750366210938,21.385122299194336,0.5474056005477905,0.0
212,0,-8.70292854309082,1.0654319524765015,1.131338357925415,0.06203490123152733,-0.042336758226156235,True,False,False,False,416,16.639999389648438,0.2985494136810303,19.72224998474121,0.8587200045585632,151.94717407226562,9.131441116333008,0.33296510577201843,0.0
213,0,-8.74858283996582,-0.7737187147140503,1.207087755203247,0.0007444378570653498,-0.14169372618198395,False,False,False,True,1124,44.959999084472656,9.5346097946167,53.88711166381836,0.31484201550483704,1191.585205078125,26.503231048583984,0.5437195301055908,0.0
214,0,-8.712367057800293,-0.848185122013092,0.9991488456726074,0.003358657704666257,0.12543541193008423,False,False,False,True,1124,44.959999084472656,14.63001823425293,44.56592559814453,0.37995967268943787,1388.489501953125,30.882774353027344,0.6997494697570801,0.0
215,0,-8.901000022888184,-0.2848254144191742,0.7564345598220825,-0.023645617067813873,-0.15814056992530823,False,False,False,True,1124,44.959999084472656,14.596359252929688,32.89871597290039,0.5198784470558167,1847.2261962890625,41.08599090576172,0.5744191408157349,0.0
216,0,-8.277209281921387,-0.36529654264450073,0.8183871507644653,0.0012813986977562308,-0.00018558210285846144,True,False,False,False,637,25.479999542236328,0.2923191487789154,20.865798950195312,0.7898661494255066,268.6379089355469,10.543088912963867,0.43913576006889343,0.0
217,0,-8.477250099182129,0.013267099857330322,0.7498953938484192,0.016127601265907288,-0.030985623598098755,True,False,False,False,794,31.760000228881836,0.2984747886657715,24.14592170715332,0.6906862258911133,316.3571472167969,9.960866928100586,0.33789369463920593,0.0
218,0,-8.824649810791016,-0.454990029335022,0.8837076425552368,-0.016202202066779137,-0.00817449577152729,True,False,False,False,610,24.399999618530273,0.27395737171173096,21.231698989868164,0.8021319508552551,236.6977996826172,9.700729370117188,0.43751832842826843,0.0
219,0,-8.333693504333496,-0.8094245195388794,1.1055278778076172,0.005246463697403669,0.014773238450288773,True,False,False,False,448,17.920000076293945,0.28869810700416565,19.894569396972656,0.8320433497428894,161.13697814941406,8.992018699645996,0.43733522295951843,0.0
220,0,-8.122000694274902,-1.1129682064056396,0.8830841779708862,-0.14612223207950592,0.016978256404399872,True,False,False,False,694,27.760000228881836,0.2746894657611847,21.22692108154297,0.770682692527771,274.1661376953125,9.876301765441895,0.43760988116264343,0.0
221,0,-8.854419708251953,-0.12960955500602722,0.9304301738739014,0.001408365904353559,-0.0014308022800832987,True,False,False,False,549,21.959999084472656,0.27884984016418457,20.451507568359375,0.833919107913971,181.27975463867188,8.254998207092285,0.33650514483451843,0.0
222,0,-8.225337982177734,1.0737805366516113,1.2287013530731201,0.021623486652970314,-0.025841139256954193,True,False,False,False,390,15.59999942779541,0.2597157955169678,19.465347290039062,0.8455935716629028,147.0629119873047,9.427109718322754,0.33043214678764343,0.0
223,0,-8.218896865844727,0.2116851508617401,0.7872165441513062,-0.040167294442653656,-0.010985355824232101,True,False,False,False,667,26.68000030517578,0.2742191255092621,20.109962463378906,0.816522479057312,241.18214416503906,9.039810180664062,0.33769533038139343,0.0
224,0,-8.636605262756348,0.8761752843856812,1.1347835063934326,-0.13867363333702087,0.0593753419816494,True,False,False,False,512,20.479999542236328,0.2865475118160248,20.77475929260254,0.8115131258964539,197.8663787841797,9.661444664001465,0.33558961749076843,0.0
225,0,-8.522836685180664,0.11472418904304504,0.9932022094726562,0.13665950298309326,-0.1066889762878418,False,False,False,True,1124,44.959999084472656,14.63624382019043,43.891746520996094,0.38101068139076233,1209.1669921875,26.894283294677734,0.564929723739624,0.0
226,0,-8.72188949584961,-0.0644586980342865,1.124097466468811,-0.03759812191128731,-0.12425535917282104,False,False,False,True,1124,44.959999084472656,14.603425979614258,49.95415115356445,0.33875083923339844,1181.2763671875,26.273941040039062,0.5326714515686035,0.0
227,0,-8.801694869995117,-0.2965105175971985,1.2680764198303223,0.03797576203942299,0.04385099560022354,True,False,False,False,386,15.4399995803833,0.277148574590683,20.077392578125,0.8469344973564148,133.53721618652344,8.648783683776855,0.34086915850639343,0.0
228,0,-8.342796325683594,0.21940574049949646,1.1923259496688843,-0.01199210062623024,-0.014529027044773102,True,False,False,False,429,17.15999984741211,0.2964133024215698,20.294191360473633,0.8152197599411011,153.95741271972656,8.971877098083496,0.33284303545951843,0.0
229,0,-8.05620288848877,-0.9988034963607788,0.9122540354728699,-0.001466789748519659,-0.004664644133299589,True,False,False,False,535,21.399999618530273,0.29434168338775635,19.4844970703125,0.8358595371246338,189.0821990966797,8.835617065429688,0.43825599551200867,0.0
230,0,-8.379168510437012,1.1115633249282837,1.1663947105407715,-0.15238414704799652,-0.061125293374061584,True,False,False,False,578,23.119998931884766,0.26265156269073486,24.40622901916504,0.6807987689971924,252.12989807128906,10.905272483825684,0.33072206377983093,0.0
231,0,-8.972878456115723,-0.034638941287994385,0.8444744348526001,0.090717613697052,-0.014983933418989182,True,False,False,False,545,21.799999237060547,0.28688278794288635,20.06538963317871,0.8558474779129028,185.42918395996094,8.505926132202148,0.33662721514701843,0.0
232,0,-8.267857551574707,-0.5072749257087708,0.8380730748176575,-0.1659284234046936,0.016140101477503777,True,False,False,False,796,31.84000015258789,0.28002938628196716,22.497329711914062,0.7323326468467712,319.4615783691406,10.033341407775879,0.43918153643608093,0.0
233,0,-8.859268188476562,0.9614366292953491,1.202192783355713,0.06311474740505219,0.14633716642856598,False,False,False,True,1124,44.959999084472656,9.651538848876953,53.91442108154297,0.31690728664398193,1299.0963134765625,28.89449119567871,0.33807680010795593,0.0
234,0,-8.723660469055176,0.9282923936843872,0.9048906564712524,0.09086625277996063,-0.05316119268536568,True,False,False,False,567,22.68000030517578,0.2956763207912445,22.035993576049805,0.7691351771354675,235.22593688964844,10.371513366699219,0.33459779620170593,0.0
235,0,-8.579694747924805,-0.3434981405735016,1.0552881956100464,0.006805964279919863,0.045120541006326675,True,False,False,False,590,23.600000381469727,0.2873119115829468,24.995986938476562,0.6714337468147278,246.607421875,10.449466705322266,0.3395034968852997,0.0
236,0,-8.080924034118652,-0.4147070050239563,0.9323782920837402,-0.1565663069486618,-0.0974489375948906,False,False,False,True,1124,44.959999084472656,9.61740493774414,39.31594467163086,0.41423681378364563,987.7979125976562,21.97059440612793,0.5427429676055908,0.0
237,0,-8.152424812316895,1.1775217056274414,0.8425079584121704,-0.016918061301112175,-0.023812472820281982,True,False,False,False,595,23.799999237060547,0.2792659103870392,19.73700714111328,0.8306226134300232,226.09103393554688,9.49962329864502,0.33677980303764343,0.0
238,0,-8.635522842407227,0.591957688331604,1.0489301681518555,-0.15528294444084167,0.09319373965263367,False,False,False,True,1124,44.959999084472656,9.571206092834473,44.79247283935547,0.3760842978954315,922.5078125,20.518413543701172,0.3390457332134247,0.0
239,0,-8.7498779296875,0.49288466572761536,0.8156135678291321,0.05024436488747597,-0.08023092895746231,False,False,False,True,1124,44.959999084472656,14.602215766906738,36.52701950073242,0.4642294645309448,1129.518310546875,25.122737884521484,0.5930631160736084,0.0
240,0,-8.929732322692871,-0.5003994107246399,0.9332759976387024,-0.11899420619010925,-0.08769530802965164,False,False,False,True,1124,44.959999084472656,9.566184997558594,40.086490631103516,0.4274985194206238,853.78955078125,18.989980697631836,0.5393774509429932,0.0
241,0,-8.159689903259277,0.13300225138664246,0.7437443733215332,0.038333699107170105,0.01661003939807415,True,False,False,False,624,24.959999084472656,0.2741837799549103,19.35782814025879,0.8451476097106934,218.78758239746094,8.765528678894043,0.3405105769634247,0.0
242,0,-8.7628755569458,-0.33419376611709595,1.1032111644744873,-0.04906177893280983,-0.03667863458395004,True,False,False,False,502,20.079999923706055,0.2942453920841217,21.337902069091797,0.795116126537323,197.4368896484375,9.832514762878418,0.43648454546928406,0.0
243,0,-8.853940963745117,-1.082430124282837,1.1844689846038818,-0.005520266015082598,0.015301624312996864,True,False,False,False,429,17.15999984741211,0.2958447337150574,20.264972686767578,0.8432119488716125,145.89227294921875,8.501880645751953,0.4339046776294708,0.0
244,0,-8.802848815917969,1.0175293684005737,0.7908715009689331,0.1636023372411728,-0.09169796854257584,False,False,False,True,1124,44.959999084472656,14.54323959350586,34.517913818359375,0.4934464991092682,1286.9215087890625,28.623699188232422,0.58160400390625,0.0
245,0,-8.045646667480469,-0.7251168489456177,0.858129620552063,-0.18755513429641724,0.03590203821659088,False,False,False,True,1124,44.959999084472656,14.589326858520508,36.247047424316406,0.4486304223537445,504.9151611328125,11.23031997680664,0.6498184204101562,0.0
246,0,-8.755631446838379,0.636566162109375,1.1495699882507324,0.0029159397818148136,-0.020914295688271523,True,False,False,False,442,17.68000030517578,0.26073816418647766,20.37181854248047,0.8328843712806702,156.29861450195312,8.840418815612793,0.33320924639701843,0.0
247,0,-8.163628578186035,-0.8925866484642029,1.199514627456665,-0.03142367675900459,0.0943913385272026,False,False,False,True,1124,44.959999084472656,14.619414329528809,53.684730529785156,0.305254727602005,953.7568969726562,21.213455200195312,0.650771975517273,0.0
248,0,-8.44875431060791,-0.6018883585929871,1.2469372749328613,-0.008562344126403332,0.041876133531332016,True,False,False,False,414,16.559999465942383,0.2696656882762909,20.536327362060547,0.8112180233001709,154.9568328857422,9.35729694366455,0.43429872393608093,0.0
249,0,-8.788642883300781,0.21342501044273376,1.059095859527588,-0.17666102945804596,0.006970083806663752,True,False,False,False,596,23.84000015258789,0.2753659784793854,21.761232376098633,0.7807444334030151,218.68446350097656,9.173006057739258,0.33694764971733093,0.0
250,0,-8.461490631103516,-0.42236602306365967,1.1382887363433838,0.13942955434322357,-0.061497196555137634,True,False,False,False,421,16.84000015258789,0.2657460570335388,20.92478370666504,0.7965076565742493,164.1508026123047,9.747672080993652,0.43144533038139343,0.0
251,0,-8.833518981933594,-1.1274715662002563,1.2601083517074585,0.003506448119878769,0.0020633290987461805,True,False,False,False,401,16.03999900817871,0.27154430747032166,20.25832176208496,0.8426240086555481,142.16366577148438,8.863072395324707,0.43641969561576843,0.0
252,0,-8.535850524902344,-0.22785089910030365,1.0811142921447754,0.08304232358932495,-0.04597116634249687,True,False,False,False,453,18.119998931884766,0.2597898244857788,20.743457794189453,0.8068748712539673,194.87844848632812,10.754881858825684,0.3318575322628021,0.0
253,0,-8.206460952758789,0.9767322540283203,0.7411750555038452,-0.048446036875247955,0.03026392124593258,True,False,False,False,707,28.279998779296875,0.2835952937602997,19.745262145996094,0.8323510885238647,258.1928405761719,9.129874229431152,0.34312745928764343,0.0
254,0,-8.653844833374023,-0.3736031651496887,0.9431975483894348,0.04612858593463898,-0.1650291234254837,False,False,False,True,1124,44.959999084472656,9.607443809509277,42.093692779541016,0.4004855155944824,1695.0233154296875,37.70069885253906,0.5439654588699341,0.0
255,0,-8.891887664794922,-1.016813039779663,1.150478720664978,0.03344908356666565,-0.03328806906938553,True,False,False,False,428,17.119998931884766,0.27538055181503296,20.148229598999023,0.8497811555862427,145.1575469970703,8.478829383850098,0.43306276202201843,0.0
256,0,-8.820068359375,0.49729257822036743,1.2970917224884033,-0.08975392580032349,-0.04860435053706169,True,False,False,False,435,17.399999618530273,0.273759126663208,21.29839515686035,0.7994595766067505,173.41712951660156,9.96650218963623,0.32863160967826843,0.0
257,0,-8.534147262573242,0.9597389698028564,0.9227346777915955,-0.039146579802036285,-0.03595903143286705,True,False,False,False,572,22.8799991607666,0.276621550321579,20.382104873657227,0.8223470449447632,221.78521728515625,9.69340991973877,0.33540651202201843,0.0
258,0,-8.99474811553955,-0.887197732925415,1.2749425172805786,0.09769252687692642,0.03422959893941879,True,False,False,False,380,15.199999809265137,0.29936450719833374,20.611736297607422,0.8353119492530823,140.46156311035156,9.24089241027832,0.4362032115459442,0.0
259,0,-8.639084815979004,-1.1494550704956055,0.9471107125282288,-0.043250471353530884,-0.08817040920257568,False,False,False,True,1124,44.959999084472656,9.51374626159668,41.88381576538086,0.40296199917793274,907.4982299804688,20.1845703125,0.5408493280410767,0.0
260,0,-8.00476360321045,-0.026638656854629517,1.2973475456237793,0.05737071856856346,-0.02078266069293022,True,False,False,False,360,14.399999618530273,0.26434051990509033,19.35980987548828,0.8370323181152344,133.58782958984375,9.276932716369629,0.33119508624076843,0.0
261,0,-8.610313415527344,0.5442739725112915,1.1882362365722656,0.11201804876327515,0.07310636341571808,True,False,False,False,405,16.19999885559082,0.27401724457740784,20.614526748657227,0.8158794045448303,151.4246826171875,9.347203254699707,0.33815309405326843,0.0
262,0,-8.026293754577637,-0.957571804523468,1.0308237075805664,-0.018911000341176987,-0.06763364374637604,False,False,False,True,1124,44.959999084472656,7.282240867614746,46.03703308105469,0.3530638813972473,740.8465576171875,16.477903366088867,0.43292543292045593,0.0
263,0,-8.581385612487793,-1.2399481534957886,0.7794754505157471,0.06568372994661331,0.03550206497311592,True,False,False,False,589,23.559999465942383,0.2729024589061737,19.69179344177246,0.854484498500824,214.77886962890625,9.116250991821289,0.44028016924858093,0.0
264,0,-8.174501419067383,-0.7681092619895935,0.7307596206665039,-0.12728653848171234,0.05275873839855194,False,False,False,True,1124,44.959999084472656,14.626105308532715,31.365558624267578,0.5226173400878906,841.087158203125,18.707454681396484,0.7038849592208862,0.0
265,0,-8.10815715789795,-0.2898643910884857,1.1820029020309448,0.0051241060718894005,0.03456088900566101,True,False,False,False,427,17.079999923706055,0.2745600640773773,20.259685516357422,0.8050810098648071,164.56134033203125,9.63473892211914,0.33328554034233093,0.0
266,0,-8.4835786819458,0.3099219501018524,1.0791497230529785,-0.05546854808926582,-0.03223723545670509,True,False,False,False,493,19.719999313354492,0.2874155044555664,20.37113380432129,0.8191201090812683,184.19921875,9.340731620788574,0.33279725909233093,0.0
267,0,-8.410341262817383,-1.1443430185317993,1.0695167779922485,0.006916843354701996,0.008888540789484978,True,False,False,False,459,18.35999870300293,0.27401411533355713,19.74463653564453,0.8432171940803528,158.7958526611328,8.649012565612793,0.4374344050884247,0.0
268,0,-8.313817977905273,-0.773505449295044,0.8171511888504028,-0.053182631731033325,0.16421300172805786,False,False,False,True,1124,44.959999084472656,14.625234603881836,35.546913146972656,0.46506431698799133,1756.5806884765625,39.069854736328125,0.7410657405853271,0.0
269,0,-8.745767593383789,-0.5827856659889221,1.118331789970398,0.001622785348445177,-0.0004203831485938281,True,False,False,False,454,18.15999984741211,0.2924375832080841,20.331462860107422,0.8339592814445496,152.1339874267578,8.377422332763672,0.4338028132915497,0.0
270,0,-8.462316513061523,1.159125566482544,0.9465925693511963,0.03748033568263054,0.08191046863794327,False,False,False,True,1124,44.959999084472656,9.620211601257324,42.606868743896484,0.39199960231781006,921.369384765625,20.493091583251953,0.3394424617290497,0.0
271,0,-8.094057083129883,0.4606664180755615,1.0021777153015137,-0.030163126066327095,0.0755499005317688,False,False,False,True,1124,44.959999084472656,3.700794219970703,44.52780532836914,0.3660735487937927,752.0048828125,16.72608757019043,0.34205445647239685,0.0
272,0,-8.457286834716797,1.1902403831481934,0.8116361498832703,0.12068850547075272,-0.13649505376815796,False,False,False,True,1124,44.959999084472656,14.621156692504883,35.758182525634766,0.46699824929237366,1822.86474609375,40.54414367675781,0.6154615879058838,0.0
273,0,-8.752008438110352,-0.28676971793174744,1.2256970405578613,0.10277323424816132,-0.1177150160074234,False,False,False,True,1124,44.959999084472656,14.605619430541992,54.638187408447266,0.3103030025959015,1149.1004638671875,25.558284759521484,0.5469213724136353,0.0
274,0,-8.974538803100586,-0.713735818862915,0.7562300562858582,-0.0033631871920078993,-0.067507304251194,False,False,False,True,1124,44.959999084472656,9.647453308105469,33.82294464111328,0.5082085728645325,875.0048217773438,19.461851119995117,0.5434067249298096,0.0
275,0,-8.997859001159668,-0.7358235120773315,1.195575475692749,0.04636472836136818,-0.06908582895994186,True,False,False,False,411,16.440000534057617,0.2735416889190674,20.22398567199707,0.851134181022644,144.98643493652344,8.81912612915039,0.43550339341163635,0.0
276,0,-8.61999225616455,-0.94600909948349,0.8578927516937256,0.03895153850317001,0.0737709030508995,False,False,False,True,1124,44.959999084472656,14.53615951538086,38.497005462646484,0.43759530782699585,987.3438110351562,21.960494995117188,0.6828111410140991,0.0
277,0,-8.342890739440918,-0.9219045639038086,1.1569117307662964,-0.11630595475435257,0.02926558442413807,True,False,False,False,499,19.959999084472656,0.26125267148017883,21.226070404052734,0.780554473400116,192.74838256835938,9.656733512878418,0.43416139483451843,0.0
278,0,-8.889457702636719,-0.13455606997013092,1.2191885709762573,-0.03244581073522568,-0.10242902487516403,False,False,False,True,1124,44.959999084472656,14.558467864990234,54.42082214355469,0.3140338361263275,964.274169921875,21.44738006591797,0.5212787389755249,0.0
279,0,-8.156512260437012,-0.07595591247081757,0.9275621175765991,-0.037356264889240265,0.14780060946941376,False,False,False,True,1124,44.959999084472656,9.648633003234863,40.86750793457031,0.40023696422576904,1395.8037109375,31.045455932617188,0.34230759739875793,0.0
280,0,-8.832595825195312,-0.9048965573310852,1.2421714067459106,0.08949820697307587,-0.06258844584226608,True,False,False,False,375,15.0,0.2572247385978699,19.72088623046875,0.8648800849914551,126.1211166381836,8.408074378967285,0.42859193682670593,0.0
281,0,-8.048392295837402,-0.8782796859741211,1.156802773475647,-0.02546427771449089,-0.04558370262384415,True,False,False,False,432,17.279998779296875,0.27425146102905273,19.569400787353516,0.8314859867095947,155.27052307128906,8.985563278198242,0.43182680010795593,0.0
282,0,-8.983162879943848,-0.995589017868042,0.7785882353782654,-0.03827677294611931,0.03600706905126572,True,False,False,False,1019,40.7599983215332,0.2779026925563812,30.80450439453125,0.558732807636261,430.5796813964844,10.563780784606934,0.4431541860103607,0.0
283,0,-8.231477737426758,0.016601979732513428,1.1400843858718872,0.15725430846214294,0.04187343269586563,True,False,False,False,372,14.880000114440918,0.27083054184913635,18.930906295776367,0.8679714202880859,127.32635498046875,8.556879043579102,0.33452150225639343,0.0
284,0,-8.583977699279785,1.0502793788909912,1.1571770906448364,-0.017963550984859467,-0.06181354075670242,True,False,False,False,441,17.639999389648438,0.2637345492839813,20.170825958251953,0.8336908221244812,170.90542602539062,9.688516616821289,0.33171388506889343,0.0
285,0,-8.0460844039917,-1.0149654150009155,0.7642472982406616,-0.15184248983860016,0.12322471290826797,False,False,False,True,1124,44.959999084472656,14.636943817138672,32.02293395996094,0.5082978010177612,1302.8858642578125,28.978778839111328,0.7323647737503052,0.0
286,0,-8.268047332763672,0.0716729462146759,1.1461008787155151,0.019264603033661842,-0.023711679503321648,True,False,False,False,431,17.239999771118164,0.2969297170639038,20.030742645263672,0.8221462965011597,162.1650848388672,9.406327247619629,0.33296510577201843,0.0
287,0,-8.975414276123047,-0.6345579624176025,0.7861487865447998,-0.056651510298252106,-0.04029883071780205,True,False,False,False,780,31.19999885559082,0.2957291305065155,23.097917556762695,0.7440900802612305,281.6038818359375,9.025765419006348,0.43739625811576843,0.0
288,0,-8.371438026428223,0.3349381685256958,0.8687927722930908,0.027122171595692635,-0.018928179517388344,True,False,False,False,552,22.079999923706055,0.2720004618167877,19.68258285522461,0.8421030044555664,199.2557830810547,9.02426528930664,0.33693239092826843,0.0
289,0,-8.488269805908203,-0.7768429517745972,1.2152392864227295,0.0009743440896272659,0.01717408373951912,True,False,False,False,413,16.520000457763672,0.2813427746295929,20.09373664855957,0.8314045667648315,147.84315490722656,8.94934368133545,0.43608400225639343,0.0
290,0,-8.817411422729492,-0.8722281455993652,1.230649471282959,0.1233673095703125,0.11262296140193939,True,False,False,False,1070,42.79999923706055,0.27049705386161804,53.72237014770508,0.3171744644641876,858.2611083984375,20.05282974243164,0.43995973467826843,0.0
291,0,-8.511262893676758,-1.075908899307251,1.1260030269622803,-0.013617911376059055,-0.07719143480062485,True,False,False,False,446,17.84000015258789,0.2678595185279846,19.761240005493164,0.8473787307739258,162.3408203125,9.099822044372559,0.43197324872016907,0.0
292,0,-8.927095413208008,-0.04262551665306091,1.2046563625335693,0.05141294747591019,-0.022912926971912384,True,False,False,False,406,16.239999771118164,0.27857598662376404,20.257308959960938,0.8454799056053162,144.51976013183594,8.89900016784668,0.33156129717826843,0.0
293,0,-8.034354209899902,-0.009498223662376404,0.8897861242294312,-0.03466934338212013,0.05193675309419632,True,False,False,False,677,27.079999923706055,0.29931914806365967,23.38825035095215,0.6941245198249817,274.60107421875,10.140364646911621,0.33845826983451843,0.0
294,0,-8.754525184631348,-0.020967498421669006,1.1810728311538696,-0.07343241572380066,-0.049892671406269073,True,False,False,False,476,19.03999900817871,0.27357980608940125,21.330480575561523,0.7948501706123352,192.7755126953125,10.124764442443848,0.33418580889701843,0.0
295,0,-8.739385604858398,0.470479279756546,1.1161359548568726,-0.041084226220846176,0.0731278583407402,True,False,False,False,465,18.600000381469727,0.2940669357776642,20.038246154785156,0.8456730246543884,165.84756469726562,8.916535377502441,0.33807680010795593,0.0
296,0,-8.208118438720703,-1.1859848499298096,0.7069898247718811,-0.010257949121296406,0.0064304587431252,True,False,False,False,705,28.19999885559082,0.2863800823688507,19.706188201904297,0.8347712159156799,252.63284301757812,8.958611488342285,0.43966981768608093,0.0
297,0,-8.955997467041016,-1.1703028678894043,1.2052195072174072,0.012856449000537395,-0.09381450712680817,False,False,False,True,1124,44.959999084472656,1.3465862274169922,54.11634063720703,0.31774479150772095,774.9302978515625,17.235994338989258,0.43429872393608093,0.0
298,0,-8.32447338104248,0.1667383313179016,1.0644102096557617,0.04356636479496956,0.17331965267658234,False,False,False,True,1124,44.959999084472656,9.568967819213867,47.534305572509766,0.3476499915122986,1648.3841552734375,36.66334915161133,0.34530946612358093,0.0
299,0,-8.824122428894043,-0.9389176964759827,0.8565574288368225,0.008202411234378815,0.014014591462910175,True,False,False,False,588,23.51999855041504,0.2974916994571686,20.321041107177734,0.8390096426010132,203.54270935058594,8.654026985168457,0.44000551104545593,0.0
300,0,-8.857067108154297,-0.5375659465789795,1.212252140045166,-0.0961306244134903,0.07891115546226501,True,False,False,False,481,19.239999771118164,0.2827552556991577,21.811717987060547,0.7823954820632935,202.43093872070312,10.521358489990234,0.43590089678764343,0.0
301,0,-8.813078880310059,0.6854952573776245,0.9348818063735962,0.004840269219130278,0.06929132342338562,False,False,False,True,1124,44.959999084472656,9.58283805847168,41.967201232910156,0.40571317076683044,793.9474487304688,17.658973693847656,0.3388473689556122,0.0
302,0,-8.661703109741211,-0.1504763960838318,1.0365102291107178,-0.06830707937479019,0.008098578080534935,True,False,False,False,530,21.19999885559082,0.27970820665359497,20.784549713134766,0.8112931847572327,185.3835906982422,8.74450969696045,0.3348953425884247,0.0
303,0,-8.914149284362793,0.6445454359054565,1.194715976715088,0.024585261940956116,0.012417287565767765,True,False,False,False,416,16.639999389648438,0.28585541248321533,20.21286964416504,0.8472856879234314,142.9591064453125,8.591292381286621,0.33443132042884827,0.0
304,0,-8.332878112792969,1.1235759258270264,0.7236101627349854,-0.10685066133737564,-0.10210750997066498,False,False,False,True,1124,44.959999084472656,14.61231803894043,31.145719528198242,0.5320261120796204,1210.95849609375,26.934131622314453,0.6155983209609985,0.0
305,0,-8.79624080657959,0.6508104801177979,0.7864506840705872,-0.14144977927207947,-0.135701522231102,False,False,False,True,1124,44.959999084472656,14.641201972961426,33.02641296386719,0.514996349811554,1286.5740966796875,28.6159725189209,0.6125965118408203,0.0
306,0,-8.874767303466797,-1.1895678043365479,0.9212896823883057,0.00816219300031662,-0.15149961411952972,False,False,False,True,1124,44.959999084472656,9.584991455078125,40.80753707885742,0.41941866278648376,1531.796630859375,34.07020950317383,0.5427483320236206,0.0
307,0,-8.197732925415039,-0.13953492045402527,1.2894020080566406,-0.10080152004957199,-0.1439589560031891,False,False,False,True,1124,44.959999084472656,14.640767097473145,56.94319152832031,0.2879767417907715,1182.8709716796875,26.30940818786621,0.5195977687835693,0.0
308,0,-8.26109790802002,-0.5093597769737244,0.9064158797264099,0.021823178976774216,-0.14722056686878204,False,False,False,True,1124,44.959999084472656,9.615056037902832,40.39323806762695,0.4077126979827881,1540.212890625,34.25740432739258,0.5431625843048096,0.0
309,0,-8.449642181396484,0.2984805405139923,0.7286807894706726,0.06325076520442963,0.05677422508597374,False,False,False,True,1124,44.959999084472656,9.645825386047363,33.10514831542969,0.5030115246772766,793.5576171875,17.65030288696289,0.34472963213920593,0.0
310,0,-8.059940338134766,-0.44586867094039917,1.1377149820327759,0.028077198192477226,0.027858994901180267,True,False,False,False,446,17.84000015258789,0.2745926082134247,20.686004638671875,0.7863259315490723,206.84364318847656,11.594374656677246,0.43388673663139343,0.0
311,0,-8.030494689941406,-0.3295619785785675,1.1000365018844604,0.15832054615020752,0.008911868557333946,True,False,False,False,414,16.559999465942383,0.2927733063697815,20.22319221496582,0.8027308583259583,187.3335723876953,11.312414169311523,0.43410035967826843,0.0
312,0,-8.02924919128418,0.18790468573570251,0.908096432685852,-0.0053717815317213535,0.07514708489179611,False,False,False,True,1124,44.959999084472656,9.589105606079102,40.68812942504883,0.39889565110206604,882.373291015625,19.62574005126953,0.33945009112358093,0.0
313,0,-8.342089653015137,0.786098837852478,0.866365909576416,-0.09995972365140915,0.09104656428098679,False,False,False,True,1124,44.959999084472656,9.574512481689453,37.31199645996094,0.443836510181427,916.3096313476562,20.380552291870117,0.34340211749076843,0.0
314,0,-8.822940826416016,0.12001484632492065,1.2522320747375488,-0.17387934029102325,-0.09660685062408447,False,False,False,True,1124,44.959999084472656,14.619146347045898,54.600704193115234,0.31177908182144165,929.7973022460938,20.680545806884766,0.5340485572814941,0.0
315,0,-8.89083480834961,1.2212754487991333,1.0163624286651611,0.007068533916026354,-0.007432218175381422,True,False,False,False,494,19.760000228881836,0.27700433135032654,20.214187622070312,0.8476059436798096,172.08982849121094,8.708999633789062,0.33424684405326843,0.0
316,0,-8.936797142028809,0.6140769720077515,0.8609809875488281,-0.032790157943964005,0.014960243366658688,True,False,False,False,623,24.920000076293945,0.28675010800361633,20.76607894897461,0.8257509469985962,215.3402862548828,8.641263008117676,0.33885499835014343,0.0
317,0,-8.230470657348633,-0.7105126976966858,0.7071755528450012,-0.05534116551280022,-0.1086031123995781,False,False,False,True,1124,44.959999084472656,9.606422424316406,30.595705032348633,0.5375118255615234,1147.4173583984375,25.520849227905273,0.5473511219024658,0.0
318,0,-8.427262306213379,0.9543889760971069,1.153516173362732,-0.0002938419347628951,0.0009183515794575214,True,False,False,False,427,17.079999923706055,0.29396533966064453,19.69482421875,0.8456103205680847,148.0452117919922,8.667752265930176,0.33357545733451843,0.0
319,0,-8.587057113647461,-0.11831425130367279,1.019677758216858,-0.0005275456933304667,0.13751286268234253,False,False,False,True,1124,44.959999084472656,9.640362739562988,45.52696990966797,0.36873677372932434,1305.5726318359375,29.038537979125977,0.3408697545528412,0.0
320,0,-8.94193172454834,-0.9032710790634155,0.838027834892273,-0.0468614287674427,0.002196522429585457,True,False,False,False,656,26.239999771118164,0.2810177505016327,20.967409133911133,0.8186660408973694,231.80389404296875,8.833990097045898,0.43846437335014343,0.0
321,0,-8.182999610900879,0.9522675275802612,1.2868833541870117,-0.0755368173122406,0.16709499061107635,False,False,False,True,1124,44.959999084472656,9.66645622253418,56.673667907714844,0.2895551919937134,1354.9857177734375,30.137582778930664,0.33977052569389343,0.0
322,0,-8.968484878540039,-0.8796671032905579,0.781568169593811,0.06101736053824425,-0.011890358291566372,True,False,False,False,601,24.03999900817871,0.295428603887558,20.00791358947754,0.8591910600662231,197.33563232421875,8.208637237548828,0.43886110186576843,0.0
323,0,-8.646657943725586,-1.16676926612854,1.2467501163482666,0.1297842413187027,-0.1334032416343689,False,False,False,True,1124,44.959999084472656,9.598925590515137,55.93838119506836,0.30187341570854187,1155.673583984375,25.704484939575195,0.5373108386993408,0.0
324,0,-8.906637191772461,-0.6522917151451111,0.7593336701393127,-0.02534453570842743,0.09299939125776291,False,False,False,True,1124,44.959999084472656,14.579845428466797,33.68916320800781,0.5081413388252258,1262.6683349609375,28.084260940551758,0.6704070568084717,0.0
325,0,-8.807422637939453,-0.21128103137016296,1.0694581270217896,0.026179704815149307,0.01791103556752205,True,False,False,False,462,18.479999542236328,0.2798019349575043,20.174190521240234,0.843092679977417,154.49026489257812,8.35986328125,0.33516237139701843,0.0
326,0,-8.261445999145508,-0.7051184773445129,1.0523712635040283,0.18466907739639282,0.015169813297688961,True,False,False,False,392,15.679999351501465,0.2645265758037567,18.9482364654541,0.8695412278175354,136.31204223632812,8.693370819091797,0.43481752276420593,0.0
327,0,-8.146333694458008,0.4119272530078888,0.7418454885482788,-0.021169034764170647,0.12366608530282974,False,False,False,True,1124,44.959999084472656,9.654065132141113,32.648460388183594,0.5008331537246704,1400.94580078125,31.159826278686523,0.34550783038139343,0.0
328,0,-8.046403884887695,-0.9566434621810913,1.1580677032470703,-0.004308844916522503,0.005570128094404936,True,False,False,False,424,16.959999084472656,0.29844462871551514,19.578168869018555,0.8312338590621948,150.9784393310547,8.902030944824219,0.43286439776420593,0.0
329,0,-8.954676628112793,0.30008941888809204,0.7556443810462952,0.18276239931583405,0.042141690850257874,False,False,False,True,1124,44.959999084472656,9.601988792419434,33.900020599365234,0.5061134696006775,593.0806884765625,13.191296577453613,0.34079286456108093,0.0
330,0,-8.862387657165527,-0.14385886490345,0.966289222240448,0.009576885960996151,0.03355727717280388,True,False,False,False,518,20.719999313354492,0.2970392405986786,20.179698944091797,0.8455519676208496,172.6680908203125,8.333402633666992,0.34013673663139343,0.0
331,0,-8.860359191894531,-0.252712219953537,1.1762608289718628,0.1667993664741516,-0.0569707490503788,True,False,False,False,467,18.68000030517578,0.2632392644882202,23.95195960998535,0.7123509049415588,204.7328643798828,10.960002899169922,0.3302566707134247,0.0
332,0,-8.670662879943848,0.9681421518325806,0.7173082828521729,-0.02978937327861786,-0.05450134724378586,False,False,False,True,1124,44.959999084472656,14.616996765136719,32.032371520996094,0.5275267958641052,863.8130493164062,19.21292495727539,0.5660271644592285,0.0
333,0,-8.155814170837402,0.6918506622314453,0.8848615884780884,0.04533028230071068,-0.14555251598358154,False,False,False,True,1124,44.959999084472656,14.589956283569336,39.261932373046875,0.4169478416442871,1833.2255859375,40.77458953857422,0.5847828388214111,0.0
334,0,-8.792702674865723,1.101762056350708,1.159434199333191,0.09925974905490875,0.10564125329256058,False,False,False,True,1124,44.959999084472656,9.64567756652832,52.195892333984375,0.3262280821800232,996.2279663085938,22.158096313476562,0.33764877915382385,0.0
335,0,-8.311649322509766,-0.35025888681411743,0.7900031208992004,0.12414149194955826,-0.025479258969426155,True,False,False,False,564,22.559999465942383,0.290541410446167,20.01812171936035,0.8250173926353455,228.64688110351562,10.13505744934082,0.436998575925827,0.0
336,0,-8.145182609558105,1.1571002006530762,0.7506046295166016,0.17518144845962524,0.0017923688283190131,True,False,False,False,508,20.31999969482422,0.2657492160797119,18.320148468017578,0.8943897485733032,165.42788696289062,8.141136169433594,0.3400718867778778,0.0
337,0,-8.296392440795898,-1.0525712966918945,1.082058310508728,0.040809161961078644,0.02893882989883423,True,False,False,False,436,17.440000534057617,0.2878958284854889,19.488361358642578,0.8481647372245789,156.64295959472656,8.981821060180664,0.4355156123638153,0.0
338,0,-8.863386154174805,-0.5288912057876587,0.7834617495536804,0.0758415088057518,-0.005963278003036976,True,False,False,False,587,23.479999542236328,0.26873576641082764,19.8908634185791,0.8582553267478943,188.70689392089844,8.036920547485352,0.4379532039165497,0.0
339,0,-8.988980293273926,0.6049604415893555,0.9763379096984863,-0.04304054006934166,0.05251716822385788,True,False,False,False,558,22.31999969482422,0.26861006021499634,20.932510375976562,0.8216615915298462,206.33544921875,9.244420051574707,0.3397476375102997,0.0
340,0,-8.527922630310059,0.1659497618675232,0.8680965304374695,0.055241938680410385,0.008347876369953156,True,False,False,False,536,21.439998626708984,0.28746435046195984,19.609418869018555,0.8530968427658081,179.51710510253906,8.373000144958496,0.33872559666633606,0.0
341,0,-8.75552749633789,0.48942118883132935,0.9447168111801147,0.010430212132632732,0.024530135095119476,True,False,False,False,524,20.959999084472656,0.2874567210674286,19.971590042114258,0.8493298292160034,175.21124267578125,8.359314918518066,0.33694764971733093,0.0
342,0,-8.994089126586914,-0.7777392864227295,0.7876215577125549,-0.09098274260759354,-0.053740691393613815,False,False,False,True,1124,44.959999084472656,9.659360885620117,33.943031311035156,0.5070663690567017,691.46826171875,15.379631996154785,0.5419495105743408,0.0
343,0,-8.109098434448242,0.5309766530990601,1.2601685523986816,-0.11528367549180984,-0.011568504385650158,True,False,False,False,446,17.84000015258789,0.2840229570865631,20.812101364135742,0.78404301404953,173.39988708496094,9.719724655151367,0.3381529748439789,0.0
344,0,-8.905550956726074,-0.6521901488304138,1.039690613746643,0.005873766727745533,0.00546225206926465,True,False,False,False,491,19.639999389648438,0.2902103364467621,20.50986099243164,0.8346115946769714,170.3119354248047,8.671687126159668,0.43660280108451843,0.0
345,0,-8.722061157226562,0.8967316150665283,0.989224910736084,-0.10141853243112564,0.1569788157939911,False,False,False,True,1124,44.959999084472656,9.573149681091309,42.494991302490234,0.3987621068954468,1223.044921875,27.202957153320312,0.34251710772514343,0.0
346,0,-8.382662773132324,-0.6498502492904663,0.7738863229751587,-0.04347735270857811,-0.024098780006170273,True,False,False,False,710,28.399999618530273,0.2763615548610687,20.949966430664062,0.7921333312988281,248.4786834716797,8.749249458312988,0.43748781085014343,0.0
347,0,-8.009622573852539,1.1862943172454834,1.193427324295044,0.014986515045166016,-0.0054555716924369335,True,False,False,False,399,15.960000038146973,0.26843327283859253,19.245962142944336,0.84444659948349,142.17874145507812,8.908442497253418,0.33488771319389343,0.0
348,0,-8.775110244750977,-0.16357578337192535,0.9464565515518188,-0.006285759154707193,-0.11667194962501526,False,False,False,True,1124,44.959999084472656,14.614334106445312,42.06358337402344,0.4035767912864685,1362.2828369140625,30.29988670349121,0.5523622035980225,0.0
349,0,-8.356612205505371,1.0326594114303589,1.1559911966323853,0.017645981162786484,0.03349640220403671,True,False,False,False,422,16.8799991607666,0.2731992304325104,19.720571517944336,0.8411629796028137,151.99273681640625,9.00430965423584,0.33397218585014343,0.0
350,0,-8.780176162719727,-0.6953417658805847,0.9512151479721069,0.17796587944030762,0.031764138489961624,True,False,False,False,439,17.559999465942383,0.28317785263061523,19.368267059326172,0.8774229288101196,147.6411895751953,8.40781307220459,0.4376133978366852,0.0
351,0,-8.155379295349121,-0.352266788482666,0.7487608790397644,-0.040003083646297455,0.008787938393652439,True,False,False,False,739,29.559999465942383,0.2801728844642639,21.191389083862305,0.7719694972038269,312.92034912109375,10.585938453674316,0.43953248858451843,0.0
352,0,-8.437618255615234,1.2102292776107788,0.9228453040122986,-0.0369986891746521,0.015976835042238235,True,False,False,False,567,22.68000030517578,0.2800115644931793,20.202472686767578,0.8256811499595642,203.60728454589844,8.97739315032959,0.33772584795951843,0.0
353,0,-8.291457176208496,0.7469416856765747,0.8186156153678894,-0.11666794866323471,-0.03560800850391388,False,False,False,True,1124,44.959999084472656,14.505485534667969,35.69334030151367,0.4624970555305481,514.8006591796875,11.45019245147705,0.5146466493606567,0.0
354,0,-8.168521881103516,1.0482765436172485,1.0578277111053467,-0.04123025760054588,0.026435060426592827,True,False,False,False,481,19.239999771118164,0.2803974151611328,19.648046493530273,0.8347625136375427,176.77197265625,9.187732696533203,0.33531495928764343,0.0
355,0,-8.994611740112305,-1.047952651977539,1.1571468114852905,0.15548962354660034,-0.007571747526526451,True,False,False,False,382,15.279999732971191,0.2842351198196411,19.706768035888672,0.874114453792572,132.59849548339844,8.677911758422852,0.43757936358451843,0.0
356,0,-8.73568058013916,-0.6486504673957825,1.162510871887207,0.07538025081157684,-0.1698990762233734,False,False,False,True,1124,44.959999084472656,9.604267120361328,52.04529571533203,0.32563716173171997,1506.56689453125,33.50905227661133,0.5477478504180908,0.0
357,0,-8.164920806884766,0.8196969032287598,1.1676195859909058,0.09319747984409332,-0.06325740367174149,True,False,False,False,404,16.15999984741211,0.2519579529762268,20.075284957885742,0.8161811232566833,164.04995727539062,10.151606559753418,0.33098283410072327,0.0
358,0,-8.178248405456543,-1.1066614389419556,0.9188079833984375,0.10669995099306107,0.07845798879861832,False,False,False,True,1124,44.959999084472656,4.63983154296875,42.04949188232422,0.39037153124809265,842.8473510742188,18.746604919433594,0.43934938311576843,0.0
359,0,-8.725410461425781,-0.5342782139778137,1.271618366241455,-0.06616917252540588,-0.1691686362028122,False,False,False,True,1124,44.959999084472656,9.576483726501465,56.055912017822266,0.3020857870578766,1261.6517333984375,28.061649322509766,0.5425598621368408,0.0
360,0,-8.22616958618164,0.7485440373420715,0.9658111929893494,-0.005569233559072018,-0.006639463827013969,True,False,False,False,511,20.439998626708984,0.29841816425323486,19.65342140197754,0.8366436958312988,178.34649658203125,8.725367546081543,0.33600160479545593,0.0
361,0,-8.733651161193848,-0.14895454049110413,0.8951051235198975,0.007326355203986168,-0.001326444442383945,True,False,False,False,560,22.399999618530273,0.2868139445781708,20.19222068786621,0.8386543393135071,182.0601348876953,8.127684593200684,0.33766481280326843,0.0
362,0,-8.190497398376465,-1.223268747329712,0.7325587272644043,0.0013443256029859185,-0.12102413177490234,False,False,False,True,1124,44.959999084472656,9.604070663452148,32.38078689575195,0.5075622797012329,1462.588623046875,32.530887603759766,0.5452759265899658,0.0
363,0,-8.062438011169434,-0.18518440425395966,0.8349515199661255,0.05258864536881447,0.06275723874568939,False,False,False,True,1124,44.959999084472656,9.576261520385742,37.793373107910156,0.43032610416412354,797.438720703125,17.73662757873535,0.34031984210014343,0.0
364,0,-8.549361228942871,-1.227079153060913,1.2735742330551147,-0.03473716229200363,-0.0045255813747644424,True,False,False,False,406,16.239999771118164,0.257508784532547,20.20895767211914,0.8309911489486694,146.28245544433594,9.007540702819824,0.4333520233631134,0.0
365,0,-8.067337989807129,-0.33392882347106934,1.076263666152954,0.002940963488072157,-0.03853994980454445,True,False,False,False,472,18.8799991607666,0.2698501646518707,20.341920852661133,0.7998606562614441,195.06387329101562,10.33177375793457,0.4336692988872528,0.0
366,0,-8.352025032043457,1.1650452613830566,1.052827000617981,0.049481626600027084,0.18533755838871002,False,False,False,True,1124,44.959999084472656,9.666351318359375,46.791263580322266,0.3546014428138733,1759.94970703125,39.14479064941406,0.3416702449321747,0.0
367,0,-8.986532211303711,-0.5387652516365051,0.9726287126541138,-0.14248932898044586,-0.11103373765945435,False,False,False,True,1124,44.959999084472656,9.614808082580566,41.30742263793945,0.41626495122909546,991.294189453125,22.048358917236328,0.5405571460723877,0.0
368,0,-8.7440824508667,0.5278590321540833,0.9582265615463257,0.17354431748390198,-0.011565306223928928,True,False,False,False,435,17.399999618530273,0.2591896653175354,19.256187438964844,0.8803487420082092,140.41604614257812,8.0698881149292,0.33571550250053406,0.0
369,0,-8.092616081237793,0.5271904468536377,0.8941272497177124,0.10345344245433807,-0.1191270723938942,False,False,False,True,1124,44.959999084472656,14.619043350219727,39.58491897583008,0.41179800033569336,1513.4954833984375,33.66315460205078,0.61125648021698,0.0
370,0,-8.97643756866455,-0.35474246740341187,0.8714829087257385,0.13592752814292908,-0.017784371972084045,True,False,False,False,530,21.19999885559082,0.2743476927280426,20.74718475341797,0.8280659914016724,213.3919219970703,10.065657615661621,0.4361068904399872,0.0
371,0,-8.629740715026855,0.16559243202209473,1.2108104228973389,-0.043399035930633545,0.015044700354337692,True,False,False,False,434,17.35999870300293,0.27954986691474915,20.3852596282959,0.8256232142448425,156.25286865234375,9.000741958618164,0.3333999812602997,0.0
372,0,-8.623295783996582,-1.2244906425476074,0.8097013235092163,-0.15957394242286682,-0.03620661422610283,False,False,False,True,1124,44.959999084472656,9.522421836853027,33.4344596862793,0.5044801831245422,492.6334228515625,10.957149505615234,0.5423643589019775,0.0
373,0,-8.497234344482422,-0.7153807878494263,0.761419415473938,-0.03601790964603424,-0.04569040238857269,False,False,False,True,1124,44.959999084472656,9.603273391723633,33.737632751464844,0.4953603148460388,603.3638305664062,13.420014381408691,0.5415375232696533,0.0
374,0,-8.789291381835938,0.8603225946426392,1.0864313840866089,-0.18841062486171722,-0.03459646552801132,True,False,False,False,587,23.479999542236328,0.2778445780277252,21.889434814453125,0.777118444442749,234.79873657226562,9.999946594238281,0.33278200030326843,0.0
375,0,-8.496286392211914,1.1223740577697754,0.9808437824249268,-0.011868654750287533,0.007641593925654888,True,False,False,False,522,20.8799991607666,0.27559182047843933,20.2650089263916,0.8257240653038025,183.86851501464844,8.805963516235352,0.33543702960014343,0.0
376,0,-8.970113754272461,0.4822438955307007,1.2203837633132935,-0.008795957081019878,-0.0045758020132780075,True,False,False,False,423,16.920000076293945,0.26839181780815125,20.523714065551758,0.8369230628013611,149.60598754882812,8.841961860656738,0.33195802569389343,0.0
377,0,-8.0626859664917,-0.7236982583999634,1.2568635940551758,0.04740161821246147,0.0076120696030557156,True,False,False,False,376,15.039999961853027,0.26384589076042175,19.498550415039062,0.8348565101623535,138.84019470214844,9.231395721435547,0.43120118975639343,0.0
378,0,-8.599853515625,0.3540727496147156,1.2803988456726074,-0.14021256566047668,-0.0467677116394043,True,False,False,False,465,18.600000381469727,0.2556847333908081,21.708393096923828,0.7740563750267029,189.08058166503906,10.16562271118164,0.33031007647514343,0.0
379,0,-8.961871147155762,-1.1840286254882812,0.925865888595581,0.026612335816025734,0.08614420145750046,False,False,False,True,1124,44.959999084472656,14.59461784362793,41.52836608886719,0.4142221510410309,1049.94091796875,23.352779388427734,0.6234099864959717,0.0
380,0,-8.324991226196289,-1.2318133115768433,0.8306880593299866,0.05756890028715134,0.05113572999835014,True,False,False,False,868,34.71999740600586,0.27853119373321533,29.85257911682129,0.5550617575645447,423.0773620605469,12.185408592224121,0.44084474444389343,0.0
381,0,-8.979225158691406,-0.47110840678215027,0.8002806305885315,0.06432601809501648,0.06555730849504471,False,False,False,True,1124,44.959999084472656,14.60623550415039,35.84918975830078,0.47938528656959534,977.0380249023438,21.731273651123047,0.6053512096405029,0.0
382,0,-8.444136619567871,-1.2466946840286255,0.8408510684967041,0.050931576639413834,-0.06004147604107857,False,False,False,True,1124,44.959999084472656,9.61950969696045,37.98754119873047,0.43935298919677734,760.991943359375,16.92597770690918,0.5395996570587158,0.0
383,0,-8.808499336242676,0.5134307146072388,0.9446114301681519,0.041395653039216995,0.05530637502670288,True,False,False,False,578,23.119998931884766,0.28812551498413086,22.47678565979004,0.7570527195930481,221.6392364501953,9.586472511291504,0.33830568194389343,0.0
384,0,-8.835759162902832,-0.34896448254585266,0.7019854784011841,0.04851432517170906,0.06706332415342331,False,False,False,True,1124,44.959999084472656,9.599724769592285,31.926076889038086,0.5337101221084595,948.6664428710938,21.10023307800293,0.34273073077201843,0.0
385,0,-8.081162452697754,0.31544938683509827,0.9169131517410278,-0.031648412346839905,0.14959777891635895,False,False,False,True,1124,44.959999084472656,9.639045715332031,40.38388442993164,0.40323418378829956,1434.99267578125,31.917097091674805,0.34260866045951843,0.0
386,0,-8.489969253540039,0.48840463161468506,1.1764163970947266,-0.08054938167333603,-0.002199465176090598,True,False,False,False,463,18.520000457763672,0.2681106626987457,20.54721450805664,0.812615692615509,171.09353637695312,9.238311767578125,0.33232423663139343,0.0
387,0,-8.286078453063965,-0.9320903420448303,0.9029450416564941,0.10391127318143845,-0.09664048254489899,False,False,False,True,1124,44.959999084472656,9.603275299072266,40.69580078125,0.4057405889034271,1109.535888671875,24.67828941345215,0.5468933582305908,0.0
388,0,-8.326949119567871,0.6883065700531006,1.190434217453003,-0.12377449125051498,0.0787099227309227,True,False,False,False,564,22.559999465942383,0.2636171281337738,24.736968994140625,0.6686761379241943,254.16372680664062,11.266122817993164,0.33727511763572693,0.0
389,0,-8.45991325378418,0.27175843715667725,1.268885850906372,-0.04056130349636078,-0.1166510358452797,True,False,False,False,954,38.15999984741211,0.2775053381919861,47.63152313232422,0.3498122990131378,727.246337890625,19.057817459106445,0.33369752764701843,0.0
390,0,-8.657981872558594,-0.41330522298812866,1.0521917343139648,0.062192246317863464,0.13249360024929047,False,False,False,True,1124,44.959999084472656,9.571938514709473,47.388465881347656,0.35584521293640137,1308.6715087890625,29.107463836669922,0.3431752026081085,0.0
391,0,-8.394378662109375,1.0928131341934204,1.2716643810272217,-0.06402754038572311,-0.15168873965740204,False,False,False,True,1124,44.959999084472656,14.610077857971191,56.51511764526367,0.29425203800201416,1275.138916015625,28.361631393432617,0.5169352293014526,0.0
392,0,-8.479415893554688,1.249795913696289,1.1302739381790161,0.09100678563117981,0.1467771679162979,False,False,False,True,1124,44.959999084472656,9.60269832611084,50.6395149230957,0.330282598733902,1366.2623291015625,30.388397216796875,0.34176942706108093,0.0
393,0,-8.548725128173828,0.46843215823173523,1.1012537479400635,-0.045396480709314346,-0.019943034276366234,True,False,False,False,479,19.15999984741211,0.2864331603050232,20.380544662475586,0.8221153616905212,178.53465270996094,9.318092346191406,0.3335994780063629,0.0
394,0,-8.180758476257324,0.5385257005691528,1.1261420249938965,-0.02718423493206501,0.027007730677723885,True,False,False,False,446,17.84000015258789,0.27801936864852905,19.663183212280273,0.833509624004364,158.5940704345703,8.889801979064941,0.33484193682670593,0.0
395,0,-8.117677688598633,-0.2876575291156769,1.2491333484649658,-0.03034401684999466,-0.0835607647895813,True,False,False,False,522,20.8799991607666,0.2659853994846344,25.579605102539062,0.6380148530006409,283.4171447753906,13.57361888885498,0.32808592915534973,0.0
396,0,-8.649123191833496,0.6233341693878174,1.1225366592407227,-0.050076570361852646,0.06006115674972534,True,False,False,False,508,20.31999969482422,0.2908579409122467,21.9498348236084,0.768135666847229,192.2994842529297,9.463557243347168,0.33572694659233093,0.0
397,0,-8.966076850891113,-0.41232937574386597,1.0366687774658203,0.11697201430797577,-0.041702862828969955,True,False,False,False,452,18.079999923706055,0.2706264853477478,20.44839859008789,0.8397206664085388,167.28282165527344,9.252368927001953,0.4343826472759247,0.0
398,0,-8.389432907104492,-0.9193134307861328,0.9697506427764893,-0.1489494889974594,-0.12238942831754684,False,False,False,True,1124,44.959999084472656,9.596476554870605,40.97925567626953,0.4054352045059204,986.1756591796875,21.934513092041016,0.5408966541290283,0.0
399,0,-8.687894821166992,-0.013086795806884766,1.103598952293396,0.10174599289894104,0.09153785556554794,True,False,False,False,410,16.399999618530273,0.2800108790397644,19.464189529418945,0.8676396012306213,139.45082092285156,8.50309944152832,0.338049978017807,0.0
400,0,-8.52788257598877,-1.0875039100646973,0.95632404088974,-0.00857478752732277,0.025357214733958244,True,False,False,False,539,21.559999465942383,0.27976512908935547,20.484594345092773,0.8183015584945679,195.0093231201172,9.044960021972656,0.437115877866745,0.0
401,0,-8.415482521057129,-0.247529074549675,0.9823741912841797,0.07088472694158554,-0.07051847875118256,False,False,False,True,1124,44.959999084472656,4.663083076477051,44.67302322387695,0.3719760477542877,776.4629516601562,17.270084381103516,0.34086915850639343,0.0
402,0,-8.05518913269043,-0.7305225133895874,1.1349177360534668,0.0335255041718483,-0.08629630506038666,True,False,False,False,414,16.559999465942383,0.2782635986804962,19.155101776123047,0.8494499325752258,146.24998474121094,8.831521034240723,0.4436599910259247,0.0
403,0,-8.951614379882812,-0.14637522399425507,1.156914234161377,0.017834125086665154,0.05038399249315262,True,False,False,False,433,17.31999969482422,0.262696772813797,20.283432006835938,0.8456275463104248,145.3158416748047,8.390060424804688,0.33517763018608093,0.0
404,0,-8.494741439819336,0.943986177444458,0.8376762270927429,0.03237669914960861,0.021217554807662964,True,False,False,False,561,22.439998626708984,0.29316195845603943,19.38875961303711,0.8624038100242615,195.73037719726562,8.72238826751709,0.33850404620170593,0.0
405,0,-8.897984504699707,0.009329468011856079,1.2089381217956543,0.017281781882047653,0.11463572829961777,False,False,False,True,1124,44.959999084472656,9.621060371398926,54.27317810058594,0.3150356411933899,1002.3935546875,22.295230865478516,0.34205660223960876,0.0
406,0,-8.021676063537598,-0.39889827370643616,0.771602988243103,-0.09446096420288086,0.11024702340364456,False,False,False,True,1124,44.959999084472656,9.647712707519531,33.067962646484375,0.49070122838020325,1008.7908935546875,22.43752098083496,0.34315797686576843,0.0
407,0,-8.10319709777832,-0.6265297532081604,0.7436991333961487,0.09727565944194794,0.015952425077557564,True,False,False,False,585,23.399999618530273,0.29163414239883423,19.272823333740234,0.8465296030044556,206.15011596679688,8.809834480285645,0.43968507647514343,0.0
408,0,-8.254949569702148,-0.9619316458702087,0.704394519329071,-0.15203215181827545,-0.11318106204271317,False,False,False,True,1124,44.959999084472656,9.60745620727539,28.058330535888672,0.5874384045600891,1064.0252685546875,23.66604232788086,0.5452301502227783,0.0
409,0,-8.605264663696289,-1.1945984363555908,0.9490396976470947,-0.09221132844686508,0.04253334179520607,True,False,False,False,604,24.15999984741211,0.28955161571502686,21.128135681152344,0.7973694205284119,241.6487579345703,10.002017974853516,0.44195738434791565,0.0
410,0,-8.303647994995117,-0.5447037220001221,0.8939927220344543,0.0904473066329956,-0.03562271595001221,True,False,False,False,499,19.959999084472656,0.29479900002479553,19.321517944335938,0.8546157479286194,173.6960906982422,8.70220947265625,0.43751832842826843,0.0
411,0,-8.112732887268066,-1.136642575263977,1.1699386835098267,0.028575951233506203,-0.03073100745677948,True,False,False,False,404,16.15999984741211,0.2699473798274994,19.260879516601562,0.8489525318145752,142.7570037841797,8.833972930908203,0.43299630284309387,0.0
412,0,-8.045289039611816,-0.8171699047088623,1.0839965343475342,-0.05870040878653526,0.1669474095106125,False,False,False,True,1124,44.959999084472656,14.64173412322998,47.8232307434082,0.3401162028312683,1522.540771484375,33.864341735839844,0.6943303346633911,0.0
413,0,-8.378283500671387,0.02346709370613098,1.2213793992996216,0.0645865872502327,-0.08410366624593735,True,False,False,False,468,18.719999313354492,0.2538379728794098,23.628618240356445,0.7016196250915527,221.78607177734375,11.847546577453613,0.3381374180316925,0.0
414,0,-8.839810371398926,0.33107712864875793,1.1324151754379272,0.17350006103515625,-0.02469353750348091,True,False,False,False,381,15.239999771118164,0.26895013451576233,19.509098052978516,0.873590886592865,132.0063934326172,8.661836624145508,0.33394166827201843,0.0
415,0,-8.329816818237305,0.29696717858314514,1.2040300369262695,-0.0037849927321076393,0.015697600319981575,True,False,False,False,414,16.559999465942383,0.26773741841316223,19.881549835205078,0.8315467834472656,146.28257751464844,8.833489418029785,0.33424684405326843,0.0
416,0,-8.767623901367188,-0.1863812655210495,0.8551751971244812,-0.11778810620307922,-0.07003334909677505,False,False,False,True,1124,44.959999084472656,14.567045211791992,37.107200622558594,0.4572867155075073,922.515869140625,20.518590927124023,0.5563420057296753,0.0
417,0,-8.91059684753418,1.1241607666015625,1.221776008605957,-0.06759993731975555,-0.17355456948280334,False,False,False,True,1124,44.959999084472656,14.65768051147461,54.0411262512207,0.3172926604747772,1420.0391845703125,31.584501266479492,0.561103343963623,0.0
418,0,-8.256524085998535,0.48874229192733765,0.7617501616477966,-0.02398037537932396,-0.018824703991413116,True,False,False,False,689,27.559999465942383,0.2805907726287842,20.4578800201416,0.8047583699226379,259.65338134765625,9.421385765075684,0.33790895342826843,0.0
419,0,-8.560248374938965,-0.400836706161499,1.2489134073257446,-0.031138313934206963,0.08104792982339859,True,False,False,False,438,17.520000457763672,0.2602355480194092,21.426509857177734,0.7824399471282959,180.2842559814453,10.290197372436523,0.33552858233451843,0.0
420,0,-8.433345794677734,0.42102381587028503,1.0619604587554932,0.02005045861005783,0.05616831034421921,True,False,False,False,454,18.15999984741211,0.2886646091938019,19.547754287719727,0.8511759638786316,166.06683349609375,9.144649505615234,0.33720704913139343,0.0
421,0,-8.4878511428833,0.4206061363220215,0.7179880142211914,-0.059658732265233994,0.1634064018726349,False,False,False,True,1124,44.959999084472656,9.624171257019043,30.534996032714844,0.5466861128807068,1468.74169921875,32.66774368286133,0.34788820147514343,0.0
422,0,-8.574992179870605,-0.913392961025238,0.787945568561554,-0.07068125903606415,-0.02119506523013115,True,False,False,False,715,28.599998474121094,0.2964796721935272,20.831562042236328,0.8064400553703308,256.6445007324219,8.973584175109863,0.43840333819389343,0.0
423,0,-8.772501945495605,0.07404744625091553,0.7580822110176086,0.08982624113559723,-0.011014936491847038,True,False,False,False,591,23.639999389648438,0.28969407081604004,19.70401382446289,0.861380934715271,201.26614379882812,8.51379680633545,0.34131166338920593,0.0
424,0,-8.48913860321045,-0.0996040552854538,1.0070134401321411,-0.005855286959558725,-0.15522265434265137,False,False,False,True,1124,44.959999084472656,14.55443286895752,44.5699577331543,0.3744547367095947,1632.34130859375,36.30652618408203,0.5760049819946289,0.0
425,0,-8.80360221862793,0.33820345997810364,0.965894341468811,0.0572708360850811,-0.03690436854958534,True,False,False,False,520,20.799999237060547,0.2891301214694977,21.02509117126465,0.8088862895965576,188.843994140625,9.079038619995117,0.33417055010795593,0.0
426,0,-8.169961929321289,0.35346686840057373,0.7060548663139343,0.003059624694287777,-0.00042319626663811505,True,False,False,False,693,27.719999313354492,0.27342069149017334,19.638566970825195,0.8337528109550476,241.1018829345703,8.697759628295898,0.33923646807670593,0.0
427,0,-8.710782051086426,-0.010128617286682129,0.780950129032135,0.003627524711191654,-0.02224264293909073,True,False,False,False,691,27.639999389648438,0.2937341332435608,21.649253845214844,0.781125545501709,251.0479736328125,9.082777976989746,0.33879396319389343,0.0
428,0,-8.111631393432617,0.21906211972236633,0.7040672302246094,-0.06302526593208313,0.1146443709731102,False,False,False,True,1124,44.959999084472656,9.651165008544922,30.356359481811523,0.5373857617378235,1192.0150146484375,26.51279067993164,0.3441726863384247,0.0
429,0,-8.406335830688477,-1.1121187210083008,0.9657506346702576,0.0334215946495533,0.11942882090806961,False,False,False,True,1124,44.959999084472656,14.59835147857666,43.15558624267578,0.3856482207775116,1413.3587646484375,31.435916900634766,0.6988042593002319,0.0
430,0,-8.73589038848877,-1.1139112710952759,0.8817484378814697,0.11052289605140686,0.12827236950397491,False,False,False,True,1124,44.959999084472656,14.601105690002441,39.06222915649414,0.43448230624198914,1608.1295166015625,35.76800537109375,0.728201150894165,0.0
431,0,-8.497243881225586,-0.7328764200210571,1.297567367553711,-0.177383154630661,-0.08939432352781296,True,False,False,False,476,19.03999900817871,0.2621942460536957,21.869319915771484,0.764223039150238,188.60679626464844,9.9058198928833,0.43129560351371765,0.0
432,0,-8.343810081481934,0.8836063742637634,1.2732715606689453,0.08001763373613358,-0.0560302808880806,True,False,False,False,365,14.59999942779541,0.25299549102783203,19.578893661499023,0.846164882183075,139.2911376953125,9.540489196777344,0.3304329216480255,0.0
433,0,-8.935673713684082,0.6747415661811829,1.2056958675384521,0.013884211890399456,-0.1270976960659027,False,False,False,True,1124,44.959999084472656,14.587197303771973,53.921241760253906,0.31803280115127563,1208.118896484375,26.8709716796875,0.5159556865692139,0.0
434,0,-8.370247840881348,0.9758773446083069,0.7302457094192505,0.011216926388442516,-0.00492473691701889,True,False,False,False,661,26.439998626708984,0.2866031229496002,19.564437866210938,0.8483989834785461,235.23541259765625,8.896952629089355,0.33909913897514343,0.0
435,0,-8.777497291564941,0.36842837929725647,0.7960622310638428,0.11304343491792679,0.05730122700333595,False,False,False,True,1124,44.959999084472656,9.521646499633789,36.134525299072266,0.4699501097202301,752.172119140625,16.729806900024414,0.3440353572368622,0.0
436,0,-8.527630805969238,0.8933473825454712,0.8115684986114502,-0.14759469032287598,0.011675998568534851,True,False,False,False,779,31.15999984741211,0.2837802469730377,21.466264724731445,0.7803429961204529,301.1945495605469,9.666064262390137,0.3383133113384247,0.0
437,0,-8.171741485595703,-0.48229530453681946,0.9811779260635376,-0.15482060611248016,-0.011178610846400261,True,False,False,False,633,25.31999969482422,0.2989400327205658,21.69170570373535,0.7550681829452515,247.1077880859375,9.759391784667969,0.44078370928764343,0.0
438,0,-8.292991638183594,0.5418470501899719,1.2966766357421875,0.002130109118297696,-0.11920058727264404,False,False,False,True,1124,44.959999084472656,3.213425636291504,58.022090911865234,0.28440430760383606,968.3972778320312,21.539085388183594,0.32600709795951843,0.0
439,0,-8.21091079711914,-1.0060479640960693,0.8871212005615234,0.019711822271347046,-0.0035090509336441755,True,False,False,False,540,21.600000381469727,0.27501189708709717,19.515165328979492,0.8424816131591797,185.75868225097656,8.59993839263916,0.43773195147514343,0.0
440,0,-8.089804649353027,-0.4176572561264038,1.2535340785980225,0.01078124437481165,0.0034127954859286547,True,False,False,False,409,16.35999870300293,0.2721858322620392,20.64731788635254,0.7892096638679504,180.0131378173828,11.003249168395996,0.43364259600639343,0.0
441,0,-8.920807838439941,0.576323390007019,0.7476904988288879,0.013461926020681858,-0.006735754664987326,True,False,False,False,668,26.719999313354492,0.29399374127388,20.28477668762207,0.8444923758506775,230.149169921875,8.613367080688477,0.33864137530326843,0.0
442,0,-8.851490020751953,-0.7389765977859497,1.1945304870605469,-0.05489209294319153,0.12152006477117538,False,False,False,True,1124,44.959999084472656,14.55456256866455,53.13316345214844,0.321215957403183,1114.0919189453125,24.779624938964844,0.6548576354980469,0.0
443,0,-8.684093475341797,-1.198548436164856,1.1920067071914673,-0.004196320194751024,-0.0006776379304938018,True,False,False,False,423,16.920000076293945,0.2700645625591278,20.10800552368164,0.84174644947052,145.48709106445312,8.598527908325195,0.43394777178764343,0.0
444,0,-8.077011108398438,0.02461642026901245,0.7705948948860168,0.012471333146095276,-0.007266516797244549,True,False,False,False,626,25.03999900817871,0.27791067957878113,19.54887580871582,0.8326326012611389,219.39846801757812,8.761919975280762,0.33803102374076843,0.0
445,0,-8.858052253723145,0.04795089364051819,0.7736550569534302,-0.013421572744846344,0.005100398324429989,True,False,False,False,672,26.8799991607666,0.28634753823280334,20.490549087524414,0.832487165927887,223.50234985351562,8.314820289611816,0.33925172686576843,0.0
446,0,-8.25430965423584,-0.3438377380371094,1.03961181640625,-0.003547323402017355,0.004407116677612066,True,False,False,False,504,20.15999984741211,0.2984924614429474,20.903419494628906,0.7873275279998779,212.9000244140625,10.560517311096191,0.43709108233451843,0.0
447,0,-8.697728157043457,-1.1296374797821045,0.9239736199378967,0.033039942383766174,-0.011517265811562538,True,False,False,False,522,20.8799991607666,0.2733614146709442,19.862783432006836,0.8525888323783875,177.7543182373047,8.513137817382812,0.43999025225639343,0.0
448,0,-8.357658386230469,0.24777710437774658,0.7277010679244995,0.05158286914229393,-0.16021715104579926,False,False,False,True,1124,44.959999084472656,14.601215362548828,31.925090789794922,0.51869797706604,1902.3587646484375,42.312252044677734,0.5731725692749023,0.0
449,0,-8.046247482299805,1.0397475957870483,1.1385750770568848,-0.0975765511393547,-0.07824819535017014,True,False,False,False,554,22.15999984741211,0.2864120304584503,23.6728572845459,0.6876603364944458,261.92108154296875,11.819543838500977,0.3297945559024811,0.0
450,0,-8.310829162597656,-0.9784508943557739,0.9640393853187561,-0.012154292315244675,0.03616089001297951,True,False,False,False,530,21.19999885559082,0.2821859121322632,20.245174407958984,0.8169492483139038,200.2650146484375,9.446463584899902,0.44212767481803894,0.0
451,0,-8.040356636047363,0.8023515343666077,1.1893737316131592,-0.16738221049308777,0.0901988223195076,False,False,False,True,1124,44.959999084472656,9.538568496704102,51.24613952636719,0.3172883987426758,858.6683349609375,19.098495483398438,0.33558961749076843,0.0
452,0,-8.518945693969727,0.5248686671257019,0.7592607140541077,0.004436500370502472,0.024016618728637695,True,False,False,False,653,26.119998931884766,0.28648513555526733,19.900463104248047,0.8405351042747498,228.43211364746094,8.745487213134766,0.3414234220981598,0.0
453,0,-8.286581039428711,1.1371325254440308,0.9603509902954102,-0.026148313656449318,0.007996929809451103,True,False,False,False,527,21.079999923706055,0.2934747636318207,19.770442962646484,0.8358463644981384,188.47508239746094,8.940942764282227,0.33695849776268005,0.0
454,0,-8.337449073791504,-0.018452033400535583,0.8833341598510742,-0.03834099322557449,-0.08532079309225082,False,False,False,True,1124,44.959999084472656,14.598881721496582,39.26774597167969,0.42114609479904175,1046.8218994140625,23.283405303955078,0.5658820867538452,0.0
455,0,-8.108113288879395,0.1960998773574829,0.7058107852935791,-0.06108789145946503,0.1117505431175232,False,False,False,True,1124,44.959999084472656,9.602928161621094,30.492618560791016,0.5348596572875977,1140.900390625,25.375898361206055,0.34465333819389343,0.0
456,0,-8.974313735961914,0.3364458680152893,1.0387578010559082,0.0675102099776268,-0.11118343472480774,False,False,False,True,1124,44.959999084472656,14.601913452148438,46.4171142578125,0.37006938457489014,1224.5853271484375,27.237218856811523,0.5674515962600708,0.0
457,0,-8.686290740966797,-0.5781219005584717,0.9848437309265137,0.008769591338932514,-0.0207043644040823,True,False,False,False,516,20.639999389648438,0.2669239938259125,20.46031379699707,0.8257944583892822,175.4438018798828,8.500184059143066,0.4347086250782013,0.0
458,0,-8.7616605758667,-0.5814960598945618,0.8967657685279846,0.18754731118679047,0.003383518196642399,True,False,False,False,459,18.35999870300293,0.26992055773735046,19.37950325012207,0.875742495059967,148.8255615234375,8.10596752166748,0.43760982155799866,0.0
459,0,-8.958931922912598,0.595819354057312,1.225158929824829,-0.026394415646791458,0.02715146727859974,True,False,False,False,423,16.920000076293945,0.28326016664505005,20.331310272216797,0.8444657921791077,140.41603088378906,8.298819541931152,0.3326523005962372,0.0
460,0,-8.539464950561523,-0.07455788552761078,1.0899821519851685,0.024543335661292076,-0.05824818089604378,True,False,False,False,560,22.399999618530273,0.28933659195899963,24.732433319091797,0.6768289804458618,243.56704711914062,10.873529434204102,0.33354493975639343,0.0
461,0,-8.773988723754883,-1.116248607635498,1.1801573038101196,0.010107592679560184,0.163967564702034,False,False,False,True,1124,44.959999084472656,14.583719253540039,52.58386993408203,0.32348355650901794,1523.3721923828125,33.882835388183594,0.6804431676864624,0.0
462,0,-8.83471393585205,0.4206390678882599,1.2783468961715698,0.1602373868227005,0.05237976461648941,True,False,False,False,343,13.719999313354492,0.27964863181114197,19.401161193847656,0.8782884478569031,116.15451049804688,8.466073036193848,0.33738765120506287,0.0
463,0,-8.391502380371094,0.31526148319244385,0.8642582893371582,-0.0032674202229827642,-0.051395233720541,True,False,False,False,797,31.8799991607666,0.2883218228816986,27.45054817199707,0.6045213937759399,371.8427429199219,11.663825035095215,0.3356655538082123,0.0
464,0,-8.550957679748535,-0.6438733339309692,1.2784368991851807,0.043617479503154755,-0.08884818106889725,True,False,False,False,384,15.359999656677246,0.2696525752544403,20.101716995239258,0.8339143991470337,139.66943359375,9.093062400817871,0.428693026304245,0.0
465,0,-8.251469612121582,-0.2069457620382309,0.9989504814147949,-0.02999754436314106,0.007739098742604256,True,False,False,False,514,20.559999465942383,0.27819526195526123,20.028337478637695,0.8214734196662903,175.41322326660156,8.531771659851074,0.3353988826274872,0.0
466,0,-8.65957260131836,0.724418044090271,0.9044183492660522,-0.012726032175123692,0.014652017503976822,True,False,False,False,561,22.439998626708984,0.28144800662994385,20.041166305541992,0.8420097231864929,192.7029266357422,8.587474822998047,0.3385879695415497,0.0
467,0,-8.862963676452637,-0.6522805690765381,1.026552677154541,0.014202838763594627,-0.009517704136669636,True,False,False,False,488,19.520000457763672,0.29216212034225464,20.262067794799805,0.8427181839942932,159.5612335205078,8.174242973327637,0.43556520342826843,0.0
468,0,-8.324324607849121,1.0846669673919678,1.1828055381774902,-0.03702075406908989,-0.04981318488717079,True,False,False,False,433,17.31999969482422,0.2841397523880005,19.976856231689453,0.828921914100647,166.80152893066406,9.630573272705078,0.3299888074398041,0.0
469,0,-8.769598007202148,-0.9444496631622314,0.9489779472351074,-0.02386540360748768,-0.00709051638841629,True,False,False,False,551,22.03999900817871,0.2681109607219696,20.468486785888672,0.8303205370903015,189.08221435546875,8.579048156738281,0.43939515948295593,0.0
470,0,-8.343441009521484,0.25288447737693787,0.8579345941543579,-0.0012427306501194835,-0.04727734252810478,False,False,False,True,1124,44.959999084472656,6.3573408126831055,38.47066879272461,0.4300767779350281,617.0068359375,13.723462104797363,0.33569642901420593,0.0
471,0,-8.939769744873047,-0.29629313945770264,1.2805852890014648,0.08034124970436096,0.02466631680727005,True,False,False,False,374,14.960000038146973,0.27473798394203186,20.170408248901367,0.8498731255531311,129.66531372070312,8.66746711730957,0.3378659188747406,0.0
472,0,-8.210533142089844,0.15858858823776245,0.8012969493865967,-0.04384294152259827,-0.04566771537065506,False,False,False,True,1124,44.959999084472656,3.6955902576446533,35.096160888671875,0.46760913729667664,585.212158203125,13.016284942626953,0.33685609698295593,0.0
473,0,-8.459818840026855,0.4906216263771057,1.0756207704544067,-0.11870259791612625,0.07610086351633072,False,False,False,True,1124,44.959999084472656,9.514883995056152,46.82928466796875,0.35590797662734985,768.3009033203125,17.088542938232422,0.3376608192920685,0.0
474,0,-8.422679901123047,-1.0162286758422852,1.00496244430542,-0.026194371283054352,-0.0030960370786488056,True,False,False,False,509,20.35999870300293,0.2672680616378784,20.008121490478516,0.8323203325271606,180.39138793945312,8.860088348388672,0.43742677569389343,0.0
475,0,-8.58090877532959,-0.6387348175048828,0.7123771905899048,0.08553136885166168,-0.1724494844675064,False,False,False,True,1124,44.959999084472656,9.639774322509766,31.724340438842773,0.5293363928794861,1560.1651611328125,34.7011833190918,0.5460083484649658,0.0
476,0,-8.270211219787598,-1.1048219203948975,0.7181248068809509,0.0033935485407710075,0.0028949554543942213,True,False,False,False,680,27.19999885559082,0.2996310889720917,19.60892677307129,0.8417882919311523,238.54364013671875,8.769987106323242,0.43928834795951843,0.0
477,0,-8.396745681762695,-0.17405331134796143,1.0672461986541748,0.09746760874986649,-0.0938558578491211,False,False,False,True,1124,44.959999084472656,14.575465202331543,47.57061767578125,0.3489053547382355,1056.125,23.490325927734375,0.526238203048706,0.0
478,0,-8.01858901977539,-0.5727157592773438,1.0220108032226562,0.022461172193288803,-0.09394893050193787,False,False,False,True,1124,44.959999084472656,9.643975257873535,45.889896392822266,0.35364028811454773,988.3732299804688,21.98339080810547,0.5400574207305908,0.0
479,0,-8.289843559265137,0.5733287334442139,0.7344949245452881,-0.005180965177714825,0.0015974489506334066,True,False,False,False,678,27.119998931884766,0.2798508405685425,19.804136276245117,0.8331406116485596,235.23536682128906,8.673871040344238,0.33937379717826843,0.0
480,0,-8.00628662109375,-0.372200071811676,1.1231179237365723,0.0023261811584234238,-0.023918377235531807,True,False,False,False,453,18.119998931884766,0.2925373315811157,20.373689651489258,0.7956576347351074,186.85633850097656,10.31216049194336,0.43327638506889343,0.0
481,0,-8.887453079223633,-0.8580005168914795,0.9585146903991699,0.12204781174659729,-0.03318041190505028,True,False,False,False,465,18.600000381469727,0.29251331090927124,19.715139389038086,0.8677904605865479,156.29844665527344,8.403141975402832,0.43635866045951843,0.0
482,0,-8.833468437194824,-0.5490128993988037,0.8586845397949219,0.08765536546707153,-0.10989350080490112,False,False,False,True,1124,44.959999084472656,9.593143463134766,38.76179885864258,0.4396638572216034,1275.715087890625,28.374446868896484,0.5432007312774658,0.0
483,0,-8.974211692810059,-0.031799525022506714,0.8874422311782837,-0.033016107976436615,-0.0982738509774208,False,False,False,True,1124,44.959999084472656,14.597162246704102,39.382930755615234,0.4360834062099457,1143.7799072265625,25.439945220947266,0.5632064342498779,0.0
484,0,-8.920928001403809,-0.6739051342010498,0.801287055015564,-0.13948103785514832,-0.11395180225372314,False,False,False,True,1124,44.959999084472656,9.66407299041748,33.119171142578125,0.5173426866531372,1050.1524658203125,23.357484817504883,0.5435974597930908,0.0
485,0,-8.757461547851562,-0.13926707208156586,1.0477466583251953,0.07708697766065598,-0.07033105939626694,True,False,False,False,555,22.19999885559082,0.2923314869403839,24.311851501464844,0.697520911693573,254.17098999023438,11.44914436340332,0.33928224444389343,0.0
486,0,-8.71485424041748,0.08864641189575195,1.1239731311798096,-0.06420063227415085,-0.12327727675437927,False,False,False,True,1124,44.959999084472656,14.596368789672852,49.80311584472656,0.3396390378475189,1163.436279296875,25.87714195251465,0.5359557867050171,0.0
487,0,-8.924030303955078,-1.0813584327697754,1.2804796695709229,-0.0152926966547966,0.14272306859493256,False,False,False,True,1124,44.959999084472656,14.653890609741211,57.17649841308594,0.3000805377960205,1225.388427734375,27.255081176757812,0.6377003192901611,0.0
488,0,-8.416716575622559,0.30023202300071716,0.7863933444023132,0.10065142810344696,-0.006365057546645403,True,False,False,False,550,22.0,0.299880713224411,19.172409057617188,0.8668385148048401,182.8404998779297,8.310932159423828,0.33867189288139343,0.0
489,0,-8.829020500183105,0.955422043800354,1.1027929782867432,0.1420169323682785,0.014127909205853939,True,False,False,False,395,15.799999237060547,0.266910195350647,19.347814559936523,0.881512463092804,131.22610473632812,8.305450439453125,0.33444520831108093,0.0
490,0,-8.537010192871094,-0.30682384967803955,0.8690963983535767,0.11415046453475952,0.0993383452296257,False,False,False,True,1124,44.959999084472656,9.607259750366211,39.29802322387695,0.42596983909606934,1159.25537109375,25.784151077270508,0.34135743975639343,0.0
491,0,-8.948674201965332,-0.4004499316215515,1.095909833908081,-0.020387016236782074,-0.0027094881515949965,True,False,False,False,500,20.0,0.2826211750507355,21.590185165405273,0.7944938540458679,199.17344665527344,9.958672523498535,0.43641969561576843,0.0
492,0,-8.553175926208496,0.12431666254997253,1.0418025255203247,-0.04287600517272949,-0.0548320934176445,True,False,False,False,514,20.559999465942383,0.28373581171035767,20.667163848876953,0.8106400966644287,212.8461151123047,10.352437973022461,0.33294984698295593,0.0
493,0,-8.042309761047363,-0.2814304828643799,0.885940432548523,-0.009805325418710709,0.08058881759643555,False,False,False,True,1124,44.959999084472656,9.53936767578125,39.66362762451172,0.40956172347068787,924.141357421875,20.554746627807617,0.34046098589897156,0.0
494,0,-8.948451042175293,0.20519882440567017,0.8822487592697144,0.02660289593040943,-0.0159933902323246,True,False,False,False,562,22.479999542236328,0.2674666941165924,20.333446502685547,0.843421220779419,198.47540283203125,8.828977584838867,0.33699342608451843,0.0
495,0,-8.281436920166016,-0.644192099571228,0.9561059474945068,0.009684327058494091,0.0894169807434082,False,False,False,True,1124,44.959999084472656,14.541043281555176,42.791114807128906,0.3854491114616394,1086.3651123046875,24.162925720214844,0.6730586290359497,0.0
496,0,-8.917132377624512,-0.19285164773464203,1.2199475765228271,-0.0034871858078986406,-0.08494359254837036,True,False,False,False,449,17.959999084472656,0.263071745634079,21.782318115234375,0.7858760356903076,188.6911163330078,10.506187438964844,0.34166261553764343,0.0
497,0,-8.197305679321289,0.24429678916931152,0.9465231895446777,0.016706502065062523,-0.084775909781456,False,False,False,True,1124,44.959999084472656,14.533598899841309,42.37033462524414,0.3870418667793274,1056.6614990234375,23.50225830078125,0.5734865665435791,0.0
498,0,-8.565630912780762,0.4127056896686554,0.8769108653068542,-0.027104133740067482,0.08110661059617996,False,False,False,True,1124,44.959999084472656,9.624485969543457,38.99898910522461,0.4300270974636078,928.7080688476562,20.65631866455078,0.34172365069389343,0.0
499,0,-8.99134635925293,1.1204233169555664,0.7042779326438904,-0.02857387252151966,-0.0697902962565422,False,False,False,True,1124,44.959999084472656,14.610154151916504,31.368593215942383,0.549186110496521,1038.878662109375,23.106731414794922,0.5835378170013428,0.0
500,0,-8.533025741577148,0.0583609938621521,0.9558563828468323,-0.1383991539478302,0.06719434261322021,False,False,False,True,1124,44.959999084472656,9.576536178588867,40.92340087890625,0.40888896584510803,676.0410766601562,15.036500930786133,0.3394119441509247,0.0
501,0,-8.081681251525879,0.34561872482299805,1.1012136936187744,0.04406936839222908,0.025227367877960205,True,False,False,False,428,17.119998931884766,0.29601043462753296,19.467641830444336,0.8365308046340942,155.5181884765625,9.084007263183594,0.33589479327201843,0.0
502,0,-8.131141662597656,-0.5148671865463257,0.9776980876922607,0.08167301118373871,0.13023827970027924,False,False,False,True,1124,44.959999084472656,14.606831550598145,43.44013595581055,0.3761293292045593,1511.827392578125,33.62605667114258,0.7238969802856445,0.0
503,0,-8.621891021728516,0.08282139897346497,0.7632580399513245,-0.004537397529929876,0.0011343731312081218,True,False,False,False,665,26.599998474121094,0.27862319350242615,20.202390670776367,0.8326782584190369,221.94154357910156,8.343667984008789,0.33891603350639343,0.0
504,0,-8.699385643005371,0.33663585782051086,0.873909592628479,-0.048079803586006165,0.06787417829036713,False,False,False,True,1124,44.959999084472656,9.660765647888184,38.653682708740234,0.4372851550579071,815.55712890625,18.139616012573242,0.34199830889701843,0.0
505,0,-8.765399932861328,0.8808844089508057,1.2002058029174805,0.02601800672709942,0.012662128545343876,True,False,False,False,406,16.239999771118164,0.2564391791820526,19.84326171875,0.8561021089553833,137.48277282714844,8.46568775177002,0.33375856280326843,0.0
506,0,-8.78897476196289,-0.4744546115398407,1.2429862022399902,-0.020204469561576843,0.17526346445083618,False,False,False,True,1124,44.959999084472656,9.583284378051758,55.29840087890625,0.3073413670063019,1380.85107421875,30.712881088256836,0.33906862139701843,0.0
507,0,-8.694494247436523,-1.226096272468567,0.7203118801116943,0.11013548076152802,0.16587646305561066,False,False,False,True,1124,44.959999084472656,14.629963874816895,31.480531692504883,0.5380517244338989,1849.7869873046875,41.142948150634766,0.6549769639968872,0.0
508,0,-8.18789291381836,-0.07471747696399689,1.2551159858703613,-0.10100162774324417,-0.11919816583395004,False,False,False,True,1124,44.959999084472656,14.625426292419434,55.519203186035156,0.29517826437950134,1062.6334228515625,23.635086059570312,0.523625373840332,0.0
509,0,-8.598114013671875,-1.1681088209152222,0.8332631587982178,-0.08668065816164017,-0.03199675679206848,True,False,False,False,993,39.71999740600586,0.27926692366600037,30.938657760620117,0.5442371964454651,387.5948791503906,9.758179664611816,0.43764039874076843,0.0
510,0,-8.61133098602295,0.35770758986473083,0.7517940998077393,0.10455874353647232,-0.09140618145465851,False,False,False,True,1124,44.959999084472656,14.634661674499512,33.27457809448242,0.5053429007530212,1363.5794677734375,30.328725814819336,0.5923916101455688,0.0
511,0,-8.51096248626709,-1.1569972038269043,0.9111036062240601,0.06740514189004898,-0.032956577837467194,True,False,False,False,501,20.03999900817871,0.28097841143608093,19.355695724487305,0.8653920292854309,174.0268096923828,8.68397331237793,0.43527719378471375,0.0
512,0,-8.448217391967773,-0.5596768260002136,0.912291407585144,0.007354701869189739,-0.06043867766857147,False,False,False,True,1124,44.959999084472656,9.5686674118042,40.99532699584961,0.40632569789886475,705.95947265625,15.701946258544922,0.5399353504180908,0.0
513,0,-8.985481262207031,0.13506978750228882,0.945686936378479,0.006296449340879917,-0.05170280858874321,True,False,False,False,741,29.639999389648438,0.2931707799434662,28.10618782043457,0.6114669442176819,335.5094909667969,11.319483757019043,0.33446046710014343,0.0
514,0,-8.501382827758789,-0.5330339670181274,0.8183698058128357,0.11435175687074661,-0.005561385303735733,True,False,False,False,529,21.15999984741211,0.28248879313468933,19.350250244140625,0.8635411858558655,176.97386169433594,8.363604545593262,0.44139406085014343,0.0
515,0,-8.018146514892578,-0.8603489995002747,0.8614459037780762,-0.07839230448007584,0.1202293261885643,False,False,False,True,1124,44.959999084472656,14.659852981567383,37.793060302734375,0.42972275614738464,1294.699462890625,28.79669761657715,0.7169445753097534,0.0
516,0,-8.408586502075195,-0.12518718838691711,1.1958585977554321,-0.015025359578430653,0.019383981823921204,True,False,False,False,422,16.8799991607666,0.29335519671440125,19.976037979125977,0.8314486742019653,147.0629119873047,8.712258338928223,0.33336183428764343,0.0
517,0,-8.861283302307129,0.5611633062362671,0.7864910364151001,-0.03427856042981148,-0.10057131946086884,False,False,False,True,1124,44.959999084472656,14.619636535644531,34.839454650878906,0.4899718165397644,1338.012939453125,29.760074615478516,0.6027679443359375,0.0
518,0,-8.207404136657715,0.5439361929893494,1.0093441009521484,-0.10168232023715973,-0.1289854794740677,False,False,False,True,1124,44.959999084472656,14.555606842041016,44.24306869506836,0.3710469901561737,1193.1182861328125,26.537328720092773,0.5864675045013428,0.0
519,0,-8.204190254211426,-1.0865615606307983,0.9161226749420166,0.010098415426909924,-0.0053926617838442326,True,False,False,False,528,21.119998931884766,0.2769409418106079,19.520015716552734,0.8421863913536072,186.53904724121094,8.832342147827148,0.43612977862358093,0.0
520,0,-8.11511516571045,-0.36061787605285645,0.8063232898712158,0.1403120756149292,-0.019857481122016907,True,False,False,False,552,22.079999923706055,0.2952755093574524,20.153589248657227,0.8097331523895264,228.31275939941406,10.340251922607422,0.4382288157939911,0.0
521,0,-8.877349853515625,0.47557905316352844,1.1876002550125122,0.08583188056945801,-0.012176216579973698,True,False,False,False,395,15.799999237060547,0.2903296649456024,19.912599563598633,0.8579420447349548,132.98875427246094,8.417010307312012,0.33171388506889343,0.0
522,0,-8.746337890625,0.2646252512931824,0.8969742655754089,-0.13639532029628754,0.0704866573214531,False,False,False,True,1124,44.959999084472656,9.6480712890625,38.135154724121094,0.4444289803504944,808.3637084960938,17.9796199798584,0.34195712208747864,0.0
523,0,-8.066457748413086,1.1096209287643433,0.8069504499435425,-0.008662112057209015,0.02412564679980278,True,False,False,False,605,24.19999885559082,0.28932294249534607,19.308990478515625,0.8443516492843628,217.23175048828125,8.976518630981445,0.3393004238605499,0.0
524,0,-8.574368476867676,-0.23430079221725464,1.0172942876815796,-0.03220072016119957,0.009964008815586567,True,False,False,False,514,20.559999465942383,0.2874065041542053,20.36496353149414,0.8237665891647339,182.3424530029297,8.868796348571777,0.33710023760795593,0.0
525,0,-8.925932884216309,0.26827454566955566,1.2034111022949219,-0.05949505791068077,-0.08086107671260834,True,False,False,False,494,19.760000228881836,0.2642068564891815,22.833518981933594,0.7501252889633179,225.74903869628906,11.424546241760254,0.3285057246685028,0.0
526,0,-8.09356689453125,0.6342636346817017,0.9929153919219971,0.09417479485273361,0.15331248939037323,False,False,False,True,1124,44.959999084472656,9.614620208740234,44.461456298828125,0.3667375445365906,1572.157470703125,34.96791458129883,0.34457704424858093,0.0
527,0,-8.832295417785645,-0.9272375106811523,1.1565436124801636,0.0055128708481788635,0.015014829114079475,True,False,False,False,438,17.520000457763672,0.2852697968482971,20.352458953857422,0.8380844593048096,149.99609375,8.561420440673828,0.43558141589164734,0.0
528,0,-8.781315803527832,-0.20075567066669464,1.0767641067504883,0.06329243630170822,-0.047923970967531204,True,False,False,False,446,17.84000015258789,0.2676209509372711,20.114192962646484,0.8443033695220947,167.82957458496094,9.407486915588379,0.3345138728618622,0.0
529,0,-8.309874534606934,0.9522274136543274,1.194490909576416,-0.03135540336370468,0.07509536296129227,True,False,False,False,488,19.520000457763672,0.27961015701293945,22.75632095336914,0.726691484451294,210.18814086914062,10.767834663391113,0.33505937457084656,0.0
530,0,-8.34329891204834,-0.5144771337509155,0.7961954474449158,-0.02770351618528366,-0.08163077384233475,False,False,False,True,1124,44.959999084472656,9.622830390930176,35.31162643432617,0.4687168598175049,979.1083984375,21.77732276916504,0.5411980152130127,0.0
531,0,-8.567150115966797,1.096461296081543,0.76543790102005,-0.07492785900831223,-0.054490163922309875,False,False,False,True,1124,44.959999084472656,4.590285778045654,32.803932189941406,0.5122049450874329,642.8599243164062,14.29848575592041,0.3364659249782562,0.0
532,0,-8.237533569335938,0.502132773399353,1.277942419052124,0.10004770755767822,0.10187967866659164,True,False,False,False,347,13.880000114440918,0.2560843527317047,18.836360931396484,0.8730489015579224,120.7105712890625,8.69672679901123,0.33659669756889343,0.0
533,0,-8.352143287658691,-0.921756386756897,0.7295771241188049,-0.18594475090503693,0.013841122388839722,True,False,False,False,986,39.439998626708984,0.28618112206459045,22.90859031677246,0.7236295938491821,411.6984558105469,10.438602447509766,0.43986818194389343,0.0
534,0,-8.619269371032715,-0.5454964637756348,1.0981935262680054,0.047633830457925797,0.18819543719291687,False,False,False,True,1124,44.959999084472656,14.639021873474121,48.636844635009766,0.3459920287132263,1888.079833984375,41.994659423828125,0.6965630054473877,0.0
535,0,-8.307756423950195,-0.06951294839382172,0.7736988067626953,0.05269668996334076,0.057626329362392426,False,False,False,True,1124,44.959999084472656,9.597856521606445,35.084983825683594,0.4705118238925934,782.7118530273438,17.40907096862793,0.34288331866264343,0.0
536,0,-8.351666450500488,-1.2093110084533691,0.7155331373214722,0.07289791852235794,0.005555006209760904,True,False,False,False,617,24.68000030517578,0.27149835228919983,19.190898895263672,0.8647328615188599,208.64768981933594,8.454120635986328,0.43960878252983093,0.0
537,0,-8.832728385925293,-0.6334448456764221,0.9794297814369202,-0.08339478820562363,0.16430330276489258,False,False,False,True,1124,44.959999084472656,14.63387680053711,42.699440002441406,0.3991691768169403,1483.6025390625,32.9982795715332,0.706317663192749,0.0
538,0,-8.503727912902832,0.7397037744522095,0.7326683402061462,-0.10892458260059357,-0.01889425329864025,True,False,False,False,838,33.52000045776367,0.28403955698013306,21.59848403930664,0.7741195559501648,328.1833801269531,9.79067325592041,0.3382541835308075,0.0
539,0,-8.295975685119629,-0.5173433423042297,1.2961337566375732,0.004627120681107044,-0.0037484357599169016,True,False,False,False,383,15.319999694824219,0.2611529231071472,19.911914825439453,0.8288474678993225,135.51673889160156,8.84574031829834,0.43168947100639343,0.0
540,0,-8.36294937133789,0.6461267471313477,0.7461588382720947,0.04881524294614792,-0.02691393531858921,True,False,False,False,815,32.599998474121094,0.2943013608455658,25.31262969970703,0.6548243165016174,308.6619567871094,9.468158721923828,0.33793947100639343,0.0
541,0,-8.273077964782715,-1.1062676906585693,1.2241872549057007,0.04775640368461609,-0.07029221206903458,True,False,False,False,382,15.279999732971191,0.2610122263431549,19.232065200805664,0.8584372401237488,139.401123046875,9.1231107711792,0.43773195147514343,0.0
542,0,-8.420106887817383,0.6323848962783813,0.8677539229393005,0.134224995970726,-0.11792617291212082,False,False,False,True,1124,44.959999084472656,14.60010814666748,38.18704605102539,0.43553826212882996,1521.0291748046875,33.830718994140625,0.5971421003341675,0.0
543,0,-8.672884941101074,0.2610132098197937,0.9645300507545471,0.058244798332452774,-0.020180562511086464,True,False,False,False,496,19.84000015258789,0.29742661118507385,20.090299606323242,0.8399511575698853,172.91578674316406,8.715513229370117,0.33687135577201843,0.0
544,0,-8.636627197265625,0.5729459524154663,0.7222715020179749,0.14012350142002106,-0.05319388583302498,False,False,False,True,1124,44.959999084472656,14.520991325378418,31.710960388183594,0.531242311000824,842.3922729492188,18.736482620239258,0.5346845388412476,0.0
545,0,-8.60440444946289,-1.0019768476486206,1.2938109636306763,0.026566335931420326,0.01981695368885994,True,False,False,False,381,15.239999771118164,0.2612655758857727,20.065786361694336,0.8389269709587097,136.34291076660156,8.946385383605957,0.43226930499076843,0.0
546,0,-8.074078559875488,1.0648813247680664,1.2403981685638428,-0.009730830788612366,-0.03943072259426117,True,False,False,False,395,15.799999237060547,0.29857945442199707,19.48995590209961,0.8367516398429871,155.2705078125,9.827247619628906,0.32982179522514343,0.0
547,0,-8.895946502685547,0.5343848466873169,1.2121303081512451,-0.06098227575421333,-0.08102308958768845,True,False,False,False,456,18.239999771118164,0.2906067669391632,21.182767868041992,0.8074559569358826,203.64871215820312,11.16495132446289,0.32826539874076843,0.0
548,0,-8.76979923248291,1.1442269086837769,1.2854621410369873,-0.017814716324210167,-0.048807624727487564,True,False,False,False,399,15.960000038146973,0.29423823952674866,20.299333572387695,0.8378434777259827,148.99514770507812,9.335536003112793,0.32896730303764343,0.0
549,0,-8.9227876663208,1.0820021629333496,0.9512740969657898,0.08081043511629105,-0.051905907690525055,True,False,False,False,486,19.439998626708984,0.2759583294391632,19.846843719482422,0.8644373416900635,178.33267211914062,9.173492431640625,0.33534547686576843,0.0
550,0,-8.832958221435547,-1.002805471420288,0.8723739385604858,-0.05742572620511055,-0.012060807086527348,True,False,False,False,628,25.119998931884766,0.27445659041404724,20.688522338867188,0.8247057199478149,222.1156768798828,8.842185020446777,0.43950197100639343,0.0
551,0,-8.558452606201172,-0.961871862411499,1.1878114938735962,-0.0016310797072947025,-0.0017977459356188774,True,False,False,False,423,16.920000076293945,0.28690770268440247,20.074913024902344,0.8361456394195557,148.4203643798828,8.771888732910156,0.43490907549858093,0.0
552,0,-8.976773262023926,0.675001859664917,0.7882386445999146,-0.011002304032444954,0.013755903579294682,True,False,False,False,655,26.19999885559082,0.2934078574180603,20.39491844177246,0.8428474068641663,222.48992919921875,8.491982460021973,0.33941957354545593,0.0
553,0,-8.222673416137695,-0.008055642247200012,1.0923762321472168,-0.013837468810379505,-0.0030160716269165277,True,False,False,False,460,18.399999618530273,0.2975083589553833,19.88725471496582,0.8257889747619629,161.3390655517578,8.768427848815918,0.3357434570789337,0.0
554,0,-8.399707794189453,-0.058775171637535095,0.828197717666626,-0.039742548018693924,-0.022334545850753784,True,False,False,False,641,25.639999389648438,0.2798803746700287,20.38017463684082,0.8145078420639038,233.27066040039062,9.097919464111328,0.33800050616264343,0.0
555,0,-8.207260131835938,-1.0334104299545288,1.0370006561279297,0.015141154639422894,-0.047666359692811966,True,False,False,False,462,18.479999542236328,0.2981441020965576,19.335338592529297,0.8502147197723389,163.3070831298828,8.836963653564453,0.4351746141910553,0.0
556,0,-8.34125804901123,-1.1280996799468994,1.1462315320968628,0.050881776958703995,-0.056028880178928375,True,False,False,False,407,16.279998779296875,0.2959350347518921,19.291641235351562,0.8593877553939819,145.53538513183594,8.939520835876465,0.43027040362358093,0.0
557,0,-8.804512023925781,-0.12525804340839386,0.9865881204605103,0.00019521637295838445,0.010894143022596836,True,False,False,False,516,20.639999389648438,0.2917429208755493,20.368005752563477,0.8348861932754517,174.4008026123047,8.449651718139648,0.33623048663139343,0.0
558,0,-8.445525169372559,-1.0065137147903442,1.08136785030365,-0.06624441593885422,-0.1656496822834015,False,False,False,True,1124,44.959999084472656,9.664670944213867,47.27676010131836,0.3527185916900635,1344.5,29.904359817504883,0.5467712879180908,0.0
559,0,-8.206388473510742,0.859462320804596,1.0327612161636353,0.11023033410310745,-0.08268128335475922,False,False,False,True,1124,44.959999084472656,14.61176872253418,46.02027893066406,0.3569835424423218,932.5607299804688,20.74201011657715,0.5324093103408813,0.0
560,0,-8.42258071899414,1.0922057628631592,0.8512356281280518,-0.1183777004480362,0.03126213327050209,True,False,False,False,688,27.51999855041504,0.272603303194046,20.632173538208008,0.8073696494102478,258.2261657714844,9.383218765258789,0.3399202525615692,0.0
561,0,-8.226665496826172,-0.964328944683075,1.0056473016738892,-0.032848309725522995,0.004284560214728117,True,False,False,False,512,20.479999542236328,0.296825647354126,20.04077911376953,0.8210479617118835,187.53640747070312,9.157051086425781,0.4352883994579315,0.0
562,0,-8.162603378295898,-1.1820937395095825,1.0751142501831055,-0.07143357396125793,-0.15935082733631134,False,False,False,True,1124,44.959999084472656,9.661253929138184,46.97087478637695,0.3492479622364044,1304.9627685546875,29.024972915649414,0.5411021709442139,0.0
563,0,-8.34177303314209,0.501099705696106,0.7543286085128784,-0.1500861495733261,-9.079543087864295e-05,True,False,False,False,861,34.439998626708984,0.2963930070400238,21.75878143310547,0.7605770230293274,331.6680603027344,9.630315780639648,0.33919069170951843,0.0
564,0,-8.480344772338867,-0.9593635201454163,1.1511963605880737,0.07968612760305405,-0.10602182894945145,False,False,False,True,1124,44.959999084472656,9.53480052947998,51.8117561340332,0.3224639892578125,1004.1119995117188,22.333452224731445,0.5404694080352783,0.0
565,0,-8.208170890808105,0.572363018989563,0.8195662498474121,0.11035516113042831,0.09334322810173035,False,False,False,True,1124,44.959999084472656,9.635295867919922,36.972923278808594,0.4440539479255676,1158.3873291015625,25.764842987060547,0.34291383624076843,0.0
566,0,-8.055519104003906,0.6187605857849121,1.2920382022857666,-0.04375363141298294,0.03204497694969177,True,False,False,False,391,15.639999389648438,0.2862241566181183,19.612333297729492,0.8294310569763184,145.3002166748047,9.290295600891113,0.33218690752983093,0.0
567,0,-8.90005874633789,-0.9435946345329285,1.2145411968231201,0.10060243308544159,-0.14831818640232086,False,False,False,True,1124,44.959999084472656,9.585580825805664,54.49721908569336,0.314247727394104,1294.0771484375,28.782855987548828,0.5380585193634033,0.0
568,0,-8.58472728729248,0.4026450216770172,1.2213997840881348,-0.05951869860291481,0.057399652898311615,True,False,False,False,431,17.239999771118164,0.2856371998786926,20.149206161499023,0.833257257938385,157.36105346679688,9.127671241760254,0.33446046710014343,0.0
569,0,-8.123740196228027,-0.8661711812019348,0.7528485059738159,-0.09360171854496002,0.1048966571688652,False,False,False,True,1124,44.959999084472656,14.635781288146973,32.66514205932617,0.500420093536377,1184.033203125,26.33525848388672,0.7289403676986694,0.0
570,0,-8.875436782836914,-1.1491237878799438,1.0842957496643066,-0.10076168179512024,0.03615272045135498,True,False,False,False,535,21.399999618530273,0.29885467886924744,21.459924697875977,0.7974582314491272,205.65199279785156,9.609906196594238,0.44383546710014343,0.0
571,0,-8.211421966552734,-0.36131852865219116,0.8524401187896729,-0.10527804493904114,-0.032939206808805466,True,False,False,False,711,28.439998626708984,0.28246188163757324,21.846271514892578,0.7514018416404724,283.45361328125,9.966723442077637,0.43645021319389343,0.0
572,0,-8.727782249450684,-0.14455676078796387,0.7951600551605225,-0.11060366034507751,-0.009677237831056118,True,False,False,False,780,31.19999885559082,0.2958289086818695,22.024921417236328,0.768601655960083,287.4602355957031,9.213469505310059,0.3383818566799164,0.0
573,0,-8.854412078857422,-0.4254204034805298,1.2543041706085205,-0.031027773395180702,-0.006254241801798344,True,False,False,False,433,17.31999969482422,0.28677913546562195,21.28470230102539,0.8014970421791077,170.02328491210938,9.816587448120117,0.43257078528404236,0.0
574,0,-8.449785232543945,-0.3852193057537079,1.2522473335266113,0.06437493860721588,0.15308234095573425,False,False,False,True,1124,44.959999084472656,9.595240592956543,56.264312744140625,0.2959986925125122,1316.5443115234375,29.282569885253906,0.33711549639701843,0.0
575,0,-8.014622688293457,-0.7328236103057861,0.9022445678710938,0.004319494590163231,0.005424427334219217,True,False,False,False,541,21.639999389648438,0.2710953950881958,19.604238510131836,0.827926754951477,193.57614135742188,8.945293426513672,0.4388481676578522,0.0
576,0,-8.27417278289795,-0.2984820306301117,0.8176950216293335,0.15075625479221344,-0.03707579895853996,True,False,False,False,554,22.15999984741211,0.27530187368392944,20.568405151367188,0.801074743270874,268.6170654296875,12.121708869934082,0.33668825030326843,0.0
577,0,-8.182815551757812,1.043766736984253,1.2926208972930908,-0.014997823163866997,0.049764130264520645,True,False,False,False,380,15.199999809265137,0.2941770851612091,19.402109146118164,0.8460645079612732,140.994384765625,9.275946617126465,0.34007570147514343,0.0
578,0,-8.898155212402344,0.3580912947654724,1.2924895286560059,-0.08039308339357376,-0.07698940485715866,True,False,False,False,449,17.959999084472656,0.2783986032009125,22.04104232788086,0.775908887386322,189.6699981689453,10.560690879821777,0.32896730303764343,0.0
579,0,-8.285593032836914,-0.23864470422267914,0.7362092137336731,-0.05943809822201729,0.032829366624355316,True,False,False,False,738,29.51999855041504,0.2922251224517822,20.26268196105957,0.8136775493621826,262.2496337890625,8.883795738220215,0.34233400225639343,0.0
580,0,-8.45700454711914,-0.21761558949947357,0.8137699961662292,0.05350438132882118,0.04561569541692734,True,False,False,False,566,22.639999389648438,0.27471181750297546,19.438621520996094,0.8569744229316711,190.62911987304688,8.420014381408691,0.33943572640419006,0.0
581,0,-8.562267303466797,0.7683694362640381,1.004879355430603,-0.07725998014211655,-0.09322157502174377,False,False,False,True,1124,44.959999084472656,14.60898208618164,44.500999450683594,0.37706029415130615,1042.5400390625,23.188169479370117,0.5547926425933838,0.0
582,0,-8.959981918334961,-0.06347030401229858,1.217622995376587,-0.18093541264533997,-0.04454595595598221,True,False,False,False,519,20.760000228881836,0.28587961196899414,22.208343505859375,0.7726870179176331,205.19972229003906,9.884379386901855,0.33104249835014343,0.0
583,0,-8.316734313964844,0.014904439449310303,1.2472023963928223,-0.08587666600942612,0.03354475274682045,True,False,False,False,429,17.15999984741211,0.2746342718601227,20.16062355041504,0.8192574381828308,153.77618408203125,8.961316108703613,0.33227846026420593,0.0
584,0,-8.96950912475586,0.5940833687782288,0.9518744945526123,0.07892079651355743,-0.008620948530733585,True,False,False,False,489,19.559999465942383,0.2652973234653473,19.929723739624023,0.8620094060897827,163.68006896972656,8.368102073669434,0.33687135577201843,0.0
585,0,-8.784065246582031,-0.46249693632125854,1.0474178791046143,0.07391476631164551,-0.021427979692816734,True,False,False,False,463,18.520000457763672,0.2725328207015991,20.501859664916992,0.8287176489830017,175.0919647216797,9.454209327697754,0.43587037920951843,0.0
586,0,-8.20893669128418,1.2405269145965576,0.8712408542633057,0.019978217780590057,0.022784849628806114,True,False,False,False,542,21.68000030517578,0.29322579503059387,19.218799591064453,0.8561890125274658,188.9423065185547,8.71505069732666,0.33816835284233093,0.0
587,0,-8.062474250793457,1.0147744417190552,0.9585409164428711,0.10383424162864685,-0.09071587026119232,False,False,False,True,1124,44.959999084472656,4.655996799468994,43.75887680053711,0.37234804034233093,934.7821044921875,20.791418075561523,0.3366667330265045,0.0
588,0,-8.84572982788086,-1.0656671524047852,1.1646974086761475,-0.18206287920475006,0.010160716250538826,True,False,False,False,535,21.399999618530273,0.2777753472328186,21.719987869262695,0.7863004207611084,200.61436462402344,9.374503135681152,0.4351150691509247,0.0
589,0,-8.354425430297852,-0.8014713525772095,1.1735637187957764,0.10478518158197403,0.049136530607938766,True,False,False,False,386,15.4399995803833,0.28524017333984375,19.477651596069336,0.8508967757225037,148.40655517578125,9.611824035644531,0.4458763301372528,0.0
590,0,-8.85695743560791,0.8987617492675781,0.9511034488677979,-0.08106213063001633,-0.03410371392965317,True,False,False,False,593,23.719999313354492,0.2804059088230133,20.97272491455078,0.8144011497497559,226.76336669921875,9.560007095336914,0.33469316363334656,0.0
591,0,-8.792134284973145,0.4753214120864868,1.1159454584121704,0.02309822477400303,0.10362925380468369,False,False,False,True,1124,44.959999084472656,9.551581382751465,50.117610931396484,0.3391754925251007,989.8197631835938,22.01556396484375,0.3437635600566864,0.0
592,0,-8.50719928741455,-0.5925943851470947,0.7614418864250183,-0.014503438957035542,-0.00873603206127882,True,False,False,False,682,27.279998779296875,0.29255515336990356,20.43839454650879,0.8179467916488647,234.48548889160156,8.59550952911377,0.43952783942222595,0.0
593,0,-8.169046401977539,-0.7517588138580322,0.807655930519104,-0.09974437206983566,0.03068223036825657,True,False,False,False,906,36.23999786376953,0.2786754071712494,26.84937858581543,0.6102930903434753,373.8023376464844,10.314634323120117,0.4434501826763153,0.0
594,0,-8.721330642700195,-0.9729867577552795,0.7860050797462463,-0.11575591564178467,0.05779124051332474,False,False,False,True,1124,44.959999084472656,14.582282066345215,34.08287811279297,0.4972818195819855,835.3428955078125,18.57969093322754,0.6894840002059937,0.0
595,0,-8.836166381835938,0.9029865264892578,1.1195006370544434,-0.09249117970466614,0.1721426397562027,False,False,False,True,1124,44.959999084472656,9.604769706726074,48.605812072753906,0.3509799838066101,1222.617431640625,27.193449020385742,0.34016725420951843,0.0
596,0,-8.836134910583496,0.5055623054504395,0.7151926159858704,-0.11430013179779053,-0.019171420484781265,True,False,False,False,960,38.39999771118164,0.27919459342956543,24.107864379882812,0.7069687247276306,373.3926086425781,9.723766326904297,0.3386795222759247,0.0
597,0,-8.330195426940918,0.6439416408538818,0.930405855178833,0.0707467794418335,0.1318543553352356,False,False,False,True,1124,44.959999084472656,9.59852409362793,41.778133392333984,0.39596104621887207,1431.874267578125,31.84773826599121,0.3433568775653839,0.0
598,0,-8.783522605895996,-0.15403345227241516,1.112767219543457,-0.06677564978599548,0.16969773173332214,False,False,False,True,1124,44.959999084472656,9.641334533691406,48.8561897277832,0.3476368188858032,1320.109375,29.36186408996582,0.34222719073295593,0.0
599,0,-8.737560272216797,-0.4097023010253906,1.0959820747375488,-0.0002961787977255881,0.08314047008752823,True,False,False,False,528,21.119998931884766,0.29129740595817566,23.10175323486328,0.7333828210830688,232.11013793945312,10.990063667297363,0.33687135577201843,0.0
600,0,-8.614084243774414,-0.8334441184997559,1.2991362810134888,-0.07407061755657196,-0.061838191002607346,True,False,False,False,412,16.479999542236328,0.270264595746994,20.31527328491211,0.8286557197570801,146.08047485351562,8.864107131958008,0.43130800127983093,0.0
601,0,-8.706985473632812,1.2111937999725342,1.2122019529342651,0.07703009247779846,0.029335662722587585,True,False,False,False,383,15.319999694824219,0.2590901851654053,19.55177879333496,0.8669064044952393,130.24368286132812,8.501545906066895,0.33368226885795593,0.0
602,0,-8.149515151977539,-0.912356972694397,1.2369998693466187,0.041916195303201675,-0.09422063082456589,True,False,False,False,559,22.35999870300293,0.26808059215545654,28.039749145507812,0.5839743614196777,285.26531982421875,12.757841110229492,0.43608400225639343,0.0
603,0,-8.474788665771484,-1.1848082542419434,1.0300157070159912,0.027717724442481995,0.05725685879588127,True,False,False,False,533,21.31999969482422,0.2673320174217224,22.41405487060547,0.7457860708236694,219.62994384765625,10.301591873168945,0.43937990069389343,0.0
604,0,-8.848381042480469,0.3160126507282257,0.8712302446365356,-0.004826448857784271,-0.004863745998591185,True,False,False,False,590,23.600000381469727,0.28307315707206726,20.471038818359375,0.8329455256462097,203.80923461914062,8.635984420776367,0.33681032061576843,0.0
605,0,-8.570110321044922,-1.2380565404891968,1.1187841892242432,0.02930474281311035,-0.02660025842487812,True,False,False,False,432,17.279998779296875,0.26931220293045044,19.730276107788086,0.8522409200668335,149.4039764404297,8.646063804626465,0.43652263283729553,0.0
606,0,-8.787679672241211,0.8722060918807983,1.1237585544586182,0.1510218381881714,0.025548677891492844,True,False,False,False,384,15.359999656677246,0.2967391014099121,19.247346878051758,0.8837409615516663,131.6162109375,8.568763732910156,0.33488771319389343,0.0
607,0,-8.421374320983887,1.0870599746704102,1.1365212202072144,0.004914626479148865,-0.000193909858353436,True,False,False,False,430,17.19999885559082,0.28119274973869324,19.61850929260254,0.8490073084831238,144.72189331054688,8.414064407348633,0.33479616045951843,0.0
608,0,-8.924152374267578,0.2155841886997223,1.2141172885894775,0.02234547771513462,-0.11155187338590622,False,False,False,True,1124,44.959999084472656,14.600298881530762,54.35774612426758,0.31505143642425537,1034.0360107421875,22.999021530151367,0.5134121179580688,0.0
609,0,-8.218939781188965,-1.18101167678833,0.8993754386901855,-0.06383869796991348,0.11590223014354706,False,False,False,True,1124,44.959999084472656,14.662697792053223,39.74042510986328,0.4142029583454132,1306.3895263671875,29.05670738220215,0.7127062082290649,0.0
610,0,-8.427645683288574,-1.088638424873352,1.0584564208984375,0.04375940561294556,-0.14070655405521393,False,False,False,True,1124,44.959999084472656,9.573590278625488,47.36491012573242,0.35179242491722107,1390.8172607421875,30.934547424316406,0.5408508777618408,0.0
611,0,-8.128546714782715,-0.8156853914260864,0.7541463375091553,0.0005780574283562601,0.0055321455001831055,True,False,False,False,656,26.239999771118164,0.29916438460350037,19.79952049255371,0.8257039785385132,233.72012329101562,8.90701675415039,0.43962404131889343,0.0
612,0,-8.794934272766113,0.7979246973991394,1.117100477218628,0.07388584315776825,-0.1356711983680725,False,False,False,True,1124,44.959999084472656,14.623312950134277,49.865333557128906,0.3411855399608612,1386.3203125,30.83452796936035,0.5573902130126953,0.0
613,0,-8.044957160949707,-0.44472938776016235,1.2060964107513428,-0.06433016806840897,0.031139543280005455,True,False,False,False,458,18.31999969482422,0.28711259365081787,21.17074203491211,0.7676128149032593,201.77711486816406,11.01403522491455,0.43519899249076843,0.0
614,0,-8.549322128295898,-1.067676067352295,0.772921621799469,0.037944596260786057,-0.1217130497097969,False,False,False,True,1124,44.959999084472656,9.626089096069336,34.56455612182617,0.48554712533950806,1505.593994140625,33.48741149902344,0.5468475818634033,0.0
615,0,-8.412156105041504,-1.2421058416366577,1.245450496673584,0.00984349474310875,0.03639625012874603,True,False,False,False,396,15.839999198913574,0.26784002780914307,19.87881088256836,0.8379629850387573,143.7393798828125,9.074456214904785,0.43316957354545593,0.0
616,0,-8.017560958862305,0.9443119168281555,1.2134616374969482,0.11500431597232819,0.025225592777132988,True,False,False,False,357,14.279999732971191,0.25992682576179504,18.708866119384766,0.8682799339294434,128.2741241455078,8.982782363891602,0.33552971482276917,0.0
617,0,-8.4686918258667,0.4796674847602844,1.0332329273223877,0.021652575582265854,0.009183748625218868,True,False,False,False,476,19.03999900817871,0.261135458946228,20.014745712280273,0.8331592679023743,166.4708709716797,8.743218421936035,0.33493348956108093,0.0
618,0,-8.997048377990723,-1.200644850730896,0.7900445461273193,-0.035831037908792496,-0.04768216982483864,True,False,False,False,801,32.040000915527344,0.2884577810764313,24.365591049194336,0.7074810266494751,314.6800231933594,9.821474075317383,0.4370706379413605,0.0
619,0,-8.397866249084473,0.6409949064254761,0.7091594934463501,-0.019818948581814766,-0.02117176726460457,True,False,False,False,761,30.439998626708984,0.2787887156009674,21.119354248046875,0.7864832878112793,282.8506774902344,9.292072296142578,0.33842775225639343,0.0
620,0,-8.291011810302734,-0.302833616733551,1.297611117362976,0.17234334349632263,-0.09162411838769913,True,False,False,False,350,14.0,0.2457895576953888,20.024778366088867,0.8236667513847351,147.57345581054688,10.540961265563965,0.4279586970806122,0.0
621,0,-8.670119285583496,-0.7032548189163208,1.1399437189102173,-0.003576192306354642,0.14654095470905304,False,False,False,True,1124,44.959999084472656,14.596443176269531,50.778324127197266,0.332514226436615,1429.10009765625,31.786035537719727,0.6858968734741211,0.0
622,0,-8.214343070983887,0.4669596254825592,0.7191314101219177,-0.04630217328667641,-0.08230061084032059,False,False,False,True,1124,44.959999084472656,14.636221885681152,31.791563034057617,0.5165164470672607,1168.849853515625,25.99755096435547,0.5876413583755493,0.0
623,0,-8.083996772766113,0.36341384053230286,0.967162013053894,-0.01892182230949402,-0.04027928039431572,True,False,False,False,584,23.35999870300293,0.29550981521606445,22.254167556762695,0.7319068908691406,237.3125762939453,10.158928871154785,0.3340284526348114,0.0
624,0,-8.886144638061523,0.5975806713104248,0.819570004940033,-0.06898459047079086,-0.001956728519871831,True,False,False,False,690,27.599998474121094,0.282492071390152,21.037181854248047,0.8126760125160217,243.42913818359375,8.819896697998047,0.33740636706352234,0.0
625,0,-8.163780212402344,-0.9011387825012207,0.9581910967826843,-0.11394958943128586,0.09313879907131195,False,False,False,True,1124,44.959999084472656,14.581960678100586,41.981666564941406,0.3903639316558838,937.3176879882812,20.847814559936523,0.6877381801605225,0.0
626,0,-8.062817573547363,-0.6892898678779602,1.0787124633789062,-0.023376353085041046,-0.059386298060417175,True,False,False,False,490,19.600000381469727,0.29063498973846436,20.709762573242188,0.7859653234481812,185.359130859375,9.457098007202148,0.4330284297466278,0.0
627,0,-8.996882438659668,-0.4030124843120575,0.9448180794715881,-0.0011059712851420045,-0.0906924158334732,False,False,False,True,1124,44.959999084472656,9.634344100952148,42.29851150512695,0.4066697359085083,971.8751220703125,21.616439819335938,0.5403931140899658,0.0
628,0,-8.362923622131348,-0.1574062556028366,1.2111705541610718,-0.05717475712299347,-0.15141485631465912,False,False,False,True,1124,44.959999084472656,14.575597763061523,53.63285827636719,0.30883413553237915,1339.894287109375,29.80191993713379,0.5238146781921387,0.0
629,0,-8.62039566040039,0.39435118436813354,1.2157905101776123,-0.01684478111565113,-0.0025977282784879208,True,False,False,False,421,16.84000015258789,0.28176647424697876,20.23402214050293,0.831517219543457,148.0453338623047,8.791290283203125,0.33134767413139343,0.0
630,0,-8.210455894470215,0.7027007341384888,0.7093120217323303,-0.14196594059467316,0.04910092055797577,False,False,False,True,1124,44.959999084472656,9.585424423217773,29.117578506469727,0.5641000270843506,689.4778442382812,15.33536148071289,0.34166261553764343,0.0
631,0,-8.741724967956543,-0.35076791048049927,0.7757641673088074,-0.1673971265554428,-0.03027808666229248,False,False,False,True,1124,44.959999084472656,9.474159240722656,31.586742401123047,0.536468505859375,443.585693359375,9.866230010986328,0.5445435047149658,0.0
632,0,-8.440406799316406,-0.012447312474250793,0.7029763460159302,-0.06910014152526855,0.052960578352212906,False,False,False,True,1124,44.959999084472656,9.65548324584961,30.54486083984375,0.5447859764099121,720.4921264648438,16.02518081665039,0.34160158038139343,0.0
633,0,-8.481832504272461,0.04313245415687561,1.0609939098358154,-0.017097346484661102,-0.05028296262025833,True,False,False,False,558,22.31999969482422,0.2694479823112488,23.368610382080078,0.7138588428497314,231.81761169433594,10.386094093322754,0.33395692706108093,0.0
634,0,-8.683094024658203,-1.234289526939392,0.7162293195724487,-0.12233363091945648,-0.08357138186693192,False,False,False,True,1124,44.959999084472656,9.605018615722656,29.601455688476562,0.5718424320220947,947.3374633789062,21.0706729888916,0.5431584119796753,0.0
635,0,-8.127015113830566,0.8162044286727905,1.1522053480148315,0.020762719213962555,0.09716519713401794,True,False,False,False,964,38.55999755859375,0.26431888341903687,44.4774284362793,0.3675355613231659,659.8836669921875,17.11316680908203,0.33940157294273376,0.0
636,0,-8.247286796569824,-1.0486663579940796,1.2545650005340576,0.13045194745063782,-0.0025176990311592817,True,False,False,False,349,13.960000038146973,0.2627510726451874,19.05215072631836,0.8649988770484924,121.06741333007812,8.67245101928711,0.43123170733451843,0.0
637,0,-8.21133804321289,0.2627183496952057,0.9912689328193665,-0.0008722639759071171,-0.0015714634209871292,True,False,False,False,499,19.959999084472656,0.26342999935150146,19.76875877380371,0.8302698731422424,179.51702880859375,8.993839263916016,0.33507516980171204,0.0
638,0,-8.472359657287598,1.0399036407470703,0.758100688457489,0.13222180306911469,-0.10099244117736816,False,False,False,True,1124,44.959999084472656,14.584857940673828,33.30622482299805,0.5015335083007812,1478.9405517578125,32.89458465576172,0.6193922758102417,0.0
639,0,-8.265198707580566,0.15070170164108276,1.0243806838989258,-0.02756296843290329,-0.01440854649990797,True,False,False,False,499,19.959999084472656,0.27353525161743164,19.987743377685547,0.823798656463623,181.07774353027344,9.07203197479248,0.33629152178764343,0.0
640,0,-8.827177047729492,-0.9958941340446472,1.0030769109725952,0.003934753593057394,0.023560160771012306,True,False,False,False,507,20.279998779296875,0.28074532747268677,20.428388595581055,0.8349055051803589,179.90707397460938,8.8711576461792,0.4379594624042511,0.0
641,0,-8.502798080444336,-0.946845531463623,1.2935526371002197,0.05502647906541824,-0.02636798657476902,True,False,False,False,367,14.679999351501465,0.26654696464538574,19.658212661743164,0.851000189781189,129.2750701904297,8.806203842163086,0.43260499835014343,0.0
642,0,-8.961420059204102,-0.2944692373275757,0.8975712060928345,-0.016507204622030258,0.053801584988832474,True,False,False,False,671,26.84000015258789,0.28584688901901245,23.735628128051758,0.7231281995773315,262.150390625,9.767152786254883,0.33974000811576843,0.0
643,0,-8.564937591552734,0.5205512046813965,1.0854541063308716,0.03162866085767746,-0.09757436811923981,False,False,False,True,1124,44.959999084472656,14.641009330749512,48.61733627319336,0.3449978530406952,1051.2718505859375,23.382381439208984,0.5297253131866455,0.0
644,0,-8.798166275024414,1.241369366645813,0.8684189915657043,0.06521382927894592,0.014766552485525608,True,False,False,False,531,21.239999771118164,0.2955609858036041,19.608182907104492,0.8691601753234863,179.31500244140625,8.442325592041016,0.33833619952201843,0.0
645,0,-8.33884334564209,0.9673386812210083,1.0095559358596802,0.0637209340929985,-0.1589377522468567,False,False,False,True,1124,44.959999084472656,14.650668144226074,44.89137649536133,0.3690376281738281,1758.4501953125,39.1114387512207,0.6052553653717041,0.0
646,0,-8.838508605957031,0.5137176513671875,1.2144078016281128,-0.04098045453429222,-0.08750295639038086,True,False,False,False,489,19.559999465942383,0.25384771823883057,23.119600296020508,0.7373015880584717,228.2423095703125,11.668829917907715,0.3402046859264374,0.0
647,0,-8.605181694030762,0.9001681208610535,1.0705907344818115,0.07557566463947296,0.06872054934501648,True,False,False,False,424,16.959999084472656,0.27817773818969727,19.168224334716797,0.8779557943344116,150.98300170898438,8.902299880981445,0.33911439776420593,0.0
648,0,-8.989681243896484,-0.3192785382270813,0.8090953230857849,0.11143592745065689,0.10963600873947144,False,False,False,True,1124,44.959999084472656,9.600725173950195,36.6508903503418,0.4690908193588257,1314.2578125,29.231714248657227,0.34215089678764343,0.0
649,0,-8.55840015411377,0.34535884857177734,0.925017237663269,0.1544049233198166,0.05905408039689064,True,False,False,False,482,19.279998779296875,0.2912128269672394,20.137462615966797,0.8323737978935242,174.39549255371094,9.04541015625,0.34021303057670593,0.0
650,0,-8.850654602050781,-1.0252060890197754,1.019234299659729,0.002399798482656479,-0.02565247192978859,True,False,False,False,497,19.8799991607666,0.2688617408275604,20.26839828491211,0.8427364230155945,171.60411071777344,8.631998062133789,0.43492433428764343,0.0
651,0,-8.853914260864258,-0.4413849711418152,0.9026146531105042,0.09910666942596436,0.07144000381231308,False,False,False,True,1124,44.959999084472656,9.560976028442383,40.940216064453125,0.4166935980319977,848.9334716796875,18.881973266601562,0.3420110046863556,0.0
652,0,-8.014925003051758,1.1221325397491455,1.0725936889648438,0.10966495424509048,-0.11561916768550873,False,False,False,True,1124,44.959999084472656,4.65328311920166,48.74562454223633,0.3334248960018158,1072.399658203125,23.852306365966797,0.33104249835014343,0.0
653,0,-8.11949634552002,-0.609862208366394,1.0655300617218018,-0.042388565838336945,-0.06906118243932724,False,False,False,True,1124,44.959999084472656,9.609748840332031,47.44449996948242,0.3442060351371765,729.9175415039062,16.234821319580078,0.5404541492462158,0.0
654,0,-8.666884422302246,-0.6374627351760864,0.9084065556526184,0.029765738174319267,0.03683352842926979,True,False,False,False,540,21.600000381469727,0.2907225489616394,20.15939712524414,0.8372629880905151,201.03536987304688,9.3071928024292,0.43946000933647156,0.0
655,0,-8.25500202178955,0.48271119594573975,1.043628454208374,0.18745742738246918,0.023818055167794228,True,False,False,False,388,15.519999504089355,0.28372442722320557,18.67338752746582,0.8815730214118958,131.21104431152344,8.454319953918457,0.3369390666484833,0.0
656,0,-8.422609329223633,-0.8946519494056702,0.8449068069458008,0.002760088536888361,-0.008714680559933186,True,False,False,False,588,23.51999855041504,0.274886816740036,19.918682098388672,0.8357099890708923,203.54640197753906,8.654184341430664,0.4384882152080536,0.0
657,0,-8.998615264892578,0.4288823902606964,0.7940343022346497,0.10951921343803406,0.07466042786836624,False,False,False,True,1124,44.959999084472656,9.55965518951416,36.027950286865234,0.4775145649909973,950.41015625,21.13901710510254,0.342392235994339,0.0
658,0,-8.023119926452637,0.42550697922706604,0.9438686966896057,0.049353450536727905,0.1573854684829712,False,False,False,True,1124,44.959999084472656,9.613529205322266,42.16351318359375,0.38489675521850586,1663.1427001953125,36.991607666015625,0.34405824542045593,0.0
659,0,-8.315998077392578,-0.24726517498493195,1.0064245462417603,-0.08576588332653046,-0.02318545989692211,True,False,False,False,551,22.03999900817871,0.29205548763275146,20.613906860351562,0.8012948036193848,205.1224365234375,9.306825637817383,0.33383485674858093,0.0
660,0,-8.677087783813477,-0.6913716793060303,0.8863774538040161,0.011107883416116238,-0.009493389166891575,True,False,False,False,564,22.559999465942383,0.2864031493663788,20.195768356323242,0.8363631963729858,196.89959716796875,8.727819442749023,0.43701282143592834,0.0
661,0,-8.653661727905273,-1.0796258449554443,1.1190016269683838,-0.008804918266832829,-0.005770277231931686,True,False,False,False,457,18.279998779296875,0.2920621633529663,20.31830596923828,0.8311521410942078,159.4187774658203,8.720940589904785,0.4341343939304352,0.0
662,0,-8.376768112182617,-0.7015289068222046,0.8554003834724426,0.033212810754776,-0.07236051559448242,False,False,False,True,1124,44.959999084472656,9.64939022064209,38.55485916137695,0.4303307831287384,880.9943237304688,19.595069885253906,0.5409271717071533,0.0
663,0,-8.890795707702637,0.3885704278945923,0.9726375937461853,-0.09978510439395905,-0.13998113572597504,False,False,False,True,1124,44.959999084472656,14.648677825927734,42.39535140991211,0.4032314419746399,1216.95947265625,27.067604064941406,0.5893195867538452,0.0
664,0,-8.252595901489258,-0.0254802405834198,0.7411401271820068,0.07777947187423706,-0.11060759425163269,False,False,False,True,1124,44.959999084472656,14.602584838867188,32.76141357421875,0.5021949410438538,1695.4539794921875,37.71027755737305,0.580884575843811,0.0
665,0,-8.377947807312012,0.07103607058525085,1.0715768337249756,0.01052033994346857,0.017363565042614937,True,False,False,False,459,18.35999870300293,0.26992103457450867,19.8281192779541,0.8360903263092041,156.62445068359375,8.530744552612305,0.33511659502983093,0.0
666,0,-8.610817909240723,-0.2378445863723755,1.0149288177490234,-0.02926023118197918,0.0012491923989728093,True,False,False,False,517,20.68000030517578,0.2642304301261902,20.492870330810547,0.820405900478363,181.27975463867188,8.765945434570312,0.33519288897514343,0.0
667,0,-8.653724670410156,0.8948895335197449,0.9741693735122681,-0.04591505229473114,-0.10205529630184174,False,False,False,True,1124,44.959999084472656,14.63928508758545,43.34067916870117,0.38940441608428955,1123.00634765625,24.9778995513916,0.55640709400177,0.0
668,0,-8.484219551086426,0.35671815276145935,1.2630083560943604,0.0066615198738873005,0.00034800678258761764,True,False,False,False,394,15.75999927520752,0.27298668026924133,19.988658905029297,0.8348717093467712,141.3983612060547,8.971977233886719,0.33137819170951843,0.0
669,0,-8.219111442565918,-0.1032961905002594,0.8847282528877258,-0.0035449392162263393,0.02845907025039196,True,False,False,False,559,22.35999870300293,0.29424649477005005,19.715208053588867,0.8328307867050171,200.0361328125,8.946160316467285,0.33803102374076843,0.0
670,0,-8.996000289916992,-0.1124156266450882,1.105764389038086,0.1448734998703003,0.01473861001431942,True,False,False,False,404,16.15999984741211,0.2894976735115051,19.849199295043945,0.8663504123687744,133.40994262695312,8.255565643310547,0.33378908038139343,0.0
671,0,-8.564652442932129,1.0089828968048096,1.0397748947143555,-0.08334743976593018,-0.04977009445428848,True,False,False,False,539,21.559999465942383,0.27452266216278076,20.96767234802246,0.8009689450263977,216.2901611328125,10.032011032104492,0.33262941241264343,0.0
672,0,-8.860257148742676,0.5588668584823608,1.1216514110565186,0.07543564587831497,0.015012522228062153,True,False,False,False,418,16.719999313354492,0.27840283513069153,19.83035659790039,0.8607637286186218,139.63558959960938,8.351410865783691,0.3352678716182709,0.0
673,0,-8.91169548034668,-0.8959048986434937,1.0574378967285156,0.08888787776231766,0.012176170945167542,True,False,False,False,441,17.639999389648438,0.25891828536987305,19.992033004760742,0.8570778965950012,151.151611328125,8.568685531616211,0.43555524945259094,0.0
674,0,-8.690377235412598,-0.3957091271877289,0.8098209500312805,0.052370697259902954,-0.032446298748254776,True,False,False,False,599,23.959999084472656,0.2856880724430084,20.40500259399414,0.8279798030853271,231.24330139160156,9.651223182678223,0.43721315264701843,0.0
675,0,-8.540945053100586,-0.04180639982223511,0.7066682577133179,0.022350268438458443,0.06256551295518875,False,False,False,True,1124,44.959999084472656,9.639196395874023,31.916126251220703,0.5245310068130493,884.9170532226562,19.68231964111328,0.34263917803764343,0.0
676,0,-8.3066987991333,0.5685971975326538,1.1151541471481323,-0.0120328888297081,0.0653023049235344,True,False,False,False,453,18.119998931884766,0.2884292006492615,19.95024299621582,0.8278753161430359,166.68603515625,9.19900894165039,0.33793947100639343,0.0
677,0,-8.25601577758789,-0.954590916633606,1.0853781700134277,-0.003956092521548271,0.08714229613542557,False,False,False,True,1124,44.959999084472656,4.576535701751709,48.61093521118164,0.3390839397907257,825.7868041992188,18.367145538330078,0.43693849444389343,0.0
678,0,-8.013381004333496,-0.16212254762649536,1.1595323085784912,-0.02319842204451561,0.10007751733064651,True,False,False,False,741,29.639999389648438,0.2771740257740021,33.905948638916016,0.4782104194164276,435.1686706542969,14.681804656982422,0.33920595049858093,0.0
679,0,-8.438447952270508,-0.5392017960548401,1.117461919784546,-9.327770385425538e-05,-0.031011048704385757,True,False,False,False,451,18.03999900817871,0.2903560996055603,20.141084671020508,0.8265209197998047,154.73777770996094,8.577482223510742,0.43460389971733093,0.0
680,0,-8.18682861328125,0.06224334239959717,0.778452455997467,-0.0741429403424263,0.011906099505722523,True,False,False,False,712,28.479999542236328,0.2751338481903076,20.431127548217773,0.8020578026771545,257.7994384765625,9.051946640014648,0.33992573618888855,0.0
681,0,-8.247328758239746,-0.424472838640213,0.9909095764160156,-8.759810589253902e-05,0.06577171385288239,True,False,False,False,906,36.23999786376953,0.26447173953056335,35.832664489746094,0.459153950214386,532.0656127929688,14.681722640991211,0.43831178545951843,0.0
682,0,-8.994694709777832,0.9593728184700012,0.7528213262557983,-0.1133330762386322,-0.08016867935657501,False,False,False,True,1124,44.959999084472656,14.624837875366211,32.4564323425293,0.5305875539779663,1070.6617431640625,23.81365203857422,0.5786254405975342,0.0
683,0,-8.037670135498047,-1.22464919090271,1.0789331197738647,-0.0024901654105633497,-0.04872637242078781,True,False,False,False,450,18.0,0.26475757360458374,19.308643341064453,0.8432986736297607,164.05650329589844,9.114250183105469,0.4331161677837372,0.0
684,0,-8.790674209594727,0.5592702627182007,1.0537164211273193,-0.047985613346099854,0.055962804704904556,True,False,False,False,717,28.68000030517578,0.29629233479499817,29.314661026000977,0.5799049735069275,310.0281066894531,10.809906005859375,0.3366653621196747,0.0
685,0,-8.945138931274414,0.0665844976902008,0.8386799097061157,-0.051135700196027756,-0.09373389184474945,False,False,False,True,1124,44.959999084472656,14.617094039916992,37.039512634277344,0.46289128065109253,1115.8875732421875,24.819564819335938,0.5722553730010986,0.0
686,0,-8.816043853759766,0.37191346287727356,0.7244065999984741,-0.09195710718631744,0.13682349026203156,False,False,False,True,1124,44.959999084472656,9.648842811584473,30.39042854309082,0.5600459575653076,1151.6578369140625,25.61516571044922,0.3448021113872528,0.0
687,0,-8.518492698669434,0.014506280422210693,1.1493757963180542,0.006789569277316332,0.0071731386706233025,True,False,False,False,434,17.35999870300293,0.27677860856056213,20.049671173095703,0.833854079246521,152.14907836914062,8.764348030090332,0.33587363362312317,0.0
688,0,-8.658745765686035,0.9297888278961182,0.7325215935707092,0.19449792802333832,-0.042877133935689926,True,False,False,False,645,25.799999237060547,0.2825820744037628,22.158018112182617,0.7619778513908386,267.4945983886719,10.36800765991211,0.3372814357280731,0.0
689,0,-8.944853782653809,1.1543703079223633,0.8845221996307373,-0.013340604491531849,-0.02140350081026554,True,False,False,False,587,23.479999542236328,0.28027528524398804,20.52800750732422,0.8370519280433655,215.34031677246094,9.171223640441895,0.3364555537700653,0.0
690,0,-8.1902494430542,0.08696809411048889,0.7558656334877014,-0.030260583385825157,0.05135947838425636,False,False,False,True,1124,44.959999084472656,9.598909378051758,33.610260009765625,0.4876629412174225,710.4285278320312,15.801346778869629,0.3413955867290497,0.0
691,0,-8.702617645263672,0.8393868803977966,0.8857325315475464,0.17872527241706848,-0.08852466195821762,False,False,False,True,1124,44.959999084472656,14.604065895080566,38.62092590332031,0.43818432092666626,1128.7755126953125,25.106218338012695,0.570734977722168,0.0
692,0,-8.26476764678955,1.0783424377441406,1.2689266204833984,-0.11843869835138321,0.042981866747140884,True,False,False,False,432,17.279998779296875,0.2810906767845154,20.164613723754883,0.8182359933853149,162.74351501464844,9.418027877807617,0.3419136703014374,0.0
693,0,-8.197359085083008,1.2337021827697754,0.7720624804496765,-0.06421907991170883,-0.06460998952388763,False,False,False,True,1124,44.959999084472656,4.682742595672607,33.37746810913086,0.49263396859169006,711.937744140625,15.834914207458496,0.34337159991264343,0.0
694,0,-8.900727272033691,-1.0720398426055908,1.2107300758361816,0.04804392531514168,-0.01854126900434494,True,False,False,False,399,15.960000038146973,0.27022799849510193,19.963098526000977,0.8582695126533508,133.37887573242188,8.357072830200195,0.4356050193309784,0.0
695,0,-8.145402908325195,0.28498873114585876,0.7919095754623413,-0.011639861389994621,-0.019495852291584015,True,False,False,False,647,25.8799991607666,0.28505250811576843,20.243541717529297,0.8075584769248962,241.97354125976562,9.349827766418457,0.33722230792045593,0.0
696,0,-8.802406311035156,-0.03258019685745239,1.1937050819396973,-0.07780797779560089,-0.00015995260037016124,True,False,False,False,461,18.440000534057617,0.2798812985420227,20.81370735168457,0.8168865442276001,160.84092712402344,8.722393035888672,0.33270570635795593,0.0
697,0,-8.671734809875488,1.0215797424316406,0.8729698061943054,-0.011415429413318634,0.12370140105485916,False,False,False,True,1124,44.959999084472656,9.563387870788574,38.686763763427734,0.43689608573913574,1321.8873291015625,29.401409149169922,0.34480592608451843,0.0
698,0,-8.808395385742188,-0.984224796295166,0.806867778301239,0.09045831859111786,0.018617864698171616,True,False,False,False,567,22.68000030517578,0.28995481133461,20.009014129638672,0.851434051990509,188.34742736816406,8.304559707641602,0.43977662920951843,0.0
699,0,-8.181478500366211,0.836023211479187,0.7407681345939636,0.12343212962150574,-0.07707871496677399,False,False,False,True,1124,44.959999084472656,14.556741714477539,32.648807525634766,0.5023894309997559,1178.579833984375,26.213964462280273,0.5766816139221191,0.0
700,0,-8.545004844665527,0.5513346195220947,0.8500947952270508,-0.021959900856018066,-0.09621892124414444,False,False,False,True,1124,44.959999084472656,14.59811019897461,37.86189651489258,0.44250085949897766,1210.90771484375,26.933000564575195,0.5668723583221436,0.0
701,0,-8.222403526306152,-1.2229969501495361,0.9517066478729248,0.01421712338924408,-0.009617466479539871,True,False,False,False,507,20.279998779296875,0.2649642825126648,19.534324645996094,0.8429811596870422,177.59812927246094,8.757305145263672,0.4360887110233307,0.0
702,0,-8.976888656616211,1.165225625038147,0.9932372570037842,0.13980059325695038,0.14026480913162231,False,False,False,True,1124,44.959999084472656,9.654623985290527,44.49480438232422,0.3869146406650543,1418.7698974609375,31.556270599365234,0.34044191241264343,0.0
703,0,-8.015487670898438,-0.23171938955783844,1.0576766729354858,-0.06549588590860367,-0.021427931264042854,True,False,False,False,521,20.84000015258789,0.289503812789917,20.948270797729492,0.7741504907608032,222.35903930664062,10.669819831848145,0.33485719561576843,0.0
704,0,-8.806363105773926,-0.13655103743076324,1.0939197540283203,0.000771528051700443,0.0051267496310174465,True,False,False,False,466,18.639999389648438,0.2651401460170746,20.398801803588867,0.8337205648422241,155.47254943847656,8.340802192687988,0.33601686358451843,0.0
705,0,-8.274619102478027,0.5290107727050781,1.0750478506088257,0.08804024010896683,0.1281125545501709,False,False,False,True,1124,44.959999084472656,9.552966117858887,48.338016510009766,0.3409937024116516,1247.5458984375,27.747907638549805,0.34389039874076843,0.0
706,0,-8.195157051086426,-0.9648429155349731,0.8869811296463013,0.0064373929053545,-0.1474364995956421,False,False,False,True,1124,44.959999084472656,9.592964172363281,39.30965042114258,0.41778579354286194,1542.7196044921875,34.31315994262695,0.5433838367462158,0.0
707,0,-8.409139633178711,-0.7707556486129761,0.972467303276062,-0.03311259299516678,-0.17431458830833435,False,False,False,True,1124,44.959999084472656,9.662586212158203,42.63177490234375,0.3900071680545807,1514.246337890625,33.67985534667969,0.5433838367462158,0.0
708,0,-8.982906341552734,-0.1260656863451004,0.8005836606025696,-0.011645299382507801,-0.01616479456424713,True,False,False,False,655,26.19999885559082,0.2744081914424896,20.712013244628906,0.829632580280304,225.06301879882812,8.590191841125488,0.33878907561302185,0.0
709,0,-8.623773574829102,0.37331849336624146,1.1509238481521606,0.10075424611568451,-0.044796157628297806,True,False,False,False,406,16.239999771118164,0.2986292839050293,20.025144577026367,0.8403357267379761,156.3441619873047,9.627103805541992,0.33357545733451843,0.0
710,0,-8.610588073730469,0.4930858314037323,1.0360298156738281,-0.05236315354704857,-0.07465439289808273,False,False,False,True,1124,44.959999084472656,14.53154182434082,46.18256378173828,0.3641567528247833,857.9265747070312,19.08199691772461,0.5141541957855225,0.0
711,0,-8.515453338623047,0.56488037109375,0.8382623195648193,0.10316196084022522,-0.11580223590135574,False,False,False,True,1124,44.959999084472656,14.602760314941406,37.12815475463867,0.4504621624946594,1544.1507568359375,34.34498977661133,0.6146156787872314,0.0
712,0,-8.34518814086914,-1.1512997150421143,0.8063833713531494,-0.022396104410290718,-0.05793773755431175,False,False,False,True,1124,44.959999084472656,9.572685241699219,35.89521408081055,0.4620250463485718,754.7752685546875,16.78770637512207,0.5408813953399658,0.0
713,0,-8.098766326904297,0.04460632801055908,0.9598942399024963,-0.01666206307709217,0.013548149727284908,True,False,False,False,526,21.03999900817871,0.2972137928009033,19.900848388671875,0.8190015554428101,191.2957763671875,9.092004776000977,0.33816835284233093,0.0
714,0,-8.55825138092041,0.11677682399749756,1.1508113145828247,-0.08715849369764328,-0.11889784783124924,False,False,False,True,1124,44.959999084472656,14.599431037902832,50.87424850463867,0.3294132649898529,1114.357421875,24.78553009033203,0.5355236530303955,0.0
715,0,-8.88326644897461,-0.4801732301712036,1.2605748176574707,-0.028118673712015152,0.08305390179157257,True,False,False,False,622,24.8799991607666,0.2896219491958618,30.92557144165039,0.5526137948036194,350.4117126464844,14.08407211303711,0.4342453181743622,0.0
716,0,-8.289759635925293,-0.12905701994895935,0.8309473395347595,-0.15434694290161133,0.029185667634010315,False,False,False,True,1124,44.959999084472656,1.3020066022872925,33.25387191772461,0.4958898425102234,450.290283203125,10.015353202819824,0.33891603350639343,0.0
717,0,-8.029897689819336,-0.6799086928367615,1.0655078887939453,0.019183335825800896,-0.024486789479851723,True,False,False,False,448,17.920000076293945,0.26979145407676697,19.367704391479492,0.8387094140052795,154.47508239746094,8.620261192321777,0.43426063656806946,0.0
718,0,-8.584468841552734,0.9626838564872742,1.2992217540740967,0.05280816927552223,-0.02649940364062786,True,False,False,False,374,14.960000038146973,0.26760798692703247,20.10044288635254,0.8363781571388245,140.66366577148438,9.4026517868042,0.3304702937602997,0.0
719,0,-8.70983600616455,0.8156520128250122,0.8252837657928467,-0.07288522273302078,0.0552063025534153,False,False,False,True,1124,44.959999084472656,9.5984525680542,36.04355239868164,0.46968603134155273,701.36328125,15.599717140197754,0.34039708971977234,0.0
720,0,-8.300250053405762,-0.9690589904785156,1.2368979454040527,0.005640014074742794,-0.06293286383152008,True,False,False,False,392,15.679999351501465,0.2973146438598633,19.39923095703125,0.8520016670227051,133.17689514160156,8.493424415588379,0.4292862117290497,0.0
721,0,-8.72324275970459,-0.9540671706199646,1.2479777336120605,0.023226067423820496,0.06533564627170563,True,False,False,False,406,16.239999771118164,0.28410542011260986,20.58844566345215,0.8232603073120117,160.1815643310547,9.863396644592285,0.43654558062553406,0.0
722,0,-8.156579971313477,-0.36869561672210693,1.1601958274841309,-0.039489880204200745,0.07100673764944077,True,False,False,False,521,20.84000015258789,0.27535635232925415,23.568649291992188,0.6941704750061035,228.773681640625,10.97762393951416,0.3362041413784027,0.0
723,0,-8.227203369140625,1.1364762783050537,1.0374009609222412,-0.06093483790755272,0.023464882746338844,True,False,False,False,504,20.15999984741211,0.2669275403022766,19.847135543823242,0.8296293616294861,184.19932556152344,9.136871337890625,0.33601686358451843,0.0
724,0,-8.287440299987793,-0.8441457152366638,1.294702172279358,0.0036113106179982424,-0.0167459137737751,True,False,False,False,380,15.199999809265137,0.2837928533554077,19.71096420288086,0.8375365138053894,132.97373962402344,8.748272895812988,0.43355104327201843,0.0
725,0,-8.429634094238281,1.0659950971603394,0.9659378528594971,-0.17900827527046204,0.01788664609193802,True,False,False,False,658,26.31999969482422,0.2911086678504944,21.53774642944336,0.7736725211143494,251.97845458984375,9.573649406433105,0.33703920245170593,0.0
726,0,-8.562877655029297,0.7153589725494385,0.7408159375190735,-0.1344851404428482,-0.029188081622123718,True,False,False,False,866,34.63999938964844,0.29511916637420654,21.8555965423584,0.7676692008972168,362.6089782714844,10.467926979064941,0.3377937972545624,0.0
727,0,-8.181163787841797,-0.18013134598731995,1.0844696760177612,0.007869414985179901,0.023106468841433525,True,False,False,False,450,18.0,0.2818055748939514,19.644495010375977,0.8339301943778992,157.81369018554688,8.767427444458008,0.33487245440483093,0.0
728,0,-8.360713958740234,0.30829280614852905,0.8171271681785583,0.13815179467201233,0.10026246309280396,False,False,False,True,1124,44.959999084472656,9.629097938537598,36.7784423828125,0.4503597915172577,1238.8963623046875,27.555524826049805,0.34367677569389343,0.0
729,0,-8.558701515197754,0.4257109761238098,0.7130835652351379,0.05364659056067467,-0.08250217139720917,False,False,False,True,1124,44.959999084472656,14.590385437011719,31.839473724365234,0.5265166759490967,1289.5943603515625,28.683149337768555,0.6014201641082764,0.0
730,0,-8.122749328613281,-0.2872917652130127,1.1337130069732666,0.06983863562345505,-0.044181499630212784,True,False,False,False,437,17.479999542236328,0.27523815631866455,20.727203369140625,0.7876235246658325,212.52691650390625,12.15829086303711,0.33287355303764343,0.0
731,0,-8.012284278869629,-0.3640963137149811,1.0321192741394043,0.04530620574951172,-0.13416506350040436,False,False,False,True,1124,44.959999084472656,9.64930534362793,46.29037094116211,0.3503168523311615,1349.9635009765625,30.02587890625,0.5423767566680908,0.0
732,0,-8.308679580688477,0.989203929901123,0.7674074769020081,-0.09547307342290878,0.10726641863584518,False,False,False,True,1124,44.959999084472656,9.61434268951416,32.58658218383789,0.5075021982192993,989.4931030273438,22.008298873901367,0.34288331866264343,0.0
733,0,-8.911808013916016,-0.6001092195510864,1.1926419734954834,0.02526036463677883,-0.013321593403816223,True,False,False,False,419,16.760000228881836,0.27200278639793396,20.336938858032227,0.8419234752655029,143.72430419921875,8.575435638427734,0.43413087725639343,0.0
734,0,-8.573380470275879,-0.38606470823287964,0.9429545402526855,-0.054871879518032074,-0.16254045069217682,False,False,False,True,1124,44.959999084472656,9.62490463256836,41.14892578125,0.4077322483062744,1388.6912841796875,30.88726234436035,0.5434753894805908,0.0
735,0,-8.672019958496094,-0.6800580024719238,0.8044024705886841,0.04422243312001228,0.04848790168762207,False,False,False,True,1124,44.959999084472656,4.573054313659668,36.67202377319336,0.4604458510875702,597.4140014648438,13.287677764892578,0.44182130694389343,0.0
736,0,-8.712831497192383,0.9424462914466858,1.0024793148040771,0.10589390993118286,-0.06020155921578407,True,False,False,False,449,17.959999084472656,0.29101040959358215,19.607751846313477,0.863873302936554,172.71380615234375,9.616581916809082,0.33602097630500793,0.0
737,0,-8.628791809082031,-0.030272454023361206,0.8114553689956665,0.19443370401859283,-0.010213174857199192,True,False,False,False,485,19.399999618530273,0.28003835678100586,18.96275520324707,0.8874669671058655,156.25289916992188,8.05427360534668,0.33793947100639343,0.0
738,0,-8.932793617248535,0.4124639928340912,0.9894551038742065,0.1336950808763504,0.025162696838378906,True,False,False,False,442,17.68000030517578,0.2890549302101135,19.510589599609375,0.8783779740333557,141.19639587402344,7.9862213134765625,0.33659669756889343,0.0
739,0,-8.31032943725586,0.6966754794120789,1.0024768114089966,-0.08858854323625565,-0.1747460812330246,False,False,False,True,1124,44.959999084472656,14.59244441986084,43.69188690185547,0.37821120023727417,1524.9254150390625,33.917381286621094,0.5848503112792969,0.0
740,0,-8.286310195922852,0.41573911905288696,0.9610309600830078,0.08199672400951385,-0.02349966950714588,True,False,False,False,475,19.0,0.28712278604507446,19.556041717529297,0.8432922959327698,170.37269592285156,8.966983795166016,0.33571168780326843,0.0
741,0,-8.971412658691406,0.4711174964904785,1.095874309539795,0.0690678134560585,-0.02452932856976986,True,False,False,False,434,17.35999870300293,0.28901568055152893,20.034669876098633,0.857401967048645,152.72743225097656,8.797663688659668,0.33360597491264343,0.0
742,0,-8.595697402954102,-0.8367281556129456,0.9630237817764282,0.03964642435312271,0.050269145518541336,True,False,False,False,517,20.68000030517578,0.2969631552696228,20.577600479125977,0.8172071576118469,207.24087524414062,10.021318435668945,0.43889161944389343,0.0
743,0,-8.252006530761719,0.0916329026222229,1.1851741075515747,-0.00023432716261595488,-0.029056867584586143,True,False,False,False,418,16.719999313354492,0.2810707986354828,19.80449676513672,0.8307334184646606,151.9471435546875,9.087748527526855,0.33191224932670593,0.0
744,0,-8.392159461975098,-0.5042788982391357,0.7892997860908508,-0.015777619555592537,0.017958151176571846,True,False,False,False,650,26.0,0.2930040955543518,20.198453903198242,0.8218294978141785,233.27047729492188,8.971940994262695,0.44011232256889343,0.0
745,0,-8.624078750610352,-0.5121710896492004,0.8617680072784424,-0.10755964368581772,-0.09906961768865585,False,False,False,True,1124,44.959999084472656,9.581940650939941,36.88846969604492,0.4562872350215912,988.486572265625,21.985912322998047,0.5430961847305298,0.0
746,0,-8.372498512268066,-0.3949999213218689,1.1604615449905396,-0.06771872192621231,-0.09423268586397171,False,False,False,True,1124,44.959999084472656,9.668445587158203,51.398014068603516,0.3225245475769043,892.9075317382812,19.860042572021484,0.5415375232696533,0.0
747,0,-8.778973579406738,0.4831305146217346,1.2081429958343506,0.013976657763123512,0.18190601468086243,False,False,False,True,1124,44.959999084472656,9.598591804504395,53.821598052978516,0.3155931532382965,1501.2384033203125,33.390533447265625,0.3479361832141876,0.0
748,0,-8.354048728942871,-0.7560316324234009,1.0487053394317627,-0.09550749510526657,0.0740630030632019,True,False,False,False,859,34.36000061035156,0.2805030941963196,34.197959899902344,0.4845610558986664,479.67138671875,13.96016788482666,0.4371597468852997,0.0
749,0,-8.00141716003418,-0.13264551758766174,1.100630521774292,-0.010924261063337326,-0.0009555451106280088,True,False,False,False,455,18.19999885559082,0.2683742344379425,19.864139556884766,0.8156382441520691,165.86070251464844,9.113225936889648,0.33464357256889343,0.0
750,0,-8.37770938873291,-1.0950663089752197,1.1294366121292114,0.015579822473227978,0.008102568797767162,True,False,False,False,431,17.239999771118164,0.25638723373413086,19.69966697692871,0.8433237671852112,152.52415466308594,8.847108840942383,0.4343101680278778,0.0
751,0,-8.044228553771973,0.24090513586997986,1.1430991888046265,-0.11161781847476959,0.0414288155734539,True,False,False,False,479,19.15999984741211,0.278084397315979,20.09825325012207,0.8083280920982361,179.0991973876953,9.347557067871094,0.3427564799785614,0.0
752,0,-8.66390323638916,0.1829729974269867,0.7942348122596741,0.11453414708375931,-0.1441575437784195,False,False,False,True,1124,44.959999084472656,14.57540512084961,34.83963394165039,0.48407161235809326,1833.1024169921875,40.7718505859375,0.5701068639755249,0.0
753,0,-8.719772338867188,-0.2956463396549225,0.7953776717185974,0.17037644982337952,-0.09261731058359146,False,False,False,True,1124,44.959999084472656,14.630561828613281,34.48336410522461,0.4907384216785431,1340.12451171875,29.80704116821289,0.5667411088943481,0.0
754,0,-8.865303993225098,1.1381134986877441,1.206362009048462,-0.06314403563737869,0.17779342830181122,False,False,False,True,1124,44.959999084472656,9.62605094909668,52.939964294433594,0.3230557143688202,1348.197021484375,29.986589431762695,0.3445541560649872,0.0
755,0,-8.767060279846191,0.2975080907344818,0.9315619468688965,-0.03446503356099129,0.19074828922748566,False,False,False,True,1124,44.959999084472656,9.61379623413086,40.618587493896484,0.41777971386909485,1654.6900634765625,36.80360412597656,0.3463852107524872,0.0
756,0,-8.117193222045898,0.290425568819046,1.039960265159607,0.013928406871855259,0.005856692790985107,True,False,False,False,464,18.559999465942383,0.2796633541584015,19.52205467224121,0.835963785648346,162.11936950683594,8.734880447387695,0.3346969783306122,0.0
757,0,-8.58800220489502,1.0842455625534058,0.9504461288452148,-0.05212092027068138,0.03581623360514641,True,False,False,False,574,22.959999084472656,0.29435020685195923,20.780033111572266,0.8095447421073914,207.41355895996094,9.033692359924316,0.33771368861198425,0.0
758,0,-8.848031997680664,0.8396099805831909,1.0794001817703247,0.011073465459048748,-0.02441249042749405,True,False,False,False,462,18.479999542236328,0.2883007824420929,20.137948989868164,0.8475708365440369,164.07040405273438,8.87826919555664,0.33356019854545593,0.0
759,0,-8.324166297912598,-0.6741988658905029,1.181684970855713,-0.08287429064512253,0.13682712614536285,False,False,False,True,1124,44.959999084472656,14.661312103271484,52.28253173828125,0.3163135051727295,1201.8243408203125,26.730968475341797,0.6575161218643188,0.0
760,0,-8.03227424621582,-0.8925162553787231,1.083051323890686,-0.023490561172366142,0.044416554272174835,True,False,False,False,469,18.760000228881836,0.2775195240974426,19.96470832824707,0.8142542839050293,186.78787231445312,9.956709861755371,0.4378208816051483,0.0
761,0,-8.245980262756348,0.5776193737983704,0.70294588804245,-0.07232765108346939,-0.1343553364276886,False,False,False,True,1124,44.959999084472656,14.60546588897705,30.30430793762207,0.5430230498313904,1505.2332763671875,33.47938919067383,0.635434627532959,0.0
762,0,-8.320221900939941,-1.155447006225586,1.2622706890106201,0.1822369247674942,-0.018307102844119072,True,False,False,False,333,13.319999694824219,0.26655882596969604,18.880985260009766,0.8770654797554016,115.3891372680664,8.662848472595215,0.4336336553096771,0.0
763,0,-8.513185501098633,0.7801717519760132,0.7769079208374023,0.0664353296160698,0.12969014048576355,False,False,False,True,1124,44.959999084472656,9.629817008972168,34.88578796386719,0.47959545254707336,1591.798095703125,35.404762268066406,0.34431764483451843,0.0
764,0,-8.684343338012695,-1.0204391479492188,0.7102431654930115,-0.09514737129211426,0.0808398500084877,False,False,False,True,1124,44.959999084472656,14.562520980834961,30.785263061523438,0.5494387149810791,1073.948974609375,23.88676643371582,0.7147459983825684,0.0
765,0,-8.713042259216309,1.0464847087860107,1.0923876762390137,-0.059692393988370895,-0.07390213757753372,True,False,False,False,597,23.8799991607666,0.27672892808914185,25.094402313232422,0.6752432584762573,278.0658264160156,11.64429759979248,0.33046266436576843,0.0
766,0,-8.165194511413574,0.1307988166809082,1.249518632888794,0.14651209115982056,0.07627535611391068,True,False,False,False,342,13.679999351501465,0.2708302438259125,18.775684356689453,0.8716438412666321,117.71519470214844,8.604912757873535,0.33482667803764343,0.0
767,0,-8.648904800415039,-1.126029372215271,1.0316436290740967,-0.08042105287313461,-0.05814560875296593,True,False,False,False,532,21.279998779296875,0.2774316966533661,20.39955711364746,0.8277549147605896,198.0238037109375,9.305630683898926,0.43211671710014343,0.0
768,0,-8.237378120422363,1.0867619514465332,1.1237075328826904,0.05283578485250473,-0.14155441522598267,False,False,False,True,1124,44.959999084472656,14.545674324035645,50.19711685180664,0.32815876603126526,1449.6724853515625,32.24360656738281,0.5599312782287598,0.0
769,0,-8.978765487670898,0.9583103656768799,1.1573832035064697,-0.15877988934516907,-0.03531160578131676,True,False,False,False,526,21.03999900817871,0.29397302865982056,21.604862213134766,0.796349287033081,202.57920837402344,9.628290176391602,0.33435454964637756,0.0
770,0,-8.941354751586914,-0.576610803604126,0.889025866985321,-0.005617020186036825,0.010124287568032742,True,False,False,False,583,23.31999969482422,0.27206313610076904,20.63638687133789,0.8310992121696472,201.01837158203125,8.619998931884766,0.43931886553764343,0.0
771,0,-8.523726463317871,-0.6848675012588501,1.2892285585403442,0.09115957468748093,-0.06873088330030441,True,False,False,False,359,14.359999656677246,0.26515135169029236,19.558271408081055,0.8557760119438171,123.06400299072266,8.569916725158691,0.42833253741264343,0.0
772,0,-8.108465194702148,-0.9800804257392883,1.2200126647949219,-0.042450737208127975,0.027897339314222336,True,False,False,False,420,16.799999237060547,0.29727602005004883,19.9268856048584,0.8198651075363159,159.46836853027344,9.492165565490723,0.43355104327201843,0.0
773,0,-8.175726890563965,0.4893769323825836,0.9758409261703491,-0.03452995419502258,0.021802369505167007,True,False,False,False,532,21.279998779296875,0.27258411049842834,20.145326614379883,0.8132361769676208,185.42918395996094,8.713777542114258,0.33659669756889343,0.0
774,0,-8.297778129577637,0.9348301887512207,0.7899483442306519,0.06994416564702988,-0.13518144190311432,False,False,False,True,1124,44.959999084472656,14.587213516235352,35.03407287597656,0.47164860367774963,1867.259765625,41.531578063964844,0.6198114156723022,0.0
775,0,-8.503297805786133,-0.28911179304122925,1.169723629951477,0.025682900100946426,0.08033625036478043,True,False,False,False,417,16.68000030517578,0.2859683930873871,19.837678909301758,0.842122495174408,148.04342651367188,8.875505447387695,0.33533021807670593,0.0
776,0,-8.890453338623047,-0.7482789754867554,0.9537564516067505,-0.08227129280567169,-0.10377540439367294,False,False,False,True,1124,44.959999084472656,9.63985538482666,41.5927848815918,0.4112863540649414,937.195068359375,20.8450870513916,0.541519045829773,0.0
777,0,-8.361729621887207,0.2132326364517212,0.7182243466377258,-0.05397334322333336,0.01789182610809803,True,False,False,False,757,30.279998779296875,0.28350409865379333,20.356666564941406,0.8136439323425293,272.5113830566406,8.999715805053711,0.34083864092826843,0.0
778,0,-8.33652400970459,-0.2383219450712204,0.70827716588974,0.09889238327741623,-0.08133910596370697,False,False,False,True,1124,44.959999084472656,14.61212158203125,31.283222198486328,0.528660774230957,1349.7891845703125,30.022001266479492,0.5805467367172241,0.0
779,0,-8.96675968170166,0.6228350400924683,0.708065927028656,0.05579579994082451,-0.01783422939479351,True,False,False,False,666,26.639999389648438,0.29922741651535034,20.118099212646484,0.8538510799407959,234.09666442871094,8.787412643432617,0.33964845538139343,0.0
780,0,-8.047367095947266,0.47389060258865356,0.9519612789154053,-0.01523677445948124,0.05511220544576645,True,False,False,False,696,27.84000015258789,0.2674240469932556,26.15711784362793,0.6214045882225037,307.2955017089844,11.03791332244873,0.33801576495170593,0.0
781,0,-8.606829643249512,-0.20066045224666595,0.8273584842681885,-0.15073440968990326,0.09241672605276108,False,False,False,True,1124,44.959999084472656,9.635777473449707,34.4182014465332,0.48834648728370667,938.0597534179688,20.86431884765625,0.3410446345806122,0.0
782,0,-8.307112693786621,-0.09660132229328156,0.7115830779075623,0.02775762602686882,-0.09232994168996811,False,False,False,True,1124,44.959999084472656,14.627337455749512,31.6688175201416,0.5212506651878357,1502.867919921875,33.42677688598633,0.5944455862045288,0.0
783,0,-8.26634693145752,0.45043542981147766,1.1452021598815918,0.05747904255986214,-0.04119159281253815,True,False,False,False,411,16.440000534057617,0.2902502119541168,19.6064510345459,0.8401517868041992,165.65798950195312,10.076519966125488,0.33249589800834656,0.0
784,0,-8.450519561767578,-0.9183262586593628,1.2886130809783936,-0.04830486327409744,-0.03309134766459465,True,False,False,False,409,16.35999870300293,0.2756039798259735,20.404850006103516,0.8172261714935303,145.14263916015625,8.871800422668457,0.4317590892314911,0.0
785,0,-8.066512107849121,-0.14036566019058228,0.8101891875267029,-0.04239538311958313,-0.13105422258377075,False,False,False,True,1124,44.959999084472656,14.631503105163574,35.551513671875,0.45756444334983826,1565.35986328125,34.81672286987305,0.5841186046600342,0.0
786,0,-8.384812355041504,0.524199903011322,1.183542251586914,0.053676094859838486,-0.13974562287330627,False,False,False,True,1124,44.959999084472656,14.604996681213379,52.82663345336914,0.3141019344329834,1366.2265625,30.387601852416992,0.5558099746704102,0.0
787,0,-8.537117958068848,0.9835618734359741,0.896577000617981,0.00994476955384016,0.013106373138725758,True,False,False,False,543,21.719999313354492,0.2934965491294861,19.6364688873291,0.8537933230400085,185.1815948486328,8.525856018066406,0.33873119950294495,0.0
788,0,-8.886518478393555,-1.0909806489944458,1.0545718669891357,-0.016269030049443245,-0.010385296307504177,True,False,False,False,496,19.84000015258789,0.2917892038822174,20.639413833618164,0.8295155167579651,168.40673828125,8.488243103027344,0.4400227963924408,0.0
789,0,-8.163703918457031,0.3901776671409607,0.9265711307525635,0.00010629071039147675,-4.091591472388245e-05,True,False,False,False,530,21.19999885559082,0.289806604385376,19.63688087463379,0.8335474729537964,181.27975463867188,8.550931930541992,0.33597108721733093,0.0
790,0,-8.297025680541992,-1.244471549987793,1.234831690788269,0.06437419354915619,-0.05706619471311569,True,False,False,False,375,15.0,0.27008041739463806,19.266468048095703,0.8586453795433044,133.3650665283203,8.89100456237793,0.42952272295951843,0.0
791,0,-8.166339874267578,1.0070738792419434,0.7880604267120361,-0.09225109219551086,0.1041739359498024,False,False,False,True,1124,44.959999084472656,9.588521003723145,33.69540786743164,0.4866164028644562,963.824951171875,21.437387466430664,0.34306642413139343,0.0
792,0,-8.633020401000977,-0.6781485676765442,1.2315449714660645,0.003912611864507198,0.10065257549285889,True,False,False,False,764,30.559999465942383,0.28829264640808105,37.60517501831055,0.44798189401626587,484.5067138671875,15.854277610778809,0.44116517901420593,0.0
793,0,-8.813715934753418,1.0213487148284912,0.9801394939422607,-0.0029592544306069613,0.13106904923915863,False,False,False,True,1124,44.959999084472656,9.591970443725586,43.58283615112305,0.3910672068595886,1303.4442138671875,28.99119758605957,0.3425438106060028,0.0
794,0,-8.681170463562012,0.6861820816993713,1.2006218433380127,-0.1563941389322281,-0.05626993253827095,True,False,False,False,501,20.03999900817871,0.26927855610847473,21.488204956054688,0.7862392067909241,210.13246154785156,10.485651969909668,0.33125612139701843,0.0
795,0,-8.957518577575684,0.37625864148139954,1.2388360500335693,0.037604063749313354,0.07324995845556259,True,False,False,False,436,17.440000534057617,0.29450711607933044,22.053455352783203,0.7781807780265808,164.36376953125,9.424528121948242,0.33638307452201843,0.0
796,0,-8.862844467163086,0.024990588426589966,1.0457208156585693,-0.15272752940654755,-0.0747804045677185,False,False,False,True,1124,44.959999084472656,14.587949752807617,45.399288177490234,0.37583985924720764,826.3887329101562,18.38053321838379,0.5288360118865967,0.0
797,0,-8.134963035583496,0.7373671531677246,0.7472215890884399,-0.04846725985407829,-0.0292502474039793,False,False,False,True,1124,44.959999084472656,14.522185325622559,33.280555725097656,0.49131688475608826,468.15447998046875,10.412689208984375,0.5154092311859131,0.0
798,0,-8.19517993927002,0.33936917781829834,1.0399094820022583,-0.061878375709056854,-0.030833007767796516,True,False,False,False,521,20.84000015258789,0.29474735260009766,20.628787994384766,0.7949389815330505,208.24099731445312,9.99237060546875,0.3340332806110382,0.0
799,0,-8.301143646240234,-0.8170095682144165,1.2942373752593994,-0.009319030679762363,0.0006652864394709468,True,False,False,False,386,15.4399995803833,0.27980178594589233,19.870738983154297,0.8314234614372253,134.7513885498047,8.727421760559082,0.43437501788139343,0.0
800,0,-8.519430160522461,-0.8782714605331421,1.0527642965316772,0.07307866960763931,-0.1827491670846939,False,False,False,True,1124,44.959999084472656,9.638620376586914,46.92634201049805,0.3567735254764557,1728.45556640625,38.444297790527344,0.5465271472930908,0.0
801,0,-8.979937553405762,-0.4253518581390381,0.8107332587242126,0.01004747860133648,0.016570812091231346,True,False,False,False,660,26.399999618530273,0.2688154876232147,21.603900909423828,0.7954634428024292,274.13623046875,10.38394832611084,0.43870851397514343,0.0
802,0,-8.428670883178711,1.2432878017425537,1.1780842542648315,-0.09400560706853867,-0.014920449815690517,True,False,False,False,467,18.68000030517578,0.27552005648612976,20.56678581237793,0.8107374906539917,179.88853454589844,9.630006790161133,0.3377920091152191,0.0
803,0,-8.030892372131348,-0.6708053350448608,1.2391600608825684,-0.008001335896551609,-0.007880575954914093,True,False,False,False,399,15.960000038146973,0.2954118847846985,19.669912338256836,0.8258550763130188,142.9440155029297,8.956392288208008,0.43593141436576843,0.0
804,0,-8.458456993103027,-0.9437049627304077,1.2067172527313232,-0.04559079557657242,-0.13405564427375793,False,False,False,True,1124,44.959999084472656,9.653486251831055,53.507259368896484,0.3118211627006531,1104.4442138671875,24.565040588378906,0.5393249988555908,0.0
805,0,-8.020228385925293,0.10207802057266235,0.7202318906784058,0.07158713787794113,0.11225665360689163,False,False,False,True,1124,44.959999084472656,9.593245506286621,32.513668060302734,0.4988838732242584,1473.3846435546875,32.77101135253906,0.34505006670951843,0.0
806,0,-8.329854011535645,-0.2629270553588867,1.1044234037399292,-0.05463789030909538,-0.18950003385543823,False,False,False,True,1124,44.959999084472656,14.650398254394531,48.44047164916992,0.3412829637527466,1587.93408203125,35.31882095336914,0.5707587003707886,0.0
807,0,-8.30373477935791,-0.5492062568664551,0.906688392162323,0.051703352481126785,0.07829650491476059,False,False,False,True,1124,44.959999084472656,14.528980255126953,40.58551788330078,0.4068620502948761,996.4058837890625,22.162052154541016,0.6737107038497925,0.0
808,0,-8.949106216430664,0.2681638300418854,1.2005023956298828,0.007806875742971897,-0.08267474919557571,True,False,False,False,524,20.959999084472656,0.28462257981300354,25.223154067993164,0.6799771189689636,255.35968017578125,12.183191299438477,0.3422441780567169,0.0
809,0,-8.385435104370117,0.190981924533844,0.8559271097183228,-0.17319363355636597,0.09369920194149017,False,False,False,True,1124,44.959999084472656,9.644383430480957,35.20848083496094,0.4710943102836609,882.4832153320312,19.628185272216797,0.34431222081184387,0.0
810,0,-8.750693321228027,-0.3798390030860901,1.137291669845581,0.06363314390182495,-0.05333476886153221,True,False,False,False,439,17.559999465942383,0.2761462330818176,20.82425308227539,0.8141888976097107,176.93963623046875,10.076289176940918,0.43258973956108093,0.0
811,0,-8.921154975891113,-0.3433365225791931,0.9007279872894287,-0.15499910712242126,-0.06798343360424042,False,False,False,True,1124,44.959999084472656,9.551309585571289,37.85956954956055,0.4523172974586487,735.1190185546875,16.35051155090332,0.5394623279571533,0.0
812,0,-8.834532737731934,-0.14196805655956268,0.726944625377655,-0.016063248738646507,-0.02860409766435623,False,False,False,True,1124,44.959999084472656,4.578708648681641,32.3336067199707,0.5268548130989075,433.6921081542969,9.646177291870117,0.33955690264701843,0.0
813,0,-8.874960899353027,-1.1599360704421997,1.0850054025650024,0.11132600903511047,0.10117927938699722,False,False,False,True,1124,44.959999084472656,14.64248275756836,48.40143966674805,0.35357704758644104,1074.30859375,23.894763946533203,0.6461066007614136,0.0
814,0,-8.361778259277344,0.6260759830474854,1.2629863023757935,-0.03659475967288017,-0.004781309049576521,True,False,False,False,407,16.279998779296875,0.2668497860431671,20.072330474853516,0.8256838321685791,149.60597229003906,9.189557075500488,0.3338272273540497,0.0
815,0,-8.134194374084473,0.697942852973938,0.7720857262611389,0.013437040150165558,-0.17598214745521545,False,False,False,True,1124,44.959999084472656,14.588947296142578,33.83358383178711,0.48321303725242615,2005.2117919921875,44.59990692138672,0.5745513439178467,0.0
816,0,-8.627703666687012,0.15779182314872742,1.2256052494049072,-0.17355984449386597,0.058136455714702606,True,False,False,False,488,19.520000457763672,0.2969103455543518,21.051597595214844,0.7993897795677185,182.02764892578125,9.325186729431152,0.33592626452445984,0.0
817,0,-8.008892059326172,1.050687313079834,0.9505259394645691,0.19689194858074188,-0.007834513671696186,True,False,False,False,408,16.31999969482422,0.2615273892879486,18.285152435302734,0.8882777690887451,138.8551788330078,8.508283615112305,0.3369438350200653,0.0
818,0,-8.539974212646484,-0.24651490151882172,0.867662250995636,0.031564533710479736,-0.016007324680685997,True,False,False,False,563,22.51999855041504,0.29076510667800903,20.11151885986328,0.8324462175369263,201.86520385742188,8.96381950378418,0.33788934350013733,0.0
819,0,-8.010555267333984,1.224790096282959,0.7009637951850891,0.006135268602520227,0.16230452060699463,False,False,False,True,1124,44.959999084472656,9.629444122314453,30.57703399658203,0.5316383838653564,1639.08984375,36.456626892089844,0.34610143303871155,0.0
820,0,-8.295016288757324,0.6394143104553223,0.713550865650177,-0.06516536325216293,-0.0011777952313423157,True,False,False,False,776,31.03999900817871,0.2849138081073761,20.468036651611328,0.8064860105514526,284.0910339355469,9.152417182922363,0.3392288386821747,0.0
821,0,-8.5868501663208,0.7703182101249695,0.7799960374832153,0.08092718571424484,0.043766748160123825,False,False,False,True,1124,44.959999084472656,9.635978698730469,35.41318893432617,0.4745182693004608,608.618408203125,13.536886215209961,0.34172651171684265,0.0
822,0,-8.245862007141113,-0.4536139965057373,0.9125005602836609,-0.03311343491077423,0.06175752729177475,False,False,False,True,1124,44.959999084472656,4.611870765686035,40.392486572265625,0.4073036015033722,728.8723754882812,16.21157455444336,0.4417382776737213,0.0
823,0,-8.420221328735352,-0.2809596061706543,0.9362274408340454,-0.04529538378119469,-0.15606069564819336,False,False,False,True,1124,44.959999084472656,14.639387130737305,41.04497146606445,0.4049839377403259,1605.7066650390625,35.714115142822266,0.5749713182449341,0.0
824,0,-8.55773639678955,-1.1759681701660156,0.8633045554161072,0.11008641868829727,0.08388590812683105,False,False,False,True,1124,44.959999084472656,14.584358215332031,38.41200637817383,0.43731701374053955,1107.544189453125,24.633991241455078,0.685449481010437,0.0
825,0,-8.174345016479492,0.5002479553222656,0.8668645620346069,-0.013374648056924343,0.182241290807724,False,False,False,True,1124,44.959999084472656,9.646512031555176,37.99997329711914,0.43110156059265137,1718.9453125,38.23276901245117,0.34654542803764343,0.0
826,0,-8.119173049926758,-0.5265253782272339,0.8018669486045837,-0.033660050481557846,0.1398419290781021,False,False,False,True,1124,44.959999084472656,14.625953674316406,35.2227897644043,0.4635496139526367,1620.6361083984375,36.04617691040039,0.7188174724578857,0.0
827,0,-8.150354385375977,-1.0978732109069824,0.7067393064498901,-0.14018425345420837,0.13902918994426727,False,False,False,True,1124,44.959999084472656,14.629762649536133,29.33509063720703,0.5585975646972656,1309.156494140625,29.118249893188477,0.7537986040115356,0.0
828,0,-8.018802642822266,0.286618173122406,0.7513818740844727,-0.011026030406355858,-0.159722700715065,False,False,False,True,1124,44.959999084472656,14.597192764282227,32.89609909057617,0.49310681223869324,1948.4822998046875,43.338130950927734,0.5768347978591919,0.0
829,0,-8.81213092803955,-0.0688575953245163,1.1618770360946655,-0.1023092195391655,0.074504055082798,True,False,False,False,516,20.639999389648438,0.2897171676158905,22.24286460876465,0.764841616153717,200.6481170654297,9.72132396697998,0.33684083819389343,0.0
830,0,-8.259608268737793,-0.3675289452075958,1.0401270389556885,0.03274985030293465,-0.0015441100113093853,True,False,False,False,485,19.399999618530273,0.29623955488204956,20.672863006591797,0.7963888645172119,207.0334930419922,10.671830177307129,0.4367416799068451,0.0
831,0,-8.800549507141113,-0.001135990023612976,1.2934056520462036,-0.05965505167841911,0.012413190677762032,True,False,False,False,416,16.639999389648438,0.295970618724823,20.698875427246094,0.8213272094726562,146.26756286621094,8.790118217468262,0.33119508624076843,0.0
832,0,-8.067858695983887,1.1777596473693848,0.8324159383773804,-0.0951850563287735,-0.06803496181964874,False,False,False,True,1124,44.959999084472656,4.619771957397461,35.51149368286133,0.4592786133289337,753.6157836914062,16.761917114257812,0.3349817097187042,0.0
833,0,-8.793692588806152,0.9537151455879211,1.2296245098114014,0.00593710970133543,0.03594266250729561,True,False,False,False,404,16.15999984741211,0.2602197229862213,19.913394927978516,0.8546996712684631,142.5251922607422,8.819628715515137,0.33314821124076843,0.0
834,0,-8.851375579833984,-1.1816824674606323,1.2796800136566162,-0.06692437827587128,-0.14888016879558563,False,False,False,True,1124,44.959999084472656,9.580062866210938,56.42452621459961,0.3029102683067322,1151.8974609375,25.620494842529297,0.5378227233886719,0.0
835,0,-8.372078895568848,0.1415957510471344,0.8567632436752319,-0.0671800747513771,-0.17928560078144073,False,False,False,True,1124,44.959999084472656,14.592148780822754,36.968650817871094,0.4482899308204651,1756.0325927734375,39.05766677856445,0.6185359954833984,0.0
836,0,-8.444151878356934,1.2189112901687622,0.8029739856719971,-0.004811462480574846,0.002486645011231303,True,False,False,False,618,24.719999313354492,0.28192704916000366,19.77448272705078,0.8439127802848816,211.97122192382812,8.574888229370117,0.33870241045951843,0.0
837,0,-8.026355743408203,-0.42503058910369873,1.2737622261047363,0.101633220911026,0.04036468639969826,True,False,False,False,385,15.399999618530273,0.29525724053382874,20.803428649902344,0.7802473902702332,180.68380737304688,11.732714653015137,0.44575807452201843,0.0
838,0,-8.306601524353027,1.0716450214385986,1.094254970550537,0.0463339239358902,-0.08667543530464172,False,False,False,True,1124,44.959999084472656,4.614148139953613,49.48202133178711,0.3342776894569397,815.950927734375,18.148374557495117,0.34292909502983093,0.0
839,0,-8.386003494262695,-0.8975222110748291,1.0805429220199585,-0.06038999930024147,0.02138270065188408,True,False,False,False,496,19.84000015258789,0.2980433404445648,20.448684692382812,0.812269389629364,185.96185302734375,9.373077392578125,0.43455812335014343,0.0
840,0,-8.306455612182617,0.8227702975273132,1.1402058601379395,-0.018618576228618622,0.18023774027824402,False,False,False,True,1124,44.959999084472656,9.618953704833984,50.44114303588867,0.32764092087745667,1499.933837890625,33.36151885986328,0.34027406573295593,0.0
841,0,-8.970467567443848,1.1030049324035645,1.0811876058578491,-0.04047124832868576,-0.00442599318921566,True,False,False,False,490,19.600000381469727,0.2980206310749054,20.52280044555664,0.8383481502532959,171.59165954589844,8.75467586517334,0.33450624346733093,0.0
842,0,-8.110075950622559,0.2147674560546875,1.281577229499817,-0.15392176806926727,0.03462705761194229,True,False,False,False,442,17.68000030517578,0.27824097871780396,20.406757354736328,0.7993168830871582,168.0662078857422,9.506007194519043,0.33218690752983093,0.0
843,0,-8.376225471496582,-0.4439506530761719,0.7403748035430908,0.06455591320991516,0.03478054329752922,True,False,False,False,829,33.15999984741211,0.28234538435935974,25.803131103515625,0.6426376700401306,409.29119873046875,12.34291934967041,0.44485780596733093,0.0
844,0,-8.098956108093262,0.3846246004104614,0.967102587223053,-0.0052491966634988785,-0.015676068142056465,True,False,False,False,512,20.479999542236328,0.2667523920536041,19.714017868041992,0.8269959688186646,187.7246856689453,9.166244506835938,0.3358200490474701,0.0
845,0,-8.207414627075195,1.1991777420043945,0.8969965577125549,-0.029211359098553658,-0.19499076902866364,False,False,False,True,1124,44.959999084472656,14.61514949798584,39.28141784667969,0.41878312826156616,1932.550537109375,42.9837760925293,0.5729992389678955,0.0
846,0,-8.622095108032227,0.31659379601478577,1.1250722408294678,0.025706909596920013,0.03826805204153061,True,False,False,False,432,17.279998779296875,0.2823210656642914,19.79452133178711,0.8499837517738342,149.40402221679688,8.646066665649414,0.33481523394584656,0.0
847,0,-8.932586669921875,0.2234455943107605,1.190069556236267,-0.06850896775722504,-0.18350979685783386,False,False,False,True,1124,44.959999084472656,14.593019485473633,52.35907745361328,0.3272406756877899,1478.6358642578125,32.88780975341797,0.5640071630477905,0.0
848,0,-8.479671478271484,0.8803005218505859,0.8899766802787781,-0.14891912043094635,0.07515835016965866,False,False,False,True,1124,44.959999084472656,9.566088676452637,37.475746154785156,0.4456876218318939,805.3311767578125,17.91217041015625,0.34201547503471375,0.0
849,0,-8.250120162963867,-0.03611519932746887,1.0761833190917969,0.020044077187776566,0.09390117973089218,False,False,False,True,1124,44.959999084472656,9.656651496887207,48.352691650390625,0.3402118980884552,918.2438354492188,20.423572540283203,0.34101030230522156,0.0
850,0,-8.095161437988281,-1.2364706993103027,1.2600092887878418,0.09655605256557465,0.09989595413208008,True,False,False,False,443,17.719999313354492,0.24898850917816162,23.46820640563965,0.6963106393814087,219.92041015625,12.410859107971191,0.4399254024028778,0.0
851,0,-8.344156265258789,-0.5149351954460144,1.261064052581787,0.0042857276275753975,0.09036698937416077,True,False,False,False,766,30.639999389648438,0.25803714990615845,38.62371063232422,0.428545743227005,457.9138488769531,14.944969177246094,0.43603822588920593,0.0
852,0,-8.555065155029297,0.0481162965297699,0.8418453931808472,0.07678710669279099,0.042438264936208725,True,False,False,False,549,21.959999084472656,0.27718567848205566,19.856239318847656,0.843822181224823,188.9529266357422,8.604413986206055,0.3389999568462372,0.0
853,0,-8.286446571350098,0.0706423819065094,1.1588448286056519,0.14221636950969696,-0.12419477850198746,False,False,False,True,1124,44.959999084472656,14.615938186645508,51.26786804199219,0.3215775489807129,1244.547119140625,27.681209564208984,0.5485867261886597,0.0
854,0,-8.59886646270752,0.5764044523239136,0.9839332103729248,-0.025295382365584373,0.1025850772857666,False,False,False,True,1124,44.959999084472656,9.601903915405273,43.79648971557617,0.38378825783729553,1019.1396484375,22.66769790649414,0.34756776690483093,0.0
855,0,-8.780152320861816,0.6658984422683716,0.8861717581748962,-0.07611309736967087,0.03974131494760513,True,False,False,False,628,25.119998931884766,0.29909834265708923,20.569305419921875,0.8261327743530273,226.5426788330078,9.01841926574707,0.33836671710014343,0.0
856,0,-8.14644718170166,0.8589044213294983,0.7645360827445984,-0.10730262845754623,-0.11775055527687073,False,False,False,True,1124,44.959999084472656,14.650814056396484,32.92365646362305,0.49716809391975403,1323.702880859375,29.441791534423828,0.6118752956390381,0.0
857,0,-8.807969093322754,1.1204743385314941,1.1461619138717651,0.011019266210496426,0.004248656332492828,True,False,False,False,440,17.600000381469727,0.2569340169429779,20.334665298461914,0.8381844162940979,153.1770782470703,8.703243255615234,0.33279725909233093,0.0
858,0,-8.580885887145996,-1.084028720855713,1.1455327272415161,-0.041426170617341995,-0.0035432646982371807,True,False,False,False,455,18.19999885559082,0.26254546642303467,20.208934783935547,0.8320701122283936,157.62538146972656,8.660736083984375,0.43239137530326843,0.0
859,0,-8.290725708007812,0.10234951972961426,0.9974139928817749,0.0003472614916972816,-0.013196044601500034,True,False,False,False,497,19.8799991607666,0.28112590312957764,19.832412719726562,0.8315194845199585,176.97393798828125,8.90211009979248,0.33592531085014343,0.0
860,0,-8.034382820129395,0.5974282026290894,0.7801316380500793,-0.011715545319020748,-0.006657308898866177,True,False,False,False,652,26.079999923706055,0.27416127920150757,20.09758758544922,0.8083145618438721,234.5006561279297,8.991589546203613,0.34016725420951843,0.0
861,0,-8.213784217834473,0.08483618497848511,1.2747550010681152,-0.1873330920934677,-0.01816214621067047,True,False,False,False,472,18.8799991607666,0.2903769612312317,21.198213577270508,0.7743105292320251,189.7696533203125,10.051359176635742,0.33439943194389343,0.0
862,0,-8.044631958007812,0.35943418741226196,1.2265347242355347,0.1374182105064392,-0.015567908063530922,True,False,False,False,352,14.079999923706055,0.26847711205482483,18.898042678833008,0.8597999811172485,127.1221923828125,9.028564453125,0.33446046710014343,0.0
863,0,-8.988265037536621,1.1624231338500977,1.1877715587615967,-0.027393124997615814,0.02214507758617401,True,False,False,False,448,17.920000076293945,0.26387229561805725,20.854209899902344,0.8260613083839417,160.37242126464844,8.94935417175293,0.33299562335014343,0.0
864,0,-8.876030921936035,0.341375470161438,0.7324426174163818,-0.09209881722927094,0.12060210108757019,False,False,False,True,1124,44.959999084472656,9.591742515563965,30.960540771484375,0.5516500473022461,1119.548095703125,24.900981903076172,0.34373781085014343,0.0
865,0,-8.008511543273926,0.13816595077514648,1.1448620557785034,-0.10400820523500443,0.11570920795202255,False,False,False,True,1124,44.959999084472656,9.5211820602417,50.17570495605469,0.32304656505584717,904.186767578125,20.110916137695312,0.34181520342826843,0.0
866,0,-8.833847045898438,-0.713388979434967,1.0560461282730103,-0.0769152045249939,-0.05284871906042099,True,False,False,False,621,24.84000015258789,0.27033859491348267,24.805614471435547,0.6872847676277161,237.8011474609375,9.573314666748047,0.43364259600639343,0.0
867,0,-8.764717102050781,0.4670621454715729,1.1920795440673828,-0.0004065649409312755,-0.00010081526852445677,True,False,False,False,425,17.0,0.28699859976768494,20.25836181640625,0.8377298712730408,148.0453338623047,8.708549499511719,0.33186647295951843,0.0
868,0,-8.430112838745117,-0.18519170582294464,0.9481973052024841,-0.09263995289802551,0.03755195066332817,True,False,False,False,600,24.0,0.2757110595703125,20.923166275024414,0.7948666214942932,223.7173309326172,9.321555137634277,0.34062501788139343,0.0
869,0,-8.471540451049805,-0.8182773590087891,1.1476072072982788,-0.03394421190023422,-0.03377614542841911,True,False,False,False,455,18.19999885559082,0.2733318507671356,20.33626937866211,0.8207629323005676,158.82652282714844,8.72673225402832,0.43190309405326843,0.0
870,0,-8.869397163391113,1.146952509880066,0.7881104946136475,0.030010851100087166,0.01383085735142231,True,False,False,False,611,24.439998626708984,0.27435988187789917,19.85381317138672,0.8616593480110168,203.35958862304688,8.320769309997559,0.33896180987358093,0.0
871,0,-8.610001564025879,0.6170307397842407,0.8023486733436584,0.0007374544511549175,-0.06594831496477127,False,False,False,True,1124,44.959999084472656,14.578930854797363,35.953453063964844,0.46785834431648254,941.0588989257812,20.931026458740234,0.5456774234771729,0.0
872,0,-8.223173141479492,0.5721673369407654,0.7252153158187866,-0.15091045200824738,-0.035085324198007584,False,False,False,True,1124,44.959999084472656,14.585990905761719,30.681434631347656,0.535599410533905,563.8267211914062,12.540630340576172,0.5629839897155762,0.0
873,0,-8.2366943359375,0.5483958125114441,1.0512540340423584,0.12152720242738724,-0.043775785714387894,True,False,False,False,412,16.479999542236328,0.2997503876686096,19.005786895751953,0.8652983903884888,156.2204132080078,9.47939395904541,0.33403322100639343,0.0
874,0,-8.65717887878418,-0.040848925709724426,0.702613890171051,0.18655537068843842,-0.04604875296354294,False,False,False,True,1124,44.959999084472656,14.559951782226562,29.998937606811523,0.5619274973869324,747.3331298828125,16.62217903137207,0.564720630645752,0.0
875,0,-8.00068187713623,0.33865705132484436,0.9625272750854492,-0.06702917814254761,-0.09829811751842499,False,False,False,True,1124,44.959999084472656,14.634119033813477,42.583404541015625,0.3805275559425354,1139.453369140625,25.343713760375977,0.560106635093689,0.0
876,0,-8.023990631103516,0.6007827520370483,0.8939632177352905,-0.07108595222234726,0.02838774397969246,True,False,False,False,595,23.799999237060547,0.271838903427124,19.82945442199707,0.8187269568443298,214.89065551757812,9.029019355773926,0.33786317706108093,0.0
877,0,-8.110404968261719,0.24328351020812988,1.2109400033950806,-0.17522022128105164,-0.026914138346910477,True,False,False,False,494,19.760000228881836,0.2627045512199402,21.098365783691406,0.773149311542511,198.34877014160156,10.037893295288086,0.3313438594341278,0.0
878,0,-8.243383407592773,-0.5439758896827698,1.0962457656860352,-0.15316800773143768,-0.08312418311834335,False,False,False,True,1124,44.959999084472656,9.542049407958984,47.15907669067383,0.34886640310287476,828.8847045898438,18.43604850769043,0.5366699695587158,0.0
879,0,-8.977058410644531,-1.1134672164916992,0.7140575051307678,-0.015153267420828342,0.0043006460182368755,True,False,False,False,745,29.799999237060547,0.29324132204055786,20.902088165283203,0.8234819173812866,252.88043212890625,8.485920906066895,0.4402010142803192,0.0
880,0,-8.687516212463379,0.7978439331054688,1.2854299545288086,-0.086620032787323,-0.12220806628465652,False,False,False,True,1124,44.959999084472656,14.562097549438477,57.10489273071289,0.29605212807655334,1124.4476318359375,25.00995635986328,0.5246456861495972,0.0
881,0,-8.025769233703613,-0.34150511026382446,0.9272080659866333,-0.1585109531879425,-0.011000684462487698,True,False,False,False,679,27.15999984741211,0.2908714711666107,21.754924774169922,0.7460057139396667,273.8971252441406,10.084577560424805,0.44205018877983093,0.0
882,0,-8.794035911560059,-0.16476333141326904,1.0495442152023315,0.1183033213019371,0.0003034294059034437,True,False,False,False,429,17.15999984741211,0.26523181796073914,19.742626190185547,0.8608188033103943,141.39837646484375,8.239998817443848,0.33417120575904846,0.0
883,0,-8.166240692138672,-0.783510684967041,1.0487983226776123,0.0406358502805233,-0.06264791637659073,True,False,False,False,444,17.760000228881836,0.29558485746383667,19.166908264160156,0.8548405170440674,150.964599609375,8.500258445739746,0.43211671710014343,0.0
884,0,-8.65311050415039,-0.8106579780578613,0.9139507412910461,-0.07276086509227753,0.010070462711155415,True,False,False,False,611,24.439998626708984,0.2733016312122345,20.890302658081055,0.8076596856117249,220.46090698242188,9.020495414733887,0.4381057918071747,0.0
885,0,-8.674785614013672,-0.6083934307098389,1.062880516052246,-0.03714831918478012,0.06536267697811127,True,False,False,False,765,30.599998474121094,0.28104135394096375,31.865314483642578,0.5299040675163269,382.0791015625,12.486246109008789,0.43986818194389343,0.0
886,0,-8.64593505859375,-0.6622846126556396,1.0637667179107666,0.00021940580336377025,8.099644765025005e-05,True,False,False,False,475,19.0,0.293355792760849,20.219867706298828,0.8337701559066772,162.10430908203125,8.531805992126465,0.43628236651420593,0.0
887,0,-8.338083267211914,-0.3703206777572632,1.0775848627090454,-0.013292466290295124,-0.009024015627801418,True,False,False,False,492,19.68000030517578,0.2722063362598419,21.001829147338867,0.7876531481742859,207.1997833251953,10.528444290161133,0.43326112627983093,0.0
888,0,-8.093271255493164,0.556495189666748,0.9693914651870728,-0.07474879175424576,-0.11125911772251129,False,False,False,True,1124,44.959999084472656,14.62587833404541,42.80735778808594,0.3808364272117615,1177.70751953125,26.194562911987305,0.5583306550979614,0.0
889,0,-8.735424995422363,0.4064890742301941,1.1663198471069336,0.013279952108860016,0.013216700404882431,True,False,False,False,427,17.079999923706055,0.2855994701385498,20.106924057006836,0.8425067067146301,147.81329345703125,8.654173851013184,0.33430179953575134,0.0
890,0,-8.90683364868164,0.24558112025260925,0.7415992021560669,0.0007428998360410333,0.025142932310700417,True,False,False,False,681,27.239999771118164,0.2921192944049835,20.201608657836914,0.8468912839889526,228.18446350097656,8.376815795898438,0.34474489092826843,0.0
891,0,-8.48357105255127,-1.0630371570587158,1.0709419250488281,-0.10221298784017563,0.0485437773168087,True,False,False,False,529,21.15999984741211,0.2636827230453491,20.89792251586914,0.7999266982078552,206.49789428710938,9.758879661560059,0.43675538897514343,0.0
892,0,-8.244179725646973,0.45598700642585754,1.2248075008392334,0.13769882917404175,-0.008449827320873737,True,False,False,False,354,14.15999984741211,0.2963982820510864,18.991180419921875,0.8662119507789612,118.91459655761719,8.397923469543457,0.33153077960014343,0.0
893,0,-8.111407279968262,0.9661643505096436,1.2262814044952393,0.03757716342806816,-0.04946101829409599,True,False,False,False,389,15.559999465942383,0.288320928812027,19.590383529663086,0.8340561985969543,149.6516571044922,9.617715835571289,0.32997438311576843,0.0
894,0,-8.931180953979492,-0.023007839918136597,0.818864643573761,0.0015316122444346547,3.4585259527375456e-06,True,False,False,False,625,25.0,0.27766698598861694,20.495893478393555,0.8358355760574341,211.19082641601562,8.447632789611816,0.33775636553764343,0.0
895,0,-8.616422653198242,-0.04748545587062836,1.1840496063232422,0.0034411726519465446,0.0003011726657859981,True,False,False,False,425,17.0,0.28095752000808716,20.18521499633789,0.8331093192100525,148.0452117919922,8.708541870117188,0.33195802569389343,0.0
896,0,-8.132014274597168,1.0040769577026367,0.8559086322784424,0.1750774085521698,-0.008715563453733921,True,False,False,False,457,18.279998779296875,0.28768354654312134,18.39525032043457,0.8894848823547363,159.5763397216797,8.729559898376465,0.33873292803764343,0.0
897,0,-8.204154014587402,-1.0666288137435913,0.756145179271698,0.0016237037489190698,0.024145159870386124,True,False,False,False,659,26.35999870300293,0.2951846122741699,19.965761184692383,0.8233182430267334,246.793212890625,9.36241340637207,0.4440796673297882,0.0
898,0,-8.43765926361084,1.1725133657455444,1.1835360527038574,0.021319463849067688,-0.1718064844608307,False,False,False,True,1124,44.959999084472656,14.599031448364258,52.7390251159668,0.316240131855011,1598.802001953125,35.560543060302734,0.5558254718780518,0.0
899,0,-8.75288200378418,0.7826085090637207,0.9712696075439453,0.05641370266675949,0.011613530106842518,True,False,False,False,483,19.31999969482422,0.2677128314971924,19.701997756958008,0.8613656163215637,163.2900390625,8.451865196228027,0.3364023268222809,0.0
900,0,-8.432535171508789,-0.04351086914539337,1.0330027341842651,0.02979530394077301,0.016134347766637802,True,False,False,False,467,18.68000030517578,0.2873859703540802,19.743549346923828,0.8424316644668579,159.5763397216797,8.542630195617676,0.33568117022514343,0.0
901,0,-8.814356803894043,0.2389688789844513,0.9880900979042053,-0.10496526211500168,0.04858582466840744,False,False,False,True,1124,44.959999084472656,9.662302017211914,43.04983139038086,0.39526301622390747,541.641845703125,12.047194480895996,0.33790895342826843,0.0
902,0,-8.263639450073242,-0.22607013583183289,0.7923159003257751,-0.1103675588965416,-0.10190682113170624,False,False,False,True,1124,44.959999084472656,14.62606143951416,34.14537811279297,0.4822077453136444,1054.7730712890625,23.460254669189453,0.5961852073669434,0.0
903,0,-8.011181831359863,0.7325900793075562,1.0107965469360352,-0.01676315627992153,-0.14918947219848633,False,False,False,True,1124,44.959999084472656,14.54482650756836,44.92688751220703,0.36119627952575684,1560.3819580078125,34.70600509643555,0.5777338743209839,0.0
904,0,-8.710248947143555,-0.9577909111976624,0.7972365021705627,-0.11028541624546051,0.09084431082010269,False,False,False,True,1124,44.959999084472656,14.635406494140625,34.48752212524414,0.4911016821861267,1097.0732421875,24.40109634399414,0.7053647041320801,0.0
905,0,-8.67948055267334,1.0656242370605469,0.8486073017120361,-0.007197882980108261,0.06838922202587128,False,False,False,True,1124,44.959999084472656,9.602357864379883,37.93169403076172,0.44586727023124695,847.4303588867188,18.848541259765625,0.34068045020103455,0.0
906,0,-8.98157787322998,-1.2148239612579346,1.2320561408996582,-0.12657226622104645,-0.06282427906990051,True,False,False,False,489,19.559999465942383,0.2625597417354584,22.002973556518555,0.7827914357185364,189.28067016601562,9.676926612854004,0.43030092120170593,0.0
907,0,-8.6558837890625,-0.38192063570022583,0.9047089219093323,0.07678811252117157,-0.06517902761697769,True,False,False,False,512,20.479999542236328,0.2898080348968506,19.779338836669922,0.8524115085601807,181.67190551757812,8.870698928833008,0.4421035945415497,0.0
908,0,-8.974246978759766,-1.219449758529663,1.1168066263198853,-0.005839198362082243,-0.007999417372047901,True,False,False,False,460,18.399999618530273,0.28474095463752747,20.444549560546875,0.8421190977096558,160.34165954589844,8.714221000671387,0.43718263506889343,0.0
909,0,-8.650601387023926,-1.0675528049468994,0.8844265341758728,0.002722446108236909,0.005651699844747782,True,False,False,False,564,22.559999465942383,0.2863968014717102,20.029212951660156,0.8429584503173828,195.72909545898438,8.675935745239258,0.4384910762310028,0.0
910,0,-8.10596752166748,1.213814616203308,0.9867452383041382,-0.1383233517408371,-0.0813087448477745,False,False,False,True,1124,44.959999084472656,4.671979904174805,41.70741271972656,0.39202314615249634,789.8189697265625,17.567148208618164,0.3427383601665497,0.0
911,0,-8.102193832397461,-0.9970395565032959,0.7221124768257141,-0.060556523501873016,-0.02982601709663868,False,False,False,True,1124,44.959999084472656,9.623270988464355,31.609193801879883,0.5166884660720825,462.7877197265625,10.29332160949707,0.5421156883239746,0.0
912,0,-8.890518188476562,-0.5008611679077148,1.0404133796691895,-0.056114405393600464,0.02027818188071251,True,False,False,False,536,21.439998626708984,0.2732475996017456,21.353103637695312,0.8007139563560486,192.358154296875,8.971929550170898,0.43816283345222473,0.0
913,0,-8.289090156555176,-0.5899778008460999,1.155327558517456,0.02326126955449581,0.0009082261240109801,True,False,False,False,421,16.84000015258789,0.2865041196346283,19.768213272094727,0.8346456289291382,146.26751708984375,8.68571949005127,0.43649980425834656,0.0
914,0,-8.717203140258789,-0.3655342757701874,1.2722197771072388,0.0025807267520576715,-0.11045947670936584,True,False,False,False,397,15.880000114440918,0.2686206102371216,20.132781982421875,0.8404741883277893,142.19320678710938,8.954232215881348,0.42916354537010193,0.0
915,0,-8.320585250854492,-0.19372113049030304,1.209054708480835,0.03715763986110687,-0.0037297464441508055,True,False,False,False,398,15.920000076293945,0.2711215615272522,19.73000144958496,0.8373897671699524,138.07498168945312,8.673051834106445,0.3319961726665497,0.0
916,0,-8.51291561126709,-0.19892551004886627,0.8867377638816833,0.013537198305130005,-0.04053734242916107,True,False,False,False,607,24.279998779296875,0.2887530028820038,21.74576187133789,0.7686132788658142,245.4634552001953,10.109698295593262,0.33560487627983093,0.0
917,0,-8.8314790725708,0.7448173761367798,1.1146363019943237,0.008449088782072067,-0.04967754706740379,True,False,False,False,469,18.760000228881836,0.29309719800949097,21.038429260253906,0.8103017210960388,183.08258056640625,9.759199142456055,0.33415529131889343,0.0
918,0,-8.091023445129395,0.8690862655639648,0.9484034776687622,0.014955252408981323,0.009555172175168991,True,False,False,False,500,20.0,0.2830212414264679,19.2220516204834,0.848700761795044,175.80340576171875,8.790170669555664,0.33677980303764343,0.0
919,0,-8.83668327331543,-0.7743080854415894,1.2675914764404297,0.035279661417007446,0.05282490700483322,True,False,False,False,392,15.679999351501465,0.28315940499305725,20.338634490966797,0.8385010361671448,148.79312133789062,9.489357948303223,0.4478056728839874,0.0
920,0,-8.399888038635254,-1.1263277530670166,0.7535984516143799,-0.07924695312976837,0.043821126222610474,False,False,False,True,1124,44.959999084472656,4.688293933868408,32.17445755004883,0.5170989632606506,579.1871337890625,12.88227653503418,0.44183656573295593,0.0
921,0,-8.919878005981445,0.13309240341186523,1.1134538650512695,-0.08776363730430603,0.05955206975340843,True,False,False,False,501,20.03999900817871,0.2718808948993683,20.777376174926758,0.8239917159080505,178.28636169433594,8.896525382995605,0.33644410967826843,0.0
922,0,-8.687660217285156,-0.22913090884685516,1.1239371299743652,-0.08838080614805222,-0.0007259626872837543,True,False,False,False,498,19.920000076293945,0.2917831242084503,20.919086456298828,0.8073577880859375,176.95997619628906,8.883532524108887,0.3346664607524872,0.0
923,0,-8.036785125732422,0.7811075448989868,1.0476703643798828,0.10614988952875137,-0.08883652091026306,False,False,False,True,1124,44.959999084472656,14.607213020324707,46.722164154052734,0.3479124903678894,1002.8994140625,22.306482315063477,0.5244840383529663,0.0
924,0,-8.321353912353516,0.6806522607803345,0.7295457720756531,-0.028811728581786156,-0.02200339175760746,True,False,False,False,727,29.079999923706055,0.277713805437088,20.542591094970703,0.8049188852310181,277.27032470703125,9.534743309020996,0.33793947100639343,0.0
925,0,-8.128716468811035,0.8627313375473022,1.128474235534668,0.042291201651096344,0.05235225334763527,True,False,False,False,410,16.399999618530273,0.29190880060195923,19.035043716430664,0.8589988946914673,150.62020874023438,9.184159278869629,0.33751222491264343,0.0
926,0,-8.980408668518066,0.17585128545761108,0.9828366041183472,-0.12965375185012817,-0.14787141978740692,False,False,False,True,1124,44.959999084472656,14.61471176147461,42.36589050292969,0.4055454432964325,1257.324462890625,27.965402603149414,0.5910117626190186,0.0
927,0,-8.907736778259277,-0.50020432472229,1.0067466497421265,0.1597898006439209,-0.016429783776402473,True,False,False,False,431,17.239999771118164,0.2852538228034973,19.676565170288086,0.869812548160553,140.4159698486328,8.14477825164795,0.43672487139701843,0.0
928,0,-8.207491874694824,-0.7604649662971497,1.1533446311950684,-0.19003146886825562,0.03419405221939087,True,False,False,False,535,21.399999618530273,0.29414060711860657,21.410297393798828,0.767144501209259,214.39248657226562,10.018341064453125,0.44099733233451843,0.0
929,0,-8.916731834411621,-0.27230098843574524,1.0427862405776978,-0.020940402522683144,0.005280258599668741,True,False,False,False,506,20.239999771118164,0.2678452432155609,20.758846282958984,0.8246538043022156,175.41322326660156,8.666661262512207,0.33639034628868103,0.0
930,0,-8.765463829040527,0.47770604491233826,0.8918793201446533,0.04985375702381134,-0.09232122451066971,False,False,False,True,1124,44.959999084472656,14.622718811035156,39.915863037109375,0.42519617080688477,1185.2481689453125,26.362281799316406,0.5839114189147949,0.0
931,0,-8.699203491210938,-0.9573502540588379,1.2600637674331665,-0.09516087174415588,0.05256742238998413,True,False,False,False,444,17.760000228881836,0.2627890706062317,21.00368309020996,0.8058505058288574,168.21966552734375,9.471827507019043,0.44395753741264343,0.0
932,0,-8.735405921936035,0.019475817680358887,1.246957540512085,0.14758269488811493,-0.038287680596113205,True,False,False,False,367,14.679999351501465,0.2982701063156128,20.06942367553711,0.8438416123390198,129.71096801757812,8.835897445678711,0.33140870928764343,0.0
933,0,-8.99734115600586,-0.602029025554657,0.9796026945114136,0.11244252324104309,-0.10226937383413315,False,False,False,True,1124,44.959999084472656,9.617122650146484,44.1712646484375,0.38956764340400696,1085.07763671875,24.134288787841797,0.5475037097930908,0.0
934,0,-8.697779655456543,0.3083750605583191,1.1716816425323486,0.1467588096857071,0.03359834477305412,True,False,False,False,380,15.199999809265137,0.2857538163661957,19.666879653930664,0.8593405485153198,129.680908203125,8.531639099121094,0.33540651202201843,0.0
935,0,-8.492232322692871,-0.7402887940406799,0.7194629311561584,-0.10131710767745972,-0.13592205941677094,False,False,False,True,1124,44.959999084472656,9.631810188293457,29.961179733276367,0.5576667189598083,1118.53271484375,24.87839698791504,0.5457642078399658,0.0
936,0,-8.550054550170898,1.151186227798462,1.220617413520813,0.08795437216758728,-0.09931443631649017,True,False,False,False,695,27.799999237060547,0.2673557698726654,34.93373489379883,0.4805920124053955,440.7500915527344,15.854320526123047,0.32762452960014343,0.0
937,0,-8.545879364013672,-1.2434686422348022,0.7678477764129639,0.17541095614433289,0.030243489891290665,True,False,False,False,514,20.559999465942383,0.29938310384750366,18.8906192779541,0.8888630867004395,178.53451538085938,8.683585166931152,0.44060060381889343,0.0
938,0,-8.985054016113281,-0.32744938135147095,0.9828478693962097,0.014657454565167427,-0.10151442885398865,False,False,False,True,1124,44.959999084472656,9.655595779418945,44.072242736816406,0.38999876379966736,1038.8980712890625,23.10716438293457,0.5421631336212158,0.0
939,0,-8.283300399780273,1.0763592720031738,0.7019802331924438,0.08442028611898422,0.01924920454621315,True,False,False,False,612,24.479999542236328,0.2998729348182678,18.913381576538086,0.8733382821083069,206.71368408203125,8.444186210632324,0.3407547175884247,0.0
940,0,-8.242464065551758,0.8816860914230347,1.1311619281768799,0.0541464239358902,-0.08968186378479004,False,False,False,True,1124,44.959999084472656,4.571212291717529,51.16598129272461,0.3218088150024414,826.363037109375,18.379961013793945,0.33732911944389343,0.0
941,0,-8.40310001373291,0.4425258934497833,1.2967536449432373,-0.01660836488008499,-0.01762445643544197,True,False,False,False,390,15.59999942779541,0.25919967889785767,20.004009246826172,0.8302780985832214,143.7393798828125,9.214062690734863,0.3363449275493622,0.0
942,0,-8.888700485229492,-1.1395583152770996,0.9934553503990173,-0.019172847270965576,0.025708341971039772,True,False,False,False,535,21.399999618530273,0.29576823115348816,20.9218692779541,0.8185693621635437,190.7974853515625,8.915770530700684,0.4372265040874481,0.0
943,0,-8.802927017211914,0.7575463056564331,1.1450982093811035,0.10719257593154907,0.049403805285692215,True,False,False,False,396,15.839999198913574,0.2785021960735321,19.540372848510742,0.8709918260574341,137.5134735107422,8.68140697479248,0.33705922961235046,0.0
944,0,-8.705914497375488,-0.9539011716842651,0.9104617834091187,-0.014097757637500763,-0.0048947809264063835,True,False,False,False,564,22.559999465942383,0.2763381600379944,20.27528190612793,0.8351221680641174,193.1709442138672,8.562541961669922,0.4375316798686981,0.0
945,0,-8.267627716064453,0.8405429124832153,1.162268877029419,-0.08294083178043365,0.12756508588790894,False,False,False,True,1124,44.959999084472656,9.56523609161377,51.121368408203125,0.32253995537757874,1057.9730224609375,23.531429290771484,0.338483065366745,0.0
946,0,-8.822525978088379,-0.5491858124732971,0.9386364817619324,-0.07969216257333755,0.12387241423130035,False,False,False,True,1124,44.959999084472656,14.629825592041016,41.18302917480469,0.4135496914386749,1278.784423828125,28.44271469116211,0.7099639177322388,0.0
947,0,-8.19020938873291,0.6482393741607666,0.9103878736495972,-0.08572164922952652,-0.10504718124866486,False,False,False,True,1124,44.959999084472656,14.625626564025879,40.035133361816406,0.40970999002456665,1117.74560546875,24.860889434814453,0.5669599771499634,0.0
948,0,-8.244750022888184,0.745311975479126,0.7242881059646606,0.06297535449266434,0.1208951398730278,False,False,False,True,1124,44.959999084472656,9.643376350402832,32.55973434448242,0.5055732131004333,1581.61181640625,35.178199768066406,0.34518739581108093,0.0
949,0,-8.713666915893555,-1.1475168466567993,0.7107099294662476,-0.0738309994339943,-0.03910135477781296,False,False,False,True,1124,44.959999084472656,9.610857963562012,30.756824493408203,0.5511581301689148,585.0772094726562,13.013283729553223,0.5408813953399658,0.0
950,0,-8.454736709594727,-0.791206955909729,0.8121028542518616,0.055216558277606964,-0.14183233678340912,False,False,False,True,1124,44.959999084472656,9.597565650939941,36.32084274291992,0.4590529203414917,1653.733154296875,36.78232192993164,0.5448639392852783,0.0
951,0,-8.738129615783691,0.4454749822616577,0.8505603075027466,-0.1819160431623459,-0.004273350350558758,True,False,False,False,812,32.47999954223633,0.2930738925933838,22.86907196044922,0.7409082651138306,314.8141784667969,9.692554473876953,0.33713075518608093,0.0
952,0,-8.8488187789917,-0.3558178246021271,0.8646199703216553,-0.020784704014658928,0.043804168701171875,True,False,False,False,739,29.559999465942383,0.2887866497039795,25.134153366088867,0.6784580945968628,310.6067810058594,10.507672309875488,0.34015199542045593,0.0
953,0,-8.376195907592773,0.08012071251869202,0.9798333048820496,0.07463904470205307,-0.02838589809834957,True,False,False,False,467,18.68000030517578,0.2954481542110443,19.467226028442383,0.8515022993087769,169.7161407470703,9.08544635772705,0.33499452471733093,0.0
954,0,-8.64301586151123,0.6660194396972656,0.8138611912727356,-0.005089076701551676,-0.12220486253499985,False,False,False,True,1124,44.959999084472656,14.608089447021484,36.127567291259766,0.4665675163269043,1579.0701904296875,35.12166976928711,0.5959609746932983,0.0
955,0,-8.603331565856934,0.2384805679321289,1.234246850013733,-0.11910329014062881,0.060618266463279724,True,False,False,False,455,18.19999885559082,0.27488723397254944,20.606613159179688,0.8155147433280945,170.26455688476562,9.355195999145508,0.33644410967826843,0.0
956,0,-8.735986709594727,0.49974605441093445,0.7771164178848267,0.08253875374794006,0.07408090680837631,False,False,False,True,1124,44.959999084472656,9.581865310668945,35.27859115600586,0.48026952147483826,975.2924194335938,21.692447662353516,0.34196779131889343,0.0
957,0,-8.81025218963623,-0.16499720513820648,1.2168910503387451,-0.07988124340772629,0.060014206916093826,True,False,False,False,453,18.119998931884766,0.29900991916656494,20.824495315551758,0.8168764710426331,163.49383544921875,9.022839546203613,0.33467409014701843,0.0
958,0,-8.718915939331055,-1.0472817420959473,1.2625764608383179,0.17708554863929749,-0.06125625967979431,True,False,False,False,347,13.880000114440918,0.25078633427619934,19.535478591918945,0.8676897883415222,118.36807250976562,8.527958869934082,0.43263551592826843,0.0
959,0,-8.581866264343262,-0.26988834142684937,1.2343506813049316,-0.08526261895895004,-0.04585420340299606,True,False,False,False,451,18.03999900817871,0.29130062460899353,20.99903678894043,0.7992748022079468,174.06768798828125,9.648985862731934,0.32939454913139343,0.0
960,0,-8.474186897277832,0.7761485576629639,0.8246710896492004,-0.1813618689775467,-0.02973037213087082,True,False,False,False,997,39.87999725341797,0.2931187152862549,27.786991119384766,0.6007099747657776,423.6936950683594,10.624216079711914,0.33650514483451843,0.0
961,0,-8.04715633392334,-1.065905213356018,1.1594291925430298,0.08849344402551651,-0.097113236784935,False,False,False,True,1124,44.959999084472656,9.626737594604492,52.18387985229492,0.3120015561580658,926.9384155273438,20.616958618164062,0.5376465320587158,0.0
962,0,-8.641222953796387,-0.6783552169799805,1.1469347476959229,0.09682980179786682,0.05688830092549324,True,False,False,False,404,16.15999984741211,0.29623013734817505,19.83889389038086,0.8495757579803467,156.2203369140625,9.667099952697754,0.43535158038139343,0.0
963,0,-8.56584644317627,-0.7983759045600891,0.7349715232849121,-0.02907608076930046,-0.14630581438541412,False,False,False,True,1124,44.959999084472656,9.627547264099121,31.91286277770996,0.5259481072425842,1526.3243408203125,33.94849395751953,0.5468323230743408,0.0
964,0,-8.692039489746094,-0.9578145742416382,0.9441162347793579,-0.07934138178825378,-0.12866738438606262,False,False,False,True,1124,44.959999084472656,9.628639221191406,40.979454040527344,0.41285812854766846,1157.4957275390625,25.745012283325195,0.5433228015899658,0.0
965,0,-8.284971237182617,-0.6091693043708801,1.0957540273666382,-0.04837551340460777,-0.01722664013504982,True,False,False,False,478,19.119998931884766,0.26339399814605713,20.173730850219727,0.8176981806755066,169.5465850830078,8.867499351501465,0.4374355971813202,0.0
966,0,-8.751487731933594,0.8637514710426331,0.9092906713485718,0.11267826706171036,0.019482096657156944,True,False,False,False,479,19.15999984741211,0.28990235924720764,19.26176643371582,0.8811808228492737,161.52725219726562,8.430440902709961,0.33700868487358093,0.0
967,0,-8.295838356018066,0.6421864032745361,0.805759608745575,0.007891091518104076,0.00856777187436819,True,False,False,False,602,24.079999923706055,0.29334717988967896,19.580751419067383,0.8430785536766052,207.6654052734375,8.623978614807129,0.33815309405326843,0.0
968,0,-8.449785232543945,-0.41733378171920776,1.1603187322616577,0.1816987246274948,0.017437560483813286,True,False,False,False,393,15.719999313354492,0.29440590739250183,20.455644607543945,0.8141968846321106,171.1219940185547,10.885623931884766,0.43696901202201843,0.0
969,0,-8.433385848999023,1.0677690505981445,1.1760026216506958,-0.017839988693594933,0.006392231676727533,True,False,False,False,428,17.119998931884766,0.25931820273399353,19.87849235534668,0.8384448289871216,157.03326416015625,9.172504425048828,0.33282777667045593,0.0
970,0,-8.954699516296387,-1.0434753894805908,0.9660372734069824,0.060763049870729446,-0.03390584513545036,True,False,False,False,491,19.639999389648438,0.296095073223114,19.922950744628906,0.8626163601875305,168.2197723388672,8.56516170501709,0.43832704424858093,0.0
971,0,-8.603342056274414,-1.0663591623306274,1.2002577781677246,0.02016100473701954,-0.1297600120306015,False,False,False,True,1124,44.959999084472656,9.625788688659668,53.73929977416992,0.31330057978630066,1130.3006591796875,25.140140533447266,0.5435211658477783,0.0
972,0,-8.769437789916992,-0.8830239772796631,0.9671329259872437,-0.009448395110666752,-0.009991711005568504,True,False,False,False,529,21.15999984741211,0.29877373576164246,20.30160140991211,0.8369782567024231,176.95887756347656,8.362895965576172,0.43593141436576843,0.0
973,0,-8.449841499328613,0.5344441533088684,1.116092324256897,0.07817837595939636,-0.12437981367111206,False,False,False,True,1124,44.959999084472656,14.609151840209961,49.77201461791992,0.3346914052963257,1287.268798828125,28.631423950195312,0.5586555004119873,0.0
974,0,-8.277002334594727,-0.5823891758918762,0.7040331959724426,-0.13632678985595703,0.13625140488147736,False,False,False,True,1124,44.959999084472656,14.59701156616211,29.12141227722168,0.5661507248878479,1275.23828125,28.363842010498047,0.7537485361099243,0.0
975,0,-8.196844100952148,-1.0454192161560059,0.813941478729248,-0.04937845095992088,-0.008460692130029202,True,False,False,False,646,25.84000015258789,0.2977107763290405,19.959903717041016,0.823127269744873,232.30184936523438,8.990009307861328,0.43732568621635437,0.0
976,0,-8.86214828491211,1.131603479385376,1.2867352962493896,0.08411584049463272,0.15580816566944122,False,False,False,True,1124,44.959999084472656,9.603636741638184,57.667022705078125,0.2965123653411865,1300.4091796875,28.92369270324707,0.3430928885936737,0.0
977,0,-8.049483299255371,-0.6529707908630371,1.227907657623291,0.08170230686664581,0.09422104805707932,True,False,False,False,619,24.760000228881836,0.2552475929260254,31.322402954101562,0.519192636013031,366.6246032714844,14.807132720947266,0.43999025225639343,0.0
978,0,-8.368768692016602,-0.10538741946220398,0.9787915945053101,-0.015056397765874863,0.11348360776901245,False,False,False,True,1124,44.959999084472656,9.598541259765625,43.66495895385742,0.37945985794067383,1121.5953369140625,24.946516036987305,0.3437645137310028,0.0
979,0,-8.990273475646973,-0.7014507055282593,0.8180296421051025,-0.011987609788775444,-0.1001250296831131,False,False,False,True,1124,44.959999084472656,9.563894271850586,36.36695861816406,0.4730759561061859,1132.5711669921875,25.19063949584961,0.5425369739532471,0.0
980,0,-8.794632911682129,-0.1943584531545639,0.9404730796813965,0.15632879734039307,0.026600072160363197,True,False,False,False,453,18.119998931884766,0.26992595195770264,19.446746826171875,0.87396240234375,148.6085968017578,8.2013578414917,0.3368179500102997,0.0
981,0,-8.20252799987793,-1.1527974605560303,1.187660813331604,0.1295512169599533,-0.016551537439227104,True,False,False,False,366,14.639999389648438,0.29201534390449524,18.98511505126953,0.8660608530044556,127.12217712402344,8.683209419250488,0.43623659014701843,0.0
982,0,-8.932720184326172,-0.7006716728210449,1.2191436290740967,0.08247333019971848,-0.04735901951789856,True,False,False,False,391,15.639999389648438,0.2681751549243927,20.121017456054688,0.8521832823753357,132.25390625,8.456132888793945,0.43109437823295593,0.0
983,0,-8.92793083190918,1.194434642791748,1.129507303237915,-0.19343669712543488,0.0005454328493215144,True,False,False,False,562,22.479999542236328,0.2811315953731537,21.805740356445312,0.7873529195785522,206.87123107910156,9.202457427978516,0.33418580889701843,0.0
984,0,-8.724220275878906,-0.46043381094932556,1.034760594367981,0.09217420220375061,0.08209788054227829,False,False,False,True,1124,44.959999084472656,14.541364669799805,46.23329162597656,0.3661944270133972,971.2067260742188,21.601573944091797,0.6421298980712891,0.0
985,0,-8.505871772766113,1.012898564338684,0.7689809799194336,0.039841264486312866,-0.037911657243967056,True,False,False,False,701,28.03999900817871,0.29338952898979187,22.39307403564453,0.7473743557929993,277.80169677734375,9.907336235046387,0.33697816729545593,0.0
986,0,-8.304492950439453,-0.2460820972919464,1.242616891860962,-0.009256436489522457,-0.1571369171142578,False,False,False,True,1124,44.959999084472656,14.602169036865234,55.22418212890625,0.2988961637020111,1438.3099365234375,31.990880966186523,0.5540114641189575,0.0
987,0,-8.166869163513184,-0.3763914704322815,1.290959358215332,-0.043860748410224915,-0.04119352623820305,True,False,False,False,411,16.440000534057617,0.28459176421165466,20.613506317138672,0.7941938638687134,169.82131958007812,10.329763412475586,0.42918702960014343,0.0
988,0,-8.872591972351074,1.1590327024459839,0.997934103012085,9.207807124766987e-06,0.03503561019897461,True,False,False,False,503,20.119998931884766,0.29439201951026917,20.02719497680664,0.8543989062309265,173.2465362548828,8.610663414001465,0.3370256721973419,0.0
989,0,-8.81345272064209,0.7741326093673706,1.0130438804626465,0.04635995626449585,-0.16657046973705292,False,False,False,True,1124,44.959999084472656,14.619808197021484,45.01244354248047,0.37835654616355896,1827.8092041015625,40.65412139892578,0.6071399450302124,0.0
990,0,-8.963225364685059,0.5121973156929016,1.1508276462554932,-0.009671518579125404,-0.02245071902871132,True,False,False,False,456,18.239999771118164,0.28565967082977295,20.848026275634766,0.8236144781112671,163.3666229248047,8.956503868103027,0.33342286944389343,0.0
991,0,-8.395251274108887,0.4734213650226593,1.0623916387557983,-0.13257557153701782,-0.14183473587036133,False,False,False,True,1124,44.959999084472656,14.594661712646484,46.20401382446289,0.35931694507598877,1119.693359375,24.904212951660156,0.5847967863082886,0.0
992,0,-8.168474197387695,-0.5834110975265503,0.8673407435417175,0.09518060833215714,-0.04363684728741646,True,False,False,False,503,20.119998931884766,0.2767833173274994,19.022188186645508,0.8610303401947021,167.82955932617188,8.341429710388184,0.43544313311576843,0.0
993,0,-8.205552101135254,-0.9510154724121094,0.7854230403900146,0.09727909415960312,-0.005945183802396059,True,False,False,False,547,21.8799991607666,0.29878100752830505,18.982017517089844,0.8656930327415466,182.4502410888672,8.338676452636719,0.4402743875980377,0.0
994,0,-8.194534301757812,0.11013329029083252,0.9055944085121155,0.023902926594018936,0.07016696035861969,False,False,False,True,1124,44.959999084472656,9.49752140045166,40.83081817626953,0.4015324115753174,816.93701171875,18.170307159423828,0.33967897295951843,0.0
995,0,-8.340446472167969,-0.7866191864013672,0.9858124256134033,-0.020079366862773895,-0.1775161325931549,False,False,False,True,1124,44.959999084472656,9.633207321166992,43.36695861816406,0.3818300664424896,1706.8106689453125,37.96287155151367,0.5430176258087158,0.0
996,0,-8.842728614807129,0.10258018970489502,0.8502974510192871,-0.006430269684642553,-0.013629957102239132,True,False,False,False,606,24.239999771118164,0.2868153154850006,20.478315353393555,0.8322477340698242,217.91790771484375,8.990013122558594,0.33662721514701843,0.0
997,0,-8.779701232910156,-0.33084556460380554,0.8772874474525452,-0.14533543586730957,-0.10069219768047333,False,False,False,True,1124,44.959999084472656,9.629327774047852,36.82143783569336,0.4612223505973816,977.8529052734375,21.74939727783203,0.5408508777618408,0.0
998,0,-8.604930877685547,1.1683077812194824,0.7062450647354126,-0.099256232380867,0.07796990871429443,False,False,False,True,1124,44.959999084472656,9.586021423339844,29.76141929626465,0.5659939646720886,941.8779907226562,20.949243545532227,0.34291383624076843,0.0
999,0,-8.929685592651367,0.9993737936019897,1.1494715213775635,-0.14620746672153473,-0.03162841498851776,True,False,False,False,522,20.8799991607666,0.2630435526371002,21.49587631225586,0.7982141971588135,204.9956512451172,9.81779956817627,0.33163759112358093,0.0
1000,0,-8.709214210510254,0.1903073489665985,1.0742896795272827,0.02175440639257431,-0.024028515443205833,True,False,False,False,462,18.479999542236328,0.2583492398262024,20.172636032104492,0.8382775187492371,169.3446807861328,9.163673400878906,0.3355673849582672,0.0
1001,0,-8.078622817993164,-0.44595882296562195,0.7285867929458618,0.03438081964850426,-0.022391706705093384,True,False,False,False,709,28.35999870300293,0.287828266620636,21.373043060302734,0.7619233131408691,275.0555725097656,9.698716163635254,0.43837282061576843,0.0
1002,0,-8.625962257385254,0.5369654297828674,0.9656957387924194,-0.02299930714070797,-0.04881465807557106,True,False,False,False,535,21.399999618530273,0.2930586040019989,20.256359100341797,0.8310663104057312,214.2708740234375,10.01265811920166,0.33407899737358093,0.0
1003,0,-8.163655281066895,-0.8976092338562012,0.9027225971221924,-0.13050076365470886,-0.007935764268040657,True,False,False,False,658,26.31999969482422,0.2744607925415039,20.949581146240234,0.7822501063346863,248.8429718017578,9.454520225524902,0.4378311336040497,0.0
1004,0,-8.952531814575195,-0.8079925179481506,1.2163430452346802,-0.036889493465423584,-0.15625199675559998,False,False,False,True,1124,44.959999084472656,9.658947944641113,53.88277053833008,0.31867748498916626,1266.5406494140625,28.17038917541504,0.5377151966094971,0.0
1005,0,-8.340703964233398,-0.045829564332962036,0.7544665336608887,0.0682528018951416,0.021112661808729172,True,False,False,False,603,24.119998931884766,0.2813398540019989,19.57672691345215,0.8449199795722961,203.60723876953125,8.441428184509277,0.3393509089946747,0.0
1006,0,-8.53160285949707,1.2310832738876343,1.1412184238433838,-0.1253368854522705,0.12671159207820892,False,False,False,True,1124,44.959999084472656,9.656740188598633,49.41685485839844,0.33948010206222534,1053.4276123046875,23.430330276489258,0.34233781695365906,0.0
1007,0,-8.262690544128418,1.220474123954773,0.9164355993270874,-0.008586215786635876,0.1563665121793747,False,False,False,True,1124,44.959999084472656,9.655491828918457,40.41279602050781,0.408461332321167,1536.6705322265625,34.17861557006836,0.3435928523540497,0.0
1008,0,-8.517166137695312,-0.7966197729110718,1.2922353744506836,0.05866250395774841,-0.03882821276783943,True,False,False,False,368,14.719999313354492,0.2973175048828125,19.713768005371094,0.8489398956298828,130.44554138183594,8.86178970336914,0.4322616755962372,0.0
1009,0,-8.52441692352295,-0.45491302013397217,0.8005160689353943,0.009157328866422176,-0.032327234745025635,True,False,False,False,944,37.7599983215332,0.29450735449790955,30.340604782104492,0.5514225959777832,362.04058837890625,9.587939262390137,0.4369499385356903,0.0
1010,0,-8.515324592590332,-0.4753561317920685,0.7002334594726562,0.15889126062393188,-0.026733597740530968,True,False,False,False,569,22.760000228881836,0.2816563844680786,18.99457359313965,0.8803547024726868,181.5136260986328,7.9751152992248535,0.43869325518608093,0.0
1011,0,-8.261273384094238,-1.223564863204956,1.0985814332962036,0.17856551706790924,0.013369421474635601,True,False,False,False,377,15.079999923706055,0.28102928400039673,18.856828689575195,0.8753260374069214,132.98858642578125,8.81887149810791,0.43700024485588074,0.0
1012,0,-8.748435020446777,-0.07835879921913147,0.8539825677871704,0.027479540556669235,0.049022823572158813,True,False,False,False,643,25.719999313354492,0.29343995451927185,22.48000717163086,0.7539416551589966,249.4361114501953,9.698138236999512,0.3408462703227997,0.0
1013,0,-8.527702331542969,-0.8137980103492737,0.8184389472007751,-0.05169050022959709,0.06686294078826904,False,False,False,True,1124,44.959999084472656,14.623459815979004,36.33417510986328,0.46091973781585693,938.3821411132812,20.871488571166992,0.6745635271072388,0.0
1014,0,-8.246881484985352,-0.1186574250459671,1.0963785648345947,-0.08460860699415207,-0.0955822616815567,False,False,False,True,1124,44.959999084472656,14.551277160644531,48.5491943359375,0.33877599239349365,923.7149047851562,20.54526138305664,0.5095057487487793,0.0
1015,0,-8.535601615905762,0.7191790342330933,0.8803331851959229,0.09393930435180664,-0.07600408792495728,False,False,False,True,1124,44.959999084472656,14.595328330993652,39.28632736206055,0.42637673020362854,1005.5867919921875,22.366254806518555,0.5478754043579102,0.0
1016,0,-8.660588264465332,0.8474907279014587,0.7253592014312744,-0.016641827300190926,-0.08809410035610199,False,False,False,True,1124,44.959999084472656,14.56657600402832,32.27138900756836,0.5231105089187622,1295.763916015625,28.820371627807617,0.5829994678497314,0.0
1017,0,-8.327041625976562,-0.06852522492408752,0.7232503890991211,-0.033078499138355255,-0.11981175094842911,False,False,False,True,1124,44.959999084472656,14.61650276184082,31.71139144897461,0.5211749076843262,1585.00537109375,35.25367736816406,0.5935288667678833,0.0
1018,0,-8.078160285949707,-1.2100340127944946,0.7116958498954773,0.055312514305114746,0.022848593071103096,True,False,False,False,633,25.31999969482422,0.27594342827796936,19.224523544311523,0.8490332365036011,226.0908660888672,8.929339408874512,0.44053956866264343,0.0
1019,0,-8.386581420898438,1.0848853588104248,1.2176694869995117,0.055259209126234055,0.022212665528059006,True,False,False,False,383,15.319999694824219,0.2759382128715515,19.354265213012695,0.858797550201416,138.65330505371094,9.050477027893066,0.33287355303764343,0.0
1020,0,-8.456571578979492,0.6131568551063538,0.8759844899177551,0.15134397149085999,-0.11985224485397339,False,False,False,True,1124,44.959999084472656,14.63066577911377,38.35285186767578,0.43458712100982666,1524.1280517578125,33.8996467590332,0.60892653465271,0.0
1021,0,-8.284497261047363,-1.0699323415756226,1.135490894317627,0.09641321003437042,-0.11513565480709076,False,False,False,True,1124,44.959999084472656,9.581196784973145,51.00928497314453,0.32383444905281067,1098.4981689453125,24.432788848876953,0.5375244617462158,0.0
1022,0,-8.960603713989258,0.04072830080986023,1.2555615901947021,-0.010949235409498215,-0.1523880660533905,False,False,False,True,1124,44.959999084472656,14.595477104187012,55.93751525878906,0.3067825138568878,1318.1654052734375,29.318626403808594,0.5114731788635254,0.0
1023,0,-8.572114944458008,-0.5430967211723328,0.9402009844779968,-0.008298256434500217,0.014281580224633217,True,False,False,False,544,21.760000228881836,0.2848060727119446,20.308944702148438,0.8262739777565002,194.6536407470703,8.945479393005371,0.43913576006889343,0.0
