scenario_id,episode_index,spawn_x_m,spawn_y_m,actuator_gain,wind_x_mps,wind_y_mps,goal_reached,collision,out_of_bounds,time_out,episode_steps,duration_s,final_distance_to_goal_m,path_length_m,trajectory_efficiency,command_variation_mps,command_variation_rate_mps2,min_clearance_m,mean_residual_mps
0,0,-8.32741928100586,0.09666666388511658,1.18940269947052,-0.07199876010417938,0.15480700135231018,True,False,False,False,266,10.639999389648438,0.24929699301719666,17.485057830810547,0.9452469944953918,27.496217727661133,2.58423113822937,0.4230751693248749,0.5407153367996216
1,0,-8.349674224853516,-1.1276546716690063,0.9774273037910461,-0.0766327977180481,-0.025195643305778503,True,False,False,False,336,13.4399995803833,0.27621230483055115,17.449499130249023,0.9505926966667175,28.29327392578125,2.105154275894165,0.4494011104106903,0.5678490996360779
2,0,-8.9384765625,-0.2544955909252167,0.759093701839447,0.0910671055316925,-0.00329510192386806,True,False,False,False,393,15.719999313354492,0.2773861885070801,18.26201057434082,0.9385786652565002,43.64493179321289,2.776395320892334,0.44734498858451843,0.563966691493988
3,0,-8.438748359680176,0.7009971141815186,1.1856248378753662,-0.14819788932800293,0.06930068880319595,True,False,False,False,274,10.960000038146973,0.24556894600391388,17.240875244140625,0.965916633605957,21.920316696166992,2.0000288486480713,0.37899520993232727,0.5427446365356445
4,0,-8.456989288330078,-0.5648274421691895,1.2678728103637695,-0.006088856142014265,0.18095043301582336,True,False,False,False,264,10.559999465942383,0.2597341537475586,18.505319595336914,0.9006272554397583,69.44468688964844,6.576201915740967,0.5104420185089111,0.5711040496826172
5,0,-8.601820945739746,-0.859895646572113,1.1669576168060303,-0.028393235057592392,-0.017700297757983208,True,False,False,False,277,11.079999923706055,0.2645908296108246,17.851150512695312,0.9424281716346741,35.262107849121094,3.1825008392333984,0.44686606526374817,0.5656376481056213
6,0,-8.644721031188965,-0.5899786353111267,0.7361537218093872,-0.017869964241981506,0.03125115483999252,True,False,False,False,435,17.399999618530273,0.28774234652519226,17.954023361206055,0.9387796521186829,55.743797302246094,3.2036666870117188,0.4645092785358429,0.5655503869056702
7,0,-8.12411117553711,-0.6473488807678223,1.0322067737579346,-0.047490332275629044,-0.15502463281154633,True,False,False,False,350,14.0,0.28093597292900085,18.581138610839844,0.8792093992233276,65.8744125366211,4.705315113067627,0.44736024737358093,0.5600946545600891
8,0,-8.041539192199707,-0.9289252758026123,0.8221261501312256,0.0875411257147789,-0.01729283109307289,True,False,False,False,346,13.84000015258789,0.29536089301109314,17.217723846435547,0.9448172450065613,34.54703903198242,2.49617338180542,0.45299747586250305,0.5696245431900024
9,0,-8.377717971801758,-0.6934953927993774,1.1633801460266113,0.014160344377160072,0.028671132400631905,True,False,False,False,265,10.59999942779541,0.26664626598358154,17.686542510986328,0.938112199306488,39.79745864868164,3.7544775009155273,0.4514841139316559,0.566274881362915
10,0,-8.3806734085083,1.0179840326309204,0.8574161529541016,0.0111538739874959,0.008001729846000671,True,False,False,False,338,13.519999504089355,0.2740301787853241,17.037324905395508,0.9749969244003296,22.54306983947754,1.6673868894577026,0.38638612627983093,0.5497950315475464
11,0,-8.944375038146973,-1.003914475440979,0.9869098663330078,-0.09941423684358597,0.04025982692837715,True,False,False,False,353,14.119999885559082,0.2765820622444153,18.20794105529785,0.9431729912757874,46.20937728881836,3.2726187705993652,0.454769104719162,0.5683279037475586
12,0,-8.407578468322754,0.05375325679779053,1.2958149909973145,0.03248511254787445,0.02223094180226326,True,False,False,False,227,9.079999923706055,0.2444421947002411,17.269845962524414,0.9616567492485046,16.378673553466797,1.803818702697754,0.3651827275753021,0.5253841280937195
13,0,-8.853896141052246,1.1047981977462769,1.1440542936325073,-0.029754960909485817,-0.10540476441383362,True,False,False,False,273,10.920000076293945,0.25536540150642395,17.682039260864258,0.9664625525474548,25.407516479492188,2.326695680618286,0.34978029131889343,0.5263200402259827
14,0,-8.13306999206543,1.2206512689590454,0.7774293422698975,-0.01000780425965786,0.049646686762571335,True,False,False,False,375,15.0,0.27924394607543945,16.885822296142578,0.9699142575263977,22.612287521362305,1.5074858665466309,0.4306046664714813,0.5702806115150452
15,0,-8.542220115661621,0.16927644610404968,0.9591710567474365,0.08717438578605652,0.16495980322360992,True,False,False,False,311,12.4399995803833,0.283086359500885,17.83502769470215,0.9387741684913635,34.72502136230469,2.79140043258667,0.4463888108730316,0.5434529185295105
16,0,-8.329808235168457,-1.109179973602295,1.2654168605804443,0.06805895268917084,0.10641778260469437,True,False,False,False,246,9.84000015258789,0.28844261169433594,17.861459732055664,0.9274896383285522,52.61199188232422,5.346746921539307,0.4591650664806366,0.5733999013900757
17,0,-8.078182220458984,0.7521392107009888,1.2340607643127441,0.06566642224788666,-0.05622272565960884,True,False,False,False,223,8.920000076293945,0.2677670121192932,16.7100830078125,0.9751738905906677,17.137920379638672,1.921291470527649,0.367754727602005,0.552190899848938
18,0,-8.551227569580078,0.24184122681617737,0.8955519199371338,0.05943821743130684,-0.05249722674489021,True,False,False,False,322,12.880000114440918,0.24991853535175323,17.34265899658203,0.9659962058067322,21.143558502197266,1.641580581665039,0.3525858223438263,0.5246384143829346
19,0,-8.022303581237793,0.21966591477394104,1.165871262550354,0.05466645956039429,-0.010682966560125351,True,False,False,False,240,9.59999942779541,0.25376081466674805,16.80904769897461,0.9651804566383362,17.605039596557617,1.8338583707809448,0.35075685381889343,0.5423981547355652
20,0,-8.072949409484863,1.1916744709014893,0.7396361231803894,0.047638557851314545,-0.10021975636482239,True,False,False,False,374,14.960000038146973,0.28264811635017395,16.90326499938965,0.9652417302131653,47.652748107910156,3.1853442192077637,0.3481247127056122,0.5598776340484619
21,0,-8.694743156433105,-1.0740910768508911,0.7525783777236938,-0.09055019170045853,-0.09848013520240784,True,False,False,False,517,20.68000030517578,0.29695847630500793,18.989370346069336,0.8914597034454346,88.4712142944336,4.27810525894165,0.44792482256889343,0.5582057237625122
22,0,-8.6766996383667,-0.6734914183616638,1.1702975034713745,-0.06802264600992203,-0.010954640805721283,True,False,False,False,281,11.239999771118164,0.2843942642211914,17.87575340270996,0.9448496699333191,29.867294311523438,2.6572327613830566,0.45729872584342957,0.5627435445785522
23,0,-8.253689765930176,-0.8787603378295898,0.9445728659629822,0.14841346442699432,-0.05171741917729378,True,False,False,False,298,11.920000076293945,0.27886897325515747,17.438814163208008,0.9448303580284119,26.454452514648438,2.2193331718444824,0.44913873076438904,0.5658915638923645
24,0,-8.865460395812988,0.15534579753875732,0.7808798551559448,0.0985596776008606,-0.14329059422016144,True,False,False,False,374,14.960000038146973,0.29630735516548157,17.786623001098633,0.9594938158988953,49.926883697509766,3.3373584747314453,0.34906312823295593,0.5059760212898254
25,0,-8.148633003234863,1.2488197088241577,1.2804057598114014,-0.05910845100879669,0.09006420522928238,True,False,False,False,234,9.359999656677246,0.2845354974269867,16.94451332092285,0.9675936102867126,19.270519256591797,2.0588161945343018,0.4304477274417877,0.5692230463027954
26,0,-8.242948532104492,0.4817420244216919,0.7100800275802612,0.008946956135332584,0.07082509249448776,True,False,False,False,413,16.520000457763672,0.28207021951675415,17.138338088989258,0.9598292708396912,32.51190185546875,1.968032717704773,0.40435704588890076,0.5518748164176941
27,0,-8.485312461853027,-0.4621010422706604,1.031382441520691,-0.051906853914260864,-0.08416351675987244,True,False,False,False,319,12.75999927520752,0.2732783257961273,17.835277557373047,0.9358754754066467,34.487300872802734,2.7027666568756104,0.44310304522514343,0.5611008405685425
28,0,-8.937982559204102,-0.031447261571884155,0.9799343347549438,0.029832573607563972,-0.03992599621415138,True,False,False,False,373,14.920000076293945,0.27737581729888916,19.69701385498047,0.8700816631317139,83.05823516845703,5.566905975341797,0.44884034991264343,0.5618358254432678
29,0,-8.68542766571045,1.1425424814224243,1.2506015300750732,-0.02251628413796425,0.011913873255252838,True,False,False,False,243,9.719999313354492,0.28603965044021606,17.360126495361328,0.9748411774635315,21.3469295501709,2.1961863040924072,0.40346071124076843,0.5363418459892273
30,0,-8.860053062438965,-1.216692328453064,0.8374832272529602,0.01800871267914772,-0.08787553012371063,True,False,False,False,429,17.15999984741211,0.2989305555820465,19.027822494506836,0.8988227844238281,77.17284393310547,4.497251987457275,0.44447633624076843,0.5576812028884888
31,0,-8.279605865478516,-0.998273491859436,0.9038752317428589,-0.09209631383419037,0.1131090447306633,True,False,False,False,385,15.399999618530273,0.26485782861709595,18.191909790039062,0.9075064659118652,94.85501098632812,6.159416675567627,0.4542125165462494,0.573592483997345
32,0,-8.399496078491211,0.5321348905563354,0.976538896560669,0.04954604059457779,-0.007385115139186382,True,False,False,False,290,11.59999942779541,0.2712274193763733,17.027830123901367,0.9753369688987732,14.67490291595459,1.2650779485702515,0.36775514483451843,0.5370233058929443
33,0,-8.573602676391602,-0.6279342174530029,1.0245559215545654,0.041601188480854034,-0.05673476681113243,True,False,False,False,300,12.0,0.2807309925556183,17.774869918823242,0.944318950176239,24.428421020507812,2.0357017517089844,0.44469085335731506,0.5626965165138245
34,0,-8.560696601867676,-0.7750911712646484,0.745174765586853,0.12699437141418457,-0.005814469885081053,True,False,False,False,380,15.199999809265137,0.2780184745788574,17.77703857421875,0.9438182711601257,39.180599212646484,2.5776710510253906,0.4498184025287628,0.5668303966522217
35,0,-8.451294898986816,0.38893237709999084,0.7177792191505432,0.023758413270115852,0.05721279978752136,True,False,False,False,408,16.31999969482422,0.28743815422058105,17.300182342529297,0.9627503156661987,31.255783081054688,1.9151828289031982,0.38522300124168396,0.5399281978607178
36,0,-8.397748947143555,0.8843094110488892,1.1207756996154785,-0.01176424790173769,-0.03540000319480896,True,False,False,False,262,10.479999542236328,0.29738226532936096,17.012752532958984,0.9769654870033264,21.330007553100586,2.035306215286255,0.3693704307079315,0.5455639958381653
37,0,-8.19602108001709,0.41636496782302856,1.186214566230774,0.037513840943574905,0.06866443157196045,True,False,False,False,242,9.679999351501465,0.23294974863529205,17.05438995361328,0.9617003202438354,20.231792449951172,2.0900614261627197,0.37167981266975403,0.5447692275047302
38,0,-8.26335334777832,-1.062108039855957,1.0772563219070435,-0.15817953646183014,-0.11942030489444733,True,False,False,False,343,13.719999313354492,0.2750031352043152,18.11549186706543,0.9106552004814148,52.318931579589844,3.813333511352539,0.4445684850215912,0.5619561076164246
39,0,-8.07430362701416,-0.9444665908813477,0.9956603050231934,-0.16794732213020325,0.06711651384830475,True,False,False,False,346,13.84000015258789,0.2636021077632904,17.493820190429688,0.9318256974220276,55.25809097290039,3.9926366806030273,0.46144554018974304,0.5702018737792969
40,0,-8.929498672485352,-0.9029470682144165,1.1003632545471191,0.08408339321613312,-0.029750701040029526,True,False,False,False,280,11.199999809265137,0.2741364538669586,18.070837020874023,0.9492018818855286,24.267253875732422,2.1667191982269287,0.46142008900642395,0.5642834901809692
41,0,-8.346029281616211,-0.5978177785873413,0.9189267754554749,-0.19097790122032166,0.045311011373996735,True,False,False,False,391,15.639999389648438,0.2842281460762024,17.803091049194336,0.9299865365028381,54.03589630126953,3.4549806118011475,0.46654972434043884,0.5667816400527954
42,0,-8.451079368591309,-0.18801972270011902,0.9718876481056213,-0.05120677128434181,0.05616917461156845,True,False,False,False,341,13.639999389648438,0.2863684594631195,18.097627639770508,0.9201273918151855,47.89139175415039,3.511099338531494,0.36627474427223206,0.5766815543174744
43,0,-8.022198677062988,-1.1333283185958862,0.7163824439048767,0.04128044471144676,0.033122818917036057,True,False,False,False,412,16.479999542236328,0.2730022966861725,17.276966094970703,0.941196620464325,56.173057556152344,3.4085593223571777,0.4699384868144989,0.5723968744277954
44,0,-8.641993522644043,0.4029780626296997,0.7172314524650574,0.048328060656785965,-0.14020586013793945,True,False,False,False,415,16.600000381469727,0.2561805546283722,17.619155883789062,0.9561599493026733,59.047847747802734,3.5570991039276123,0.34637853503227234,0.5189616084098816
45,0,-8.971138000488281,-0.7589585781097412,1.2965223789215088,-0.009217476472258568,0.006605807226151228,True,False,False,False,253,10.119999885559082,0.262258380651474,18.308338165283203,0.9387862682342529,31.705326080322266,3.132937431335449,0.4462305009365082,0.5638689398765564
46,0,-8.625450134277344,-0.5904483795166016,0.832433819770813,0.08995214849710464,0.08454903215169907,True,False,False,False,372,14.880000114440918,0.2893082797527313,18.304908752441406,0.9197328686714172,74.99812316894531,5.040196418762207,0.4589731991291046,0.5689688324928284
47,0,-8.560689926147461,1.059498906135559,1.007324457168579,0.008617409504950047,-0.014165039174258709,True,False,False,False,293,11.719999313354492,0.2679474353790283,17.245149612426758,0.9738132953643799,23.392175674438477,1.9959195852279663,0.38354894518852234,0.5405115485191345
48,0,-8.7935791015625,-0.8214589953422546,0.8979089856147766,0.05792973190546036,-0.14687882363796234,True,False,False,False,432,17.279998779296875,0.29514333605766296,19.934858322143555,0.8534336686134338,91.2861557006836,5.282763957977295,0.4462902247905731,0.5561376810073853
49,0,-8.452033996582031,-0.3192186951637268,1.1337072849273682,-0.029287444427609444,-0.07873444259166718,True,False,False,False,281,11.239999771118164,0.2722114622592926,17.744842529296875,0.9385848641395569,28.424837112426758,2.528900146484375,0.44308778643608093,0.5614003539085388
50,0,-8.11702823638916,-0.272125244140625,0.9687972068786621,0.11901997029781342,0.0458553284406662,True,False,False,False,359,14.359999656677246,0.29828956723213196,19.185279846191406,0.8506134748458862,100.66410064697266,7.010035037994385,0.47007647156715393,0.5638562440872192
51,0,-8.38223934173584,0.919487476348877,1.0894144773483276,-0.025459209457039833,0.021763384342193604,True,False,False,False,273,10.920000076293945,0.24948062002658844,17.056079864501953,0.9736857414245605,20.18436622619629,1.848385214805603,0.3591720759868622,0.5489022135734558
52,0,-8.75776481628418,0.014202147722244263,1.0327494144439697,0.04887326434254646,0.05942586064338684,True,False,False,False,290,11.59999942779541,0.24510842561721802,17.70750617980957,0.9576600790023804,23.445354461669922,2.021151304244995,0.37359926104545593,0.5180680155754089
53,0,-8.421730995178223,-0.8156342506408691,1.1653342247009277,4.129041190026328e-05,0.03557378798723221,True,False,False,False,268,10.719999313354492,0.2578723728656769,17.729902267456055,0.9386050701141357,39.45582580566406,3.6805810928344727,0.445932000875473,0.5669664740562439
54,0,-8.690196990966797,-0.20169958472251892,1.2907836437225342,-0.10734553635120392,0.044652193784713745,True,False,False,False,309,12.359999656677246,0.26991724967956543,20.153057098388672,0.8381547331809998,99.24008178710938,8.029132843017578,0.46443089842796326,0.5630311965942383
55,0,-8.116551399230957,-0.056402236223220825,1.0216786861419678,0.0026998058892786503,0.022285519167780876,True,False,False,False,303,12.119999885559082,0.2479039579629898,17.647565841674805,0.9245834350585938,38.58452224731445,3.1835415363311768,0.38841554522514343,0.5743943452835083
56,0,-8.899072647094727,-0.04431821405887604,1.066977858543396,-0.1264083832502365,-0.07816588133573532,True,False,False,False,343,13.719999313354492,0.29552897810935974,18.688247680664062,0.9149669408798218,48.623722076416016,3.5440032482147217,0.4496018588542938,0.5629814863204956
57,0,-8.396368980407715,-0.5422210097312927,0.9749454259872437,-0.06861554831266403,-0.11564523726701736,True,False,False,False,359,14.359999656677246,0.29462215304374695,18.25972557067871,0.9093821048736572,48.26358413696289,3.360973834991455,0.44800111651420593,0.559547483921051
58,0,-8.037210464477539,0.0372450053691864,1.2319965362548828,-0.06251060217618942,0.017571812495589256,True,False,False,False,245,9.800000190734863,0.2308727353811264,16.957500457763672,0.9575263261795044,18.91402244567871,1.930002212524414,0.38645949959754944,0.5392357707023621
59,0,-8.851086616516113,-0.7038414478302002,0.7117084860801697,-0.03853355720639229,0.05388643965125084,True,False,False,False,480,19.19999885559082,0.2846846580505371,18.47820281982422,0.9235398769378662,81.25526428222656,4.2320451736450195,0.4648657739162445,0.5670685172080994
60,0,-8.151020050048828,-0.6938196420669556,1.286562442779541,-0.07776931673288345,0.07031790912151337,True,False,False,False,250,10.0,0.29265961050987244,17.610023498535156,0.9293269515037537,44.03114700317383,4.4031147956848145,0.49169889092445374,0.5675420165061951
61,0,-8.443367004394531,0.7013262510299683,1.2522847652435303,0.006395737174898386,0.05483638867735863,True,False,False,False,236,9.4399995803833,0.25656458735466003,17.21210479736328,0.9678001403808594,20.059429168701172,2.1249396800994873,0.3710082471370697,0.5403913855552673
62,0,-8.392545700073242,-1.0497139692306519,0.7582827806472778,-0.17883145809173584,0.0220863688737154,True,False,False,False,488,19.520000457763672,0.2997629642486572,17.65545654296875,0.9416425824165344,54.720584869384766,2.8033084869384766,0.4614727199077606,0.5687814950942993
63,0,-8.390852928161621,0.31421273946762085,1.2642452716827393,0.004897603299468756,-0.11825254559516907,True,False,False,False,237,9.479999542236328,0.23426267504692078,17.3059024810791,0.9588506817817688,23.293861389160156,2.4571585655212402,0.34685060381889343,0.5317740440368652
64,0,-8.84836196899414,0.9194998741149902,0.8587758541107178,-0.10715669393539429,0.061442259699106216,True,False,False,False,392,15.679999351501465,0.2703193128108978,17.657102584838867,0.9669034481048584,38.21413803100586,2.4371261596679688,0.3867822587490082,0.5316506028175354
65,0,-8.920001029968262,0.369228720664978,0.8540910482406616,-0.04788757860660553,0.07968859374523163,True,False,False,False,381,15.239999771118164,0.26374515891075134,17.8530330657959,0.9591599702835083,28.24703025817871,1.8534797430038452,0.3932406008243561,0.5240398049354553
66,0,-8.19105339050293,-0.3879472017288208,0.7927197217941284,-0.07489611953496933,-0.05613981559872627,True,False,False,False,414,16.559999465942383,0.29465237259864807,17.467994689941406,0.9386059045791626,38.74938201904297,2.3399386405944824,0.44841310381889343,0.5634390115737915
67,0,-8.865208625793457,0.9043446183204651,0.9485896229743958,0.007328824605792761,0.0737484022974968,True,False,False,False,323,12.920000076293945,0.29474401473999023,17.64789390563965,0.9683161973953247,34.44973373413086,2.6663880348205566,0.37627723813056946,0.5319715738296509
68,0,-8.671667098999023,0.9731456637382507,1.0257145166397095,-0.02552024833858013,0.16331741213798523,True,False,False,False,310,12.399999618530273,0.29609185457229614,17.747873306274414,0.9521828889846802,42.46873092651367,3.4248976707458496,0.44499513506889343,0.5452753305435181
69,0,-8.85827350616455,-0.7669781446456909,1.0909900665283203,-0.09218541532754898,-0.09332439303398132,True,False,False,False,324,12.960000038146973,0.2664180099964142,18.336301803588867,0.9312243461608887,38.03516387939453,2.934812068939209,0.44487306475639343,0.5595450401306152
70,0,-8.81781005859375,-1.140720248222351,1.2722766399383545,0.09288707375526428,0.006228034384548664,True,False,False,False,241,9.639999389648438,0.28598055243492126,17.947832107543945,0.9502729773521423,22.434829711914062,2.3272645473480225,0.4420759379863739,0.5678120255470276
71,0,-8.796414375305176,-0.20669914782047272,0.7136408090591431,-0.17034971714019775,-0.007119375746697187,True,False,False,False,533,21.31999969482422,0.2851593494415283,18.225088119506836,0.932651162147522,58.187843322753906,2.7292609214782715,0.4598565399646759,0.5635289549827576
72,0,-8.80530071258545,-0.21980687975883484,0.7324053049087524,0.0714215487241745,0.042843837291002274,True,False,False,False,515,20.600000381469727,0.2761933505535126,20.24640655517578,0.8399860262870789,150.916015625,7.326020240783691,0.45695802569389343,0.5654070973396301
73,0,-8.867976188659668,0.12067720293998718,0.8857179284095764,-0.05284276604652405,0.0020411924924701452,True,False,False,False,362,14.479999542236328,0.2911893427371979,17.583106994628906,0.9707270264625549,16.541595458984375,1.1423754692077637,0.38330385088920593,0.511293888092041
74,0,-8.245854377746582,1.24444580078125,1.0109825134277344,0.04133591800928116,0.15056951344013214,True,False,False,False,300,12.0,0.2648440897464752,17.567642211914062,0.9387731552124023,40.11909484863281,3.3432579040527344,0.44945070147514343,0.5789448618888855
75,0,-8.492918014526367,-0.6529397964477539,0.7866504192352295,0.10771259665489197,0.022623930126428604,True,False,False,False,363,14.519999504089355,0.27938875555992126,17.717269897460938,0.9428912997245789,44.51737976074219,3.0659353733062744,0.45341727137565613,0.5653649568557739
76,0,-8.27833080291748,0.5636703968048096,1.1176400184631348,-0.19123435020446777,-0.058163587003946304,True,False,False,False,296,11.84000015258789,0.2825096547603607,17.0233154296875,0.9685421586036682,21.06099510192871,1.7788002490997314,0.3494522273540497,0.5388645529747009
77,0,-8.561966896057129,0.7928463816642761,0.8220669031143188,-0.025134941563010216,0.028988666832447052,True,False,False,False,369,14.75999927520752,0.2913830578327179,17.22184181213379,0.9743660688400269,25.393980026245117,1.7204594612121582,0.36452028155326843,0.5420306921005249
78,0,-8.992782592773438,-0.5209669470787048,1.0202622413635254,0.029637720435857773,0.19142118096351624,True,False,False,False,318,12.719999313354492,0.2548578381538391,18.838335037231445,0.9130604267120361,54.022117614746094,4.2470221519470215,0.45807185769081116,0.5721077919006348
79,0,-8.235491752624512,-0.8542447686195374,0.7962245941162109,0.001695095794275403,-0.08609660714864731,True,False,False,False,414,16.559999465942383,0.28857508301734924,17.922712326049805,0.9182360768318176,52.67228698730469,3.1806938648223877,0.4485494792461395,0.56297767162323
80,0,-8.173370361328125,1.0095131397247314,1.234460711479187,-0.06703291088342667,0.019082825630903244,True,False,False,False,243,9.719999313354492,0.2735162377357483,16.905288696289062,0.9703415632247925,26.06462860107422,2.681546449661255,0.4063131511211395,0.5546841025352478
81,0,-8.464522361755371,-0.031539350748062134,0.8967593908309937,0.02124674618244171,0.005942290648818016,True,False,False,False,352,14.079999923706055,0.29228946566581726,18.01011085510254,0.925288736820221,40.44900131225586,2.872798442840576,0.36659547686576843,0.5736715197563171
82,0,-8.625245094299316,-1.1726741790771484,0.7050078511238098,-0.07126753777265549,0.09869863837957382,True,False,False,False,512,20.479999542236328,0.2829264998435974,18.62754249572754,0.9053983688354492,119.71593475341797,5.8455047607421875,0.4792996942996979,0.5753806233406067
83,0,-8.662375450134277,0.33138394355773926,1.0379540920257568,-0.17301706969738007,-0.004304772708564997,True,False,False,False,328,13.119999885559082,0.27876654267311096,17.373638153076172,0.9707567095756531,16.84197425842285,1.2836871147155762,0.3928939998149872,0.5208855867385864
84,0,-8.12050724029541,-0.9855915307998657,0.7868122458457947,0.07399961352348328,-0.01791287213563919,True,False,False,False,365,14.59999942779541,0.2736540138721466,17.221576690673828,0.9493733048439026,32.5216064453125,2.2275073528289795,0.4574567973613739,0.5687165856361389
85,0,-8.5637788772583,-0.31160110235214233,0.900651752948761,-0.011116573587059975,0.04044713079929352,True,False,False,False,351,14.039999961853027,0.27969345450401306,17.962194442749023,0.9334396719932556,50.905330657958984,3.6257357597351074,0.4739178717136383,0.5638729929924011
86,0,-8.950371742248535,-0.2522003650665283,0.7909155488014221,0.007311149500310421,-0.004687092266976833,True,False,False,False,404,16.15999984741211,0.29357782006263733,18.25300407409668,0.9396915435791016,42.71029281616211,2.6429636478424072,0.44932863116264343,0.5635076761245728
87,0,-8.139530181884766,0.5474345684051514,1.1102579832077026,0.039834558963775635,0.06718127429485321,True,False,False,False,255,10.199999809265137,0.296880841255188,16.89799690246582,0.9674835205078125,22.34200668334961,2.1903929710388184,0.36682435870170593,0.5499040484428406
88,0,-8.783859252929688,-0.7142659425735474,0.9627746343612671,0.0001247619657078758,0.008844619616866112,True,False,False,False,332,13.279999732971191,0.2933749556541443,18.04493522644043,0.9420156478881836,38.92628479003906,2.9311962127685547,0.46113941073417664,0.5647985339164734
89,0,-8.489834785461426,0.9613698720932007,1.1278667449951172,-0.03637668862938881,0.06521037966012955,True,False,False,False,270,10.800000190734863,0.2910953760147095,17.247589111328125,0.9692376255989075,28.946292877197266,2.6802122592926025,0.37829676270484924,0.5465570092201233
90,0,-8.98387622833252,0.7949103116989136,0.7905584573745728,-0.04816678538918495,-0.061051324009895325,True,False,False,False,409,16.35999870300293,0.2833878695964813,17.7455997467041,0.9693635106086731,26.86590576171875,1.6421704292297363,0.34919092059135437,0.5161292552947998
91,0,-8.907602310180664,1.1170835494995117,0.7746555209159851,-0.0934286117553711,0.03916129469871521,True,False,False,False,434,17.35999870300293,0.28153571486473083,17.671510696411133,0.9701156616210938,39.37734603881836,2.268280506134033,0.3743848502635956,0.5290135145187378
92,0,-8.804666519165039,-0.6561745405197144,0.880553126335144,0.15177486836910248,0.0070117260329425335,True,False,False,False,325,13.0,0.2798643410205841,18.00933074951172,0.9449048042297363,34.38947296142578,2.6453440189361572,0.45958253741264343,0.5633469223976135
93,0,-8.187360763549805,0.45191869139671326,1.1015924215316772,-0.017144883051514626,-0.0411716066300869,True,False,False,False,266,10.639999389648438,0.2713533043861389,16.89342498779297,0.9704059362411499,17.21536636352539,1.6179856061935425,0.3515869677066803,0.5418978929519653
94,0,-8.440844535827637,0.5438375473022461,0.9469873905181885,0.11378569900989532,0.050413597375154495,True,False,False,False,290,11.59999942779541,0.28445807099342346,17.190284729003906,0.9685454964637756,23.514062881469727,2.0270745754241943,0.37008240818977356,0.5400635004043579
95,0,-8.317462921142578,0.3558175265789032,0.8993632793426514,-0.06533624976873398,0.1288270354270935,True,False,False,False,353,14.119999885559082,0.2882395386695862,17.404306411743164,0.9492608308792114,32.60786056518555,2.3093385696411133,0.447155624628067,0.5492091774940491
96,0,-8.674077033996582,-0.9946184158325195,1.0807582139968872,0.012041143141686916,0.0791587233543396,True,False,False,False,300,12.0,0.2867317199707031,18.187219619750977,0.9293808341026306,53.242618560791016,4.436884880065918,0.46779873967170715,0.5691491365432739
97,0,-8.142507553100586,-0.1073022186756134,1.0665937662124634,0.09150537848472595,-0.016016099601984024,True,False,False,False,285,11.399999618530273,0.24736922979354858,17.82753562927246,0.9167197346687317,40.936004638671875,3.5908777713775635,0.38054201006889343,0.5740742087364197
98,0,-8.980033874511719,-0.4911001920700073,0.9236605167388916,-0.04585125297307968,0.05799420550465584,True,False,False,False,367,14.679999351501465,0.2644976079463959,18.524187088012695,0.9278103113174438,58.6892204284668,3.99790358543396,0.4697490632534027,0.5635458827018738
99,0,-8.674955368041992,-1.2060303688049316,0.9672515392303467,-0.16586437821388245,0.07020671665668488,True,False,False,False,381,15.239999771118164,0.2958028018474579,18.267040252685547,0.9261077642440796,58.09245300292969,3.811840772628784,0.4501657783985138,0.5702885985374451
100,0,-8.196430206298828,-0.6213588118553162,1.123992681503296,-0.010093117132782936,0.005282355472445488,True,False,False,False,275,11.0,0.2790684401988983,17.490341186523438,0.9381172060966492,38.41561508178711,3.492328643798828,0.45940569043159485,0.5644269585609436
101,0,-8.842239379882812,-0.23546181619167328,1.2723623514175415,-0.014671919867396355,0.017144110053777695,True,False,False,False,254,10.15999984741211,0.2970273792743683,18.22946548461914,0.9349609613418579,35.392616271972656,3.483525276184082,0.44518396258354187,0.5627697706222534
102,0,-8.339653968811035,-0.28161829710006714,0.8419149518013,-0.0004246855096425861,-0.1087723821401596,True,False,False,False,395,15.799999237060547,0.2826780378818512,18.18660545349121,0.9095710515975952,51.294952392578125,3.246516227722168,0.4422937333583832,0.5621209740638733
103,0,-8.781624794006348,1.2105106115341187,0.9147322773933411,-0.025446275249123573,0.008722512051463127,True,False,False,False,338,13.519999504089355,0.25441664457321167,17.497846603393555,0.9729178547859192,23.91806411743164,1.7690876722335815,0.3917767107486725,0.5346505641937256
104,0,-8.591693878173828,-0.45166516304016113,0.7745667099952698,0.009729047305881977,0.041391678154468536,True,False,False,False,404,16.15999984741211,0.2895123362541199,17.98012924194336,0.9342347979545593,54.39821243286133,3.3662259578704834,0.4560300409793854,0.5649802684783936
105,0,-8.880182266235352,0.1704689860343933,1.1485036611557007,-0.02012990228831768,-0.18966327607631683,True,False,False,False,281,11.239999771118164,0.24890021979808807,17.926729202270508,0.952824056148529,44.2617301940918,3.9378764629364014,0.34263917803764343,0.5040823221206665
106,0,-8.554664611816406,0.9308152198791504,0.7612870335578918,0.16496942937374115,0.033651161938905716,True,False,False,False,341,13.639999389648438,0.29633766412734985,17.24526023864746,0.9730237722396851,30.245498657226562,2.217411994934082,0.3653089702129364,0.5452097654342651
107,0,-8.469745635986328,-0.5575594305992126,0.910464882850647,-0.0004984653205610812,0.00044436243479140103,True,False,False,False,343,13.719999313354492,0.2822516858577728,17.754146575927734,0.9394370913505554,40.466766357421875,2.9494729042053223,0.4537007510662079,0.5641514658927917
108,0,-8.434680938720703,-1.0445313453674316,1.1399670839309692,0.07976992428302765,-0.12854717671871185,True,False,False,False,294,11.75999927520752,0.28935569524765015,18.419179916381836,0.9048646092414856,48.67287826538086,4.138850212097168,0.4496212303638458,0.5608465075492859
109,0,-8.941666603088379,0.06955564022064209,0.9138065576553345,0.18989676237106323,-0.004378736484795809,True,False,False,False,297,11.880000114440918,0.286369264125824,17.677465438842773,0.9696981310844421,15.112874984741211,1.2721275091171265,0.3698074519634247,0.5106757283210754
110,0,-8.370683670043945,-0.07039479911327362,1.190893530845642,-0.01999548077583313,0.017183266580104828,True,False,False,False,271,10.84000015258789,0.2317192554473877,18.02425193786621,0.9193630814552307,41.39948654174805,3.819140672683716,0.3748275935649872,0.5735030174255371
111,0,-8.41067886352539,-1.0281037092208862,0.7111822962760925,-0.07975906133651733,-0.08282475173473358,True,False,False,False,516,20.639999389648438,0.28967514634132385,18.326618194580078,0.9080727696418762,72.181396484375,3.4971606731414795,0.44922778010368347,0.5613362193107605
112,0,-8.821710586547852,0.8895799517631531,0.8827860355377197,0.1362210214138031,-0.11872567981481552,True,False,False,False,314,12.559999465942383,0.2915380597114563,17.576671600341797,0.9697250127792358,33.81129455566406,2.6919822692871094,0.34621354937553406,0.5252469182014465
113,0,-8.576120376586914,-0.8660866022109985,0.846291720867157,0.0012064899783581495,-0.01798795536160469,True,False,False,False,372,14.880000114440918,0.28741538524627686,17.731319427490234,0.9473671317100525,33.92342758178711,2.2798001766204834,0.44965288043022156,0.5664727687835693
114,0,-8.264528274536133,-0.557097315788269,0.8600641489028931,-0.049825768917798996,-0.009159347042441368,True,False,False,False,372,14.880000114440918,0.279234915971756,17.54181671142578,0.9391149878501892,41.346778869628906,2.7786812782287598,0.46892091631889343,0.5650846362113953
115,0,-8.80655288696289,-0.5425413846969604,1.2732155323028564,0.12078134715557098,0.06258171051740646,True,False,False,False,240,9.59999942779541,0.29978516697883606,18.25626564025879,0.9320119023323059,43.59268569946289,4.540904998779297,0.4771789014339447,0.5634037256240845
116,0,-8.406055450439453,0.35095885396003723,0.877913236618042,0.050742097198963165,0.16431869566440582,True,False,False,False,348,13.920000076293945,0.293782114982605,17.803850173950195,0.9329272508621216,42.5732536315918,3.0584232807159424,0.4490768611431122,0.5569849014282227
117,0,-8.51552677154541,0.16620993614196777,0.8191157579421997,0.11492457985877991,-0.015184025280177593,True,False,False,False,334,13.359999656677246,0.2590026557445526,17.27439308166504,0.9676946401596069,20.53264045715332,1.5368742942810059,0.37134096026420593,0.5270375609397888
118,0,-8.858893394470215,-0.9733024835586548,1.2816468477249146,0.01858942210674286,-0.013670518063008785,True,False,False,False,248,9.920000076293945,0.2983871102333069,17.961801528930664,0.9512498378753662,25.7377986907959,2.594536066055298,0.4719310700893402,0.5648966431617737
119,0,-8.18284797668457,-0.12822717428207397,1.234959363937378,0.010163724422454834,0.0340956412255764,True,False,False,False,255,10.199999809265137,0.2566318213939667,17.843582153320312,0.9181643128395081,41.63808822631836,4.082165718078613,0.3820632994174957,0.5757031440734863
120,0,-8.129429817199707,0.5797256231307983,0.7164206504821777,-0.1131560280919075,-0.007197765167802572,True,False,False,False,447,17.8799991607666,0.2779954671859741,16.743921279907227,0.9758485555648804,17.541643142700195,0.9810763001441956,0.37506410479545593,0.5477495789527893
121,0,-8.118367195129395,0.686098039150238,0.8393940925598145,0.1020783856511116,0.06952300667762756,True,False,False,False,320,12.799999237060547,0.27569761872291565,16.91729736328125,0.9654333591461182,27.36783218383789,2.1381120681762695,0.3846961557865143,0.5572447180747986
122,0,-8.631640434265137,-0.41242673993110657,0.7722813487052917,-0.15037256479263306,0.10753500461578369,True,False,False,False,492,19.68000030517578,0.2751026749610901,18.80860137939453,0.8951545357704163,115.7962646484375,5.883956432342529,0.4855174124240875,0.5695115327835083
123,0,-8.991543769836426,0.7200142741203308,0.8736183643341064,0.09029819816350937,-0.0795740857720375,True,False,False,False,332,13.279999732971191,0.2976318597793579,17.75041961669922,0.9693492650985718,35.412353515625,2.666592836380005,0.34859010577201843,0.5165437459945679
124,0,-8.42449951171875,-0.8152249455451965,0.8764506578445435,-0.09582004696130753,-0.1322590708732605,True,False,False,False,444,17.760000228881836,0.2979244589805603,19.1126766204834,0.8708420991897583,90.19751739501953,5.078689098358154,0.44460394978523254,0.5586808919906616
125,0,-8.979822158813477,-0.19805826246738434,0.7446765899658203,-0.003558758180588484,0.08484143018722534,True,False,False,False,450,18.0,0.2844521105289459,18.7158203125,0.9179904460906982,61.75157165527344,3.43064284324646,0.4135221540927887,0.578609824180603
126,0,-8.239495277404785,0.6241832971572876,1.0687804222106934,-0.11489556729793549,0.06728949397802353,True,False,False,False,295,11.800000190734863,0.27364569902420044,17.019786834716797,0.9665883779525757,21.140954971313477,1.7916063070297241,0.37898561358451843,0.5494936108589172
127,0,-8.228972434997559,0.06322488188743591,1.2758255004882812,-0.053032286465168,0.08579475432634354,True,False,False,False,239,9.559999465942383,0.25929203629493713,17.188325881958008,0.9558286666870117,20.539188385009766,2.1484508514404297,0.36894533038139343,0.5378662943840027
128,0,-8.695015907287598,1.125688076019287,0.7849505543708801,0.12651589512825012,0.025226345285773277,True,False,False,False,346,13.84000015258789,0.2642022371292114,17.395353317260742,0.9733532667160034,25.51032066345215,1.843231201171875,0.36293336749076843,0.5398550629615784
129,0,-8.98377513885498,0.35012170672416687,0.9833436608314514,-0.10454307496547699,0.026398731395602226,True,False,False,False,341,13.639999389648438,0.26578980684280396,17.742704391479492,0.9686957597732544,21.665515899658203,1.588381052017212,0.3644600212574005,0.5125691890716553
130,0,-8.772102355957031,0.7886931300163269,0.7096365690231323,-0.049078505486249924,-0.027168162167072296,True,False,False,False,445,17.799999237060547,0.28102168440818787,17.380769729614258,0.9775229096412659,22.3897705078125,1.25785231590271,0.34953615069389343,0.5269917845726013
131,0,-8.707239151000977,0.963085412979126,0.7573144435882568,-0.028618086129426956,-0.10779063403606415,True,False,False,False,414,16.559999465942383,0.29754069447517395,17.581880569458008,0.9631603360176086,47.06732940673828,2.8422300815582275,0.34617921710014343,0.5288931131362915
132,0,-8.026762008666992,-0.2540305256843567,0.9246830940246582,-0.0648898184299469,-0.022600991651415825,True,False,False,False,390,15.59999942779541,0.29648733139038086,18.732322692871094,0.8663483262062073,100.37092590332031,6.4340338706970215,0.45903775095939636,0.5633713603019714
133,0,-8.417059898376465,0.8000496029853821,0.8769473433494568,-0.14118336141109467,0.035087138414382935,True,False,False,False,377,15.079999923706055,0.27119144797325134,17.128618240356445,0.9712382555007935,27.15761375427246,1.8009027242660522,0.3626011312007904,0.5473768711090088
134,0,-8.150403022766113,0.8879141807556152,1.0478277206420898,-0.021972646936774254,0.009262733161449432,True,False,False,False,278,11.119999885559082,0.26876717805862427,16.83085060119629,0.9728600382804871,24.750389099121094,2.225754499435425,0.39570924639701843,0.5576669573783875
135,0,-8.218998908996582,-0.5048376321792603,0.9402107000350952,0.1535205990076065,-0.08254207670688629,True,False,False,False,303,12.119999885559082,0.2874935567378998,17.575185775756836,0.934648334980011,26.27271842956543,2.1677160263061523,0.44876405596733093,0.5633248090744019
136,0,-8.94737720489502,0.8826035261154175,0.8277084827423096,-0.05743545666337013,-0.1074046641588211,True,False,False,False,396,15.839999198913574,0.2872468829154968,17.84619140625,0.9620925188064575,42.01254653930664,2.6523072719573975,0.34913942217826843,0.5170694589614868
137,0,-8.095117568969727,-0.4531903564929962,1.1420625448226929,-0.032560642808675766,-0.034499477595090866,True,False,False,False,273,10.920000076293945,0.2583416700363159,17.444374084472656,0.9344735145568848,35.75879669189453,3.2746150493621826,0.44663140177726746,0.5642527341842651
138,0,-8.286020278930664,0.8069708943367004,0.7035751342773438,-0.04618751257658005,0.048563431948423386,True,False,False,False,437,17.479999542236328,0.261681467294693,17.086780548095703,0.965975284576416,39.38995361328125,2.253429889678955,0.38024255633354187,0.5546939373016357
139,0,-8.608784675598145,-0.0339721143245697,0.9697446227073669,-0.04689675569534302,-0.03984643146395683,True,False,False,False,351,14.039999961853027,0.29951387643814087,18.366008758544922,0.9152134656906128,51.78901290893555,3.688676118850708,0.36844125390052795,0.574064314365387
140,0,-8.723888397216797,0.45425131916999817,0.8310586810112,-0.0917733833193779,-0.058313045650720596,True,False,False,False,398,15.920000076293945,0.2636725902557373,17.55214500427246,0.9645475149154663,26.312164306640625,1.6527740955352783,0.3610384166240692,0.5202621817588806
141,0,-8.97354507446289,-0.7441662549972534,0.7668361663818359,-0.016124054789543152,0.15464277565479279,True,False,False,False,422,16.8799991607666,0.27981191873550415,18.35431480407715,0.9365310072898865,61.254390716552734,3.628814697265625,0.47519418597221375,0.5650426745414734
142,0,-8.884260177612305,0.44451266527175903,0.7706419825553894,-0.001301892683841288,-0.0019032811978831887,True,False,False,False,397,15.880000114440918,0.2928865849971771,17.535066604614258,0.974615216255188,15.914825439453125,1.0021929740905762,0.3804428279399872,0.5178426504135132
143,0,-8.97805404663086,-1.0758986473083496,1.1160857677459717,0.03392684459686279,0.17291200160980225,True,False,False,False,310,12.399999618530273,0.27392345666885376,19.015464782714844,0.905112624168396,85.22010040283203,6.872589111328125,0.49969080090522766,0.5746155381202698
144,0,-8.384015083312988,-0.8788092136383057,1.1949470043182373,0.02797996997833252,-0.0086426492780447,True,False,False,False,255,10.199999809265137,0.29228612780570984,17.498483657836914,0.94904625415802,29.44297218322754,2.886565923690796,0.4719378650188446,0.5674293041229248
145,0,-8.711987495422363,-0.6782842874526978,1.0985640287399292,-0.006194354500621557,-0.19210639595985413,True,False,False,False,364,14.559999465942383,0.29480865597724915,20.04113006591797,0.8445305228233337,91.87023162841797,6.3097686767578125,0.44833680987358093,0.5544227361679077
146,0,-8.241517066955566,-1.2176110744476318,1.236328125,-0.02792784944176674,-0.13965986669063568,True,False,False,False,289,11.559999465942383,0.27523601055145264,18.523386001586914,0.8899958729743958,53.880191802978516,4.660916328430176,0.4464103877544403,0.559391975402832
147,0,-8.301019668579102,-0.46647942066192627,1.0743768215179443,0.001174271572381258,-0.0011509847827255726,True,False,False,False,286,11.4399995803833,0.2917170524597168,17.58575439453125,0.9386855959892273,38.37846374511719,3.3547608852386475,0.44805875420570374,0.5633524060249329
148,0,-8.109210968017578,0.2731643617153168,1.1097729206085205,-0.009472724981606007,-0.14471755921840668,True,False,False,False,268,10.719999313354492,0.2531411647796631,17.05295753479004,0.95651775598526,29.752283096313477,2.775399684906006,0.3477343022823334,0.5381150245666504
149,0,-8.307855606079102,1.0058636665344238,1.215269684791565,0.03239777311682701,-0.002992564346641302,True,False,False,False,235,9.399999618530273,0.2539018392562866,16.97022819519043,0.9745258092880249,18.93346405029297,2.0141983032226562,0.39219972491264343,0.5498765110969543
150,0,-8.165457725524902,0.6372852325439453,0.8552689552307129,0.005375096574425697,0.019237548112869263,True,False,False,False,335,13.399999618530273,0.2934119999408722,16.82113265991211,0.9736347794532776,18.313936233520508,1.3667117357254028,0.39502260088920593,0.5507687330245972
151,0,-8.45616626739502,0.07678315043449402,1.007056713104248,0.07564273476600647,-0.09533823281526566,True,False,False,False,287,11.479999542236328,0.26424023509025574,17.375545501708984,0.9586081504821777,26.900665283203125,2.343263626098633,0.34764406085014343,0.5226675868034363
152,0,-8.964986801147461,0.4657360911369324,1.2590782642364502,-0.0018239079508930445,0.00037448806688189507,True,False,False,False,246,9.84000015258789,0.2280159890651703,17.70119285583496,0.9700586795806885,15.580585479736328,1.583392858505249,0.3651086390018463,0.5126252770423889
153,0,-8.129406929016113,0.3501640260219574,0.871777355670929,0.0028469152748584747,0.06846992671489716,True,False,False,False,335,13.399999618530273,0.2795308828353882,17.013078689575195,0.9600316286087036,27.016212463378906,2.0161352157592773,0.3815961182117462,0.5494842529296875
154,0,-8.24397087097168,1.0325145721435547,1.2803418636322021,0.08446159213781357,0.024716276675462723,True,False,False,False,218,8.720000267028809,0.24232126772403717,17.008338928222656,0.9686881899833679,23.506715774536133,2.6957242488861084,0.4082626402378082,0.5539090037345886
155,0,-8.97357177734375,-0.014803260564804077,1.2262927293777466,-0.0222980584949255,0.0042372532188892365,True,False,False,False,275,11.0,0.24708333611488342,18.588764190673828,0.9238687753677368,37.03953552246094,3.3672304153442383,0.36818239092826843,0.573799192905426
156,0,-8.497637748718262,-0.636809229850769,1.1150875091552734,0.13312594592571259,-0.029331084340810776,True,False,False,False,261,10.4399995803833,0.2725678086280823,17.743892669677734,0.9417079091072083,27.389686584472656,2.623533248901367,0.44268998503685,0.562859833240509
157,0,-8.82431697845459,-0.18861651420593262,1.120773196220398,-0.038706887513399124,0.03153403475880623,True,False,False,False,345,13.799999237060547,0.29803726077079773,20.061607360839844,0.8486530780792236,106.8682632446289,7.744077682495117,0.4565322697162628,0.5626955628395081
158,0,-8.162554740905762,0.3357386589050293,0.9241355061531067,0.04438697546720505,-0.0785137265920639,True,False,False,False,307,12.279999732971191,0.2853407561779022,16.98280143737793,0.963677167892456,27.431427001953125,2.2338294982910156,0.34944459795951843,0.5415286421775818
159,0,-8.514880180358887,-0.9041398167610168,1.0334479808807373,0.11195480078458786,0.1550925374031067,True,False,False,False,309,12.359999656677246,0.2829456925392151,18.404035568237305,0.9095226526260376,82.77159881591797,6.6967315673828125,0.48502472043037415,0.5758587121963501
160,0,-8.106571197509766,-1.024641990661621,0.9694554805755615,0.1208212748169899,-0.01901148445904255,True,False,False,False,291,11.639999389648438,0.28718915581703186,17.218175888061523,0.9488898515701294,27.578346252441406,2.3692739009857178,0.4590602219104767,0.5687878131866455
161,0,-8.645954132080078,-0.11441811919212341,1.1991771459579468,-0.13745884597301483,0.11455932259559631,True,False,False,False,291,11.639999389648438,0.26523709297180176,18.343900680541992,0.9183617234230042,46.51862335205078,3.996445417404175,0.3875667154788971,0.5750724673271179
162,0,-8.319994926452637,-1.1376675367355347,1.2327584028244019,0.0015957225114107132,-0.004686096683144569,True,False,False,False,252,10.079999923706055,0.2832830250263214,17.46002960205078,0.9483619332313538,25.229324340820312,2.5029091835021973,0.4635619819164276,0.5692368745803833
163,0,-8.043684959411621,0.01602381467819214,0.9028534889221191,0.001126029877923429,-0.0002249475073767826,True,False,False,False,321,12.84000015258789,0.27516308426856995,16.858922958374023,0.9635072350502014,18.220216751098633,1.4190199375152588,0.35139772295951843,0.5386537313461304
164,0,-8.541232109069824,1.0777311325073242,0.9310027956962585,0.10197966545820236,0.16108781099319458,True,False,False,False,316,12.639999389648438,0.2857758700847626,17.698471069335938,0.9478377103805542,38.15267562866211,3.0184080600738525,0.44783326983451843,0.5574125647544861
165,0,-8.802775382995605,0.9631985425949097,0.7248620390892029,-0.018556877970695496,-0.194088414311409,True,False,False,False,464,18.559999465942383,0.2930923104286194,18.340347290039062,0.9285301566123962,99.59341430664062,5.366024494171143,0.34288331866264343,0.5256991982460022
166,0,-8.355697631835938,-0.2031494677066803,0.9059309959411621,0.029734622687101364,0.10086144506931305,True,False,False,False,345,13.799999237060547,0.2576957643032074,18.05348014831543,0.9171042442321777,56.05124282836914,4.061684608459473,0.389716237783432,0.5779147744178772
167,0,-8.19553279876709,-0.15817120671272278,1.193034291267395,0.08421368151903152,-0.060515422374010086,True,False,False,False,286,11.4399995803833,0.2854408621788025,18.847463607788086,0.8699464797973633,69.16948699951172,6.046284198760986,0.45293280482292175,0.5620821118354797
168,0,-8.802131652832031,0.6789034605026245,1.2367686033248901,-0.017547737807035446,0.013522367924451828,True,False,False,False,248,9.920000076293945,0.22975824773311615,17.50189781188965,0.9722058773040771,16.247406005859375,1.637843370437622,0.40075990557670593,0.5245460867881775
169,0,-8.992120742797852,0.03685951232910156,0.9539726972579956,0.06118513271212578,0.1402851939201355,True,False,False,False,322,12.880000114440918,0.2767235338687897,18.144811630249023,0.9474973082542419,30.392539978027344,2.3596692085266113,0.4420863687992096,0.5202646255493164
170,0,-8.541810989379883,-0.09576916694641113,0.9480873346328735,0.043131984770298004,0.022922150790691376,True,False,False,False,333,13.319999694824219,0.2796054780483246,18.164152145385742,0.9217100143432617,42.136775970458984,3.163421630859375,0.3886044919490814,0.5751963257789612
171,0,-8.716482162475586,0.3138597309589386,1.113548755645752,0.048017241060733795,-0.05661686882376671,True,False,False,False,266,10.639999389648438,0.29444894194602966,17.477542877197266,0.9680619239807129,20.559185028076172,1.9322543144226074,0.36386415362358093,0.517870306968689
172,0,-8.124727249145508,0.11670023202896118,0.9318528771400452,-0.16972783207893372,-0.012535104528069496,True,False,False,False,355,14.199999809265137,0.2708519995212555,16.885400772094727,0.966819703578949,14.909759521484375,1.049983024597168,0.36787721514701843,0.5377510786056519
173,0,-8.035531997680664,-1.1819449663162231,1.0885493755340576,-0.09332882612943649,0.028562506660819054,True,False,False,False,296,11.84000015258789,0.28275930881500244,17.215749740600586,0.9455133676528931,36.151519775390625,3.053337812423706,0.47667238116264343,0.5706683397293091
174,0,-8.853442192077637,-0.9719933271408081,1.2991888523101807,-0.05738918110728264,0.0668817013502121,True,False,False,False,258,10.319999694824219,0.27759411931037903,18.22606658935547,0.9371547102928162,42.464725494384766,4.1147990226745605,0.47442391514778137,0.5673394203186035
175,0,-8.072858810424805,-0.08024081587791443,0.9327182769775391,0.0034678711090236902,-0.00832842756062746,True,False,False,False,333,13.319999694824219,0.27269262075424194,17.598934173583984,0.9246613383293152,43.51247024536133,3.2667019367218018,0.3880121409893036,0.5745110511779785
176,0,-8.282169342041016,0.8263410329818726,1.0501132011413574,-0.16769914329051971,0.0003776215889956802,True,False,False,False,309,12.359999656677246,0.2842552661895752,16.90104866027832,0.9764188528060913,21.301889419555664,1.7234538793563843,0.35110875964164734,0.5488697290420532
177,0,-8.848299980163574,-0.8610379695892334,1.1846089363098145,0.10075581073760986,-0.1365624964237213,True,False,False,False,288,11.519999504089355,0.29039183259010315,18.870893478393555,0.9045494794845581,44.8955078125,3.89717960357666,0.4487989842891693,0.5585062503814697
178,0,-8.60645580291748,1.1165080070495605,0.9642406702041626,-0.06078053265810013,-0.01975899748504162,True,False,False,False,323,12.920000076293945,0.2606804072856903,17.303524017333984,0.9733771681785583,23.95132827758789,1.8538179397583008,0.3773910701274872,0.5391067266464233
179,0,-8.885783195495605,0.2007909119129181,0.869603157043457,-0.027632461860775948,0.04129309207201004,True,False,False,False,364,14.559999465942383,0.2688875198364258,17.713335037231445,0.9646373391151428,22.400665283203125,1.538507342338562,0.36212584376335144,0.5171773433685303
180,0,-8.500656127929688,0.07160887122154236,0.9165464639663696,-0.02911316603422165,0.08066491782665253,True,False,False,False,339,13.559999465942383,0.26030588150024414,17.5042724609375,0.9540989398956299,26.712125778198242,1.9699208736419678,0.3851386606693268,0.5311062932014465
181,0,-8.099944114685059,-0.6227177381515503,1.1421838998794556,-0.12536172568798065,0.08195086568593979,True,False,False,False,293,11.719999313354492,0.26781517267227173,17.732866287231445,0.9198525547981262,56.096641540527344,4.786403179168701,0.4884633719921112,0.5678858757019043
182,0,-8.811607360839844,-0.16827352344989777,1.1880704164505005,-0.05355636775493622,0.16638465225696564,True,False,False,False,286,11.4399995803833,0.2638300359249115,18.57668685913086,0.9157944321632385,45.50043487548828,3.9773108959198,0.4078347384929657,0.5773677229881287
183,0,-8.01916217803955,-0.23175016045570374,0.7066779136657715,-0.043937116861343384,0.04911517724394798,True,False,False,False,459,18.35999870300293,0.2892264425754547,17.723388671875,0.9152193069458008,64.39651489257812,3.5074357986450195,0.3807479441165924,0.5786123275756836
184,0,-8.048995018005371,0.9399675130844116,0.8612016439437866,-0.025020144879817963,0.15999694168567657,True,False,False,False,364,14.559999465942383,0.2718518078327179,17.40216636657715,0.9352668523788452,52.76268005371094,3.6238105297088623,0.44404909014701843,0.5760704874992371
185,0,-8.105890274047852,0.5417606234550476,1.2611699104309082,0.00952927302569151,0.002810586942359805,True,False,False,False,227,9.079999923706055,0.22686448693275452,16.823156356811523,0.9697779417037964,14.33588695526123,1.5788421630859375,0.38806459307670593,0.5466303825378418
186,0,-8.326355934143066,-0.06155639886856079,1.1957623958587646,0.059301357716321945,0.022575071081519127,True,False,False,False,258,10.319999694824219,0.2668120563030243,17.90103530883789,0.923213005065918,37.294586181640625,3.613816499710083,0.37037965655326843,0.5733199119567871
187,0,-8.82219123840332,0.15030443668365479,0.8639004230499268,-0.002678321674466133,0.008913496509194374,True,False,False,False,356,14.239999771118164,0.26269257068634033,17.59351921081543,0.9675633311271667,16.506210327148438,1.1591440439224243,0.38374635577201843,0.5146396160125732
188,0,-8.753413200378418,-0.5788671970367432,0.8684908747673035,-0.13168004155158997,-0.05143209546804428,True,False,False,False,411,16.440000534057617,0.29410818219184875,18.011493682861328,0.9417943954467773,32.57368087768555,1.9813673496246338,0.44670411944389343,0.5607237815856934
189,0,-8.33484935760498,0.1339341700077057,0.7169537544250488,0.0792425274848938,0.03249288722872734,True,False,False,False,385,15.399999618530273,0.2630715072154999,17.18265151977539,0.9623301029205322,24.342023849487305,1.5806509256362915,0.37510064244270325,0.5366966724395752
190,0,-8.606822967529297,0.5560595989227295,1.05742609500885,0.09663289785385132,-0.08916697651147842,True,False,False,False,269,10.760000228881836,0.27346089482307434,17.382076263427734,0.9674252271652222,22.915903091430664,2.129730701446533,0.34797975420951843,0.5267786383628845
191,0,-8.31868839263916,0.5325509309768677,1.1510035991668701,0.043443743139505386,0.03675892576575279,True,False,False,False,248,9.920000076293945,0.2829209268093109,17.025171279907227,0.9707459807395935,15.85201358795166,1.5979852676391602,0.3624390661716461,0.5414248108863831
192,0,-8.643951416015625,-0.24215437471866608,1.0133888721466064,0.008186661638319492,0.015130789950489998,True,False,False,False,311,12.4399995803833,0.29815220832824707,18.015033721923828,0.9350890517234802,42.31743621826172,3.4017233848571777,0.44870540499687195,0.565434455871582
193,0,-8.19393253326416,0.9144420623779297,0.8383457660675049,0.022419512271881104,-0.03485643491148949,True,False,False,False,336,13.4399995803833,0.28722885251045227,16.800365447998047,0.9772977232933044,26.81841468811035,1.995417833328247,0.35625961422920227,0.5547635555267334
194,0,-8.6287841796875,0.1533697545528412,0.7475809454917908,-0.09238696098327637,0.13264068961143494,True,False,False,False,465,18.600000381469727,0.2991720736026764,18.06240463256836,0.9317403435707092,47.40948486328125,2.5488970279693604,0.44554445147514343,0.5417323112487793
195,0,-8.85971736907959,1.1317319869995117,0.874082088470459,0.05333610251545906,0.07956907153129578,True,False,False,False,340,13.59999942779541,0.29607510566711426,17.683616638183594,0.9668028354644775,33.12455749511719,2.435629367828369,0.38802042603492737,0.53544682264328
196,0,-8.680476188659668,-0.9904259443283081,0.8549355864524841,-0.16093243658542633,0.085193932056427,True,False,False,False,437,17.479999542236328,0.28585031628608704,18.407968521118164,0.9185696840286255,84.46104431152344,4.831867694854736,0.4616357982158661,0.5702794194221497
197,0,-8.312592506408691,1.053904414176941,0.8373297452926636,0.12925173342227936,0.010295454412698746,True,False,False,False,315,12.59999942779541,0.25893691182136536,16.984527587890625,0.9741567969322205,22.177494049072266,1.7601186037063599,0.38817140460014343,0.5528616309165955
198,0,-8.883503913879395,-1.0659797191619873,1.0646101236343384,0.016023652628064156,0.12005103379487991,True,False,False,False,317,12.679999351501465,0.26745980978012085,18.682214736938477,0.9161738753318787,77.7588119506836,6.13239860534668,0.489755243062973,0.5734679102897644
199,0,-8.70097827911377,1.184213638305664,0.7407638430595398,-0.03768018260598183,-0.011405213735997677,True,False,False,False,418,16.719999313354492,0.28937456011772156,17.30830192565918,0.978818953037262,23.783891677856445,1.422481656074524,0.37091371417045593,0.5370623469352722
200,0,-8.523483276367188,1.0674974918365479,1.1913481950759888,0.17187033593654633,-0.01704726740717888,True,False,False,False,227,9.079999923706055,0.25501376390457153,17.246675491333008,0.9716030359268188,22.21751594543457,2.4468629360198975,0.39090725779533386,0.5426591038703918
201,0,-8.468343734741211,0.858510434627533,0.9511662125587463,-0.13200418651103973,-0.002093374961987138,True,False,False,False,341,13.639999389648438,0.25650754570961,17.100570678710938,0.9759936332702637,22.747285842895508,1.6676896810531616,0.38705751299858093,0.5433661341667175
202,0,-8.430411338806152,1.1085550785064697,1.029821515083313,-0.164297416806221,0.03482865169644356,True,False,False,False,321,12.84000015258789,0.28806379437446594,17.124401092529297,0.9732699990272522,23.418724060058594,1.8238881826400757,0.3583609163761139,0.5477690696716309
203,0,-8.037500381469727,0.8039920330047607,1.1330407857894897,0.07814767211675644,0.01718784123659134,True,False,False,False,240,9.59999942779541,0.293878436088562,16.681049346923828,0.9745809435844421,19.92121124267578,2.0751264095306396,0.3956667482852936,0.5578196048736572
204,0,-8.114498138427734,-0.275190532207489,0.7713991403579712,0.052861083298921585,-0.016770126298069954,True,False,False,False,381,15.239999771118164,0.2985761761665344,17.4603328704834,0.9345055818557739,46.57181930541992,3.055893659591675,0.4568333327770233,0.5661832690238953
205,0,-8.776150703430176,-0.07425248622894287,1.2982511520385742,0.03384922444820404,-0.12243332713842392,True,False,False,False,257,10.279999732971191,0.27323347330093384,18.58975601196289,0.9132078289985657,41.1927604675293,4.007078170776367,0.4498172104358673,0.5620322227478027
206,0,-8.972881317138672,-1.0450626611709595,0.7613498568534851,0.09387217462062836,0.044752541929483414,True,False,False,False,403,16.119998931884766,0.2778468132019043,18.31694984436035,0.9392452239990234,57.43318557739258,3.5628528594970703,0.46151748299598694,0.5690732598304749
207,0,-8.641590118408203,0.1568901538848877,1.2665233612060547,-0.07116055488586426,0.008317152038216591,True,False,False,False,249,9.960000038146973,0.2355525642633438,17.443370819091797,0.9655421376228333,15.689821243286133,1.5752832889556885,0.38150617480278015,0.5190837979316711
208,0,-8.934882164001465,-1.1039365530014038,1.2664724588394165,-0.016554461792111397,0.06076071783900261,True,False,False,False,262,10.479999542236328,0.2563765347003937,18.279590606689453,0.9392879605293274,40.6760368347168,3.8813014030456543,0.4750541150569916,0.5688459873199463
209,0,-8.67358112335205,0.13556182384490967,1.2342617511749268,0.17863360047340393,0.08280356228351593,True,False,False,False,226,9.039999961853027,0.25406986474990845,17.57992935180664,0.9598511457443237,19.98613929748535,2.2108561992645264,0.3768148124217987,0.5227816700935364
210,0,-8.18486499786377,0.7387939095497131,0.7543918490409851,-0.03507770970463753,-0.04211806133389473,True,False,False,False,395,15.799999237060547,0.2654479444026947,16.87577247619629,0.971879243850708,24.623022079467773,1.5584192276000977,0.35265597701072693,0.5483529567718506
211,0,-8.864834785461426,1.1035876274108887,0.9972383975982666,-0.02014210633933544,-0.08890701085329056,True,False,False,False,312,12.479999542236328,0.26372721791267395,17.682619094848633,0.9670437574386597,27.57496452331543,2.2095324993133545,0.3487808406352997,0.5270153284072876
212,0,-8.70292854309082,1.0654319524765015,1.131338357925415,0.06203490123152733,-0.042336758226156235,True,False,False,False,257,10.279999732971191,0.22929328680038452,17.463184356689453,0.9698053598403931,24.22753143310547,2.3567638397216797,0.36801567673683167,0.5351512432098389
213,0,-8.74858283996582,-0.7737187147140503,1.207087755203247,0.0007444378570653498,-0.14169372618198395,True,False,False,False,294,11.75999927520752,0.28775754570961,18.879499435424805,0.8986428380012512,52.615455627441406,4.4741034507751465,0.44915011525154114,0.5582796931266785
214,0,-8.712367057800293,-0.848185122013092,0.9991488456726074,0.003358657704666257,0.12543541193008423,True,False,False,False,335,13.399999618530273,0.28664451837539673,18.545616149902344,0.913059651851654,81.98987579345703,6.118647575378418,0.4909432828426361,0.5713693499565125
215,0,-8.901000022888184,-0.2848254144191742,0.7564345598220825,-0.023645617067813873,-0.15814056992530823,True,False,False,False,604,24.15999984741211,0.29022669792175293,21.729164123535156,0.787114143371582,177.9552764892578,7.36569881439209,0.44911500811576843,0.5533624291419983
216,0,-8.277209281921387,-0.36529654264450073,0.8183871507644653,0.0012813986977562308,-0.00018558210285846144,True,False,False,False,374,14.960000038146973,0.28891870379447937,17.55108070373535,0.9390411972999573,44.86918640136719,2.999277114868164,0.4644574820995331,0.5648922920227051
217,0,-8.477250099182129,0.013267099857330322,0.7498953938484192,0.016127601265907288,-0.030985623598098755,True,False,False,False,395,15.799999237060547,0.26022547483444214,17.283435821533203,0.964927077293396,21.22528648376465,1.3433725833892822,0.34955140948295593,0.5231040716171265
218,0,-8.824649810791016,-0.454990029335022,0.8837076425552368,-0.016202202066779137,-0.00817449577152729,True,False,False,False,366,14.639999389648438,0.2671035826206207,18.105140686035156,0.9406512975692749,38.27546310424805,2.6144442558288574,0.46182653307914734,0.5622997283935547
219,0,-8.333693504333496,-0.8094245195388794,1.1055278778076172,0.005246463697403669,0.014773238450288773,True,False,False,False,279,11.15999984741211,0.26499706506729126,17.56360626220703,0.9424684047698975,35.63887023925781,3.1934471130371094,0.46101686358451843,0.5668045878410339
220,0,-8.122000694274902,-1.1129682064056396,0.8830841779708862,-0.14612223207950592,0.016978256404399872,True,False,False,False,391,15.639999389648438,0.2742977440357208,17.382150650024414,0.9411505460739136,47.74894714355469,3.053001880645752,0.45006105303764343,0.5695693492889404
221,0,-8.854419708251953,-0.12960955500602722,0.9304301738739014,0.001408365904353559,-0.0014308022800832987,True,False,False,False,401,16.03999900817871,0.2839279770851135,19.809568405151367,0.8609426617622375,103.87650299072266,6.476091384887695,0.44880983233451843,0.5636338591575623
222,0,-8.225337982177734,1.0737805366516113,1.2287013530731201,0.021623486652970314,-0.025841139256954193,True,False,False,False,233,9.319999694824219,0.24229684472084045,16.955768585205078,0.9707476496696472,21.66014289855957,2.324049711227417,0.38677743077278137,0.5537668466567993
223,0,-8.218896865844727,0.2116851508617401,0.7872165441513062,-0.040167294442653656,-0.010985355824232101,True,False,False,False,383,15.319999694824219,0.2591680884361267,16.927837371826172,0.9700138568878174,15.114090919494629,0.9865594506263733,0.36186525225639343,0.5379395484924316
224,0,-8.636605262756348,0.8761752843856812,1.1347835063934326,-0.13867363333702087,0.0593753419816494,True,False,False,False,290,11.59999942779541,0.254271537065506,17.423429489135742,0.9676045775413513,29.711944580078125,2.5613746643066406,0.36452093720436096,0.5371077060699463
225,0,-8.522836685180664,0.11472418904304504,0.9932022094726562,0.13665950298309326,-0.1066889762878418,True,False,False,False,281,11.239999771118164,0.260897159576416,17.411251068115234,0.9604837894439697,28.856555938720703,2.5673093795776367,0.34779664874076843,0.519920825958252
226,0,-8.72188949584961,-0.0644586980342865,1.124097466468811,-0.03759812191128731,-0.12425535917282104,True,False,False,False,308,12.319999694824219,0.26977038383483887,18.55611228942871,0.9119372963905334,47.73995590209961,3.8749964237213135,0.44597169756889343,0.5630907416343689
227,0,-8.801694869995117,-0.2965105175971985,1.2680764198303223,0.03797576203942299,0.04385099560022354,True,False,False,False,245,9.800000190734863,0.2723442018032074,18.106746673583984,0.939110517501831,32.0564079284668,3.271061897277832,0.4564124047756195,0.560199499130249
228,0,-8.342796325683594,0.21940574049949646,1.1923259496688843,-0.01199210062623024,-0.014529027044773102,True,False,False,False,250,10.0,0.28374427556991577,17.148168563842773,0.9647809267044067,20.75605010986328,2.0756049156188965,0.35579225420951843,0.5315693020820618
229,0,-8.05620288848877,-0.9988034963607788,0.9122540354728699,-0.001466789748519659,-0.004664644133299589,True,False,False,False,334,13.359999656677246,0.29920366406440735,17.218950271606445,0.9458359479904175,39.19181823730469,2.9335193634033203,0.4520053565502167,0.5696447491645813
230,0,-8.379168510437012,1.1115633249282837,1.1663947105407715,-0.15238414704799652,-0.061125293374061584,True,False,False,False,276,11.039999961853027,0.2575909495353699,17.129077911376953,0.9700306057929993,25.37992286682129,2.298906087875366,0.36122533679008484,0.5461863875389099
231,0,-8.972878456115723,-0.034638941287994385,0.8444744348526001,0.090717613697052,-0.014983933418989182,True,False,False,False,427,17.079999923706055,0.2925667464733124,19.891921997070312,0.8633108735084534,101.4430160522461,5.939286708831787,0.4684206545352936,0.5623508095741272
232,0,-8.267857551574707,-0.5072749257087708,0.8380730748176575,-0.1659284234046936,0.016140101477503777,True,False,False,False,423,16.920000076293945,0.28210148215293884,17.68436050415039,0.9316440224647522,53.61369705200195,3.1686582565307617,0.4571817219257355,0.5654808282852173
233,0,-8.859268188476562,0.9614366292953491,1.202192783355713,0.06311474740505219,0.14633716642856598,True,False,False,False,251,10.039999961853027,0.2759798467159271,17.809080123901367,0.9593910574913025,35.405330657958984,3.5264272689819336,0.4199592173099518,0.5355859398841858
234,0,-8.723660469055176,0.9282923936843872,0.9048906564712524,0.09086625277996063,-0.05316119268536568,True,False,False,False,310,12.399999618530273,0.2939228415489197,17.346725463867188,0.9770522713661194,24.665935516357422,1.9891884326934814,0.34881898760795593,0.5339159965515137
235,0,-8.579694747924805,-0.3434981405735016,1.0552881956100464,0.006805964279919863,0.045120541006326675,True,False,False,False,296,11.84000015258789,0.278598427772522,17.942392349243164,0.935390830039978,43.22626876831055,3.650867223739624,0.4790140688419342,0.5638054013252258
236,0,-8.080924034118652,-0.4147070050239563,0.9323782920837402,-0.1565663069486618,-0.0974489375948906,True,False,False,False,373,14.920000076293945,0.28921765089035034,17.42799186706543,0.9344801306724548,31.241777420043945,2.0939528942108154,0.44606325030326843,0.5628291368484497
237,0,-8.152424812316895,1.1775217056274414,0.8425079584121704,-0.016918061301112175,-0.023812472820281982,True,False,False,False,345,13.799999237060547,0.257724791765213,16.815946578979492,0.9749082326889038,23.820310592651367,1.726109504699707,0.3660483658313751,0.557746171951294
238,0,-8.635522842407227,0.591957688331604,1.0489301681518555,-0.15528294444084167,0.09319373965263367,True,False,False,False,323,12.920000076293945,0.27274391055107117,17.522716522216797,0.9613660573959351,28.9416446685791,2.240065336227417,0.4027186334133148,0.5365157127380371
239,0,-8.7498779296875,0.49288466572761536,0.8156135678291321,0.05024436488747597,-0.08023092895746231,True,False,False,False,361,14.4399995803833,0.2820693850517273,17.566749572753906,0.9652849435806274,31.430749893188477,2.176644802093506,0.3486120402812958,0.5219844579696655
240,0,-8.929732322692871,-0.5003994107246399,0.9332759976387024,-0.11899420619010925,-0.08769530802965164,True,False,False,False,394,15.75999927520752,0.27028024196624756,18.57316780090332,0.9226705431938171,45.633583068847656,2.8955321311950684,0.44922277331352234,0.5586138367652893
241,0,-8.159689903259277,0.13300225138664246,0.7437443733215332,0.038333699107170105,0.01661003939807415,True,False,False,False,379,15.15999984741211,0.280474990606308,16.958263397216797,0.9647344946861267,21.169816970825195,1.3964259624481201,0.3680069148540497,0.5406766533851624
242,0,-8.7628755569458,-0.33419376611709595,1.1032111644744873,-0.04906177893280983,-0.03667863458395004,True,False,False,False,298,11.920000076293945,0.27090540528297424,18.08211326599121,0.9382813572883606,33.3144416809082,2.7948358058929443,0.4527933895587921,0.5604988932609558
243,0,-8.853940963745117,-1.082430124282837,1.1844689846038818,-0.005520266015082598,0.015301624312996864,True,False,False,False,273,10.920000076293945,0.26130247116088867,18.00346565246582,0.9491321444511414,29.433818817138672,2.695404529571533,0.47960206866264343,0.5678868889808655
244,0,-8.802848815917969,1.0175293684005737,0.7908715009689331,0.1636023372411728,-0.09169796854257584,True,False,False,False,338,13.519999504089355,0.25772497057914734,17.576221466064453,0.969078779220581,37.12165451049805,2.7456846237182617,0.34875795245170593,0.5304065942764282
245,0,-8.045646667480469,-0.7251168489456177,0.858129620552063,-0.18755513429641724,0.03590203821659088,True,False,False,False,413,16.520000457763672,0.27181845903396606,17.431949615478516,0.9328576922416687,52.99739074707031,3.2080743312835693,0.46325430274009705,0.5682567358016968
246,0,-8.755631446838379,0.636566162109375,1.1495699882507324,0.0029159397818148136,-0.020914295688271523,True,False,False,False,263,10.519999504089355,0.2829793393611908,17.45858383178711,0.9718639850616455,20.152915954589844,1.915676474571228,0.35280153155326843,0.5235855579376221
247,0,-8.163628578186035,-0.8925866484642029,1.199514627456665,-0.03142367675900459,0.0943913385272026,True,False,False,False,270,10.800000190734863,0.29982510209083557,17.842723846435547,0.9184426069259644,57.363548278808594,5.311439514160156,0.4588123857975006,0.5715541839599609
248,0,-8.44875431060791,-0.6018883585929871,1.2469372749328613,-0.008562344126403332,0.041876133531332016,True,False,False,False,251,10.039999961853027,0.28505900502204895,17.770160675048828,0.9374951124191284,40.649986267089844,4.048803329467773,0.46243593096733093,0.5633087158203125
249,0,-8.788642883300781,0.21342501044273376,1.059095859527588,-0.17666102945804596,0.006970083806663752,True,False,False,False,326,13.039999961853027,0.288434237241745,17.532846450805664,0.9690361022949219,18.1650390625,1.3930244445800781,0.39975282549858093,0.5152216553688049
250,0,-8.461490631103516,-0.42236602306365967,1.1382887363433838,0.13942955434322357,-0.061497196555137634,True,False,False,False,254,10.15999984741211,0.2972644567489624,17.701040267944336,0.9415689706802368,27.1844539642334,2.67563533782959,0.4598020017147064,0.5606374144554138
251,0,-8.833518981933594,-1.1274715662002563,1.2601083517074585,0.003506448119878769,0.0020633290987461805,True,False,False,False,255,10.199999809265137,0.28760379552841187,17.956453323364258,0.9506414532661438,28.074329376220703,2.752385377883911,0.44752809405326843,0.5685025453567505
252,0,-8.535850524902344,-0.22785089910030365,1.0811142921447754,0.08304232358932495,-0.04597116634249687,True,False,False,False,278,11.119999885559082,0.28842851519584656,17.860107421875,0.9371374249458313,30.80206871032715,2.769970178604126,0.46882155537605286,0.5633623003959656
253,0,-8.206460952758789,0.9767322540283203,0.7411750555038452,-0.048446036875247955,0.03026392124593258,True,False,False,False,409,16.35999870300293,0.2867252230644226,16.92120933532715,0.9712656736373901,35.26836013793945,2.1557679176330566,0.3634001314640045,0.5580225586891174
254,0,-8.653844833374023,-0.3736031651496887,0.9431975483894348,0.04612858593463898,-0.1650291234254837,True,False,False,False,413,16.520000457763672,0.2976214289665222,19.983861923217773,0.8435763716697693,95.05372619628906,5.753857135772705,0.44480279088020325,0.5560770034790039
255,0,-8.891887664794922,-1.016813039779663,1.150478720664978,0.03344908356666565,-0.03328806906938553,True,False,False,False,277,11.079999923706055,0.25865548849105835,18.050945281982422,0.9485146403312683,25.92607879638672,2.3398988246917725,0.44942018389701843,0.5650849938392639
256,0,-8.820068359375,0.49729257822036743,1.2970917224884033,-0.08975392580032349,-0.04860435053706169,True,False,False,False,247,9.880000114440918,0.27504268288612366,17.506860733032227,0.9726019501686096,17.485475540161133,1.769784927368164,0.3789882957935333,0.5143542289733887
257,0,-8.534147262573242,0.9597389698028564,0.9227346777915955,-0.039146579802036285,-0.03595903143286705,True,False,False,False,330,13.199999809265137,0.26748722791671753,17.19317054748535,0.9748733639717102,26.92105484008789,2.03947377204895,0.35667452216148376,0.5408197641372681
258,0,-8.99474811553955,-0.887197732925415,1.2749425172805786,0.09769252687692642,0.03422959893941879,True,False,False,False,241,9.639999389648438,0.29057610034942627,18.13321304321289,0.9494858980178833,31.03467559814453,3.219364881515503,0.4674430787563324,0.5640286207199097
259,0,-8.639084815979004,-1.1494550704956055,0.9471107125282288,-0.043250471353530884,-0.08817040920257568,True,False,False,False,375,15.0,0.2894524931907654,18.470226287841797,0.9137725830078125,53.22947692871094,3.5486319065093994,0.44752809405326843,0.5604814291000366
260,0,-8.00476360321045,-0.026638656854629517,1.2973475456237793,0.05737071856856346,-0.02078266069293022,True,False,False,False,235,9.399999618530273,0.2926245927810669,17.630191802978516,0.9191497564315796,37.993560791015625,4.041868209838867,0.35475465655326843,0.5721493363380432
261,0,-8.610313415527344,0.5442739725112915,1.1882362365722656,0.11201804876327515,0.07310636341571808,True,False,False,False,239,9.559999465942383,0.25374287366867065,17.425312042236328,0.9652032256126404,20.70462417602539,2.1657557487487793,0.37472960352897644,0.5349701642990112
262,0,-8.026293754577637,-0.957571804523468,1.0308237075805664,-0.018911000341176987,-0.06763364374637604,True,False,False,False,300,12.0,0.287593275308609,17.165075302124023,0.9469234943389893,27.790964126586914,2.315913677215576,0.448992520570755,0.5665679574012756
263,0,-8.581385612487793,-1.2399481534957886,0.7794754505157471,0.06568372994661331,0.03550206497311592,True,False,False,False,383,15.319999694824219,0.2745957374572754,17.70297622680664,0.9504804015159607,39.023921966552734,2.547253370285034,0.4529968202114105,0.5703988075256348
264,0,-8.174501419067383,-0.7681092619895935,0.7307596206665039,-0.12728653848171234,0.05275873839855194,True,False,False,False,482,19.279998779296875,0.29560765624046326,17.81056022644043,0.9203632473945618,85.3824234008789,4.428549289703369,0.4579276740550995,0.5693066120147705
265,0,-8.10815715789795,-0.2898643910884857,1.1820029020309448,0.0051241060718894005,0.03456088900566101,True,False,False,False,262,10.479999542236328,0.28446733951568604,17.65990447998047,0.9236000180244446,49.18174362182617,4.6929144859313965,0.4465459883213043,0.5663550496101379
266,0,-8.4835786819458,0.3099219501018524,1.0791497230529785,-0.05546854808926582,-0.03223723545670509,True,False,False,False,286,11.4399995803833,0.2659158408641815,17.202455520629883,0.9700013399124146,15.12693977355957,1.3222849369049072,0.36533448100090027,0.5269141793251038
267,0,-8.410341262817383,-1.1443430185317993,1.0695167779922485,0.006916843354701996,0.008888540789484978,True,False,False,False,293,11.719999313354492,0.25915175676345825,17.628273010253906,0.9444497227668762,35.48876953125,3.0280520915985107,0.45738938450813293,0.5688333511352539
268,0,-8.313817977905273,-0.773505449295044,0.8171511888504028,-0.053182631731033325,0.16421300172805786,True,False,False,False,390,15.59999942779541,0.2906244695186615,17.702592849731445,0.933851957321167,54.91545486450195,3.520221710205078,0.46775445342063904,0.5660808086395264
269,0,-8.745767593383789,-0.5827856659889221,1.118331789970398,0.001622785348445177,-0.0004203831485938281,True,False,False,False,285,11.399999618530273,0.2584819495677948,18.02817153930664,0.9405064582824707,31.784852981567383,2.788145065307617,0.4588577449321747,0.5624330639839172
270,0,-8.462316513061523,1.159125566482544,0.9465925693511963,0.03748033568263054,0.08191046863794327,True,False,False,False,309,12.359999656677246,0.2569335997104645,17.328208923339844,0.9638547301292419,28.264305114746094,2.2867560386657715,0.39381054043769836,0.5513079762458801
271,0,-8.094057083129883,0.4606664180755615,1.0021777153015137,-0.030163126066327095,0.0755499005317688,True,False,False,False,296,11.84000015258789,0.2994635999202728,16.927701950073242,0.9629453420639038,25.63878059387207,2.1654374599456787,0.37754181027412415,0.5524198412895203
272,0,-8.457286834716797,1.1902403831481934,0.8116361498832703,0.12068850547075272,-0.13649505376815796,True,False,False,False,334,13.359999656677246,0.29503077268600464,17.283021926879883,0.9662088751792908,49.293128967285156,3.689605474472046,0.3464297950267792,0.5433515310287476
273,0,-8.752008438110352,-0.28676971793174744,1.2256970405578613,0.10277323424816132,-0.1177150160074234,True,False,False,False,253,10.119999885559082,0.28337329626083374,18.19386100769043,0.9318743944168091,29.606813430786133,2.925574541091919,0.44937822222709656,0.5593733787536621
274,0,-8.974538803100586,-0.713735818862915,0.7562300562858582,-0.0033631871920078993,-0.067507304251194,True,False,False,False,454,18.15999984741211,0.2872503101825714,18.61568260192871,0.9233671426773071,49.13154983520508,2.705481767654419,0.4493057429790497,0.5597366690635681
275,0,-8.997859001159668,-0.7358235120773315,1.195575475692749,0.04636472836136818,-0.06908582895994186,True,False,False,False,266,10.639999389648438,0.29511937499046326,18.166208267211914,0.9475464224815369,21.685325622558594,2.0380945205688477,0.4573107659816742,0.5599331259727478
276,0,-8.61999225616455,-0.94600909948349,0.8578927516937256,0.03895153850317001,0.0737709030508995,True,False,False,False,372,14.880000114440918,0.29975882172584534,18.204185485839844,0.9253975749015808,68.61173248291016,4.611003398895264,0.4520808756351471,0.5716453790664673
277,0,-8.342890739440918,-0.9219045639038086,1.1569117307662964,-0.11630595475435257,0.02926558442413807,True,False,False,False,288,11.519999504089355,0.29875725507736206,17.635290145874023,0.9394857287406921,40.71611022949219,3.5343847274780273,0.46433529257774353,0.5695127844810486
278,0,-8.889457702636719,-0.13455606997013092,1.2191885709762573,-0.03244581073522568,-0.10242902487516403,True,False,False,False,271,10.84000015258789,0.28157880902290344,18.215059280395508,0.938233494758606,30.135963439941406,2.7800703048706055,0.44966432452201843,0.5622596144676208
279,0,-8.156512260437012,-0.07595591247081757,0.9275621175765991,-0.037356264889240265,0.14780060946941376,True,False,False,False,342,13.679999351501465,0.28697171807289124,17.691909790039062,0.9245291948318481,45.8200569152832,3.349419593811035,0.44667360186576843,0.5714851021766663
280,0,-8.832595825195312,-0.9048965573310852,1.2421714067459106,0.08949820697307587,-0.06258844584226608,True,False,False,False,248,9.920000076293945,0.2794574201107025,17.987096786499023,0.9482465386390686,21.306474685668945,2.147830009460449,0.450482577085495,0.5633302330970764
281,0,-8.048392295837402,-0.8782796859741211,1.156802773475647,-0.02546427771449089,-0.04558370262384415,True,False,False,False,267,10.679999351501465,0.2768843472003937,17.207143783569336,0.9456353187561035,27.530553817749023,2.5777673721313477,0.4534468948841095,0.5661057233810425
282,0,-8.983162879943848,-0.995589017868042,0.7785882353782654,-0.03827677294611931,0.03600706905126572,True,False,False,False,431,17.239999771118164,0.29510173201560974,18.202423095703125,0.9455602169036865,51.124027252197266,2.965430736541748,0.4568392336368561,0.5682662129402161
283,0,-8.231477737426758,0.016601979732513428,1.1400843858718872,0.15725430846214294,0.04187343269586563,True,False,False,False,238,9.519999504089355,0.27368858456611633,17.14247703552246,0.9585245847702026,20.92722511291504,2.1982381343841553,0.35991212725639343,0.5326469540596008
284,0,-8.583977699279785,1.0502793788909912,1.1571770906448364,-0.017963550984859467,-0.06181354075670242,True,False,False,False,260,10.399999618530273,0.26248252391815186,17.29319953918457,0.9724188446998596,24.92359161376953,2.3964993953704834,0.34909048676490784,0.5381584763526917
285,0,-8.0460844039917,-1.0149654150009155,0.7642472982406616,-0.15184248983860016,0.12322471290826797,True,False,False,False,451,18.03999900817871,0.2992527484893799,17.439311981201172,0.9333617687225342,68.00316619873047,3.7695770263671875,0.47672781348228455,0.5718810558319092
286,0,-8.268047332763672,0.0716729462146759,1.1461008787155151,0.019264603033661842,-0.023711679503321648,True,False,False,False,254,10.15999984741211,0.2986884117126465,17.03362274169922,0.9668055176734924,17.638839721679688,1.736106276512146,0.34932252764701843,0.5316178202629089
287,0,-8.975414276123047,-0.6345579624176025,0.7861487865447998,-0.056651510298252106,-0.04029883071780205,True,False,False,False,435,17.399999618530273,0.2954196631908417,18.20267105102539,0.9441983103752136,33.89693832397461,1.948099970817566,0.44935914874076843,0.5613956451416016
288,0,-8.371438026428223,0.3349381685256958,0.8687927722930908,0.027122171595692635,-0.018928179517388344,True,False,False,False,333,13.319999694824219,0.25235047936439514,17.123605728149414,0.9679481387138367,20.861644744873047,1.5661895275115967,0.35194703936576843,0.5338946580886841
289,0,-8.488269805908203,-0.7768429517745972,1.2152392864227295,0.0009743440896272659,0.01717408373951912,True,False,False,False,257,10.279999732971191,0.27924326062202454,17.70749282836914,0.943443775177002,32.04266357421875,3.116990804672241,0.4580674469470978,0.5659857988357544
290,0,-8.817411422729492,-0.8722281455993652,1.230649471282959,0.1233673095703125,0.11262296140193939,True,False,False,False,254,10.15999984741211,0.2865407466888428,18.369224548339844,0.9276039004325867,51.71883010864258,5.090435981750488,0.4512445032596588,0.5691847801208496
291,0,-8.511262893676758,-1.075908899307251,1.1260030269622803,-0.013617911376059055,-0.07719143480062485,True,False,False,False,289,11.559999465942383,0.26997998356819153,17.786420822143555,0.9414628744125366,25.351781845092773,2.193060874938965,0.44880983233451843,0.562988817691803
292,0,-8.927095413208008,-0.04262551665306091,1.2046563625335693,0.05141294747591019,-0.022912926971912384,True,False,False,False,307,12.279999732971191,0.2638438642024994,19.914270401000977,0.8600439429283142,79.52337646484375,6.4758453369140625,0.4575764834880829,0.561606764793396
293,0,-8.034354209899902,-0.009498223662376404,0.8897861242294312,-0.03466934338212013,0.05193675309419632,True,False,False,False,349,13.960000038146973,0.2700801193714142,17.409072875976562,0.9325228333473206,40.88405990600586,2.9286575317382812,0.4066953957080841,0.5657832622528076
294,0,-8.754525184631348,-0.020967498421669006,1.1810728311538696,-0.07343241572380066,-0.049892671406269073,True,False,False,False,327,13.079999923706055,0.2958402931690216,19.808917999267578,0.855904221534729,89.21232604980469,6.82051420211792,0.454539030790329,0.5615947246551514
295,0,-8.739385604858398,0.470479279756546,1.1161359548568726,-0.041084226220846176,0.0731278583407402,True,False,False,False,281,11.239999771118164,0.26779067516326904,17.566558837890625,0.9646627306938171,24.064443588256836,2.1409647464752197,0.37603524327278137,0.5281665921211243
296,0,-8.208118438720703,-1.1859848499298096,0.7069898247718811,-0.010257949121296406,0.0064304587431252,True,False,False,False,437,17.479999542236328,0.2971862852573395,17.278499603271484,0.9520594477653503,38.01200866699219,2.174600124359131,0.46805116534233093,0.5703892111778259
297,0,-8.955997467041016,-1.1703028678894043,1.2052195072174072,0.012856449000537395,-0.09381450712680817,True,False,False,False,291,11.639999389648438,0.2907298803329468,18.79686164855957,0.9147902131080627,44.61509323120117,3.832911968231201,0.4491030275821686,0.5590568780899048
298,0,-8.32447338104248,0.1667383313179016,1.0644102096557617,0.04356636479496956,0.17331965267658234,True,False,False,False,280,11.199999809265137,0.29034000635147095,17.53070068359375,0.9426491856575012,32.216339111328125,2.8764588832855225,0.43754813075065613,0.5464521050453186
299,0,-8.824122428894043,-0.9389176964759827,0.8565574288368225,0.008202411234378815,0.014014591462910175,True,False,False,False,373,14.920000076293945,0.26738178730010986,18.046886444091797,0.9447363018989563,42.92597579956055,2.8770761489868164,0.4487042725086212,0.5673748254776001
300,0,-8.857067108154297,-0.5375659465789795,1.212252140045166,-0.0961306244134903,0.07891115546226501,True,False,False,False,284,11.359999656677246,0.2572841942310333,18.466339111328125,0.9241349697113037,54.147953033447266,4.766545295715332,0.47473976016044617,0.5625156164169312
301,0,-8.813078880310059,0.6854952573776245,0.9348818063735962,0.004840269219130278,0.06929132342338562,True,False,False,False,327,13.079999923706055,0.2592041790485382,17.618452072143555,0.9664098620414734,27.240564346313477,2.0826120376586914,0.3765830099582672,0.5319341421127319
302,0,-8.661703109741211,-0.1504763960838318,1.0365102291107178,-0.06830707937479019,0.008098578080534935,True,False,False,False,375,15.0,0.2859518229961395,19.896818161010742,0.8474904894828796,112.45565795898438,7.497044086456299,0.4578998386859894,0.5634057521820068
303,0,-8.914149284362793,0.6445454359054565,1.194715976715088,0.024585261940956116,0.012417287565767765,True,False,False,False,252,10.079999923706055,0.24170833826065063,17.549327850341797,0.9758821725845337,12.444497108459473,1.2345731258392334,0.3539144694805145,0.5204616189002991
304,0,-8.332878112792969,1.1235759258270264,0.7236101627349854,-0.10685066133737564,-0.10210750997066498,True,False,False,False,455,18.19999885559082,0.2616579234600067,17.27655029296875,0.959122896194458,52.266334533691406,2.871776819229126,0.3464758098125458,0.5465314388275146
305,0,-8.79624080657959,0.6508104801177979,0.7864506840705872,-0.14144977927207947,-0.135701522231102,True,False,False,False,456,18.239999771118164,0.29540473222732544,17.902557373046875,0.9500588178634644,78.71419525146484,4.315471172332764,0.3454696834087372,0.5149994492530823
306,0,-8.874767303466797,-1.1895678043365479,0.9212896823883057,0.00816219300031662,-0.15149961411952972,True,False,False,False,438,17.520000457763672,0.2930421233177185,20.15510368347168,0.8491865396499634,116.39623260498047,6.643620491027832,0.4450332820415497,0.5535000562667847
307,0,-8.197732925415039,-0.13953492045402527,1.2894020080566406,-0.10080152004957199,-0.1439589560031891,True,False,False,False,283,11.319999694824219,0.27945733070373535,18.706422805786133,0.8766141533851624,68.34376525878906,6.037435054779053,0.4467880427837372,0.562106728553772
308,0,-8.26109790802002,-0.5093597769737244,0.9064158797264099,0.021823178976774216,-0.14722056686878204,True,False,False,False,402,16.079999923706055,0.287156343460083,19.042539596557617,0.8648445010185242,79.2023696899414,4.925520420074463,0.4444229304790497,0.5595492124557495
309,0,-8.449642181396484,0.2984805405139923,0.7286807894706726,0.06325076520442963,0.05677422508597374,True,False,False,False,388,15.519999504089355,0.2950557768344879,17.292158126831055,0.9629955291748047,27.816059112548828,1.7922718524932861,0.381298691034317,0.5379489660263062
310,0,-8.059940338134766,-0.44586867094039917,1.1377149820327759,0.028077198192477226,0.027858994901180267,True,False,False,False,262,10.479999542236328,0.27620869874954224,17.39801025390625,0.9349311590194702,37.39848709106445,3.5685579776763916,0.45194724202156067,0.5652233958244324
311,0,-8.030494689941406,-0.3295619785785675,1.1000365018844604,0.15832054615020752,0.008911868557333946,True,False,False,False,251,10.039999961853027,0.2910993993282318,17.302310943603516,0.9382434487342834,33.91661071777344,3.3781485557556152,0.45308229327201843,0.5652804374694824
312,0,-8.02924919128418,0.18790468573570251,0.908096432685852,-0.0053717815317213535,0.07514708489179611,True,False,False,False,322,12.880000114440918,0.2947624623775482,16.961288452148438,0.9569035768508911,25.7579402923584,1.9998400211334229,0.3831872045993805,0.550376832485199
313,0,-8.342089653015137,0.786098837852478,0.866365909576416,-0.09995972365140915,0.09104656428098679,True,False,False,False,373,14.920000076293945,0.28400877118110657,17.24630355834961,0.9602305293083191,38.34828567504883,2.570260524749756,0.40908846259117126,0.554198682308197
314,0,-8.822940826416016,0.12001484632492065,1.2522320747375488,-0.17387934029102325,-0.09660685062408447,True,False,False,False,275,11.0,0.2985878884792328,17.723386764526367,0.9605025053024292,24.0787353515625,2.1889760494232178,0.3568374812602997,0.5075852274894714
315,0,-8.89083480834961,1.2212754487991333,1.0163624286651611,0.007068533916026354,-0.007432218175381422,True,False,False,False,298,11.920000076293945,0.28606510162353516,17.52845001220703,0.977477490901947,19.405006408691406,1.6279367208480835,0.38197633624076843,0.5283492803573608
316,0,-8.936797142028809,0.6140769720077515,0.8609809875488281,-0.032790157943964005,0.014960243366658688,True,False,False,False,366,14.639999389648438,0.2866263687610626,17.60666847229004,0.9739270210266113,20.30156135559082,1.38671875,0.39195558428764343,0.5208533406257629
317,0,-8.230470657348633,-0.7105126976966858,0.7071755528450012,-0.05534116551280022,-0.1086031123995781,True,False,False,False,529,21.15999984741211,0.28146645426750183,18.813405990600586,0.8741400837898254,97.82188415527344,4.622962474822998,0.4475090801715851,0.5602355599403381
318,0,-8.427262306213379,0.9543889760971069,1.153516173362732,-0.0002938419347628951,0.0009183515794575214,True,False,False,False,254,10.15999984741211,0.27496248483657837,17.065906524658203,0.9758723378181458,20.784757614135742,2.045743942260742,0.36525800824165344,0.5457062125205994
319,0,-8.587057113647461,-0.11831425130367279,1.019677758216858,-0.0005275456933304667,0.13751286268234253,True,False,False,False,315,12.59999942779541,0.26046377420425415,18.219881057739258,0.9213818907737732,50.37283706665039,3.9978444576263428,0.424581378698349,0.5766023993492126
320,0,-8.94193172454834,-0.9032710790634155,0.838027834892273,-0.0468614287674427,0.002196522429585457,True,False,False,False,400,16.0,0.2823590338230133,18.081180572509766,0.9493465423583984,34.70387649536133,2.168992280960083,0.4591690003871918,0.5657157301902771
321,0,-8.182999610900879,0.9522675275802612,1.2868833541870117,-0.0755368173122406,0.16709499061107635,True,False,False,False,240,9.59999942779541,0.29368463158607483,17.153406143188477,0.9566702842712402,33.55092239379883,3.4948880672454834,0.4238342344760895,0.5615977644920349
322,0,-8.968484878540039,-0.8796671032905579,0.781568169593811,0.06101736053824425,-0.011890358291566372,True,False,False,False,394,15.75999927520752,0.27533668279647827,18.122459411621094,0.9485809803009033,30.88429832458496,1.95966374874115,0.4530753195285797,0.5661035776138306
323,0,-8.646657943725586,-1.16676926612854,1.2467501163482666,0.1297842413187027,-0.1334032416343689,True,False,False,False,277,11.079999923706055,0.2736596167087555,18.869718551635742,0.8948893547058105,51.13895797729492,4.615429401397705,0.44642946124076843,0.5582412481307983
324,0,-8.906637191772461,-0.6522917151451111,0.7593336701393127,-0.02534453570842743,0.09299939125776291,True,False,False,False,454,18.15999984741211,0.2739611864089966,18.76342010498047,0.9123526811599731,98.58321380615234,5.428591251373291,0.4573672115802765,0.5698661804199219
325,0,-8.807422637939453,-0.21128103137016296,1.0694581270217896,0.026179704815149307,0.01791103556752205,True,False,False,False,344,13.75999927520752,0.29998642206192017,19.72854995727539,0.8621370196342468,91.93418884277344,6.6812639236450195,0.45247194170951843,0.5622656345367432
326,0,-8.261445999145508,-0.7051184773445129,1.0523712635040283,0.18466907739639282,0.015169813297688961,True,False,False,False,262,10.479999542236328,0.26849469542503357,17.487777709960938,0.9421592950820923,35.52314758300781,3.389613389968872,0.45538637042045593,0.5660774111747742
327,0,-8.146333694458008,0.4119272530078888,0.7418454885482788,-0.021169034764170647,0.12366608530282974,True,False,False,False,415,16.600000381469727,0.2717529833316803,17.35273551940918,0.9422970414161682,43.482086181640625,2.6194026470184326,0.44584962725639343,0.560468852519989
328,0,-8.046403884887695,-0.9566434621810913,1.1580677032470703,-0.004308844916522503,0.005570128094404936,True,False,False,False,263,10.519999504089355,0.28323882818222046,17.2241153717041,0.9448401927947998,31.79835319519043,3.0226573944091797,0.46734926104545593,0.5687111616134644
329,0,-8.954676628112793,0.30008941888809204,0.7556443810462952,0.18276239931583405,0.042141690850257874,True,False,False,False,353,14.119999885559082,0.27812761068344116,17.750301361083984,0.966589629650116,25.706729888916016,1.8205899000167847,0.3729018270969391,0.5189023613929749
330,0,-8.862387657165527,-0.14385886490345,0.966289222240448,0.009576885960996151,0.03355727717280388,True,False,False,False,401,16.03999900817871,0.2819608747959137,20.308910369873047,0.8401723504066467,121.03986358642578,7.546126842498779,0.45475491881370544,0.5631805658340454
331,0,-8.860359191894531,-0.252712219953537,1.1762608289718628,0.1667993664741516,-0.0569707490503788,True,False,False,False,251,10.039999961853027,0.27662116289138794,18.22420883178711,0.9362382292747498,31.07391929626465,3.0950119495391846,0.4488479793071747,0.5610207915306091
332,0,-8.670662879943848,0.9681421518325806,0.7173082828521729,-0.02978937327861786,-0.05450134724378586,True,False,False,False,430,17.19999885559082,0.2855742573738098,17.366609573364258,0.9730128049850464,32.01828384399414,1.8615282773971558,0.34978029131889343,0.5362273454666138
333,0,-8.155814170837402,0.6918506622314453,0.8848615884780884,0.04533028230071068,-0.14555251598358154,True,False,False,False,322,12.880000114440918,0.281724750995636,17.053316116333008,0.959941029548645,51.548431396484375,4.002207279205322,0.34427186846733093,0.5447294116020203
334,0,-8.792702674865723,1.101762056350708,1.159434199333191,0.09925974905490875,0.10564125329256058,True,False,False,False,251,10.039999961853027,0.2813962697982788,17.64022445678711,0.9652805328369141,28.744247436523438,2.8629729747772217,0.3947965204715729,0.5373117923736572
335,0,-8.311649322509766,-0.35025888681411743,0.7900031208992004,0.12414149194955826,-0.025479258969426155,True,False,False,False,353,14.119999885559082,0.2970954179763794,17.54241943359375,0.9414493441581726,34.664306640625,2.454979181289673,0.45693978667259216,0.563363254070282
336,0,-8.145182609558105,1.1571002006530762,0.7506046295166016,0.17518144845962524,0.0017923688283190131,True,False,False,False,330,13.199999809265137,0.27724313735961914,16.783130645751953,0.976298987865448,19.967741012573242,1.5127077102661133,0.38220521807670593,0.562696635723114
337,0,-8.296392440795898,-1.0525712966918945,1.082058310508728,0.040809161961078644,0.02893882989883423,True,False,False,False,279,11.15999984741211,0.29613929986953735,17.47220802307129,0.946036159992218,38.86682891845703,3.4826908111572266,0.4778434932231903,0.569551408290863
338,0,-8.863386154174805,-0.5288912057876587,0.7834617495536804,0.0758415088057518,-0.005963278003036976,True,False,False,False,384,15.359999656677246,0.2932930886745453,18.094707489013672,0.9434493184089661,36.46963882446289,2.3743255138397217,0.4498092830181122,0.5639203190803528
339,0,-8.988980293273926,0.6049604415893555,0.9763379096984863,-0.04304054006934166,0.05251716822385788,True,False,False,False,328,13.119999885559082,0.26044049859046936,17.75238609313965,0.9688522815704346,22.59065818786621,1.721848964691162,0.36440977454185486,0.5215349793434143
340,0,-8.527922630310059,0.1659497618675232,0.8680965304374695,0.055241938680410385,0.008347876369953156,True,False,False,False,330,13.199999809265137,0.2959815561771393,17.24879264831543,0.9698495268821716,17.154067993164062,1.2995506525039673,0.3569442927837372,0.5263106226921082
341,0,-8.75552749633789,0.48942118883132935,0.9447168111801147,0.010430212132632732,0.024530135095119476,True,False,False,False,319,12.75999927520752,0.28847768902778625,17.474239349365234,0.9707127809524536,20.229541778564453,1.5853873491287231,0.40047547221183777,0.5250833034515381
342,0,-8.994089126586914,-0.7777392864227295,0.7876215577125549,-0.09098274260759354,-0.053740691393613815,True,False,False,False,452,18.079999923706055,0.2757810354232788,18.20648956298828,0.9453426003456116,31.085187911987305,1.7193135023117065,0.44978639483451843,0.560599148273468
343,0,-8.109098434448242,0.5309766530990601,1.2601685523986816,-0.11528367549180984,-0.011568504385650158,True,False,False,False,243,9.719999313354492,0.24627333879470825,16.7998104095459,0.9712956547737122,14.436135292053223,1.485199213027954,0.38008424639701843,0.5451264977455139
344,0,-8.905550956726074,-0.6521901488304138,1.039690613746643,0.005873766727745533,0.00546225206926465,True,False,False,False,310,12.399999618530273,0.26318812370300293,18.222536087036133,0.9393734931945801,41.01837158203125,3.3079333305358887,0.4507116377353668,0.5636044144630432
345,0,-8.722061157226562,0.8967316150665283,0.989224910736084,-0.10141853243112564,0.1569788157939911,True,False,False,False,340,13.59999942779541,0.2867033779621124,17.79255485534668,0.9523866772651672,45.660770416259766,3.357409715652466,0.44676515460014343,0.5417831540107727
346,0,-8.382662773132324,-0.6498502492904663,0.7738863229751587,-0.04347735270857811,-0.024098780006170273,True,False,False,False,417,16.68000030517578,0.2935183644294739,17.60664939880371,0.9425511360168457,39.10017013549805,2.34413480758667,0.4489992558956146,0.5648541450500488
347,0,-8.009622573852539,1.1862943172454834,1.193427324295044,0.014986515045166016,-0.0054555716924369335,True,False,False,False,235,9.399999618530273,0.2868405878543854,16.63767433166504,0.9768304824829102,17.80705451965332,1.8943675756454468,0.39018556475639343,0.5659023523330688
348,0,-8.775110244750977,-0.16357578337192535,0.9464565515518188,-0.006285759154707193,-0.11667194962501526,True,False,False,False,356,14.239999771118164,0.2913570702075958,18.44647979736328,0.9202777743339539,40.0309944152832,2.8111653327941895,0.44841310381889343,0.5622023940086365
349,0,-8.356612205505371,1.0326594114303589,1.1559911966323853,0.017645981162786484,0.03349640220403671,True,False,False,False,252,10.079999923706055,0.2377369999885559,17.12798309326172,0.9684861898422241,23.936492919921875,2.374652147293091,0.41016706824302673,0.5502175688743591
350,0,-8.780176162719727,-0.6953417658805847,0.9512151479721069,0.17796587944030762,0.031764138489961624,True,False,False,False,304,12.15999984741211,0.2622034549713135,18.149066925048828,0.9363656044006348,46.21880340576172,3.8008885383605957,0.4510444700717926,0.5646371841430664
351,0,-8.155379295349121,-0.352266788482666,0.7487608790397644,-0.040003083646297455,0.008787938393652439,True,False,False,False,420,16.799999237060547,0.2795032560825348,17.456485748291016,0.9371362924575806,45.22329330444336,2.6918628215789795,0.45527955889701843,0.5659225583076477
352,0,-8.437618255615234,1.2102292776107788,0.9228453040122986,-0.0369986891746521,0.015976835042238235,True,False,False,False,328,13.119999885559082,0.25618037581443787,17.128650665283203,0.9738537669181824,20.301212310791016,1.5473484992980957,0.3572792708873749,0.5485368371009827
353,0,-8.291457176208496,0.7469416856765747,0.8186156153678894,-0.11666794866323471,-0.03560800850391388,True,False,False,False,393,15.719999313354492,0.27283257246017456,16.961008071899414,0.9732949733734131,24.33631134033203,1.5481114387512207,0.36608096957206726,0.5434022545814514
354,0,-8.168521881103516,1.0482765436172485,1.0578277111053467,-0.04123025760054588,0.026435060426592827,True,False,False,False,280,11.199999809265137,0.25970011949539185,16.863584518432617,0.9725958704948425,24.886672973632812,2.222024440765381,0.3594267666339874,0.5584025382995605
355,0,-8.994611740112305,-1.047952651977539,1.1571468114852905,0.15548962354660034,-0.007571747526526451,True,False,False,False,258,10.319999694824219,0.29556265473365784,18.113862991333008,0.9509827494621277,23.754262924194336,2.301769733428955,0.46602174639701843,0.5666492581367493
356,0,-8.73568058013916,-0.6486504673957825,1.162510871887207,0.07538025081157684,-0.1698990762233734,True,False,False,False,316,12.639999389648438,0.2845298647880554,19.431806564331055,0.8721722364425659,64.17688751220703,5.0772857666015625,0.43989869952201843,0.555833101272583
357,0,-8.164920806884766,0.8196969032287598,1.1676195859909058,0.09319747984409332,-0.06325740367174149,True,False,False,False,234,9.359999656677246,0.2468900978565216,16.849937438964844,0.9724112749099731,20.920007705688477,2.235043525695801,0.3531298339366913,0.5507763624191284
358,0,-8.178248405456543,-1.1066614389419556,0.9188079833984375,0.10669995099306107,0.07845798879861832,True,False,False,False,328,13.119999885559082,0.26185843348503113,17.794910430908203,0.9224505424499512,69.47970581054688,5.295709133148193,0.4522964656352997,0.5752435922622681
359,0,-8.725410461425781,-0.5342782139778137,1.271618366241455,-0.06616917252540588,-0.1691686362028122,True,False,False,False,290,11.59999942779541,0.2829465866088867,19.045421600341797,0.8891215324401855,52.464942932128906,4.5228400230407715,0.44459840655326843,0.5562878251075745
360,0,-8.22616958618164,0.7485440373420715,0.9658111929893494,-0.005569233559072018,-0.006639463827013969,True,False,False,False,299,11.960000038146973,0.27582332491874695,16.822338104248047,0.9774450659751892,15.70167350769043,1.3128489255905151,0.38367006182670593,0.5486652851104736
361,0,-8.733651161193848,-0.14895454049110413,0.8951051235198975,0.007326355203986168,-0.001326444442383945,True,False,False,False,414,16.559999465942383,0.2814265489578247,19.739604949951172,0.8578841090202332,108.76683807373047,6.5680460929870605,0.4530252516269684,0.5628420114517212
362,0,-8.190497398376465,-1.223268747329712,0.7325587272644043,0.0013443256029859185,-0.12102413177490234,True,False,False,False,527,21.079999923706055,0.29505276679992676,19.356136322021484,0.8490985035896301,127.50753021240234,6.048744201660156,0.4473464787006378,0.5574569702148438
363,0,-8.062438011169434,-0.18518440425395966,0.8349515199661255,0.05258864536881447,0.06275723874568939,True,False,False,False,362,14.479999542236328,0.29186174273490906,17.734081268310547,0.9170746207237244,54.08815002441406,3.7353696823120117,0.3948734700679779,0.577951967716217
364,0,-8.549361228942871,-1.227079153060913,1.2735742330551147,-0.03473716229200363,-0.0045255813747644424,True,False,False,False,252,10.079999923706055,0.2913735806941986,17.634706497192383,0.952296257019043,23.81642723083496,2.3627407550811768,0.444512277841568,0.5662937164306641
365,0,-8.067337989807129,-0.33392882347106934,1.076263666152954,0.002940963488072157,-0.03853994980454445,True,False,False,False,281,11.239999771118164,0.29719895124435425,17.34946632385254,0.9378215074539185,34.01906204223633,3.026607036590576,0.4514777362346649,0.5638097524642944
366,0,-8.352025032043457,1.1650452613830566,1.052827000617981,0.049481626600027084,0.18533755838871002,True,False,False,False,291,11.639999389648438,0.29961347579956055,17.678600311279297,0.9385499358177185,39.7763557434082,3.417212963104248,0.4427597224712372,0.5718995332717896
367,0,-8.986532211303711,-0.5387652516365051,0.9726287126541138,-0.14248932898044586,-0.11103373765945435,True,False,False,False,405,16.19999885559082,0.2785382866859436,19.246932983398438,0.893380343914032,64.63150024414062,3.9895989894866943,0.4474174678325653,0.5560173988342285
368,0,-8.7440824508667,0.5278590321540833,0.9582265615463257,0.17354431748390198,-0.011565306223928928,True,False,False,False,281,11.239999771118164,0.28070124983787537,17.423583984375,0.9729433059692383,20.93990135192871,1.862980604171753,0.3538047969341278,0.5246357917785645
369,0,-8.092616081237793,0.5271904468536377,0.8941272497177124,0.10345344245433807,-0.1191270723938942,True,False,False,False,305,12.199999809265137,0.24397604167461395,17.01409149169922,0.958087682723999,42.7668342590332,3.5054783821105957,0.34697267413139343,0.5461453199386597
370,0,-8.97643756866455,-0.35474246740341187,0.8714829087257385,0.13592752814292908,-0.017784371972084045,True,False,False,False,336,13.4399995803833,0.27189695835113525,18.263551712036133,0.9406734704971313,35.70427703857422,2.6565682888031006,0.4482305347919464,0.5623554587364197
371,0,-8.629740715026855,0.16559243202209473,1.2108104228973389,-0.043399035930633545,0.015044700354337692,True,False,False,False,257,10.279999732971191,0.24163523316383362,17.477022171020508,0.963009774684906,19.263593673706055,1.8738905191421509,0.4052579700946808,0.5214243531227112
372,0,-8.623295783996582,-1.2244906425476074,0.8097013235092163,-0.15957394242286682,-0.03620661422610283,True,False,False,False,457,18.279998779296875,0.2935445308685303,17.80583953857422,0.9472746849060059,35.30682373046875,1.931445598602295,0.44932863116264343,0.5622286200523376
373,0,-8.497234344482422,-0.7153807878494263,0.761419415473938,-0.03601790964603424,-0.04569040238857269,True,False,False,False,427,17.079999923706055,0.2978440225124359,17.68576431274414,0.9449568390846252,37.39469528198242,2.189384937286377,0.44922181963920593,0.5639402866363525
374,0,-8.789291381835938,0.8603225946426392,1.0864313840866089,-0.18841062486171722,-0.03459646552801132,True,False,False,False,317,12.679999351501465,0.24644692242145538,17.525882720947266,0.9706035256385803,25.259410858154297,1.9920672178268433,0.36188164353370667,0.5268296599388123
375,0,-8.496286392211914,1.1223740577697754,0.9808437824249268,-0.011868654750287533,0.007641593925654888,True,False,False,False,304,12.15999984741211,0.26950982213020325,17.18524169921875,0.973702073097229,23.331737518310547,1.9187284708023071,0.39491739869117737,0.5457444190979004
376,0,-8.970113754272461,0.4822438955307007,1.2203837633132935,-0.008795957081019878,-0.0045758020132780075,True,False,False,False,254,10.15999984741211,0.2749495506286621,17.648502349853516,0.9732706546783447,14.98749828338623,1.4751474857330322,0.39635011553764343,0.5139020681381226
377,0,-8.0626859664917,-0.7236982583999634,1.2568635940551758,0.04740161821246147,0.0076120696030557156,True,False,False,False,238,9.519999504089355,0.26275816559791565,17.399518966674805,0.9355713725090027,35.923587799072266,3.773486375808716,0.45118722319602966,0.566270112991333
378,0,-8.599853515625,0.3540727496147156,1.2803988456726074,-0.14021256566047668,-0.0467677116394043,True,False,False,False,254,10.15999984741211,0.2727392017841339,17.335927963256836,0.9692887663841248,17.408039093017578,1.7133897542953491,0.38081255555152893,0.5216265916824341
379,0,-8.961871147155762,-1.1840286254882812,0.925865888595581,0.026612335816025734,0.08614420145750046,True,False,False,False,360,14.399999618530273,0.2619524598121643,18.57530403137207,0.9260666370391846,65.45152282714844,4.5452446937561035,0.47450968623161316,0.5720181465148926
380,0,-8.324991226196289,-1.2318133115768433,0.8306880593299866,0.05756890028715134,0.05113572999835014,True,False,False,False,366,14.639999389648438,0.2690132260322571,17.69256591796875,0.9365529417991638,47.0460205078125,3.2135260105133057,0.4794521629810333,0.5719043016433716
381,0,-8.979225158691406,-0.47110840678215027,0.8002806305885315,0.06432601809501648,0.06555730849504471,True,False,False,False,396,15.839999198913574,0.28636160492897034,18.578983306884766,0.9250007271766663,71.05899810791016,4.486048221588135,0.4647047817707062,0.5662252306938171
382,0,-8.444136619567871,-1.2466946840286255,0.8408510684967041,0.050931576639413834,-0.06004147604107857,True,False,False,False,385,15.399999618530273,0.28421837091445923,18.081619262695312,0.9230334758758545,48.54829406738281,3.152486801147461,0.44548341631889343,0.5618075728416443
383,0,-8.808499336242676,0.5134307146072388,0.9446114301681519,0.041395653039216995,0.05530637502670288,True,False,False,False,315,12.59999942779541,0.29382529854774475,17.589399337768555,0.9674071669578552,26.673355102539062,2.1169331073760986,0.37181201577186584,0.5263204574584961
384,0,-8.835759162902832,-0.34896448254585266,0.7019854784011841,0.04851432517170906,0.06706332415342331,True,False,False,False,455,18.19999885559082,0.28319257497787476,18.555517196655273,0.9182859063148499,83.27716064453125,4.5756683349609375,0.47033801674842834,0.5671566724777222
385,0,-8.081162452697754,0.31544938683509827,0.9169131517410278,-0.031648412346839905,0.14959777891635895,True,False,False,False,336,13.4399995803833,0.29003599286079407,17.295326232910156,0.9415354132652283,37.85393524169922,2.8165130615234375,0.4471043646335602,0.5599006414413452
386,0,-8.489969253540039,0.48840463161468506,1.1764163970947266,-0.08054938167333603,-0.002199465176090598,True,False,False,False,264,10.559999465942383,0.2822846472263336,17.160442352294922,0.9729929566383362,14.350282669067383,1.3589283227920532,0.39494630694389343,0.5305142998695374
387,0,-8.286078453063965,-0.9320903420448303,0.9029450416564941,0.10391127318143845,-0.09664048254489899,True,False,False,False,351,14.039999961853027,0.28164413571357727,18.072181701660156,0.9136660099029541,51.88216018676758,3.695310592651367,0.44929811358451843,0.563241183757782
388,0,-8.326949119567871,0.6883065700531006,1.190434217453003,-0.12377449125051498,0.0787099227309227,True,False,False,False,266,10.639999389648438,0.27990221977233887,17.09844398498535,0.9673992395401001,21.15403175354004,1.9881609678268433,0.37385180592536926,0.5472632646560669
389,0,-8.45991325378418,0.27175843715667725,1.268885850906372,-0.04056130349636078,-0.1166510358452797,True,False,False,False,244,9.760000228881836,0.22788923978805542,17.408498764038086,0.9571239948272705,23.76681137084961,2.435124158859253,0.34773561358451843,0.5259796380996704
390,0,-8.657981872558594,-0.41330522298812866,1.0521917343139648,0.062192246317863464,0.13249360024929047,True,False,False,False,305,12.199999809265137,0.28597620129585266,18.455242156982422,0.9137219190597534,63.705318450927734,5.221747398376465,0.45206418633461,0.5685716271400452
391,0,-8.394378662109375,1.0928131341934204,1.2716643810272217,-0.06402754038572311,-0.15168873965740204,True,False,False,False,241,9.639999389648438,0.2626766860485077,17.23047637939453,0.9651322364807129,25.014570236206055,2.5948727130889893,0.34545692801475525,0.5442777276039124
392,0,-8.479415893554688,1.249795913696289,1.1302739381790161,0.09100678563117981,0.1467771679162979,True,False,False,False,258,10.319999694824219,0.27476540207862854,17.516216278076172,0.9548495411872864,28.499469757080078,2.7615766525268555,0.44806215167045593,0.5633565783500671
393,0,-8.548725128173828,0.46843215823173523,1.1012537479400635,-0.045396480709314346,-0.019943034276366234,True,False,False,False,279,11.15999984741211,0.25140854716300964,17.279123306274414,0.9696764945983887,17.17154312133789,1.5386687517166138,0.36343690752983093,0.5275518298149109
394,0,-8.180758476257324,0.5385257005691528,1.1261420249938965,-0.02718423493206501,0.027007730677723885,True,False,False,False,261,10.4399995803833,0.2712690830230713,16.880584716796875,0.9709054827690125,15.22030258178711,1.4578834772109985,0.35362496972084045,0.546062171459198
395,0,-8.117677688598633,-0.2876575291156769,1.2491333484649658,-0.03034401684999466,-0.0835607647895813,True,False,False,False,249,9.960000038146973,0.28083181381225586,17.430404663085938,0.9363045692443848,31.413537979125977,3.1539697647094727,0.44975587725639343,0.5624514222145081
396,0,-8.649123191833496,0.6233341693878174,1.1225366592407227,-0.050076570361852646,0.06006115674972534,True,False,False,False,277,11.079999923706055,0.2883134186267853,17.397436141967773,0.9691342115402222,21.272497177124023,1.9199005365371704,0.3640647232532501,0.5339739918708801
397,0,-8.966076850891113,-0.41232937574386597,1.0366687774658203,0.11697201430797577,-0.041702862828969955,True,False,False,False,291,11.639999389648438,0.289438396692276,18.255598068237305,0.9405850172042847,31.111949920654297,2.6728479862213135,0.4494888484477997,0.5608698129653931
398,0,-8.389432907104492,-0.9193134307861328,0.9697506427764893,-0.1489494889974594,-0.12238942831754684,True,False,False,False,394,15.75999927520752,0.2732599377632141,18.53419303894043,0.8964206576347351,65.84954833984375,4.1782708168029785,0.44737550616264343,0.5608820915222168
399,0,-8.687894821166992,-0.013086795806884766,1.103598952293396,0.10174599289894104,0.09153785556554794,True,False,False,False,275,11.0,0.2774760127067566,18.159141540527344,0.9299944639205933,40.642539978027344,3.6947762966156006,0.39924660325050354,0.5703834891319275
400,0,-8.52788257598877,-1.0875039100646973,0.95632404088974,-0.00857478752732277,0.025357214733958244,True,False,False,False,332,13.279999732971191,0.2800406217575073,17.746671676635742,0.9445475339889526,37.513893127441406,2.8248414993286133,0.4579261839389801,0.5706921219825745
401,0,-8.415482521057129,-0.247529074549675,0.9823741912841797,0.07088472694158554,-0.07051847875118256,True,False,False,False,306,12.239999771118164,0.2771325707435608,17.765575408935547,0.935364842414856,34.54527282714844,2.822326183319092,0.4521043002605438,0.5630672574043274
402,0,-8.05518913269043,-0.7305225133895874,1.1349177360534668,0.0335255041718483,-0.08629630506038666,True,False,False,False,264,10.559999465942383,0.281589150428772,17.208637237548828,0.9455309510231018,23.088146209716797,2.18637752532959,0.4477646052837372,0.5644897222518921
403,0,-8.951614379882812,-0.14637522399425507,1.156914234161377,0.017834125086665154,0.05038399249315262,True,False,False,False,345,13.799999237060547,0.27744626998901367,20.70634651184082,0.828356146812439,112.20865631103516,8.131062507629395,0.45196840167045593,0.5633753538131714
404,0,-8.494741439819336,0.943986177444458,0.8376762270927429,0.03237669914960861,0.021217554807662964,True,False,False,False,345,13.799999237060547,0.25975301861763,17.216249465942383,0.9712300896644592,29.926761627197266,2.1686060428619385,0.3933137357234955,0.5459990501403809
405,0,-8.897984504699707,0.009329468011856079,1.2089381217956543,0.017281781882047653,0.11463572829961777,True,False,False,False,258,10.319999694824219,0.26639193296432495,17.92756462097168,0.9537261128425598,26.329898834228516,2.551346778869629,0.3914298713207245,0.51494300365448
406,0,-8.021676063537598,-0.39889827370643616,0.771602988243103,-0.09446096420288086,0.11024702340364456,True,False,False,False,455,18.19999885559082,0.2735234498977661,18.222261428833008,0.8904761672019958,103.68452453613281,5.6969523429870605,0.47823765873908997,0.5736762881278992
407,0,-8.10319709777832,-0.6265297532081604,0.7436991333961487,0.09727565944194794,0.015952425077557564,True,False,False,False,375,15.0,0.29385343194007874,17.32163429260254,0.9418866038322449,44.19871139526367,2.946580648422241,0.45616456866264343,0.5668537616729736
408,0,-8.254949569702148,-0.9619316458702087,0.704394519329071,-0.15203215181827545,-0.11318106204271317,True,False,False,False,588,23.51999855041504,0.28579339385032654,18.979434967041016,0.8684420585632324,120.45746612548828,5.121491432189941,0.44687196612358093,0.559190034866333
409,0,-8.605264663696289,-1.1945984363555908,0.9490396976470947,-0.09221132844686508,0.04253334179520607,True,False,False,False,355,14.199999809265137,0.2897077202796936,17.743391036987305,0.9494763016700745,35.22868347167969,2.480893135070801,0.46134743094444275,0.5698283910751343
410,0,-8.303647994995117,-0.5447037220001221,0.8939927220344543,0.0904473066329956,-0.03562271595001221,True,False,False,False,324,12.960000038146973,0.2771506905555725,17.526765823364258,0.9421289563179016,27.772605895996094,2.1429479122161865,0.45585861802101135,0.5640517473220825
411,0,-8.112732887268066,-1.136642575263977,1.1699386835098267,0.028575951233506203,-0.03073100745677948,True,False,False,False,258,10.319999694824219,0.26212072372436523,17.239030838012695,0.9485203623771667,23.478668212890625,2.275064706802368,0.44932863116264343,0.5691881775856018
412,0,-8.045289039611816,-0.8171699047088623,1.0839965343475342,-0.05870040878653526,0.1669474095106125,True,False,False,False,312,12.479999542236328,0.27653267979621887,18.150297164916992,0.8961536884307861,86.19952392578125,6.907013416290283,0.4631732404232025,0.5745972990989685
413,0,-8.378283500671387,0.02346709370613098,1.2213793992996216,0.0645865872502327,-0.08410366624593735,True,False,False,False,238,9.519999504089355,0.29342949390411377,17.266862869262695,0.9601224064826965,23.820194244384766,2.5021214485168457,0.35788866877555847,0.5225893259048462
414,0,-8.839810371398926,0.33107712864875793,1.1324151754379272,0.17350006103515625,-0.02469353750348091,True,False,False,False,245,9.800000190734863,0.294328510761261,17.550806045532227,0.9710648655891418,16.749126434326172,1.709094524383545,0.36812475323677063,0.5150368809700012
415,0,-8.329816818237305,0.29696717858314514,1.2040300369262695,-0.0037849927321076393,0.015697600319981575,True,False,False,False,246,9.84000015258789,0.23938198387622833,17.12886619567871,0.965179979801178,18.015722274780273,1.8308660984039307,0.38917848467826843,0.5349055528640747
416,0,-8.767623901367188,-0.1863812655210495,0.8551751971244812,-0.11778810620307922,-0.07003334909677505,True,False,False,False,414,16.559999465942383,0.2721292972564697,18.114253997802734,0.9367556571960449,38.97743225097656,2.3537096977233887,0.452959805727005,0.5628436207771301
417,0,-8.91059684753418,1.1241607666015625,1.221776008605957,-0.06759993731975555,-0.17355456948280334,True,False,False,False,265,10.59999942779541,0.273369163274765,17.863662719726562,0.9598732590675354,33.350563049316406,3.146279811859131,0.34624025225639343,0.5204004645347595
418,0,-8.256524085998535,0.48874229192733765,0.7617501616477966,-0.02398037537932396,-0.018824703991413116,True,False,False,False,390,15.59999942779541,0.291425883769989,16.938982009887695,0.9719385504722595,20.878643035888672,1.3383746147155762,0.36122438311576843,0.5416280031204224
419,0,-8.560248374938965,-0.400836706161499,1.2489134073257446,-0.031138313934206963,0.08104792982339859,True,False,False,False,263,10.519999504089355,0.251894474029541,18.25179100036621,0.9185376763343811,50.19694519042969,4.771573066711426,0.47812601923942566,0.5642609596252441
420,0,-8.433345794677734,0.42102381587028503,1.0619604587554932,0.02005045861005783,0.05616831034421921,True,False,False,False,277,11.079999923706055,0.2554120421409607,17.25605010986328,0.9642170667648315,21.39463996887207,1.9309241771697998,0.37065431475639343,0.5384664535522461
421,0,-8.4878511428833,0.4206061363220215,0.7179880142211914,-0.059658732265233994,0.1634064018726349,True,False,False,False,487,19.479999542236328,0.28744491934776306,18.333921432495117,0.91050124168396,66.67814636230469,3.422902822494507,0.44432374835014343,0.5620126724243164
422,0,-8.574992179870605,-0.913392961025238,0.787945568561554,-0.07068125903606415,-0.02119506523013115,True,False,False,False,426,17.03999900817871,0.2883611023426056,17.731830596923828,0.9474152326583862,36.62646484375,2.1494405269622803,0.44908449053764343,0.5662351250648499
423,0,-8.772501945495605,0.07404744625091553,0.7580822110176086,0.08982624113559723,-0.011014936491847038,True,False,False,False,373,14.920000076293945,0.25690320134162903,17.506723403930664,0.9694939255714417,18.28514862060547,1.22554612159729,0.3748488128185272,0.5156778693199158
424,0,-8.48913860321045,-0.0996040552854538,1.0070134401321411,-0.005855286959558725,-0.15522265434265137,True,False,False,False,358,14.319999694824219,0.29961660504341125,18.995586395263672,0.878595232963562,66.75225067138672,4.66146993637085,0.4443662464618683,0.5623042583465576
425,0,-8.80360221862793,0.33820345997810364,0.965894341468811,0.0572708360850811,-0.03690436854958534,True,False,False,False,305,12.199999809265137,0.2905218303203583,17.562591552734375,0.9683598279953003,23.508352279663086,1.926914095878601,0.35166898369789124,0.517545759677887
426,0,-8.169961929321289,0.35346686840057373,0.7060548663139343,0.003059624694287777,-0.00042319626663811505,True,False,False,False,408,16.31999969482422,0.2934485375881195,16.849504470825195,0.9717621207237244,19.519268035888672,1.1960335969924927,0.35187074542045593,0.5442863702774048
427,0,-8.710782051086426,-0.010128617286682129,0.780950129032135,0.003627524711191654,-0.02224264293909073,True,False,False,False,421,16.84000015258789,0.2746656835079193,18.346040725708008,0.9217675924301147,53.621803283691406,3.184192657470703,0.35263362526893616,0.573549747467041
428,0,-8.111631393432617,0.21906211972236633,0.7040672302246094,-0.06302526593208313,0.1146443709731102,True,False,False,False,455,18.19999885559082,0.29002949595451355,17.358488082885742,0.9397751688957214,48.234619140625,2.650254011154175,0.4455673396587372,0.556096613407135
429,0,-8.406335830688477,-1.1121187210083008,0.9657506346702576,0.0334215946495533,0.11942882090806961,True,False,False,False,338,13.519999504089355,0.2843599319458008,18.256534576416016,0.9116119742393494,83.37736511230469,6.166965007781982,0.4879401624202728,0.5762100219726562
430,0,-8.73589038848877,-1.1139112710952759,0.8817484378814697,0.11052289605140686,0.12827236950397491,True,False,False,False,367,14.679999351501465,0.29639172554016113,18.610485076904297,0.9119508266448975,97.15704345703125,6.618327617645264,0.4897882640361786,0.5768343806266785
431,0,-8.497243881225586,-0.7328764200210571,1.297567367553711,-0.177383154630661,-0.08939432352781296,True,False,False,False,267,10.679999351501465,0.2945202887058258,17.668262481689453,0.9459355473518372,24.90320587158203,2.331760883331299,0.4396442472934723,0.5615899562835693
432,0,-8.343810081481934,0.8836063742637634,1.2732715606689453,0.08001763373613358,-0.0560302808880806,True,False,False,False,221,8.84000015258789,0.26412323117256165,17.10017967224121,0.9688186645507812,26.13881492614746,2.9568793773651123,0.36177781224250793,0.5466667413711548
433,0,-8.935673713684082,0.6747415661811829,1.2056958675384521,0.013884211890399456,-0.1270976960659027,True,False,False,False,257,10.279999732971191,0.23566661775112152,17.826465606689453,0.9619811177253723,30.68821907043457,2.9852354526519775,0.3466636836528778,0.5146291851997375
434,0,-8.370247840881348,0.9758773446083069,0.7302457094192505,0.011216926388442516,-0.00492473691701889,True,False,False,False,395,15.799999237060547,0.2573678493499756,16.99268341064453,0.9767997860908508,25.782320022583008,1.631792426109314,0.37304994463920593,0.5494486689567566
435,0,-8.777497291564941,0.36842837929725647,0.7960622310638428,0.11304343491792679,0.05730122700333595,True,False,False,False,352,14.079999923706055,0.26909565925598145,17.623035430908203,0.9635924696922302,26.79656219482422,1.9031649827957153,0.37597277760505676,0.5277892351150513
436,0,-8.527630805969238,0.8933473825454712,0.8115684986114502,-0.14759469032287598,0.011675998568534851,True,False,False,False,417,16.68000030517578,0.2631472945213318,17.213518142700195,0.973133385181427,30.454591751098633,1.8258148431777954,0.388751357793808,0.5413606762886047
437,0,-8.171741485595703,-0.48229530453681946,0.9811779260635376,-0.15482060611248016,-0.011178610846400261,True,False,False,False,350,14.0,0.2699665129184723,17.5996036529541,0.9306299090385437,43.95942306518555,3.1399588584899902,0.44981691241264343,0.5650061368942261
438,0,-8.292991638183594,0.5418470501899719,1.2966766357421875,0.002130109118297696,-0.11920058727264404,True,False,False,False,228,9.119999885559082,0.2882547080516815,17.145309448242188,0.9624633193016052,24.413005828857422,2.6768646240234375,0.3569168150424957,0.5377476811408997
439,0,-8.21091079711914,-1.0060479640960693,0.8871212005615234,0.019711822271347046,-0.0035090509336441755,True,False,False,False,342,13.679999351501465,0.279096394777298,17.373960494995117,0.9463108777999878,39.02886962890625,2.852987766265869,0.45238927006721497,0.569831132888794
440,0,-8.089804649353027,-0.4176572561264038,1.2535340785980225,0.01078124437481165,0.0034127954859286547,True,False,False,False,241,9.639999389648438,0.2854255139827728,17.42412757873535,0.935201108455658,35.1081428527832,3.641923666000366,0.44850149750709534,0.5648108720779419
441,0,-8.920807838439941,0.576323390007019,0.7476904988288879,0.013461926020681858,-0.006735754664987326,True,False,False,False,403,16.119998931884766,0.2845013737678528,17.515316009521484,0.9780205488204956,15.223810195922852,0.9444051384925842,0.37953492999076843,0.5182932019233704
442,0,-8.851490020751953,-0.7389765977859497,1.1945304870605469,-0.05489209294319153,0.12152006477117538,True,False,False,False,289,11.559999465942383,0.2745567858219147,18.67279052734375,0.914015531539917,68.77631378173828,5.949508190155029,0.4743604362010956,0.567474365234375
443,0,-8.684093475341797,-1.198548436164856,1.1920067071914673,-0.004196320194751024,-0.0006776379304938018,True,False,False,False,268,10.719999313354492,0.2952499985694885,17.798620223999023,0.9509637355804443,23.15053939819336,2.1595654487609863,0.4600808322429657,0.5662964582443237
444,0,-8.077011108398438,0.02461642026901245,0.7705948948860168,0.012471333146095276,-0.007266516797244549,True,False,False,False,372,14.880000114440918,0.2836349904537201,16.8355655670166,0.9668241143226624,14.384915351867676,0.966728150844574,0.36000367999076843,0.5376203656196594
445,0,-8.858052253723145,0.04795089364051819,0.7736550569534302,-0.013421572744846344,0.005100398324429989,True,False,False,False,403,16.119998931884766,0.272930383682251,17.61901092529297,0.9681655168533325,16.719274520874023,1.0371758937835693,0.36483094096183777,0.5117468237876892
446,0,-8.25430965423584,-0.3438377380371094,1.03961181640625,-0.003547323402017355,0.004407116677612066,True,False,False,False,294,11.75999927520752,0.28795552253723145,17.52212905883789,0.9392601847648621,37.24137496948242,3.1667838096618652,0.4486323893070221,0.5641970634460449
447,0,-8.697728157043457,-1.1296374797821045,0.9239736199378967,0.033039942383766174,-0.011517265811562538,True,False,False,False,337,13.479999542236328,0.27223479747772217,17.800888061523438,0.9513450860977173,27.764293670654297,2.0596656799316406,0.4466124475002289,0.5662902593612671
448,0,-8.357658386230469,0.24777710437774658,0.7277010679244995,0.05158286914229393,-0.16021715104579926,True,False,False,False,411,16.440000534057617,0.27156099677085876,17.536584854125977,0.9442819356918335,68.22592163085938,4.14999532699585,0.34694215655326843,0.5251984596252441
449,0,-8.046247482299805,1.0397475957870483,1.1385750770568848,-0.0975765511393547,-0.07824819535017014,True,False,False,False,266,10.639999389648438,0.27833423018455505,16.780885696411133,0.9700849652290344,24.944849014282227,2.3444409370422363,0.34788820147514343,0.5600799918174744
450,0,-8.310829162597656,-0.9784508943557739,0.9640393853187561,-0.012154292315244675,0.03616089001297951,True,False,False,False,322,12.880000114440918,0.28928494453430176,17.474340438842773,0.9464895129203796,40.405521392822266,3.1370747089385986,0.45311281085014343,0.5685785412788391
451,0,-8.040356636047363,0.8023515343666077,1.1893737316131592,-0.16738221049308777,0.0901988223195076,True,False,False,False,268,10.719999313354492,0.2972521483898163,16.865840911865234,0.964067280292511,29.072187423706055,2.7119579315185547,0.3908718526363373,0.5621547698974609
452,0,-8.518945693969727,0.5248686671257019,0.7592607140541077,0.004436500370502472,0.024016618728637695,True,False,False,False,391,15.639999389648438,0.2682463824748993,17.258974075317383,0.9691791534423828,23.767438888549805,1.5196572542190552,0.3913874328136444,0.5360521674156189
453,0,-8.286581039428711,1.1371325254440308,0.9603509902954102,-0.026148313656449318,0.007996929809451103,True,False,False,False,308,12.319999694824219,0.2701638638973236,16.946617126464844,0.9751240015029907,22.212764739990234,1.8029842376708984,0.39122316241264343,0.5529623627662659
454,0,-8.337449073791504,-0.018452033400535583,0.8833341598510742,-0.03834099322557449,-0.08532079309225082,True,False,False,False,415,16.600000381469727,0.2872871458530426,19.090362548828125,0.8662726283073425,93.83385467529297,5.652641773223877,0.4450651705265045,0.5626410841941833
455,0,-8.108113288879395,0.1960998773574829,0.7058107852935791,-0.06108789145946503,0.1117505431175232,True,False,False,False,450,18.0,0.2967628240585327,17.294294357299805,0.9430434703826904,40.07749938964844,2.226527690887451,0.44869139790534973,0.555941641330719
456,0,-8.974313735961914,0.3364458680152893,1.0387578010559082,0.0675102099776268,-0.11118343472480774,True,False,False,False,291,11.639999389648438,0.23646241426467896,17.89763641357422,0.9597665667533875,32.82345199584961,2.8198843002319336,0.34649965167045593,0.5089698433876038
457,0,-8.686290740966797,-0.5781219005584717,0.9848437309265137,0.008769591338932514,-0.0207043644040823,True,False,False,False,321,12.84000015258789,0.278205007314682,17.968196868896484,0.94032883644104,33.07935333251953,2.5762736797332764,0.44981691241264343,0.563133180141449
458,0,-8.7616605758667,-0.5814960598945618,0.8967657685279846,0.18754731118679047,0.003383518196642399,True,False,False,False,311,12.4399995803833,0.2840246260166168,17.978809356689453,0.9439699053764343,32.596622467041016,2.620307445526123,0.45975038409233093,0.562767505645752
459,0,-8.958931922912598,0.595819354057312,1.225158929824829,-0.026394415646791458,0.02715146727859974,True,False,False,False,256,10.239999771118164,0.2703481912612915,17.705486297607422,0.9697048664093018,20.9532470703125,2.046215534210205,0.4079916775226593,0.5193008780479431
460,0,-8.539464950561523,-0.07455788552761078,1.0899821519851685,0.024543335661292076,-0.05824818089604378,True,False,False,False,329,13.15999984741211,0.2845236361026764,19.308631896972656,0.866950511932373,79.7769775390625,6.062080383300781,0.44771119952201843,0.5623728632926941
461,0,-8.773988723754883,-1.116248607635498,1.1801573038101196,0.010107592679560184,0.163967564702034,True,False,False,False,289,11.559999465942383,0.28853660821914673,18.698230743408203,0.9097126722335815,76.90506744384766,6.652688026428223,0.496255487203598,0.5754239559173584
462,0,-8.83471393585205,0.4206390678882599,1.2783468961715698,0.1602373868227005,0.05237976461648941,True,False,False,False,221,8.84000015258789,0.2646334171295166,17.595720291137695,0.9684068560600281,14.708245277404785,1.6638286113739014,0.35805055499076843,0.5216776132583618
463,0,-8.391502380371094,0.31526148319244385,0.8642582893371582,-0.0032674202229827642,-0.051395233720541,True,False,False,False,344,13.75999927520752,0.2803199589252472,17.148338317871094,0.9676998257637024,25.161352157592773,1.8285866975784302,0.3491050899028778,0.53160160779953
464,0,-8.550957679748535,-0.6438733339309692,1.2784368991851807,0.043617479503154755,-0.08884818106889725,True,False,False,False,243,9.719999313354492,0.2765788733959198,17.79757308959961,0.941876232624054,22.327756881713867,2.2970945835113525,0.44568106532096863,0.5608934760093689
465,0,-8.251469612121582,-0.2069457620382309,0.9989504814147949,-0.02999754436314106,0.007739098742604256,True,False,False,False,371,14.839999198913574,0.2626439332962036,19.403545379638672,0.8479248285293579,106.80389404296875,7.197028160095215,0.4663604199886322,0.5634648203849792
466,0,-8.65957260131836,0.724418044090271,0.9044183492660522,-0.012726032175123692,0.014652017503976822,True,False,False,False,334,13.359999656677246,0.25377264618873596,17.311874389648438,0.9747561812400818,16.41094970703125,1.2283645868301392,0.3565637767314911,0.5339487791061401
467,0,-8.862963676452637,-0.6522805690765381,1.026552677154541,0.014202838763594627,-0.009517704136669636,True,False,False,False,310,12.399999618530273,0.28041568398475647,18.086647033691406,0.9440783858299255,33.83502197265625,2.728630781173706,0.46085819602012634,0.562987744808197
468,0,-8.324324607849121,1.0846669673919678,1.1828055381774902,-0.03702075406908989,-0.04981318488717079,True,False,False,False,251,10.039999961853027,0.27657416462898254,16.98311424255371,0.9750422239303589,21.834186553955078,2.17471981048584,0.3640706241130829,0.5495792627334595
469,0,-8.769598007202148,-0.9444496631622314,0.9489779472351074,-0.02386540360748768,-0.00709051638841629,True,False,False,False,342,13.679999351501465,0.27632761001586914,17.895225524902344,0.9497172832489014,29.578737258911133,2.1621885299682617,0.45691993832588196,0.56622314453125
470,0,-8.343441009521484,0.25288447737693787,0.8579345941543579,-0.0012427306501194835,-0.04727734252810478,True,False,False,False,345,13.799999237060547,0.29488039016723633,17.101503372192383,0.9674787521362305,21.387516021728516,1.549820065498352,0.35040464997291565,0.5329772233963013
471,0,-8.939769744873047,-0.29629313945770264,1.2805852890014648,0.08034124970436096,0.02466631680727005,True,False,False,False,240,9.59999942779541,0.28385433554649353,18.221725463867188,0.9407609701156616,34.067264556884766,3.548673629760742,0.46138307452201843,0.5602519512176514
472,0,-8.210533142089844,0.15858858823776245,0.8012969493865967,-0.04384294152259827,-0.04566771537065506,True,False,False,False,381,15.239999771118164,0.263905793428421,17.03682518005371,0.9632830619812012,24.022371292114258,1.5762710571289062,0.3514215648174286,0.53680819272995
473,0,-8.459818840026855,0.4906216263771057,1.0756207704544067,-0.11870259791612625,0.07610086351633072,True,False,False,False,301,12.039999961853027,0.2766299247741699,17.32798194885254,0.9618498086929321,25.89580726623535,2.1508145332336426,0.3886739909648895,0.5386769771575928
474,0,-8.422679901123047,-1.0162286758422852,1.00496244430542,-0.026194371283054352,-0.0030960370786488056,True,False,False,False,316,12.639999389648438,0.26611724495887756,17.56224822998047,0.9482365846633911,33.708778381347656,2.6668338775634766,0.46244296431541443,0.5681298971176147
475,0,-8.58090877532959,-0.6387348175048828,0.7123771905899048,0.08553136885166168,-0.1724494844675064,False,False,False,True,1124,44.959999084472656,9.584121704101562,23.583587646484375,0.712056577205658,658.4236450195312,14.644654273986816,0.5452871322631836,0.5371217727661133
476,0,-8.270211219787598,-1.1048219203948975,0.7181248068809509,0.0033935485407710075,0.0028949554543942213,True,False,False,False,428,17.119998931884766,0.29362720251083374,17.372434616088867,0.950158417224884,41.9302978515625,2.449199676513672,0.4661043584346771,0.5700668692588806
477,0,-8.396745681762695,-0.17405331134796143,1.0672461986541748,0.09746760874986649,-0.0938558578491211,True,False,False,False,290,11.59999942779541,0.29100367426872253,18.080528259277344,0.9179844260215759,44.13343811035156,3.8046069145202637,0.4517382085323334,0.5631905198097229
478,0,-8.01858901977539,-0.5727157592773438,1.0220108032226562,0.022461172193288803,-0.09394893050193787,True,False,False,False,298,11.920000076293945,0.27911412715911865,17.339874267578125,0.9359073638916016,32.82538604736328,2.753807544708252,0.44209596514701843,0.5645852088928223
479,0,-8.289843559265137,0.5733287334442139,0.7344949245452881,-0.005180965177714825,0.0015974489506334066,True,False,False,False,397,15.880000114440918,0.2849275767803192,16.922557830810547,0.9750080704689026,16.025827407836914,1.0091830492019653,0.37648317217826843,0.5436193346977234
480,0,-8.00628662109375,-0.372200071811676,1.1231179237365723,0.0023261811584234238,-0.023918377235531807,True,False,False,False,270,10.800000190734863,0.2668290138244629,17.37731170654297,0.9328532218933105,35.454444885253906,3.2828187942504883,0.44975587725639343,0.5660149455070496
481,0,-8.887453079223633,-0.8580005168914795,0.9585146903991699,0.12204781174659729,-0.03318041190505028,True,False,False,False,311,12.4399995803833,0.2933310568332672,18.058378219604492,0.9474056959152222,27.88630485534668,2.241664409637451,0.4492398798465729,0.563165545463562
482,0,-8.833468437194824,-0.5490128993988037,0.8586845397949219,0.08765536546707153,-0.10989350080490112,True,False,False,False,403,16.119998931884766,0.2979367673397064,19.119726181030273,0.8913392424583435,67.46659851074219,4.185273170471191,0.44700929522514343,0.5580958127975464
483,0,-8.974211692810059,-0.031799525022506714,0.8874422311782837,-0.033016107976436615,-0.0982738509774208,True,False,False,False,381,15.239999771118164,0.2968938946723938,18.345895767211914,0.9361353516578674,32.18946838378906,2.1121699810028076,0.4476827085018158,0.5632255673408508
484,0,-8.920928001403809,-0.6739051342010498,0.801287055015564,-0.13948103785514832,-0.11395180225372314,True,False,False,False,514,20.559999465942383,0.28068557381629944,19.490753173828125,0.8790814876556396,91.2235336303711,4.4369425773620605,0.4471122920513153,0.5556458234786987
485,0,-8.757461547851562,-0.13926707208156586,1.0477466583251953,0.07708697766065598,-0.07033105939626694,True,False,False,False,303,12.119999885559082,0.2816329002380371,18.398475646972656,0.9217081665992737,39.376014709472656,3.2488460540771484,0.4525727927684784,0.5630357265472412
486,0,-8.71485424041748,0.08864641189575195,1.1239731311798096,-0.06420063227415085,-0.12327727675437927,True,False,False,False,287,11.479999542236328,0.2838571071624756,17.622005462646484,0.9598841071128845,25.431814193725586,2.2153148651123047,0.34584352374076843,0.5120149850845337
487,0,-8.924030303955078,-1.0813584327697754,1.2804796695709229,-0.0152926966547966,0.14272306859493256,True,False,False,False,269,10.760000228881836,0.24638570845127106,18.783077239990234,0.9134581089019775,69.47930145263672,6.457183837890625,0.47190603613853455,0.5723279714584351
488,0,-8.416716575622559,0.30023202300071716,0.7863933444023132,0.10065142810344696,-0.006365057546645403,True,False,False,False,347,13.880000114440918,0.2544574737548828,17.172880172729492,0.9677690863609314,17.85582733154297,1.2864428758621216,0.36552736163139343,0.5336710810661316
489,0,-8.829020500183105,0.955422043800354,1.1027929782867432,0.1420169323682785,0.014127909205853939,True,False,False,False,253,10.119999885559082,0.2438044399023056,17.505512237548828,0.9742839336395264,18.50395965576172,1.8284544944763184,0.35068055987358093,0.5310164093971252
490,0,-8.537010192871094,-0.30682384967803955,0.8690963983535767,0.11415046453475952,0.0993383452296257,True,False,False,False,355,14.199999809265137,0.2644716799259186,18.3400821685791,0.9127424955368042,71.33148956298828,5.02334451675415,0.48701050877571106,0.5699750781059265
491,0,-8.948674201965332,-0.4004499316215515,1.095909833908081,-0.020387016236782074,-0.0027094881515949965,True,False,False,False,299,11.960000038146973,0.27178463339805603,18.310836791992188,0.9367823600769043,37.228057861328125,3.1127138137817383,0.44850465655326843,0.5616311430931091
492,0,-8.553175926208496,0.12431666254997253,1.0418025255203247,-0.04287600517272949,-0.0548320934176445,True,False,False,False,299,11.960000038146973,0.2600952386856079,17.38668441772461,0.9635897874832153,24.05002784729004,2.0108718872070312,0.35526779294013977,0.5208413600921631
493,0,-8.042309761047363,-0.2814304828643799,0.885940432548523,-0.009805325418710709,0.08058881759643555,True,False,False,False,365,14.59999942779541,0.29983600974082947,18.0479679107666,0.900084912776947,67.21888732910156,4.604033470153809,0.41350242495536804,0.5788986682891846
494,0,-8.948451042175293,0.20519882440567017,0.8822487592697144,0.02660289593040943,-0.0159933902323246,True,False,False,False,344,13.75999927520752,0.29365605115890503,17.677173614501953,0.9701585173606873,17.773967742919922,1.2917128801345825,0.36552736163139343,0.5098549723625183
495,0,-8.281436920166016,-0.644192099571228,0.9561059474945068,0.009684327058494091,0.0894169807434082,True,False,False,False,332,13.279999732971191,0.2698867917060852,17.96721076965332,0.9179943203926086,70.92478942871094,5.34072208404541,0.48230037093162537,0.5688470005989075
496,0,-8.917132377624512,-0.19285164773464203,1.2199475765228271,-0.0034871858078986406,-0.08494359254837036,True,False,False,False,267,10.679999351501465,0.2705971300601959,18.261760711669922,0.9373795986175537,31.283212661743164,2.9291398525238037,0.4462287724018097,0.5610128045082092
497,0,-8.197305679321289,0.24429678916931152,0.9465231895446777,0.016706502065062523,-0.084775909781456,True,False,False,False,308,12.319999694824219,0.2711326479911804,17.05817413330078,0.9613627791404724,26.623876571655273,2.161029100418091,0.34859392046928406,0.5381022095680237
498,0,-8.565630912780762,0.4127056896686554,0.8769108653068542,-0.027104133740067482,0.08110661059617996,True,False,False,False,354,14.15999984741211,0.2535351812839508,17.494775772094727,0.9586074352264404,28.20996856689453,1.9922294616699219,0.39001378417015076,0.5362913608551025
499,0,-8.99134635925293,1.1204233169555664,0.7042779326438904,-0.02857387252151966,-0.0697902962565422,True,False,False,False,452,18.079999923706055,0.28689244389533997,17.781457901000977,0.9688292145729065,36.72951889038086,2.0314998626708984,0.34813234210014343,0.5217738747596741
500,0,-8.533025741577148,0.0583609938621521,0.9558563828468323,-0.1383991539478302,0.06719434261322021,True,False,False,False,352,14.079999923706055,0.2912185490131378,17.480871200561523,0.9572250247001648,26.657669067382812,1.8933004140853882,0.3767700493335724,0.5274726152420044
501,0,-8.081681251525879,0.34561872482299805,1.1012136936187744,0.04406936839222908,0.025227367877960205,True,False,False,False,255,10.199999809265137,0.286122590303421,16.825828552246094,0.9678739905357361,16.062664031982422,1.5747710466384888,0.39357301592826843,0.5456056594848633
502,0,-8.131141662597656,-0.5148671865463257,0.9776980876922607,0.08167301118373871,0.13023827970027924,True,False,False,False,322,12.880000114440918,0.2699300944805145,18.134601593017578,0.9009907841682434,78.59619903564453,6.102189540863037,0.489284485578537,0.5729978084564209
503,0,-8.621891021728516,0.08282139897346497,0.7632580399513245,-0.004537397529929876,0.0011343731312081218,True,False,False,False,397,15.880000114440918,0.2968045473098755,17.372238159179688,0.9683318734169006,18.66377067565918,1.1753003597259521,0.38634034991264343,0.5215409994125366
504,0,-8.699385643005371,0.33663585782051086,0.873909592628479,-0.048079803586006165,0.06787417829036713,True,False,False,False,364,14.559999465942383,0.29402217268943787,17.58968162536621,0.9609429836273193,26.80828285217285,1.8412282466888428,0.3845914900302887,0.529232382774353
505,0,-8.765399932861328,0.8808844089508057,1.2002058029174805,0.02601800672709942,0.012662128545343876,True,False,False,False,247,9.880000114440918,0.2682848870754242,17.37616729736328,0.9776527285575867,19.59735870361328,1.983538269996643,0.35682985186576843,0.5315360426902771
506,0,-8.78897476196289,-0.4744546115398407,1.2429862022399902,-0.020204469561576843,0.17526346445083618,True,False,False,False,276,11.039999961853027,0.29963454604148865,18.80159568786621,0.9039384722709656,65.92276000976562,5.971264362335205,0.4995183050632477,0.5685606598854065
507,0,-8.694494247436523,-1.226096272468567,0.7203118801116943,0.11013548076152802,0.16587646305561066,True,False,False,False,397,15.880000114440918,0.28839078545570374,17.978145599365234,0.9421524405479431,63.14262771606445,3.976235866546631,0.4639686644077301,0.566605806350708
508,0,-8.18789291381836,-0.07471747696399689,1.2551159858703613,-0.10100162774324417,-0.11919816583395004,True,False,False,False,295,11.800000190734863,0.29748472571372986,18.913230895996094,0.8664866089820862,75.19287109375,6.37227725982666,0.44776251912117004,0.5629113912582397
509,0,-8.598114013671875,-1.1681088209152222,0.8332631587982178,-0.08668065816164017,-0.03199675679206848,True,False,False,False,412,16.479999542236328,0.29404062032699585,17.748136520385742,0.9487175345420837,34.40279769897461,2.0875484943389893,0.45100387930870056,0.5645838379859924
510,0,-8.61133098602295,0.35770758986473083,0.7517940998077393,0.10455874353647232,-0.09140618145465851,True,False,False,False,371,14.839999198913574,0.27577072381973267,17.453062057495117,0.9634453058242798,39.11833572387695,2.6360065937042236,0.3457846939563751,0.5242380499839783
511,0,-8.51096248626709,-1.1569972038269043,0.9111036062240601,0.06740514189004898,-0.032956577837467194,True,False,False,False,331,13.239999771118164,0.2864410877227783,17.62091827392578,0.9505897760391235,26.66487693786621,2.013963460922241,0.46052202582359314,0.5658093690872192
512,0,-8.448217391967773,-0.5596768260002136,0.912291407585144,0.007354701869189739,-0.06043867766857147,True,False,False,False,344,13.75999927520752,0.29201236367225647,17.725242614746094,0.9397589564323425,37.087928771972656,2.6953437328338623,0.44966432452201843,0.5628548264503479
513,0,-8.985481262207031,0.13506978750228882,0.945686936378479,0.006296449340879917,-0.05170280858874321,True,False,False,False,329,13.15999984741211,0.2860892117023468,17.756366729736328,0.9678784608840942,17.868221282958984,1.3577675819396973,0.34874269366264343,0.5057542324066162
514,0,-8.501382827758789,-0.5330339670181274,0.8183698058128357,0.11435175687074661,-0.005561385303735733,True,False,False,False,349,13.960000038146973,0.29501447081565857,17.72295379638672,0.9428303241729736,33.28908920288086,2.3846051692962646,0.45566269755363464,0.5640296936035156
515,0,-8.018146514892578,-0.8603489995002747,0.8614459037780762,-0.07839230448007584,0.1202293261885643,True,False,False,False,394,15.75999927520752,0.2966978847980499,17.96159553527832,0.9041812419891357,98.05561065673828,6.221803188323975,0.474874883890152,0.5755012631416321
516,0,-8.408586502075195,-0.12518718838691711,1.1958585977554321,-0.015025359578430653,0.019383981823921204,True,False,False,False,271,10.84000015258789,0.23611530661582947,18.087881088256836,0.9182419180870056,40.75300979614258,3.759502649307251,0.36595460772514343,0.5728693604469299
517,0,-8.861283302307129,0.5611633062362671,0.7864910364151001,-0.03427856042981148,-0.10057131946086884,True,False,False,False,408,16.31999969482422,0.29908472299575806,17.74118995666504,0.9621874690055847,49.65705871582031,3.0427119731903076,0.34550783038139343,0.5156172513961792
518,0,-8.207404136657715,0.5439361929893494,1.0093441009521484,-0.10168232023715973,-0.1289854794740677,True,False,False,False,315,12.59999942779541,0.29846838116645813,17.153297424316406,0.9570322036743164,41.8416748046875,3.320767879486084,0.3449079692363739,0.5403563380241394
519,0,-8.204190254211426,-1.0865615606307983,0.9161226749420166,0.010098415426909924,-0.0053926617838442326,True,False,False,False,333,13.319999694824219,0.2778669595718384,17.315187454223633,0.9494261145591736,31.662336349487305,2.3770523071289062,0.45267030596733093,0.5693349242210388
520,0,-8.11511516571045,-0.36061787605285645,0.8063232898712158,0.1403120756149292,-0.019857481122016907,True,False,False,False,340,13.59999942779541,0.2834523618221283,17.424114227294922,0.9365772604942322,40.74162292480469,2.9957077503204346,0.44851991534233093,0.5655549764633179
521,0,-8.877349853515625,0.47557905316352844,1.1876002550125122,0.08583188056945801,-0.012176216579973698,True,False,False,False,246,9.84000015258789,0.25588956475257874,17.579858779907227,0.9717857837677002,17.133054733276367,1.7411640882492065,0.35667726397514343,0.5162997245788574
522,0,-8.746337890625,0.2646252512931824,0.8969742655754089,-0.13639532029628754,0.0704866573214531,True,False,False,False,384,15.359999656677246,0.28481268882751465,17.685497283935547,0.958320140838623,31.20602798461914,2.031642436981201,0.3852446377277374,0.524898111820221
523,0,-8.066457748413086,1.1096209287643433,0.8069504499435425,-0.008662112057209015,0.02412564679980278,True,False,False,False,357,14.279999732971191,0.28296828269958496,16.749792098999023,0.973360002040863,26.600509643554688,1.8627808094024658,0.3592818081378937,0.5626266598701477
524,0,-8.574368476867676,-0.23430079221725464,1.0172942876815796,-0.03220072016119957,0.009964008815586567,True,False,False,False,327,13.079999923706055,0.26499125361442566,18.285736083984375,0.9174351096153259,52.19833755493164,3.9906985759735107,0.4696667492389679,0.5646988153457642
525,0,-8.925932884216309,0.26827454566955566,1.2034111022949219,-0.05949505791068077,-0.08086107671260834,True,False,False,False,268,10.719999313354492,0.24595968425273895,17.731855392456055,0.9659451842308044,21.087839126586914,1.967149257659912,0.3483745753765106,0.5086151361465454
526,0,-8.09356689453125,0.6342636346817017,0.9929153919219971,0.09417479485273361,0.15331248939037323,True,False,False,False,281,11.239999771118164,0.25629594922065735,17.124048233032227,0.9522097110748291,29.988786697387695,2.668041467666626,0.44081243872642517,0.5638489127159119
527,0,-8.832295417785645,-0.9272375106811523,1.1565436124801636,0.0055128708481788635,0.015014829114079475,True,False,False,False,277,11.079999923706055,0.26465940475463867,18.030405044555664,0.9460175633430481,32.24760818481445,2.9104340076446533,0.4730188548564911,0.5664131045341492
528,0,-8.781315803527832,-0.20075567066669464,1.0767641067504883,0.06329243630170822,-0.047923970967531204,True,False,False,False,287,11.479999542236328,0.295242041349411,18.125789642333984,0.936923623085022,34.34321212768555,2.9915690422058105,0.44845739006996155,0.5623440742492676
529,0,-8.309874534606934,0.9522274136543274,1.194490909576416,-0.03135540336370468,0.07509536296129227,True,False,False,False,251,10.039999961853027,0.2508203387260437,17.11713218688965,0.966097891330719,27.036300659179688,2.6928586959838867,0.3792212903499603,0.5522491335868835
530,0,-8.34329891204834,-0.5144771337509155,0.7961954474449158,-0.02770351618528366,-0.08163077384233475,True,False,False,False,412,16.479999542236328,0.2891875207424164,17.821117401123047,0.9287383556365967,37.19826889038086,2.257176637649536,0.44737932085990906,0.5619322657585144
531,0,-8.567150115966797,1.096461296081543,0.76543790102005,-0.07492785900831223,-0.054490163922309875,True,False,False,False,417,16.68000030517578,0.2583293318748474,17.313724517822266,0.9704633951187134,31.121675491333008,1.8658078908920288,0.35121825337409973,0.5395523905754089
532,0,-8.237533569335938,0.502132773399353,1.277942419052124,0.10004770755767822,0.10187967866659164,True,False,False,False,220,8.800000190734863,0.2363761067390442,17.1502685546875,0.9588809013366699,24.84178924560547,2.8229305744171143,0.37697145342826843,0.5469370484352112
533,0,-8.352143287658691,-0.921756386756897,0.7295771241188049,-0.18594475090503693,0.013841122388839722,True,False,False,False,514,20.559999465942383,0.28839167952537537,17.68170166015625,0.9375417232513428,56.33146286010742,2.7398571968078613,0.4589899480342865,0.5685156583786011
534,0,-8.619269371032715,-0.5454964637756348,1.0981935262680054,0.047633830457925797,0.18819543719291687,True,False,False,False,331,13.239999771118164,0.28353098034858704,19.49931526184082,0.8630026578903198,104.20215606689453,7.870253562927246,0.47960981726646423,0.5776877403259277
535,0,-8.307756423950195,-0.06951294839382172,0.7736988067626953,0.05269668996334076,0.057626329362392426,True,False,False,False,389,15.559999465942383,0.2737123370170593,17.826223373413086,0.926045835018158,54.17295837402344,3.4815526008605957,0.38010260462760925,0.5760996341705322
536,0,-8.351666450500488,-1.2093110084533691,0.7155331373214722,0.07289791852235794,0.005555006209760904,True,False,False,False,406,16.239999771118164,0.28855037689208984,17.444293975830078,0.9513140320777893,31.34010124206543,1.9298092126846313,0.4541642367839813,0.5696328282356262
537,0,-8.832728385925293,-0.6334448456764221,0.9794297814369202,-0.08339478820562363,0.16430330276489258,True,False,False,False,373,14.920000076293945,0.2513704001903534,19.09193229675293,0.8927488327026367,96.37848663330078,6.459683895111084,0.4618777334690094,0.5701361894607544
538,0,-8.503727912902832,0.7397037744522095,0.7326683402061462,-0.10892458260059357,-0.01889425329864025,True,False,False,False,447,17.8799991607666,0.2880323827266693,17.099123001098633,0.9778167605400085,19.542314529418945,1.092970609664917,0.358349472284317,0.5354350805282593
539,0,-8.295975685119629,-0.5173433423042297,1.2961337566375732,0.004627120681107044,-0.0037484357599169016,True,False,False,False,237,9.479999542236328,0.28751707077026367,17.585824966430664,0.9384797215461731,33.365230560302734,3.5195393562316895,0.44156762957572937,0.5619902610778809
540,0,-8.36294937133789,0.6461267471313477,0.7461588382720947,0.04881524294614792,-0.02691393531858921,True,False,False,False,376,15.039999961853027,0.2843998968601227,17.0405330657959,0.9726999402046204,24.1695556640625,1.6070183515548706,0.36308595538139343,0.540800154209137
541,0,-8.273077964782715,-1.1062676906585693,1.2241872549057007,0.04775640368461609,-0.07029221206903458,True,False,False,False,249,9.960000038146973,0.26223722100257874,17.42007064819336,0.9477298855781555,21.03781509399414,2.1122305393218994,0.44884034991264343,0.5650778412818909
542,0,-8.420106887817383,0.6323848962783813,0.8677539229393005,0.134224995970726,-0.11792617291212082,True,False,False,False,313,12.519999504089355,0.2818143367767334,17.270038604736328,0.9630505442619324,45.585426330566406,3.6410086154937744,0.34630128741264343,0.535571813583374
543,0,-8.672884941101074,0.2610132098197937,0.9645300507545471,0.058244798332452774,-0.020180562511086464,True,False,False,False,301,12.039999961853027,0.29323890805244446,17.380916595458984,0.9708849191665649,16.633825302124023,1.381546974182129,0.36961063742637634,0.5198540091514587
544,0,-8.636627197265625,0.5729459524154663,0.7222715020179749,0.14012350142002106,-0.05319388583302498,True,False,False,False,369,14.75999927520752,0.26785773038864136,17.376049041748047,0.9695072174072266,26.62142562866211,1.8036197423934937,0.35927680134773254,0.5282419919967651
545,0,-8.60440444946289,-1.0019768476486206,1.2938109636306763,0.026566335931420326,0.01981695368885994,True,False,False,False,242,9.679999351501465,0.27821362018585205,17.84156036376953,0.9435121417045593,32.2822265625,3.3349409103393555,0.4457884728908539,0.5679101347923279
546,0,-8.074078559875488,1.0648813247680664,1.2403981685638428,-0.009730830788612366,-0.03943072259426117,True,False,False,False,231,9.239999771118164,0.23521873354911804,16.74519920349121,0.9739061594009399,18.53887939453125,2.0063722133636475,0.37572023272514343,0.5586514472961426
547,0,-8.895946502685547,0.5343848466873169,1.2121303081512451,-0.06098227575421333,-0.08102308958768845,True,False,False,False,265,10.59999942779541,0.2881835401058197,17.719623565673828,0.9652661681175232,26.32036590576172,2.48305344581604,0.37132158875465393,0.5141295194625854
548,0,-8.76979923248291,1.1442269086837769,1.2854621410369873,-0.017814716324210167,-0.048807624727487564,True,False,False,False,237,9.479999542236328,0.22518396377563477,17.456632614135742,0.9742808938026428,17.693904876708984,1.866445779800415,0.3739149868488312,0.5320252180099487
549,0,-8.9227876663208,1.0820021629333496,0.9512740969657898,0.08081043511629105,-0.051905907690525055,True,False,False,False,304,12.15999984741211,0.2713214159011841,17.626583099365234,0.9733226895332336,25.5877742767334,2.104257822036743,0.3521623909473419,0.5274436473846436
550,0,-8.832958221435547,-1.002805471420288,0.8723739385604858,-0.05742572620511055,-0.012060807086527348,True,False,False,False,385,15.399999618530273,0.2805672585964203,17.932756423950195,0.9514400959014893,32.3473014831543,2.1004741191864014,0.4581218659877777,0.5654138326644897
551,0,-8.558452606201172,-0.961871862411499,1.1878114938735962,-0.0016310797072947025,-0.0017977459356188774,True,False,False,False,266,10.639999389648438,0.2644164264202118,17.738502502441406,0.9462777972221375,29.12989616394043,2.7377724647521973,0.4677010476589203,0.5663709044456482
552,0,-8.976773262023926,0.675001859664917,0.7882386445999146,-0.011002304032444954,0.013755903579294682,True,False,False,False,394,15.75999927520752,0.2640283703804016,17.645530700683594,0.9741732478141785,20.097078323364258,1.2751953601837158,0.39117738604545593,0.5198483467102051
553,0,-8.222673416137695,-0.008055642247200012,1.0923762321472168,-0.013837468810379505,-0.0030160716269165277,True,False,False,False,288,11.519999504089355,0.2645944654941559,17.714807510375977,0.9270592331886292,38.84203338623047,3.371704339981079,0.35216066241264343,0.5720405578613281
554,0,-8.399707794189453,-0.058775171637535095,0.828197717666626,-0.039742548018693924,-0.022334545850753784,True,False,False,False,401,16.03999900817871,0.25643110275268555,18.091442108154297,0.9175505042076111,52.93406295776367,3.300128698348999,0.36271974444389343,0.5743914842605591
555,0,-8.207260131835938,-1.0334104299545288,1.0370006561279297,0.015141154639422894,-0.047666359692811966,True,False,False,False,296,11.84000015258789,0.26810622215270996,17.35784912109375,0.9470753073692322,27.699344635009766,2.3394715785980225,0.4470474421977997,0.5673948526382446
556,0,-8.34125804901123,-1.1280996799468994,1.1462315320968628,0.050881776958703995,-0.056028880178928375,True,False,False,False,266,10.639999389648438,0.2762601971626282,17.45867347717285,0.9496139883995056,25.28362274169922,2.3762805461883545,0.4653601348400116,0.5654958486557007
557,0,-8.804512023925781,-0.12525804340839386,0.9865881204605103,0.00019521637295838445,0.010894143022596836,True,False,False,False,385,15.399999618530273,0.29714471101760864,20.00843620300293,0.8498898148536682,111.10787963867188,7.214797496795654,0.48007509112358093,0.5638362765312195
558,0,-8.445525169372559,-1.0065137147903442,1.08136785030365,-0.06624441593885422,-0.1656496822834015,True,False,False,False,355,14.199999809265137,0.2936830222606659,19.172325134277344,0.8697636723518372,75.18772888183594,5.294910430908203,0.44055482745170593,0.557170569896698
559,0,-8.206388473510742,0.859462320804596,1.0327612161636353,0.11023033410310745,-0.08268128335475922,True,False,False,False,261,10.4399995803833,0.26661786437034607,16.900909423828125,0.9720472097396851,21.808565139770508,2.0889430046081543,0.3483574092388153,0.5518614649772644
560,0,-8.42258071899414,1.0922057628631592,0.8512356281280518,-0.1183777004480362,0.03126213327050209,True,False,False,False,383,15.319999694824219,0.2769371569156647,17.15411376953125,0.9710668325424194,32.056884765625,2.0924859046936035,0.3629309833049774,0.5487108826637268
561,0,-8.226665496826172,-0.964328944683075,1.0056473016738892,-0.032848309725522995,0.004284560214728117,True,False,False,False,313,12.519999504089355,0.28359565138816833,17.423442840576172,0.9443851709365845,39.98468780517578,3.1936652660369873,0.4626012146472931,0.5684411525726318
562,0,-8.162603378295898,-1.1820937395095825,1.0751142501831055,-0.07143357396125793,-0.15935082733631134,True,False,False,False,363,14.519999504089355,0.2765858769416809,19.2288761138916,0.853117048740387,82.6890640258789,5.6948394775390625,0.44731828570365906,0.5580082535743713
563,0,-8.34177303314209,0.501099705696106,0.7543286085128784,-0.1500861495733261,-9.079543087864295e-05,True,False,False,False,448,17.920000076293945,0.2663843035697937,17.00487518310547,0.9732049703598022,19.42292594909668,1.0838686227798462,0.38484498858451843,0.5375593304634094
564,0,-8.480344772338867,-0.9593635201454163,1.1511963605880737,0.07968612760305405,-0.10602182894945145,True,False,False,False,281,11.239999771118164,0.29549625515937805,18.149429321289062,0.9205482602119446,41.06718063354492,3.6536638736724854,0.44635316729545593,0.5617344975471497
565,0,-8.208170890808105,0.572363018989563,0.8195662498474121,0.11035516113042831,0.09334322810173035,True,False,False,False,330,13.199999809265137,0.2980610430240631,17.078323364257812,0.9613339900970459,31.09088706970215,2.355370283126831,0.40305331349372864,0.555591344833374
566,0,-8.055519104003906,0.6187605857849121,1.2920382022857666,-0.04375363141298294,0.03204497694969177,True,False,False,False,226,9.039999961853027,0.2987261712551117,16.713987350463867,0.9732613563537598,17.64384651184082,1.9517529010772705,0.36222758889198303,0.5513082146644592
567,0,-8.90005874633789,-0.9435946345329285,1.2145411968231201,0.10060243308544159,-0.14831818640232086,True,False,False,False,294,11.75999927520752,0.2973853349685669,19.26589584350586,0.8889089822769165,55.23008728027344,4.696436405181885,0.44690248370170593,0.556924045085907
568,0,-8.58472728729248,0.4026450216770172,1.2213997840881348,-0.05951869860291481,0.057399652898311615,True,False,False,False,256,10.239999771118164,0.2434777021408081,17.436689376831055,0.9628819227218628,20.55613136291504,2.007434844970703,0.3594699800014496,0.5292336344718933
569,0,-8.123740196228027,-0.8661711812019348,0.7528485059738159,-0.09360171854496002,0.1048966571688652,True,False,False,False,465,18.600000381469727,0.2897316813468933,18.116703033447266,0.9022774696350098,114.81102752685547,6.172635555267334,0.4812106788158417,0.5737608075141907
570,0,-8.875436782836914,-1.1491237878799438,1.0842957496643066,-0.10076168179512024,0.03615272045135498,True,False,False,False,318,12.719999313354492,0.2705672085285187,18.065982818603516,0.9472716450691223,35.3227653503418,2.776947021484375,0.4656287729740143,0.5679079294204712
571,0,-8.211421966552734,-0.36131852865219116,0.8524401187896729,-0.10527804493904114,-0.032939206808805466,True,False,False,False,392,15.679999351501465,0.28072303533554077,17.536727905273438,0.9360542893409729,43.32841873168945,2.763292074203491,0.4510902464389801,0.5639691352844238
572,0,-8.727782249450684,-0.14455676078796387,0.7951600551605225,-0.11060366034507751,-0.009677237831056118,True,False,False,False,502,20.079999923706055,0.2809705138206482,19.7363224029541,0.8577277064323425,128.84420776367188,6.416544437408447,0.4509580433368683,0.5628694891929626
573,0,-8.854412078857422,-0.4254204034805298,1.2543041706085205,-0.031027773395180702,-0.006254241801798344,True,False,False,False,261,10.4399995803833,0.2820688486099243,18.235166549682617,0.9355344176292419,32.40398406982422,3.103830099105835,0.44382527470588684,0.5607409477233887
574,0,-8.449785232543945,-0.3852193057537079,1.2522473335266113,0.06437493860721588,0.15308234095573425,True,False,False,False,256,10.239999771118164,0.2830236256122589,18.32774543762207,0.9086858630180359,55.34455490112305,5.4047417640686035,0.48163488507270813,0.5697814226150513
575,0,-8.014622688293457,-0.7328236103057861,0.9022445678710938,0.004319494590163231,0.005424427334219217,True,False,False,False,334,13.359999656677246,0.26724737882614136,17.24482536315918,0.9412025213241577,42.43671417236328,3.176400899887085,0.46103015542030334,0.5677906274795532
576,0,-8.27417278289795,-0.2984820306301117,0.8176950216293335,0.15075625479221344,-0.03707579895853996,True,False,False,False,338,13.519999504089355,0.2806757092475891,17.590675354003906,0.9366797804832458,33.468360900878906,2.475470542907715,0.45125964283943176,0.5634719729423523
577,0,-8.182815551757812,1.043766736984253,1.2926208972930908,-0.014997823163866997,0.049764130264520645,True,False,False,False,226,9.039999961853027,0.24538204073905945,16.924428939819336,0.9699255228042603,21.312559127807617,2.357583999633789,0.36363527178764343,0.556702733039856
578,0,-8.898155212402344,0.3580912947654724,1.2924895286560059,-0.08039308339357376,-0.07698940485715866,True,False,False,False,251,10.039999961853027,0.25166934728622437,17.709138870239258,0.9657070636749268,20.96954345703125,2.088599920272827,0.34935304522514343,0.5104290246963501
579,0,-8.285593032836914,-0.23864470422267914,0.7362092137336731,-0.05943809822201729,0.032829366624355316,True,False,False,False,536,21.439998626708984,0.2849246859550476,19.965232849121094,0.8258000016212463,164.4881134033203,7.67202091217041,0.4632504880428314,0.563805878162384
580,0,-8.45700454711914,-0.21761558949947357,0.8137699961662292,0.05350438132882118,0.04561569541692734,True,False,False,False,466,18.639999389648438,0.2850692570209503,20.100618362426758,0.8287506699562073,142.15150451660156,7.626153945922852,0.47478190064430237,0.5638588070869446
581,0,-8.562267303466797,0.7683694362640381,1.004879355430603,-0.07725998014211655,-0.09322157502174377,True,False,False,False,316,12.639999389648438,0.29423171281814575,17.396038055419922,0.964562177658081,27.75410270690918,2.1957361698150635,0.34617921710014343,0.5323644280433655
582,0,-8.959981918334961,-0.06347030401229858,1.217622995376587,-0.18093541264533997,-0.04454595595598221,True,False,False,False,333,13.319999694824219,0.26406407356262207,19.84256935119629,0.8648123741149902,86.7309341430664,6.511331558227539,0.4447444975376129,0.5612577795982361
583,0,-8.316734313964844,0.014904439449310303,1.2472023963928223,-0.08587666600942612,0.03354475274682045,True,False,False,False,250,10.0,0.27516254782676697,17.199542999267578,0.9603011608123779,21.269289016723633,2.1269288063049316,0.3785926401615143,0.5304271578788757
584,0,-8.96950912475586,0.5940833687782288,0.9518744945526123,0.07892079651355743,-0.008620948530733585,True,False,False,False,306,12.239999771118164,0.2540096640586853,17.648286819458008,0.9734434485435486,17.91614532470703,1.4637373685836792,0.36104127764701843,0.516376793384552
585,0,-8.784065246582031,-0.46249693632125854,1.0474178791046143,0.07391476631164551,-0.021427979692816734,True,False,False,False,292,11.679999351501465,0.270904004573822,18.083087921142578,0.9395659565925598,30.189477920532227,2.5847156047821045,0.45990630984306335,0.5618999600410461
586,0,-8.20893669128418,1.2405269145965576,0.8712408542633057,0.019978217780590057,0.022784849628806114,True,False,False,False,327,13.079999923706055,0.27167707681655884,16.909751892089844,0.9731027483940125,19.599191665649414,1.4984091520309448,0.39621278643608093,0.5632418394088745
587,0,-8.062474250793457,1.0147744417190552,0.9585409164428711,0.10383424162864685,-0.09071587026119232,True,False,False,False,279,11.15999984741211,0.24491102993488312,16.830373764038086,0.968102753162384,29.844444274902344,2.6742334365844727,0.34731581807136536,0.5597283244132996
588,0,-8.84572982788086,-1.0656671524047852,1.1646974086761475,-0.18206287920475006,0.010160716250538826,True,False,False,False,309,12.359999656677246,0.29092302918434143,18.015216827392578,0.9480005502700806,30.659690856933594,2.480557680130005,0.4716751277446747,0.566275417804718
589,0,-8.354425430297852,-0.8014713525772095,1.1735637187957764,0.10478518158197403,0.049136530607938766,True,False,False,False,251,10.039999961853027,0.25994396209716797,17.652406692504883,0.9388788342475891,44.06497573852539,4.388941764831543,0.47089865803718567,0.5659967064857483
590,0,-8.85695743560791,0.8987617492675781,0.9511034488677979,-0.08106213063001633,-0.03410371392965317,True,False,False,False,338,13.519999504089355,0.29426077008247375,17.45370101928711,0.9786011576652527,23.533626556396484,1.7406529188156128,0.36551591753959656,0.5258599519729614
591,0,-8.792134284973145,0.4753214120864868,1.1159454584121704,0.02309822477400303,0.10362925380468369,True,False,False,False,273,10.920000076293945,0.2688646614551544,17.690387725830078,0.9608983993530273,25.488433837890625,2.3341057300567627,0.3963312804698944,0.5286073684692383
592,0,-8.50719928741455,-0.5925943851470947,0.7614418864250183,-0.014503438957035542,-0.00873603206127882,True,False,False,False,417,16.68000030517578,0.2864827811717987,17.773914337158203,0.9405648708343506,43.53562545776367,2.6100494861602783,0.46131834387779236,0.5651413798332214
593,0,-8.169046401977539,-0.7517588138580322,0.807655930519104,-0.09974437206983566,0.03068223036825657,True,False,False,False,411,16.440000534057617,0.27254751324653625,17.45525360107422,0.9387425780296326,51.10010528564453,3.108278751373291,0.45388439297676086,0.567777156829834
594,0,-8.721330642700195,-0.9729867577552795,0.7860050797462463,-0.11575591564178467,0.05779124051332474,True,False,False,False,454,18.15999984741211,0.28027552366256714,18.16682243347168,0.9329532384872437,73.713623046875,4.059120178222656,0.4589233100414276,0.569449782371521
595,0,-8.836166381835938,0.9029865264892578,1.1195006370544434,-0.09249117970466614,0.1721426397562027,True,False,False,False,299,11.960000038146973,0.2569224238395691,17.92022132873535,0.9519786238670349,43.77305221557617,3.659954071044922,0.44731447100639343,0.5388792753219604
596,0,-8.836134910583496,0.5055623054504395,0.7151926159858704,-0.11430013179779053,-0.019171420484781265,True,False,False,False,477,19.079999923706055,0.2871761918067932,17.43387794494629,0.9776084423065186,15.532071113586426,0.8140498399734497,0.3705703914165497,0.5156037211418152
597,0,-8.330195426940918,0.6439416408538818,0.930405855178833,0.0707467794418335,0.1318543553352356,True,False,False,False,308,12.319999694824219,0.25592195987701416,17.327152252197266,0.9547162055969238,33.34421157836914,2.7065107822418213,0.4308512508869171,0.554205060005188
598,0,-8.783522605895996,-0.15403345227241516,1.112767219543457,-0.06677564978599548,0.16969773173332214,True,False,False,False,305,12.199999809265137,0.28356489539146423,18.453262329101562,0.9203907251358032,47.473941802978516,3.8913068771362305,0.4026075303554535,0.5782482624053955
599,0,-8.737560272216797,-0.4097023010253906,1.0959820747375488,-0.0002961787977255881,0.08314047008752823,True,False,False,False,298,11.920000076293945,0.25913092494010925,18.40125846862793,0.920721173286438,55.79459762573242,4.680754661560059,0.4719689190387726,0.5648432970046997
600,0,-8.614084243774414,-0.8334441184997559,1.2991362810134888,-0.07407061755657196,-0.061838191002607346,True,False,False,False,254,10.15999984741211,0.28823164105415344,17.797481536865234,0.9458848237991333,23.048446655273438,2.268548011779785,0.4502233564853668,0.5626547336578369
601,0,-8.706985473632812,1.2111937999725342,1.2122019529342651,0.07703009247779846,0.029335662722587585,True,False,False,False,239,9.559999465942383,0.27690160274505615,17.44599151611328,0.9715448021888733,22.32369041442871,2.3351142406463623,0.40130212903022766,0.5387940406799316
602,0,-8.149515151977539,-0.912356972694397,1.2369998693466187,0.041916195303201675,-0.09422063082456589,True,False,False,False,246,9.84000015258789,0.2625126838684082,17.38559341430664,0.9418427348136902,24.74738311767578,2.5149779319763184,0.4538135230541229,0.5653918385505676
603,0,-8.474788665771484,-1.1848082542419434,1.0300157070159912,0.027717724442481995,0.05725685879588127,True,False,False,False,306,12.239999771118164,0.2752649784088135,17.86164093017578,0.9358652830123901,44.0040168762207,3.595099449157715,0.4589475095272064,0.5719767212867737
604,0,-8.848381042480469,0.3160126507282257,0.8712302446365356,-0.004826448857784271,-0.004863745998591185,True,False,False,False,352,14.079999923706055,0.2631646990776062,17.51662254333496,0.9734330773353577,14.175430297851562,1.0067777633666992,0.36171266436576843,0.5149285793304443
605,0,-8.570110321044922,-1.2380565404891968,1.1187841892242432,0.02930474281311035,-0.02660025842487812,True,False,False,False,279,11.15999984741211,0.26039281487464905,17.676422119140625,0.9512642621994019,24.368385314941406,2.183547019958496,0.45859357714653015,0.5641291737556458
606,0,-8.787679672241211,0.8722060918807983,1.1237585544586182,0.1510218381881714,0.025548677891492844,True,False,False,False,246,9.84000015258789,0.2967374920845032,17.41782569885254,0.9765666723251343,18.784883499145508,1.9090328216552734,0.3555280864238739,0.5327144265174866
607,0,-8.421374320983887,1.0870599746704102,1.1365212202072144,0.004914626479148865,-0.000193909858353436,True,False,False,False,258,10.319999694824219,0.23318569362163544,17.122169494628906,0.9727889895439148,21.620553970336914,2.095015048980713,0.39619752764701843,0.5475290417671204
608,0,-8.924152374267578,0.2155841886997223,1.2141172885894775,0.02234547771513462,-0.11155187338590622,True,False,False,False,256,10.239999771118164,0.26709288358688354,17.84528350830078,0.9596645832061768,24.088651657104492,2.352407455444336,0.3491675555706024,0.5077207684516907
609,0,-8.218939781188965,-1.18101167678833,0.8993754386901855,-0.06383869796991348,0.11590223014354706,True,False,False,False,380,15.199999809265137,0.29060569405555725,18.10386848449707,0.9092311859130859,88.9927978515625,5.8547892570495605,0.4685850441455841,0.5764855146408081
610,0,-8.427645683288574,-1.088638424873352,1.0584564208984375,0.04375940561294556,-0.14070655405521393,True,False,False,False,340,13.59999942779541,0.29554930329322815,18.928691864013672,0.8802835941314697,66.14093017578125,4.8633036613464355,0.44594117999076843,0.5591407418251038
611,0,-8.128546714782715,-0.8156853914260864,0.7541463375091553,0.0005780574283562601,0.0055321455001831055,True,False,False,False,404,16.15999984741211,0.2751255929470062,17.341602325439453,0.9427354335784912,46.24760818481445,2.8618569374084473,0.4485803544521332,0.5686255097389221
612,0,-8.794934272766113,0.7979246973991394,1.117100477218628,0.07388584315776825,-0.1356711983680725,True,False,False,False,264,10.559999465942383,0.2741129398345947,17.665536880493164,0.9630802869796753,34.93391799926758,3.308136224746704,0.34434816241264343,0.5229462385177612
613,0,-8.044957160949707,-0.44472938776016235,1.2060964107513428,-0.06433016806840897,0.031139543280005455,True,False,False,False,259,10.359999656677246,0.25845909118652344,17.357864379882812,0.9362288117408752,34.24691390991211,3.3056867122650146,0.45302125811576843,0.5645166039466858
614,0,-8.549322128295898,-1.067676067352295,0.772921621799469,0.037944596260786057,-0.1217130497097969,True,False,False,False,495,19.799999237060547,0.2898358702659607,19.567035675048828,0.8577038049697876,105.71598052978516,5.33919095993042,0.4479476511478424,0.5575396418571472
615,0,-8.412156105041504,-1.2421058416366577,1.245450496673584,0.00984349474310875,0.03639625012874603,True,False,False,False,248,9.920000076293945,0.2545141279697418,17.492088317871094,0.9522995352745056,21.45502471923828,2.1628048419952393,0.45752260088920593,0.5699810981750488
616,0,-8.017560958862305,0.9443119168281555,1.2134616374969482,0.11500431597232819,0.025225592777132988,True,False,False,False,220,8.800000190734863,0.2891807556152344,16.66126823425293,0.974987804889679,17.746749877929688,2.016676187515259,0.35438844561576843,0.5620258450508118
617,0,-8.4686918258667,0.4796674847602844,1.0332329273223877,0.021652575582265854,0.009183748625218868,True,False,False,False,283,11.319999694824219,0.26078012585639954,17.192554473876953,0.9699239730834961,16.6464786529541,1.4705370664596558,0.35049745440483093,0.5333417057991028
618,0,-8.997048377990723,-1.200644850730896,0.7900445461273193,-0.035831037908792496,-0.04768216982483864,True,False,False,False,448,17.920000076293945,0.2994295060634613,18.568641662597656,0.9283497333526611,56.44896697998047,3.1500539779663086,0.44858095049858093,0.5603146553039551
619,0,-8.397866249084473,0.6409949064254761,0.7091594934463501,-0.019818948581814766,-0.02117176726460457,True,False,False,False,422,16.8799991607666,0.28158146142959595,17.07410430908203,0.9728193879127502,24.28062629699707,1.4384257793426514,0.34926149249076843,0.5392915606498718
620,0,-8.291011810302734,-0.302833616733551,1.297611117362976,0.17234334349632263,-0.09162411838769913,True,False,False,False,221,8.84000015258789,0.2723299562931061,17.652355194091797,0.9343650341033936,25.4864501953125,2.883082628250122,0.4487106502056122,0.5611807703971863
621,0,-8.670119285583496,-0.7032548189163208,1.1399437189102173,-0.003576192306354642,0.14654095470905304,True,False,False,False,296,11.84000015258789,0.260932594537735,18.62285614013672,0.9066555500030518,76.50233459472656,6.461345672607422,0.4810875356197357,0.5698899626731873
622,0,-8.214343070983887,0.4669596254825592,0.7191314101219177,-0.04630217328667641,-0.08230061084032059,True,False,False,False,429,17.15999984741211,0.2800615727901459,17.09272575378418,0.9606932401657104,41.19357681274414,2.4005579948425293,0.3474723994731903,0.5414351224899292
623,0,-8.083996772766113,0.36341384053230286,0.967162013053894,-0.01892182230949402,-0.04027928039431572,True,False,False,False,302,12.079999923706055,0.28475672006607056,16.809402465820312,0.9689802527427673,20.804471969604492,1.722224473953247,0.34979161620140076,0.5450566411018372
624,0,-8.886144638061523,0.5975806713104248,0.819570004940033,-0.06898459047079086,-0.001956728519871831,True,False,False,False,395,15.799999237060547,0.2866380512714386,17.51367950439453,0.9761748313903809,20.24060821533203,1.2810511589050293,0.38585302233695984,0.5189891457557678
625,0,-8.163780212402344,-0.9011387825012207,0.9581910967826843,-0.11394958943128586,0.09313879907131195,True,False,False,False,359,14.359999656677246,0.2749083638191223,17.92754364013672,0.9141312837600708,75.56282043457031,5.262034893035889,0.46014562249183655,0.5716712474822998
626,0,-8.062817573547363,-0.6892898678779602,1.0787124633789062,-0.023376353085041046,-0.059386298060417175,True,False,False,False,288,11.519999504089355,0.2657332122325897,17.305421829223633,0.940581202507019,29.40877342224121,2.552845001220703,0.4485161006450653,0.5653976202011108
627,0,-8.996882438659668,-0.4030124843120575,0.9448180794715881,-0.0011059712851420045,-0.0906924158334732,True,False,False,False,358,14.319999694824219,0.2949928641319275,18.58555793762207,0.925531804561615,38.725189208984375,2.704272985458374,0.44597169756889343,0.558661937713623
628,0,-8.362923622131348,-0.1574062556028366,1.2111705541610718,-0.05717475712299347,-0.15141485631465912,True,False,False,False,284,11.359999656677246,0.28960147500038147,18.270936965942383,0.9065576791763306,42.68700408935547,3.7576589584350586,0.44490477442741394,0.5631751418113708
629,0,-8.62039566040039,0.39435118436813354,1.2157905101776123,-0.01684478111565113,-0.0025977282784879208,True,False,False,False,249,9.960000038146973,0.2832198143005371,17.297958374023438,0.9726545214653015,16.430892944335938,1.6496880054473877,0.39696046710014343,0.5235227346420288
630,0,-8.210455894470215,0.7027007341384888,0.7093120217323303,-0.14196594059467316,0.04910092055797577,True,False,False,False,476,19.03999900817871,0.2708806097507477,17.011558532714844,0.9655333161354065,31.955245971679688,1.6783218383789062,0.38721415400505066,0.5537214875221252
631,0,-8.741724967956543,-0.35076791048049927,0.7757641673088074,-0.1673971265554428,-0.03027808666229248,True,False,False,False,481,19.239999771118164,0.2910146415233612,18.12679100036621,0.9348203539848328,49.2005500793457,2.5572011470794678,0.4538936913013458,0.5625611543655396
632,0,-8.440406799316406,-0.012447312474250793,0.7029763460159302,-0.06910014152526855,0.052960578352212906,True,False,False,False,473,18.920000076293945,0.2759816348552704,17.847537994384766,0.9323645234107971,54.488006591796875,2.879915714263916,0.40436258912086487,0.5690452456474304
633,0,-8.481832504272461,0.04313245415687561,1.0609939098358154,-0.017097346484661102,-0.05028296262025833,True,False,False,False,287,11.479999542236328,0.2995173931121826,17.294147491455078,0.9645973443984985,24.284391403198242,2.1153652667999268,0.3604198396205902,0.5208287239074707
634,0,-8.683094024658203,-1.234289526939392,0.7162293195724487,-0.12233363091945648,-0.08357138186693192,True,False,False,False,553,22.119998931884766,0.2802567780017853,18.84967803955078,0.8980189561843872,96.44377136230469,4.360025882720947,0.44703981280326843,0.5569847822189331
635,0,-8.127015113830566,0.8162044286727905,1.1522053480148315,0.020762719213962555,0.09716519713401794,True,False,False,False,250,10.0,0.24088673293590546,16.982648849487305,0.9625728130340576,22.775672912597656,2.2775673866271973,0.39012411236763,0.5599197149276733
636,0,-8.247286796569824,-1.0486663579940796,1.2545650005340576,0.13045194745063782,-0.0025176990311592817,True,False,False,False,231,9.239999771118164,0.2820435166358948,17.42927360534668,0.9455407857894897,27.551589965820312,2.981773853302002,0.4585892856121063,0.5698625445365906
637,0,-8.21133804321289,0.2627183496952057,0.9912689328193665,-0.0008722639759071171,-0.0015714634209871292,True,False,False,False,294,11.75999927520752,0.26770880818367004,16.943639755249023,0.968705952167511,17.925506591796875,1.5242778062820435,0.39058229327201843,0.5392120480537415
638,0,-8.472359657287598,1.0399036407470703,0.758100688457489,0.13222180306911469,-0.10099244117736816,True,False,False,False,351,14.039999961853027,0.28176671266555786,17.250856399536133,0.9683105945587158,41.3095703125,2.942277193069458,0.34685060381889343,0.5437851548194885
639,0,-8.265198707580566,0.15070170164108276,1.0243806838989258,-0.02756296843290329,-0.01440854649990797,True,False,False,False,291,11.639999389648438,0.2961139976978302,16.97413444519043,0.9700568914413452,14.489787101745605,1.244827151298523,0.37230226397514343,0.5344172716140747
640,0,-8.827177047729492,-0.9958941340446472,1.0030769109725952,0.003934753593057394,0.023560160771012306,True,False,False,False,319,12.75999927520752,0.26919224858283997,17.999374389648438,0.9475759863853455,35.07260513305664,2.7486369609832764,0.446687251329422,0.5671376585960388
641,0,-8.502798080444336,-0.946845531463623,1.2935526371002197,0.05502647906541824,-0.02636798657476902,True,False,False,False,236,9.4399995803833,0.2810022234916687,17.642484664916992,0.9482305645942688,24.183597564697266,2.561821937561035,0.4546944200992584,0.5661343932151794
642,0,-8.961420059204102,-0.2944692373275757,0.8975712060928345,-0.016507204622030258,0.053801584988832474,True,False,False,False,365,14.59999942779541,0.29160076379776,18.40530776977539,0.9325517416000366,55.417030334472656,3.795687198638916,0.4557195007801056,0.5631161332130432
643,0,-8.564937591552734,0.5205512046813965,1.0854541063308716,0.03162866085767746,-0.09757436811923981,True,False,False,False,273,10.920000076293945,0.28076520562171936,17.392074584960938,0.9643977284431458,25.48648452758789,2.3339271545410156,0.3549909293651581,0.5277219414710999
644,0,-8.798166275024414,1.241369366645813,0.8684189915657043,0.06521382927894592,0.014766552485525608,True,False,False,False,333,13.319999694824219,0.28129521012306213,17.506275177001953,0.9735167622566223,25.71038055419922,1.9302088022232056,0.38816383481025696,0.535658597946167
645,0,-8.33884334564209,0.9673386812210083,1.0095559358596802,0.0637209340929985,-0.1589377522468567,True,False,False,False,282,11.279999732971191,0.25276556611061096,17.217086791992188,0.9622189402580261,42.115806579589844,3.733670949935913,0.34459230303764343,0.5443758964538574
646,0,-8.838508605957031,0.5137176513671875,1.2144078016281128,-0.04098045453429222,-0.08750295639038086,True,False,False,False,260,10.399999618530273,0.29628366231918335,17.651052474975586,0.9657281041145325,25.549528121948242,2.4566855430603027,0.35819557309150696,0.5166471600532532
647,0,-8.605181694030762,0.9001681208610535,1.0705907344818115,0.07557566463947296,0.06872054934501648,True,False,False,False,268,10.719999313354492,0.2717236280441284,17.370914459228516,0.9687949419021606,29.39090347290039,2.7416889667510986,0.3725370466709137,0.5425394177436829
648,0,-8.989681243896484,-0.3192785382270813,0.8090953230857849,0.11143592745065689,0.10963600873947144,True,False,False,False,394,15.75999927520752,0.29127058386802673,18.815563201904297,0.9137433767318726,81.72986602783203,5.185905456542969,0.4662821590900421,0.5700330138206482
649,0,-8.55840015411377,0.34535884857177734,0.925017237663269,0.1544049233198166,0.05905408039689064,True,False,False,False,293,11.719999313354492,0.2652718126773834,17.39026641845703,0.9638665318489075,20.655391693115234,1.762405514717102,0.37727752327919006,0.5335971713066101
650,0,-8.850654602050781,-1.0252060890197754,1.019234299659729,0.002399798482656479,-0.02565247192978859,True,False,False,False,315,12.59999942779541,0.2888055741786957,17.92557716369629,0.9528796076774597,24.254789352416992,1.9249833822250366,0.45445558428764343,0.5653566122055054
651,0,-8.853914260864258,-0.4413849711418152,0.9026146531105042,0.09910666942596436,0.07144000381231308,True,False,False,False,344,13.75999927520752,0.2972767651081085,18.4785213470459,0.9232084155082703,61.7647705078125,4.4887189865112305,0.47118327021598816,0.5655977725982666
652,0,-8.014925003051758,1.1221325397491455,1.0725936889648438,0.10966495424509048,-0.11561916768550873,True,False,False,False,250,10.0,0.2596950829029083,16.813766479492188,0.9666486382484436,30.32906723022461,3.0329067707061768,0.34874269366264343,0.561772882938385
653,0,-8.11949634552002,-0.609862208366394,1.0655300617218018,-0.042388565838336945,-0.06906118243932724,True,False,False,False,295,11.800000190734863,0.2962457835674286,17.325023651123047,0.9426066875457764,25.66619300842285,2.1751010417938232,0.44719645380973816,0.5644680261611938
654,0,-8.666884422302246,-0.6374627351760864,0.9084065556526184,0.029765738174319267,0.03683352842926979,True,False,False,False,345,13.799999237060547,0.27363866567611694,18.084590911865234,0.9333204030990601,51.41659927368164,3.7258408069610596,0.4576142132282257,0.5661545991897583
655,0,-8.25500202178955,0.48271119594573975,1.043628454208374,0.18745742738246918,0.023818055167794228,True,False,False,False,250,10.0,0.2644037902355194,17.018566131591797,0.9672938585281372,17.20915412902832,1.72091543674469,0.3936719596385956,0.5431476831436157
656,0,-8.422609329223633,-0.8946519494056702,0.8449068069458008,0.002760088536888361,-0.008714680559933186,True,False,False,False,369,14.75999927520752,0.2757457494735718,17.617277145385742,0.9448816776275635,39.994388580322266,2.7096469402313232,0.46123090386390686,0.5672815442085266
657,0,-8.998615264892578,0.4288823902606964,0.7940343022346497,0.10951921343803406,0.07466042786836624,True,False,False,False,361,14.4399995803833,0.29154425859451294,17.871824264526367,0.9626253247261047,31.116851806640625,2.154906749725342,0.38739755749702454,0.5238679051399231
658,0,-8.023119926452637,0.42550697922706604,0.9438686966896057,0.049353450536727905,0.1573854684829712,True,False,False,False,308,12.319999694824219,0.26307356357574463,17.21906852722168,0.942478358745575,36.01563262939453,2.923346757888794,0.44210943579673767,0.5632241368293762
659,0,-8.315998077392578,-0.24726517498493195,1.0064245462417603,-0.08576588332653046,-0.02318545989692211,True,False,False,False,328,13.119999885559082,0.28997093439102173,17.73808479309082,0.9312062859535217,42.02397155761719,3.2030465602874756,0.44864198565483093,0.5661911964416504
660,0,-8.677087783813477,-0.6913716793060303,0.8863774538040161,0.011107883416116238,-0.009493389166891575,True,False,False,False,356,14.239999771118164,0.27020835876464844,17.945253372192383,0.9412515163421631,39.05073547363281,2.7423269748687744,0.45830038189888,0.5648825764656067
661,0,-8.653661727905273,-1.0796258449554443,1.1190016269683838,-0.008804918266832829,-0.005770277231931686,True,False,False,False,286,11.4399995803833,0.28853797912597656,17.817188262939453,0.9478265047073364,30.968692779541016,2.7070536613464355,0.44996950030326843,0.5682051181793213
662,0,-8.376768112182617,-0.7015289068222046,0.8554003834724426,0.033212810754776,-0.07236051559448242,True,False,False,False,362,14.479999542236328,0.2803401052951813,17.680992126464844,0.9383717179298401,29.960262298583984,2.0690789222717285,0.44855043292045593,0.5632674098014832
663,0,-8.890795707702637,0.3885704278945923,0.9726375937461853,-0.09978510439395905,-0.13998113572597504,True,False,False,False,350,14.0,0.29069146513938904,17.91952133178711,0.9539952874183655,47.345157623291016,3.3817970752716064,0.34595033526420593,0.509592592716217
664,0,-8.252595901489258,-0.0254802405834198,0.7411401271820068,0.07777947187423706,-0.11060759425163269,True,False,False,False,492,19.68000030517578,0.2988547384738922,19.479354858398438,0.8446180820465088,110.7145767211914,5.6257405281066895,0.44667360186576843,0.561901867389679
665,0,-8.377947807312012,0.07103607058525085,1.0715768337249756,0.01052033994346857,0.017363565042614937,True,False,False,False,276,11.039999961853027,0.2410203069448471,17.220867156982422,0.9626749753952026,20.697057723999023,1.8747334480285645,0.3570384085178375,0.5306186676025391
666,0,-8.610817909240723,-0.2378445863723755,1.0149288177490234,-0.02926023118197918,0.0012491923989728093,True,False,False,False,317,12.679999351501465,0.2977043390274048,17.963342666625977,0.9359322190284729,42.85790252685547,3.3799610137939453,0.4704608619213104,0.5636065006256104
667,0,-8.653724670410156,0.8948895335197449,0.9741693735122681,-0.04591505229473114,-0.10205529630184174,True,False,False,False,320,12.799999237060547,0.26986393332481384,17.44567108154297,0.9674063324928284,31.564210891723633,2.465954065322876,0.34758302569389343,0.531758189201355
668,0,-8.484219551086426,0.35671815276145935,1.2630083560943604,0.0066615198738873005,0.00034800678258761764,True,False,False,False,235,9.399999618530273,0.22663560509681702,17.230375289916992,0.9685201048851013,14.457439422607422,1.5380254983901978,0.38911744952201843,0.5281280875205994
669,0,-8.219111442565918,-0.1032961905002594,0.8847282528877258,-0.0035449392162263393,0.02845907025039196,True,False,False,False,357,14.279999732971191,0.2515712380409241,17.84450912475586,0.9201391339302063,47.55233383178711,3.3299953937530518,0.38051149249076843,0.5760993957519531
670,0,-8.996000289916992,-0.1124156266450882,1.105764389038086,0.1448734998703003,0.01473861001431942,True,False,False,False,324,12.960000038146973,0.28449875116348267,19.911651611328125,0.8636330962181091,82.9309310913086,6.398991584777832,0.47856447100639343,0.5632072687149048
671,0,-8.564652442932129,1.0089828968048096,1.0397748947143555,-0.08334743976593018,-0.04977009445428848,True,False,False,False,302,12.079999923706055,0.27435800433158875,17.24798011779785,0.9737055897712708,25.067052841186523,2.075087070465088,0.35594484210014343,0.5392499566078186
672,0,-8.860257148742676,0.5588668584823608,1.1216514110565186,0.07543564587831497,0.015012522228062153,True,False,False,False,260,10.399999618530273,0.26931998133659363,17.533336639404297,0.9735313057899475,16.876384735107422,1.6227293014526367,0.35481569170951843,0.522158145904541
673,0,-8.91169548034668,-0.8959048986434937,1.0574378967285156,0.08888787776231766,0.012176170945167542,True,False,False,False,289,11.559999465942383,0.2985173165798187,18.09813690185547,0.9467675685882568,34.85670852661133,3.015286445617676,0.449319452047348,0.5660563707351685
674,0,-8.690377235412598,-0.3957091271877289,0.8098209500312805,0.052370697259902954,-0.032446298748254776,True,False,False,False,375,15.0,0.2772987484931946,17.93415069580078,0.942053496837616,30.477693557739258,2.031846284866333,0.4550960958003998,0.5619047284126282
675,0,-8.540945053100586,-0.04180639982223511,0.7066682577133179,0.022350268438458443,0.06256551295518875,True,False,False,False,440,17.600000381469727,0.2758600413799286,18.032608032226562,0.9283735752105713,56.8336296081543,3.2291834354400635,0.4101385176181793,0.5736308097839355
676,0,-8.3066987991333,0.5685971975326538,1.1151541471481323,-0.0120328888297081,0.0653023049235344,True,False,False,False,266,10.639999389648438,0.26078546047210693,17.110950469970703,0.965248167514801,22.411209106445312,2.1063168048858643,0.3752470910549164,0.5454800724983215
677,0,-8.25601577758789,-0.954590916633606,1.0853781700134277,-0.003956092521548271,0.08714229613542557,True,False,False,False,295,11.800000190734863,0.2722366452217102,17.87150764465332,0.9223164916038513,62.489105224609375,5.295686721801758,0.4760725200176239,0.571111798286438
678,0,-8.013381004333496,-0.16212254762649536,1.1595323085784912,-0.02319842204451561,0.10007751733064651,True,False,False,False,271,10.84000015258789,0.25506067276000977,17.698081970214844,0.9161545634269714,45.579280853271484,4.20473051071167,0.40626004338264465,0.5772368311882019
679,0,-8.438447952270508,-0.5392017960548401,1.117461919784546,-9.327770385425538e-05,-0.031011048704385757,True,False,False,False,279,11.15999984741211,0.2927316725254059,17.678136825561523,0.941673219203949,31.87995147705078,2.856626510620117,0.46863892674446106,0.5624696612358093
680,0,-8.18682861328125,0.06224334239959717,0.778452455997467,-0.0741429403424263,0.011906099505722523,True,False,False,False,401,16.03999900817871,0.2977348566055298,16.981220245361328,0.965004026889801,21.841217041015625,1.3616719245910645,0.38717958331108093,0.5377808809280396
681,0,-8.247328758239746,-0.424472838640213,0.9909095764160156,-8.759810589253902e-05,0.06577171385288239,True,False,False,False,318,12.719999313354492,0.2922682464122772,17.864360809326172,0.9209794402122498,54.460609436035156,4.281494617462158,0.4473075568675995,0.5671749711036682
682,0,-8.994694709777832,0.9593728184700012,0.7528213262557983,-0.1133330762386322,-0.08016867935657501,True,False,False,False,462,18.479999542236328,0.27594131231307983,17.87143898010254,0.9636034369468689,39.39484405517578,2.1317555904388428,0.34682491421699524,0.5170776844024658
683,0,-8.037670135498047,-1.22464919090271,1.0789331197738647,-0.0024901654105633497,-0.04872637242078781,True,False,False,False,287,11.479999542236328,0.26282572746276855,17.238554000854492,0.9445660710334778,27.973188400268555,2.4366888999938965,0.4486190974712372,0.5670179128646851
684,0,-8.790674209594727,0.5592702627182007,1.0537164211273193,-0.047985613346099854,0.055962804704904556,True,False,False,False,300,12.0,0.2471429407596588,17.590160369873047,0.9664333462715149,22.710264205932617,1.8925219774246216,0.36776795983314514,0.5271360278129578
685,0,-8.945138931274414,0.0665844976902008,0.8386799097061157,-0.051135700196027756,-0.09373389184474945,True,False,False,False,394,15.75999927520752,0.2804469168186188,17.88092613220215,0.9588578939437866,33.10979080200195,2.10087513923645,0.3470604121685028,0.5050092339515686
686,0,-8.816043853759766,0.37191346287727356,0.7244065999984741,-0.09195710718631744,0.13682349026203156,True,False,False,False,495,19.799999237060547,0.2703990042209625,18.381591796875,0.9259283542633057,61.04560089111328,3.08311128616333,0.44455644488334656,0.5421240329742432
687,0,-8.518492698669434,0.014506280422210693,1.1493757963180542,0.006789569277316332,0.0071731386706233025,True,False,False,False,261,10.4399995803833,0.25541138648986816,17.331829071044922,0.9646125435829163,15.77493667602539,1.5110093355178833,0.3855001628398895,0.5205723643302917
688,0,-8.658745765686035,0.9297888278961182,0.7325215935707092,0.19449792802333832,-0.042877133935689926,True,False,False,False,345,13.799999237060547,0.258815199136734,17.30013656616211,0.9759413599967957,24.932743072509766,1.8067206144332886,0.349164217710495,0.5385501384735107
689,0,-8.944853782653809,1.1543703079223633,0.8845221996307373,-0.013340604491531849,-0.02140350081026554,True,False,False,False,350,14.0,0.2474530190229416,17.644210815429688,0.9738609790802002,24.888641357421875,1.7777601480484009,0.3742884695529938,0.5263720154762268
690,0,-8.1902494430542,0.08696809411048889,0.7558656334877014,-0.030260583385825157,0.05135947838425636,True,False,False,False,401,16.03999900817871,0.2594229578971863,17.13534164428711,0.9565305709838867,30.129499435424805,1.878397822380066,0.37562814354896545,0.5419940948486328
691,0,-8.702617645263672,0.8393868803977966,0.8857325315475464,0.17872527241706848,-0.08852466195821762,True,False,False,False,300,12.0,0.2739066183567047,17.42959976196289,0.9709393382072449,27.7992000579834,2.3166000843048096,0.34849855303764343,0.5309866666793823
692,0,-8.26476764678955,1.0783424377441406,1.2689266204833984,-0.11843869835138321,0.042981866747140884,True,False,False,False,245,9.800000190734863,0.27848339080810547,16.988544464111328,0.9712081551551819,24.427167892456055,2.492568016052246,0.35551318526268005,0.553703784942627
693,0,-8.197359085083008,1.2337021827697754,0.7720624804496765,-0.06421907991170883,-0.06460998952388763,True,False,False,False,398,15.920000076293945,0.2674512267112732,17.00609588623047,0.9668812155723572,38.07272720336914,2.391502857208252,0.34843751788139343,0.5574623942375183
694,0,-8.900727272033691,-1.0720398426055908,1.2107300758361816,0.04804392531514168,-0.01854126900434494,True,False,False,False,261,10.4399995803833,0.25828245282173157,18.063060760498047,0.9485501050949097,26.840354919433594,2.5709152221679688,0.4519515931606293,0.5652589797973633
695,0,-8.145402908325195,0.28498873114585876,0.7919095754623413,-0.011639861389994621,-0.019495852291584015,True,False,False,False,370,14.799999237060547,0.2608964443206787,16.90108299255371,0.9672660231590271,20.375015258789062,1.3766902685165405,0.34961244463920593,0.542077898979187
696,0,-8.802406311035156,-0.03258019685745239,1.1937050819396973,-0.07780797779560089,-0.00015995260037016124,True,False,False,False,288,11.519999504089355,0.24450021982192993,18.449338912963867,0.9215743541717529,37.17213439941406,3.226747989654541,0.36133119463920593,0.573257327079773
697,0,-8.671734809875488,1.0215797424316406,0.8729698061943054,-0.011415429413318634,0.12370140105485916,True,False,False,False,358,14.319999694824219,0.2756750285625458,17.653228759765625,0.9574506878852844,42.16310501098633,2.9443509578704834,0.43962886929512024,0.5453184843063354
698,0,-8.808395385742188,-0.984224796295166,0.806867778301239,0.09045831859111786,0.018617864698171616,True,False,False,False,370,14.799999237060547,0.28224945068359375,17.993030548095703,0.9468308091163635,45.00713348388672,3.041022777557373,0.45503267645835876,0.5683196187019348
699,0,-8.181478500366211,0.836023211479187,0.7407681345939636,0.12343212962150574,-0.07707871496677399,True,False,False,False,352,14.079999923706055,0.28242170810699463,16.91608238220215,0.969634473323822,35.7058219909668,2.5359249114990234,0.34816285967826843,0.551773190498352
700,0,-8.545004844665527,0.5513346195220947,0.8500947952270508,-0.021959900856018066,-0.09621892124414444,True,False,False,False,363,14.519999504089355,0.2580873966217041,17.436264038085938,0.9608664512634277,37.984657287597656,2.616023302078247,0.34642335772514343,0.5287527441978455
701,0,-8.222403526306152,-1.2229969501495361,0.9517066478729248,0.01421712338924408,-0.009617466479539871,True,False,False,False,320,12.799999237060547,0.28615474700927734,17.284273147583008,0.9527196884155273,23.322792053222656,1.8220932483673096,0.46135738492012024,0.5681004524230957
702,0,-8.976888656616211,1.165225625038147,0.9932372570037842,0.13980059325695038,0.14026480913162231,True,False,False,False,291,11.639999389648438,0.28495433926582336,17.9152774810791,0.9609502553939819,28.205110549926758,2.42311954498291,0.4368535578250885,0.5353879928588867
703,0,-8.015487670898438,-0.23171938955783844,1.0576766729354858,-0.06549588590860367,-0.021427931264042854,True,False,False,False,342,13.679999351501465,0.2833969295024872,18.825382232666016,0.8614493608474731,91.30379486083984,6.674254417419434,0.4617815911769867,0.5633468627929688
704,0,-8.806363105773926,-0.13655103743076324,1.0939197540283203,0.000771528051700443,0.0051267496310174465,True,False,False,False,345,13.799999237060547,0.26692068576812744,19.932016372680664,0.8532453775405884,95.04429626464844,6.88726806640625,0.45003053545951843,0.5627620816230774
705,0,-8.274619102478027,0.5290107727050781,1.0750478506088257,0.08804024010896683,0.1281125545501709,True,False,False,False,263,10.519999504089355,0.2646370828151703,17.224836349487305,0.9569298028945923,27.656654357910156,2.6289596557617188,0.4052509367465973,0.5515441298484802
706,0,-8.195157051086426,-0.9648429155349731,0.8869811296463013,0.0064373929053545,-0.1474364995956421,True,False,False,False,429,17.15999984741211,0.29091084003448486,19.25214195251465,0.8530486226081848,95.10405731201172,5.542194366455078,0.44841310381889343,0.5593666434288025
707,0,-8.409139633178711,-0.7707556486129761,0.972467303276062,-0.03311259299516678,-0.17431458830833435,True,False,False,False,411,16.440000534057617,0.28724464774131775,19.76777458190918,0.8411011099815369,103.24385833740234,6.2800397872924805,0.44645997881889343,0.5561063289642334
708,0,-8.982906341552734,-0.1260656863451004,0.8005836606025696,-0.011645299382507801,-0.01616479456424713,True,False,False,False,426,17.03999900817871,0.27137282490730286,18.724504470825195,0.9176937937736511,56.166015625,3.2961277961730957,0.45487990975379944,0.5648453831672668
709,0,-8.623773574829102,0.37331849336624146,1.1509238481521606,0.10075424611568451,-0.044796157628297806,True,False,False,False,247,9.880000114440918,0.2591620087623596,17.337369918823242,0.9706111550331116,17.33917999267578,1.7549777030944824,0.35513851046562195,0.5226508975028992
710,0,-8.610588073730469,0.4930858314037323,1.0360298156738281,-0.05236315354704857,-0.07465439289808273,True,False,False,False,302,12.079999923706055,0.2648007869720459,17.400535583496094,0.9665042757987976,21.971508026123047,1.8188334703445435,0.34756776690483093,0.5256444215774536
711,0,-8.515453338623047,0.56488037109375,0.8382623195648193,0.10316196084022522,-0.11580223590135574,True,False,False,False,334,13.359999656677246,0.24802231788635254,17.39670753479004,0.9613789916038513,43.78445053100586,3.2772793769836426,0.3469259440898895,0.5301380157470703
712,0,-8.34518814086914,-1.1512997150421143,0.8063833713531494,-0.022396104410290718,-0.05793773755431175,True,False,False,False,405,16.19999885559082,0.282912939786911,17.653881072998047,0.939424455165863,40.12302017211914,2.4767298698425293,0.4488309323787689,0.5636719465255737
713,0,-8.098766326904297,0.04460632801055908,0.9598942399024963,-0.01666206307709217,0.013548149727284908,True,False,False,False,307,12.279999732971191,0.2680266797542572,16.924348831176758,0.9630400538444519,20.67743682861328,1.6838303804397583,0.35611268877983093,0.5373529195785522
714,0,-8.55825138092041,0.11677682399749756,1.1508113145828247,-0.08715849369764328,-0.11889784783124924,True,False,False,False,281,11.239999771118164,0.23985400795936584,17.52217674255371,0.9564251899719238,23.559284210205078,2.0960216522216797,0.3460889160633087,0.5190593600273132
715,0,-8.88326644897461,-0.4801732301712036,1.2605748176574707,-0.028118673712015152,0.08305390179157257,True,False,False,False,266,10.639999389648438,0.25497496128082275,18.58466911315918,0.9195696115493774,54.528236389160156,5.1248345375061035,0.48624125123023987,0.5627034902572632
716,0,-8.289759635925293,-0.12905701994895935,0.8309473395347595,-0.15434694290161133,0.029185667634010315,True,False,False,False,427,17.079999923706055,0.277567058801651,17.86370277404785,0.9231153130531311,51.553165435791016,3.0183353424072266,0.3794732391834259,0.5751064419746399
717,0,-8.029897689819336,-0.6799086928367615,1.0655078887939453,0.019183335825800896,-0.024486789479851723,True,False,False,False,281,11.239999771118164,0.2890361547470093,17.244415283203125,0.941978931427002,31.390621185302734,2.792759895324707,0.4666285216808319,0.5656156539916992
718,0,-8.584468841552734,0.9626838564872742,1.2992217540740967,0.05280816927552223,-0.02649940364062786,True,False,False,False,223,8.920000076293945,0.27896982431411743,17.283151626586914,0.9727144241333008,21.84619903564453,2.4491255283355713,0.3938400447368622,0.539736270904541
719,0,-8.70983600616455,0.8156520128250122,0.8252837657928467,-0.07288522273302078,0.0552063025534153,True,False,False,False,392,15.679999351501465,0.2757498621940613,17.501781463623047,0.9672817587852478,36.79275131225586,2.3464765548706055,0.3776262700557709,0.5377048850059509
720,0,-8.300250053405762,-0.9690589904785156,1.2368979454040527,0.005640014074742794,-0.06293286383152008,True,False,False,False,252,10.079999923706055,0.2741266191005707,17.489709854125977,0.9450229406356812,27.141765594482422,2.6926355361938477,0.4485275447368622,0.5644631385803223
721,0,-8.72324275970459,-0.9540671706199646,1.2479777336120605,0.023226067423820496,0.06533564627170563,True,False,False,False,258,10.319999694824219,0.2634146213531494,18.17616081237793,0.9325209259986877,45.462039947509766,4.405236721038818,0.48705217242240906,0.5677560567855835
722,0,-8.156579971313477,-0.36869561672210693,1.1601958274841309,-0.039489880204200745,0.07100673764944077,True,False,False,False,274,10.960000038146973,0.26838091015815735,17.743608474731445,0.9220593571662903,47.98385238647461,4.378088474273682,0.46177908778190613,0.5659409761428833
723,0,-8.227203369140625,1.1364762783050537,1.0374009609222412,-0.06093483790755272,0.023464882746338844,True,False,False,False,291,11.639999389648438,0.2524431645870209,16.93183708190918,0.9724737405776978,24.965450286865234,2.1447982788085938,0.35484620928764343,0.5554579496383667
724,0,-8.287440299987793,-0.8441457152366638,1.294702172279358,0.0036113106179982424,-0.0167459137737751,True,False,False,False,238,9.519999504089355,0.2765119671821594,17.4595947265625,0.9455346465110779,28.182655334472656,2.9603631496429443,0.4703739583492279,0.5657668709754944
725,0,-8.429634094238281,1.0659950971603394,0.9659378528594971,-0.17900827527046204,0.01788664609193802,True,False,False,False,349,13.960000038146973,0.2939923405647278,17.136917114257812,0.9723547101020813,32.066017150878906,2.296992540359497,0.39747944474220276,0.5459101796150208
726,0,-8.562877655029297,0.7153589725494385,0.7408159375190735,-0.1344851404428482,-0.029188081622123718,True,False,False,False,457,18.279998779296875,0.2791212797164917,17.189897537231445,0.976030707359314,18.5734920501709,1.0160554647445679,0.34913942217826843,0.5311753153800964
727,0,-8.181163787841797,-0.18013134598731995,1.0844696760177612,0.007869414985179901,0.023106468841433525,True,False,False,False,345,13.799999237060547,0.27394285798072815,19.661983489990234,0.8331884145736694,107.82809448242188,7.8136305809021,0.46652528643608093,0.5632361173629761
728,0,-8.360713958740234,0.30829280614852905,0.8171271681785583,0.13815179467201233,0.10026246309280396,True,False,False,False,331,13.239999771118164,0.26958051323890686,17.347366333007812,0.9548153877258301,32.36779022216797,2.444697141647339,0.4110427796840668,0.5445377826690674
729,0,-8.558701515197754,0.4257109761238098,0.7130835652351379,0.05364659056067467,-0.08250217139720917,True,False,False,False,405,16.19999885559082,0.2810673415660858,17.414051055908203,0.9626716375350952,38.877906799316406,2.3998708724975586,0.34781190752983093,0.5284690856933594
730,0,-8.122749328613281,-0.2872917652130127,1.1337130069732666,0.06983863562345505,-0.044181499630212784,True,False,False,False,260,10.399999618530273,0.27837395668029785,17.464147567749023,0.9347856044769287,33.978145599365234,3.267129421234131,0.4439578950405121,0.5642340779304504
731,0,-8.012284278869629,-0.3640963137149811,1.0321192741394043,0.04530620574951172,-0.13416506350040436,True,False,False,False,311,12.4399995803833,0.28406351804733276,17.905635833740234,0.9056532382965088,44.48216247558594,3.5757367610931396,0.44710084795951843,0.5623134970664978
732,0,-8.308679580688477,0.989203929901123,0.7674074769020081,-0.09547307342290878,0.10726641863584518,True,False,False,False,429,17.15999984741211,0.2708864212036133,17.34830665588379,0.953278124332428,49.91608810424805,2.908863067626953,0.4468042552471161,0.5589354634284973
733,0,-8.911808013916016,-0.6001092195510864,1.1926419734954834,0.02526036463677883,-0.013321593403816223,True,False,False,False,267,10.679999351501465,0.29520076513290405,18.169301986694336,0.9423667788505554,28.825231552124023,2.6989917755126953,0.4688279926776886,0.5621708035469055
734,0,-8.573380470275879,-0.38606470823287964,0.9429545402526855,-0.054871879518032074,-0.16254045069217682,True,False,False,False,421,16.84000015258789,0.298038125038147,19.800857543945312,0.8473241329193115,105.04447937011719,6.237795829772949,0.44514772295951843,0.556755542755127
735,0,-8.672019958496094,-0.6800580024719238,0.8044024705886841,0.04422243312001228,0.04848790168762207,True,False,False,False,391,15.639999389648438,0.26704129576683044,18.224925994873047,0.9265047907829285,64.07622528076172,4.096945285797119,0.4738915264606476,0.5674589276313782
736,0,-8.712831497192383,0.9424462914466858,1.0024793148040771,0.10589390993118286,-0.06020155921578407,True,False,False,False,279,11.15999984741211,0.298616498708725,17.35988426208496,0.9757331013679504,24.210092544555664,2.169363260269165,0.34849855303764343,0.5353777408599854
737,0,-8.628791809082031,-0.030272454023361206,0.8114553689956665,0.19443370401859283,-0.010213174857199192,True,False,False,False,357,14.279999732971191,0.25347617268562317,18.152542114257812,0.9270778298377991,41.27115249633789,2.89013671875,0.36003419756889343,0.5746365785598755
738,0,-8.932793617248535,0.4124639928340912,0.9894551038742065,0.1336950808763504,0.025162696838378906,True,False,False,False,285,11.399999618530273,0.25886377692222595,17.649702072143555,0.9709893465042114,13.826394081115723,1.2128416299819946,0.3529983460903168,0.5169622302055359
739,0,-8.31032943725586,0.6966754794120789,1.0024768114089966,-0.08858854323625565,-0.1747460812330246,True,False,False,False,319,12.75999927520752,0.271941602230072,17.333600997924805,0.9533368945121765,54.45967102050781,4.267999649047852,0.34492799639701843,0.5369817018508911
740,0,-8.286310195922852,0.41573911905288696,0.9610309600830078,0.08199672400951385,-0.02349966950714588,True,False,False,False,288,11.519999504089355,0.2809184491634369,17.003938674926758,0.9698610901832581,19.71971321105957,1.7117807865142822,0.35548707842826843,0.5384172201156616
741,0,-8.971412658691406,0.4711174964904785,1.095874309539795,0.0690678134560585,-0.02452932856976986,True,False,False,False,271,10.84000015258789,0.24480535089969635,17.717514038085938,0.9695358276367188,20.99544334411621,1.9368489980697632,0.3818719685077667,0.5127459764480591
742,0,-8.595697402954102,-0.8367281556129456,0.9630237817764282,0.03964642435312271,0.050269145518541336,True,False,False,False,325,13.0,0.2696383595466614,18.03308868408203,0.9325169920921326,55.336265563964844,4.256635665893555,0.471273273229599,0.5677549242973328
743,0,-8.252006530761719,0.0916329026222229,1.1851741075515747,-0.00023432716261595488,-0.029056867584586143,True,False,False,False,249,9.960000038146973,0.2847791314125061,17.077716827392578,0.9633756875991821,19.884471893310547,1.996432900428772,0.34930726885795593,0.5310784578323364
744,0,-8.392159461975098,-0.5042788982391357,0.7892997860908508,-0.015777619555592537,0.017958151176571846,True,False,False,False,398,15.920000076293945,0.29388391971588135,17.718278884887695,0.9368678331375122,52.652652740478516,3.3073275089263916,0.4722740352153778,0.5651262402534485
745,0,-8.624078750610352,-0.5121710896492004,0.8617680072784424,-0.10755964368581772,-0.09906961768865585,True,False,False,False,428,17.119998931884766,0.28085780143737793,18.536388397216797,0.9080376029014587,57.186649322509766,3.340341806411743,0.44679567217826843,0.5594019293785095
746,0,-8.372498512268066,-0.3949999213218689,1.1604615449905396,-0.06771872192621231,-0.09423268586397171,True,False,False,False,281,11.239999771118164,0.27274268865585327,17.691360473632812,0.9370179176330566,29.148136138916016,2.5932505130767822,0.44837209582328796,0.5608721375465393
747,0,-8.778973579406738,0.4831305146217346,1.2081429958343506,0.013976657763123512,0.18190601468086243,True,False,False,False,258,10.319999694824219,0.28116410970687866,17.87346839904785,0.9503319263458252,30.98823356628418,3.0027358531951904,0.4453842341899872,0.5350387692451477
748,0,-8.354048728942871,-0.7560316324234009,1.0487053394317627,-0.09550749510526657,0.0740630030632019,True,False,False,False,320,12.799999237060547,0.2804367244243622,17.904891967773438,0.9255012273788452,56.63985824584961,4.424989223480225,0.46568652987480164,0.5680808424949646
749,0,-8.00141716003418,-0.13264551758766174,1.100630521774292,-0.010924261063337326,-0.0009555451106280088,True,False,False,False,286,11.4399995803833,0.282540500164032,17.61837387084961,0.9196054339408875,39.33015823364258,3.43795108795166,0.35426637530326843,0.5747454762458801
750,0,-8.37770938873291,-1.0950663089752197,1.1294366121292114,0.015579822473227978,0.008102568797767162,True,False,False,False,273,10.920000076293945,0.26705142855644226,17.50660514831543,0.9489673972129822,29.15845489501953,2.6701881885528564,0.4648582637310028,0.5691353678703308
751,0,-8.044228553771973,0.24090513586997986,1.1430991888046265,-0.11161781847476959,0.0414288155734539,True,False,False,False,270,10.800000190734863,0.28731200098991394,16.829164505004883,0.9653469920158386,20.009689331054688,1.852748990058899,0.35756757855415344,0.5454021096229553
752,0,-8.66390323638916,0.1829729974269867,0.7942348122596741,0.11453414708375931,-0.1441575437784195,True,False,False,False,359,14.359999656677246,0.25899702310562134,17.62616729736328,0.9568091034889221,50.14448547363281,3.4919559955596924,0.34622594714164734,0.5136873722076416
753,0,-8.719772338867188,-0.2956463396549225,0.7953776717185974,0.17037644982337952,-0.09261731058359146,True,False,False,False,386,15.4399995803833,0.29850757122039795,18.50326156616211,0.9145582914352417,45.1508674621582,2.924278974533081,0.4475357234477997,0.5603686571121216
754,0,-8.865303993225098,1.1381134986877441,1.206362009048462,-0.06314403563737869,0.17779342830181122,True,False,False,False,272,10.880000114440918,0.2637368440628052,17.92188835144043,0.9542832374572754,31.600975036621094,2.904501438140869,0.44419553875923157,0.5362528562545776
755,0,-8.767060279846191,0.2975080907344818,0.9315619468688965,-0.03446503356099129,0.19074828922748566,True,False,False,False,365,14.59999942779541,0.29902592301368713,18.39965057373047,0.9222795367240906,48.77975845336914,3.3410794734954834,0.4468948543071747,0.5459519624710083
756,0,-8.117193222045898,0.290425568819046,1.039960265159607,0.013928406871855259,0.005856692790985107,True,False,False,False,275,11.0,0.2616526484489441,16.828536987304688,0.9697652459144592,15.245983123779297,1.3859984874725342,0.3578903377056122,0.5427293181419373
757,0,-8.58800220489502,1.0842455625534058,0.9504461288452148,-0.05212092027068138,0.03581623360514641,True,False,False,False,327,13.079999923706055,0.28412339091300964,17.31662368774414,0.9714576601982117,28.107027053833008,2.148855209350586,0.36542055010795593,0.5431093573570251
758,0,-8.848031997680664,0.8396099805831909,1.0794001817703247,0.011073465459048748,-0.02441249042749405,True,False,False,False,279,11.15999984741211,0.27550914883613586,17.491188049316406,0.9758250117301941,18.702482223510742,1.6758496761322021,0.37463685870170593,0.526738703250885
759,0,-8.324166297912598,-0.6741988658905029,1.181684970855713,-0.08287429064512253,0.13682712614536285,True,False,False,False,285,11.399999618530273,0.2897889316082001,18.1160888671875,0.9128720164299011,68.02272033691406,5.96690559387207,0.4566591680049896,0.5699818730354309
760,0,-8.03227424621582,-0.8925162553787231,1.083051323890686,-0.023490561172366142,0.044416554272174835,True,False,False,False,286,11.4399995803833,0.2973836064338684,17.364826202392578,0.9361653923988342,47.25540542602539,4.1307172775268555,0.4801326096057892,0.5701959133148193
761,0,-8.245980262756348,0.5776193737983704,0.70294588804245,-0.07232765108346939,-0.1343553364276886,True,False,False,False,461,18.440000534057617,0.2722039520740509,17.3389835357666,0.9490717053413391,77.47344207763672,4.201379776000977,0.34530946612358093,0.5376626253128052
762,0,-8.320221900939941,-1.155447006225586,1.2622706890106201,0.1822369247674942,-0.018307102844119072,True,False,False,False,224,8.960000038146973,0.2973860800266266,17.38323974609375,0.9526337385177612,22.11545753479004,2.46824312210083,0.47617676854133606,0.567893922328949
763,0,-8.513185501098633,0.7801717519760132,0.7769079208374023,0.0664353296160698,0.12969014048576355,True,False,False,False,378,15.119999885559082,0.2871517837047577,17.607629776000977,0.9502168297767639,47.36248779296875,3.132439613342285,0.44716188311576843,0.5548966526985168
764,0,-8.684343338012695,-1.0204391479492188,0.7102431654930115,-0.09514737129211426,0.0808398500084877,True,False,False,False,512,20.479999542236328,0.27807652950286865,18.527482986450195,0.9129472970962524,111.28573608398438,5.433874130249023,0.460938423871994,0.5722098350524902
765,0,-8.713042259216309,1.0464847087860107,1.0923876762390137,-0.059692393988370895,-0.07390213757753372,True,False,False,False,287,11.479999542236328,0.2405131459236145,17.4735107421875,0.9697436690330505,23.869173049926758,2.0791964530944824,0.34999391436576843,0.5328083634376526
766,0,-8.165194511413574,0.1307988166809082,1.249518632888794,0.14651209115982056,0.07627535611391068,True,False,False,False,219,8.760000228881836,0.2564775049686432,17.10664939880371,0.9566870331764221,22.423885345458984,2.5598042011260986,0.38588806986808777,0.539594829082489
767,0,-8.648904800415039,-1.126029372215271,1.0316436290740967,-0.08042105287313461,-0.05814560875296593,True,False,False,False,329,13.15999984741211,0.28054097294807434,17.799528121948242,0.9486674666404724,25.54078483581543,1.9407891035079956,0.4529293477535248,0.5631656646728516
768,0,-8.237378120422363,1.0867619514465332,1.1237075328826904,0.05283578485250473,-0.14155441522598267,True,False,False,False,252,10.079999923706055,0.2618738114833832,17.048246383666992,0.9662356972694397,29.68231773376465,2.944674491882324,0.34633180499076843,0.550559401512146
769,0,-8.978765487670898,0.9583103656768799,1.1573832035064697,-0.15877988934516907,-0.03531160578131676,True,False,False,False,292,11.679999351501465,0.29766589403152466,17.587154388427734,0.9782717823982239,21.085582733154297,1.8052725791931152,0.36683472990989685,0.5204893946647644
770,0,-8.941354751586914,-0.576610803604126,0.889025866985321,-0.005617020186036825,0.010124287568032742,True,False,False,False,364,14.559999465942383,0.28457555174827576,18.206649780273438,0.9420121312141418,40.13216018676758,2.7563297748565674,0.456236869096756,0.5627596974372864
771,0,-8.523726463317871,-0.6848675012588501,1.2892285585403442,0.09115957468748093,-0.06873088330030441,True,False,False,False,235,9.399999618530273,0.2722175419330597,17.792387008666992,0.940711259841919,27.17313575744629,2.890759229660034,0.44481202960014343,0.5629386901855469
772,0,-8.108465194702148,-0.9800804257392883,1.2200126647949219,-0.042450737208127975,0.027897339314222336,True,False,False,False,258,10.319999694824219,0.2677486538887024,17.4360408782959,0.9369878768920898,39.942298889160156,3.870378017425537,0.451323002576828,0.5699240565299988
773,0,-8.175726890563965,0.4893769323825836,0.9758409261703491,-0.03452995419502258,0.021802369505167007,True,False,False,False,303,12.119999885559082,0.2919647693634033,16.851797103881836,0.9721757173538208,15.494256019592285,1.2784039974212646,0.3552829921245575,0.5460572242736816
774,0,-8.297778129577637,0.9348301887512207,0.7899483442306519,0.06994416564702988,-0.13518144190311432,True,False,False,False,354,14.15999984741211,0.2966712713241577,17.156909942626953,0.9630971550941467,48.825016021728516,3.448094367980957,0.34820863604545593,0.5449545383453369
775,0,-8.503297805786133,-0.28911179304122925,1.169723629951477,0.025682900100946426,0.08033625036478043,True,False,False,False,272,10.880000114440918,0.2548551559448242,18.179487228393555,0.9189343452453613,54.791751861572266,5.036006450653076,0.48036864399909973,0.5656505823135376
776,0,-8.890453338623047,-0.7482789754867554,0.9537564516067505,-0.08227129280567169,-0.10377540439367294,True,False,False,False,389,15.559999465942383,0.29840168356895447,18.885072708129883,0.9058235883712769,57.15877914428711,3.673443555831909,0.44928285479545593,0.5580021739006042
777,0,-8.361729621887207,0.2132326364517212,0.7182243466377258,-0.05397334322333336,0.01789182610809803,True,False,False,False,434,17.35999870300293,0.2749471962451935,17.16080093383789,0.9651693105697632,24.536680221557617,1.4134033918380737,0.3898785412311554,0.5350594520568848
778,0,-8.33652400970459,-0.2383219450712204,0.70827716588974,0.09889238327741623,-0.08133910596370697,True,False,False,False,424,16.959999084472656,0.29963919520378113,17.94182586669922,0.9217686057090759,47.470577239990234,2.7989728450775146,0.44720765948295593,0.5637689232826233
779,0,-8.96675968170166,0.6228350400924683,0.708065927028656,0.05579579994082451,-0.01783422939479351,True,False,False,False,411,16.440000534057617,0.2929837703704834,17.596210479736328,0.976224958896637,20.62356948852539,1.2544749975204468,0.35450437664985657,0.5181338787078857
780,0,-8.047367095947266,0.47389060258865356,0.9519612789154053,-0.01523677445948124,0.05511220544576645,True,False,False,False,306,12.239999771118164,0.29340502619743347,16.83355140686035,0.9655807018280029,25.421754837036133,2.0769407749176025,0.3663375675678253,0.5526928901672363
781,0,-8.606829643249512,-0.20066045224666595,0.8273584842681885,-0.15073440968990326,0.09241672605276108,True,False,False,False,441,17.639999389648438,0.26396411657333374,18.315784454345703,0.9176788330078125,62.419681549072266,3.5385308265686035,0.39197567105293274,0.5786685943603516
782,0,-8.307112693786621,-0.09660132229328156,0.7115830779075623,0.02775762602686882,-0.09232994168996811,True,False,False,False,499,19.959999084472656,0.29674196243286133,19.05413055419922,0.8663419485092163,102.72794342041016,5.146690845489502,0.44695207476615906,0.5627326369285583
783,0,-8.26634693145752,0.45043542981147766,1.1452021598815918,0.05747904255986214,-0.04119159281253815,True,False,False,False,246,9.84000015258789,0.26335906982421875,16.936880111694336,0.9725755453109741,14.085320472717285,1.431434988975525,0.367602676153183,0.5381932854652405
784,0,-8.450519561767578,-0.9183262586593628,1.2886130809783936,-0.04830486327409744,-0.03309134766459465,True,False,False,False,250,10.0,0.26877573132514954,17.66433334350586,0.9440139532089233,28.135704040527344,2.813570499420166,0.4527551829814911,0.5662723779678345
785,0,-8.066512107849121,-0.14036566019058228,0.8101891875267029,-0.04239538311958313,-0.13105422258377075,True,False,False,False,454,18.15999984741211,0.2908751368522644,18.840564727783203,0.8634088039398193,93.87332916259766,5.169236183166504,0.44674989581108093,0.5634951591491699
786,0,-8.384812355041504,0.524199903011322,1.183542251586914,0.053676094859838486,-0.13974562287330627,True,False,False,False,246,9.84000015258789,0.24815446138381958,17.298303604125977,0.9592239260673523,31.448305130004883,3.1959660053253174,0.34349367022514343,0.5337212681770325
787,0,-8.537117958068848,0.9835618734359741,0.896577000617981,0.00994476955384016,0.013106373138725758,True,False,False,False,327,13.079999923706055,0.2994909882545471,17.153759002685547,0.9773651361465454,22.048961639404297,1.6857004165649414,0.35312923789024353,0.5431238412857056
788,0,-8.886518478393555,-1.0909806489944458,1.0545718669891357,-0.016269030049443245,-0.010385296307504177,True,False,False,False,310,12.399999618530273,0.27848440408706665,18.00640296936035,0.950812578201294,28.248294830322266,2.278088331222534,0.46228596568107605,0.5669328570365906
789,0,-8.163703918457031,0.3901776671409607,0.9265711307525635,0.00010629071039147675,-4.091591472388245e-05,True,False,False,False,312,12.479999542236328,0.2627010941505432,16.85369110107422,0.9711980819702148,17.987485885620117,1.4413050413131714,0.35934755206108093,0.54346764087677
790,0,-8.297025680541992,-1.244471549987793,1.234831690788269,0.06437419354915619,-0.05706619471311569,True,False,False,False,251,10.039999961853027,0.26429182291030884,17.644079208374023,0.9375985860824585,27.991371154785156,2.78798508644104,0.4409765899181366,0.5636008381843567
791,0,-8.166339874267578,1.0070738792419434,0.7880604267120361,-0.09225109219551086,0.1041739359498024,True,False,False,False,409,16.35999870300293,0.27329692244529724,17.161453247070312,0.9554399251937866,43.30061721801758,2.6467370986938477,0.4365311563014984,0.5640407800674438
792,0,-8.633020401000977,-0.6781485676765442,1.2315449714660645,0.003912611864507198,0.10065257549285889,True,False,False,False,266,10.639999389648438,0.25371500849723816,18.357275009155273,0.9176981449127197,55.9229850769043,5.255919933319092,0.46402111649513245,0.567028284072876
793,0,-8.813715934753418,1.0213487148284912,0.9801394939422607,-0.0029592544306069613,0.13106904923915863,True,False,False,False,320,12.799999237060547,0.258023202419281,17.799116134643555,0.9575653672218323,39.82536697387695,3.1113569736480713,0.4221508800983429,0.5379445552825928
794,0,-8.681170463562012,0.6861820816993713,1.2006218433380127,-0.1563941389322281,-0.05626993253827095,True,False,False,False,275,11.0,0.2830010950565338,17.359525680541992,0.9732333421707153,17.980201721191406,1.6345638036727905,0.34993287920951843,0.5235893726348877
795,0,-8.957518577575684,0.37625864148139954,1.2388360500335693,0.037604063749313354,0.07324995845556259,True,False,False,False,247,9.880000114440918,0.24297280609607697,17.832015991210938,0.9624024033546448,20.328813552856445,2.05757212638855,0.3679946959018707,0.5185670852661133
796,0,-8.862844467163086,0.024990588426589966,1.0457208156585693,-0.15272752940654755,-0.0747804045677185,True,False,False,False,333,13.319999694824219,0.2432485818862915,17.80724334716797,0.958197832107544,24.361465454101562,1.8289388418197632,0.34889528155326843,0.5062039494514465
797,0,-8.134963035583496,0.7373671531677246,0.7472215890884399,-0.04846725985407829,-0.0292502474039793,True,False,False,False,401,16.03999900817871,0.2631368637084961,16.785844802856445,0.9741123914718628,24.285240173339844,1.5140424966812134,0.3610776960849762,0.5506251454353333
798,0,-8.19517993927002,0.33936917781829834,1.0399094820022583,-0.061878375709056854,-0.030833007767796516,True,False,False,False,292,11.679999351501465,0.24401099979877472,16.96466064453125,0.9666346311569214,17.239221572875977,1.4759608507156372,0.36455079913139343,0.5391636490821838
799,0,-8.301143646240234,-0.8170095682144165,1.2942373752593994,-0.009319030679762363,0.0006652864394709468,True,False,False,False,241,9.639999389648438,0.2762523591518402,17.58914566040039,0.9392723441123962,34.3547248840332,3.5637683868408203,0.44963380694389343,0.567033052444458
800,0,-8.519430160522461,-0.8782714605331421,1.0527642965316772,0.07307866960763931,-0.1827491670846939,True,False,False,False,373,14.920000076293945,0.2859770357608795,19.886743545532227,0.8418712019920349,87.64676666259766,5.874448299407959,0.4424961507320404,0.556748628616333
801,0,-8.979937553405762,-0.4253518581390381,0.8107332587242126,0.01004747860133648,0.016570812091231346,True,False,False,False,395,15.799999237060547,0.26980406045913696,18.310260772705078,0.9385510087013245,49.32249450683594,3.1216769218444824,0.4596309959888458,0.5633621215820312
802,0,-8.428670883178711,1.2432878017425537,1.1780842542648315,-0.09400560706853867,-0.014920449815690517,True,False,False,False,263,10.519999504089355,0.29667797684669495,17.073545455932617,0.9766140580177307,19.222902297973633,1.8272721767425537,0.38815560936927795,0.5469009280204773
803,0,-8.030892372131348,-0.6708053350448608,1.2391600608825684,-0.008001335896551609,-0.007880575954914093,True,False,False,False,247,9.880000114440918,0.2658066153526306,17.342144012451172,0.9367064237594604,32.88146209716797,3.3280832767486572,0.47197452187538147,0.5653690695762634
804,0,-8.458456993103027,-0.9437049627304077,1.2067172527313232,-0.04559079557657242,-0.13405564427375793,True,False,False,False,291,11.639999389648438,0.2640543580055237,18.408395767211914,0.9063634276390076,48.97261047363281,4.207269191741943,0.44826260209083557,0.5612705945968628
805,0,-8.020228385925293,0.10207802057266235,0.7202318906784058,0.07158713787794113,0.11225665360689163,True,False,False,False,386,15.4399995803833,0.29829493165016174,17.132762908935547,0.9467559456825256,36.4642219543457,2.3616724014282227,0.416882187128067,0.5553566813468933
806,0,-8.329854011535645,-0.2629270553588867,1.1044234037399292,-0.05463789030909538,-0.18950003385543823,True,False,False,False,341,13.639999389648438,0.29553279280662537,19.16618537902832,0.862555980682373,70.36608123779297,5.158803939819336,0.44378969073295593,0.559288501739502
807,0,-8.30373477935791,-0.5492062568664551,0.906688392162323,0.051703352481126785,0.07829650491476059,True,False,False,False,343,13.719999313354492,0.2750535309314728,18.018611907958984,0.9164249897003174,64.79676818847656,4.72279691696167,0.4487076699733734,0.569115936756134
808,0,-8.949106216430664,0.2681638300418854,1.2005023956298828,0.007806875742971897,-0.08267474919557571,True,False,False,False,260,10.399999618530273,0.25640520453453064,17.81806755065918,0.9625716805458069,24.89977264404297,2.3942089080810547,0.36483481526374817,0.5074238181114197
809,0,-8.385435104370117,0.190981924533844,0.8559271097183228,-0.17319363355636597,0.09369920194149017,True,False,False,False,409,16.35999870300293,0.29868587851524353,17.453866958618164,0.9503060579299927,34.40892791748047,2.1032354831695557,0.42368873953819275,0.5411548614501953
810,0,-8.750693321228027,-0.3798390030860901,1.137291669845581,0.06363314390182495,-0.05333476886153221,True,False,False,False,270,10.800000190734863,0.29186543822288513,18.0141544342041,0.9411974549293518,26.767114639282227,2.4784364700317383,0.4416532814502716,0.5604606866836548
811,0,-8.921154975891113,-0.3433365225791931,0.9007279872894287,-0.15499910712242126,-0.06798343360424042,True,False,False,False,407,16.279998779296875,0.2928870916366577,18.222124099731445,0.9397662878036499,32.31552505493164,1.984983205795288,0.44562074542045593,0.5592213869094849
812,0,-8.834532737731934,-0.14196805655956268,0.726944625377655,-0.016063248738646507,-0.02860409766435623,True,False,False,False,457,18.279998779296875,0.29428350925445557,18.34549903869629,0.9285719990730286,51.40504837036133,2.8120925426483154,0.4494902789592743,0.5648853778839111
813,0,-8.874960899353027,-1.1599360704421997,1.0850054025650024,0.11132600903511047,0.10117927938699722,True,False,False,False,292,11.679999351501465,0.2709089517593384,18.427343368530273,0.9287089109420776,56.598480224609375,4.845760345458984,0.47461196780204773,0.5724297165870667
814,0,-8.361778259277344,0.6260759830474854,1.2629863023757935,-0.03659475967288017,-0.004781309049576521,True,False,False,False,236,9.4399995803833,0.28177785873413086,17.004985809326172,0.97461998462677,14.757463455200195,1.5632907152175903,0.3896438777446747,0.5375490784645081
815,0,-8.134194374084473,0.697942852973938,0.7720857262611389,0.013437040150165558,-0.17598214745521545,True,False,False,False,385,15.399999618530273,0.2612645924091339,17.224180221557617,0.94917893409729,75.5860824584961,4.908187389373779,0.34462854266166687,0.5429730415344238
816,0,-8.627703666687012,0.15779182314872742,1.2256052494049072,-0.17355984449386597,0.058136455714702606,True,False,False,False,275,11.0,0.28454625606536865,17.517045974731445,0.9606889486312866,20.188007354736328,1.8352733850479126,0.3740215599536896,0.5221540331840515
817,0,-8.008892059326172,1.050687313079834,0.9505259394645691,0.19689194858074188,-0.007834513671696186,True,False,False,False,262,10.479999542236328,0.28723374009132385,16.658035278320312,0.9750426411628723,22.5574951171875,2.152432918548584,0.386037677526474,0.563919723033905
818,0,-8.539974212646484,-0.24651490151882172,0.867662250995636,0.031564533710479736,-0.016007324680685997,True,False,False,False,353,14.119999885559082,0.2974751889705658,17.832239151000977,0.9388477802276611,39.17920684814453,2.774731397628784,0.45727023482322693,0.5645133852958679
819,0,-8.010555267333984,1.224790096282959,0.7009637951850891,0.006135268602520227,0.16230452060699463,True,False,False,False,468,18.719999313354492,0.28723058104515076,17.98900032043457,0.9036591053009033,78.84810638427734,4.211971759796143,0.44393226504325867,0.5996730327606201
820,0,-8.295016288757324,0.6394143104553223,0.713550865650177,-0.06516536325216293,-0.0011777952313423157,True,False,False,False,433,17.31999969482422,0.29016077518463135,16.899490356445312,0.9767859578132629,19.90712547302246,1.1493722200393677,0.3773147761821747,0.5438315272331238
821,0,-8.5868501663208,0.7703182101249695,0.7799960374832153,0.08092718571424484,0.043766748160123825,True,False,False,False,358,14.319999694824219,0.28375571966171265,17.294513702392578,0.9716494679450989,24.920148849487305,1.7402338981628418,0.37189051508903503,0.5427500605583191
822,0,-8.245862007141113,-0.4536139965057373,0.9125005602836609,-0.03311343491077423,0.06175752729177475,True,False,False,False,352,14.079999923706055,0.26586106419563293,17.849611282348633,0.9217010736465454,62.37945556640625,4.43035888671875,0.4648762047290802,0.5663865804672241
823,0,-8.420221328735352,-0.2809596061706543,0.9362274408340454,-0.04529538378119469,-0.15606069564819336,True,False,False,False,400,16.0,0.29973411560058594,19.13448715209961,0.8687222599983215,82.25810241699219,5.141131401062012,0.44900819659233093,0.5592989921569824
824,0,-8.55773639678955,-1.1759681701660156,0.8633045554161072,0.11008641868829727,0.08388590812683105,True,False,False,False,354,14.15999984741211,0.28784072399139404,18.063039779663086,0.9299776554107666,60.9183464050293,4.302143096923828,0.46907463669776917,0.5739399194717407
825,0,-8.174345016479492,0.5002479553222656,0.8668645620346069,-0.013374648056924343,0.182241290807724,True,False,False,False,370,14.799999237060547,0.2848145067691803,17.761028289794922,0.922347903251648,51.42856216430664,3.474903106689453,0.4447011649608612,0.5696978569030762
826,0,-8.119173049926758,-0.5265253782272339,0.8018669486045837,-0.033660050481557846,0.1398419290781021,True,False,False,False,386,15.4399995803833,0.29781511425971985,17.56101417541504,0.9297589659690857,51.587947845458984,3.341188430786133,0.4858556091785431,0.5672206282615662
827,0,-8.150354385375977,-1.0978732109069824,0.7067393064498901,-0.14018425345420837,0.13902918994426727,True,False,False,False,494,19.760000228881836,0.2806006669998169,17.577232360839844,0.9322577118873596,83.73287200927734,4.237493515014648,0.5004162788391113,0.5654061436653137
828,0,-8.018802642822266,0.286618173122406,0.7513818740844727,-0.011026030406355858,-0.159722700715065,True,False,False,False,405,16.19999885559082,0.26312458515167236,17.146150588989258,0.9460601806640625,58.737369537353516,3.6257638931274414,0.34465333819389343,0.5368092060089111
829,0,-8.81213092803955,-0.0688575953245163,1.1618770360946655,-0.1023092195391655,0.074504055082798,True,False,False,False,297,11.880000114440918,0.26286178827285767,18.42772674560547,0.9231886267662048,40.83877182006836,3.4376070499420166,0.41530272364616394,0.5742074847221375
830,0,-8.259608268737793,-0.3675289452075958,1.0401270389556885,0.03274985030293465,-0.0015441100113093853,True,False,False,False,288,11.519999504089355,0.28499636054039,17.530651092529297,0.939134418964386,36.242435455322266,3.146044969558716,0.44944027066230774,0.5644159913063049
831,0,-8.800549507141113,-0.001135990023612976,1.2934056520462036,-0.05965505167841911,0.012413190677762032,True,False,False,False,260,10.399999618530273,0.2716248333454132,18.35622787475586,0.9261461496353149,33.59050750732422,3.229856491088867,0.37745973467826843,0.572745680809021
832,0,-8.067858695983887,1.1777596473693848,0.8324159383773804,-0.0951850563287735,-0.06803496181964874,True,False,False,False,373,14.920000076293945,0.2924574613571167,16.84918975830078,0.9679794311523438,33.15852737426758,2.222421407699585,0.3498269021511078,0.5615255832672119
833,0,-8.793692588806152,0.9537151455879211,1.2296245098114014,0.00593710970133543,0.03594266250729561,True,False,False,False,246,9.84000015258789,0.2698334753513336,17.4953670501709,0.9728273749351501,21.941152572631836,2.2297918796539307,0.35697683691978455,0.531872570514679
834,0,-8.851375579833984,-1.1816824674606323,1.2796800136566162,-0.06692437827587128,-0.14888016879558563,True,False,False,False,302,12.079999923706055,0.28120192885398865,19.451587677001953,0.8786721229553223,68.91608428955078,5.7049736976623535,0.44716188311576843,0.5559234023094177
835,0,-8.372078895568848,0.1415957510471344,0.8567632436752319,-0.0671800747513771,-0.17928560078144073,True,False,False,False,392,15.679999351501465,0.27991870045661926,17.790729522705078,0.9315342307090759,66.53180694580078,4.243100166320801,0.34599611163139343,0.5212867259979248
836,0,-8.444151878356934,1.2189112901687622,0.8029739856719971,-0.004811462480574846,0.002486645011231303,True,False,False,False,368,14.719999313354492,0.2661518156528473,17.126811981201172,0.9743750691413879,21.910728454589844,1.4885005950927734,0.3845005929470062,0.5488008260726929
837,0,-8.026355743408203,-0.42503058910369873,1.2737622261047363,0.101633220911026,0.04036468639969826,True,False,False,False,224,8.960000038146973,0.28276413679122925,17.25946807861328,0.9404589533805847,30.90601348876953,3.449331760406494,0.46235963702201843,0.5640516877174377
838,0,-8.306601524353027,1.0716450214385986,1.094254970550537,0.0463339239358902,-0.08667543530464172,True,False,False,False,260,10.399999618530273,0.23974229395389557,17.087366104125977,0.9680096507072449,27.33177947998047,2.6280558109283447,0.34714052081108093,0.5499194860458374
839,0,-8.386003494262695,-0.8975222110748291,1.0805429220199585,-0.06038999930024147,0.02138270065188408,True,False,False,False,299,11.960000038146973,0.28577932715415955,17.635087966918945,0.9418631792068481,40.50105667114258,3.386375904083252,0.46019288897514343,0.5669041872024536
840,0,-8.306455612182617,0.8227702975273132,1.1402058601379395,-0.018618576228618622,0.18023774027824402,True,False,False,False,270,10.800000190734863,0.2864101827144623,17.4139404296875,0.9490432739257812,38.16587829589844,3.5338776111602783,0.44729921221733093,0.5602352619171143
841,0,-8.970467567443848,1.1030049324035645,1.0811876058578491,-0.04047124832868576,-0.00442599318921566,True,False,False,False,291,11.639999389648438,0.2801327705383301,17.615680694580078,0.9767009019851685,19.869474411010742,1.706999659538269,0.38644716143608093,0.5242791771888733
842,0,-8.110075950622559,0.2147674560546875,1.281577229499817,-0.15392176806926727,0.03462705761194229,True,False,False,False,247,9.880000114440918,0.29362359642982483,16.95264434814453,0.9621782898902893,22.49164581298828,2.276482343673706,0.41086122393608093,0.5425699353218079
843,0,-8.376225471496582,-0.4439506530761719,0.7403748035430908,0.06455591320991516,0.03478054329752922,True,False,False,False,399,15.960000038146973,0.2921428084373474,17.761991500854492,0.9335700869560242,58.72113037109375,3.6792688369750977,0.46933719515800476,0.5654811859130859
844,0,-8.098956108093262,0.3846246004104614,0.967102587223053,-0.0052491966634988785,-0.015676068142056465,True,False,False,False,298,11.920000076293945,0.2888219952583313,16.76370620727539,0.9725422859191895,17.75163459777832,1.4892311096191406,0.38092032074928284,0.5451655387878418
845,0,-8.207414627075195,1.1991777420043945,0.8969965577125549,-0.029211359098553658,-0.19499076902866364,True,False,False,False,340,13.59999942779541,0.28457239270210266,17.281757354736328,0.95189368724823,51.24354553222656,3.7679078578948975,0.34276506304740906,0.5475422739982605
846,0,-8.622095108032227,0.31659379601478577,1.1250722408294678,0.025706909596920013,0.03826805204153061,True,False,False,False,264,10.559999465942383,0.26456475257873535,17.3867130279541,0.9676942229270935,15.748133659362793,1.4913005828857422,0.36247941851615906,0.5257633924484253
847,0,-8.932586669921875,0.2234455943107605,1.190069556236267,-0.06850896775722504,-0.18350979685783386,True,False,False,False,279,11.15999984741211,0.2898285984992981,17.940237045288086,0.9550609588623047,40.35818099975586,3.6163244247436523,0.3473350703716278,0.5033798813819885
848,0,-8.479671478271484,0.8803005218505859,0.8899766802787781,-0.14891912043094635,0.07515835016965866,True,False,False,False,380,15.199999809265137,0.29403412342071533,17.32646942138672,0.9639861583709717,40.102962493896484,2.638352870941162,0.38947728276252747,0.5462517738342285
849,0,-8.250120162963867,-0.03611519932746887,1.0761833190917969,0.020044077187776566,0.09390117973089218,True,False,False,False,286,11.4399995803833,0.2563929259777069,17.76978302001953,0.9257378578186035,43.10489273071289,3.7679102420806885,0.4098392426967621,0.5709095597267151
850,0,-8.095161437988281,-1.2364706993103027,1.2600092887878418,0.09655605256557465,0.09989595413208008,True,False,False,False,242,9.679999351501465,0.2861882448196411,17.666610717773438,0.9249743223190308,50.71853256225586,5.239518165588379,0.4759439527988434,0.5754302740097046
851,0,-8.344156265258789,-0.5149351954460144,1.261064052581787,0.0042857276275753975,0.09036698937416077,True,False,False,False,254,10.15999984741211,0.28840604424476624,18.069717407226562,0.9160091876983643,53.32459259033203,5.248483657836914,0.45538023114204407,0.5666368007659912
852,0,-8.555065155029297,0.0481162965297699,0.8418453931808472,0.07678710669279099,0.042438264936208725,True,False,False,False,339,13.559999465942383,0.2586718797683716,17.458534240722656,0.9597102403640747,23.15900230407715,1.7078911066055298,0.38998839259147644,0.526673436164856
853,0,-8.286446571350098,0.0706423819065094,1.1588448286056519,0.14221636950969696,-0.12419477850198746,True,False,False,False,244,9.760000228881836,0.2634408175945282,17.328222274780273,0.9514302611351013,30.86785316467285,3.162689685821533,0.34889528155326843,0.5276080965995789
854,0,-8.59886646270752,0.5764044523239136,0.9839332103729248,-0.025295382365584373,0.1025850772857666,True,False,False,False,315,12.59999942779541,0.270357221364975,17.5189208984375,0.9594528675079346,29.8756046295166,2.371079921722412,0.40826085209846497,0.5398301482200623
855,0,-8.780152320861816,0.6658984422683716,0.8861717581748962,-0.07611309736967087,0.03974131494760513,True,False,False,False,364,14.559999465942383,0.2891947031021118,17.478452682495117,0.9722243547439575,23.366744995117188,1.6048588752746582,0.3681778013706207,0.5291749835014343
856,0,-8.14644718170166,0.8589044213294983,0.7645360827445984,-0.10730262845754623,-0.11775055527687073,True,False,False,False,426,17.03999900817871,0.27438631653785706,17.171220779418945,0.9532572627067566,59.43286895751953,3.487844705581665,0.34613344073295593,0.5485498309135437
857,0,-8.807969093322754,1.1204743385314941,1.1461619138717651,0.011019266210496426,0.004248656332492828,True,False,False,False,263,10.519999504089355,0.2475384622812271,17.503887176513672,0.9737379550933838,21.173995971679688,2.012737274169922,0.35966286063194275,0.5317233800888062
858,0,-8.580885887145996,-1.084028720855713,1.1455327272415161,-0.041426170617341995,-0.0035432646982371807,True,False,False,False,284,11.359999656677246,0.2599986493587494,17.75680160522461,0.9469751715660095,31.50166893005371,2.7730343341827393,0.45727553963661194,0.5675210952758789
859,0,-8.290725708007812,0.10234951972961426,0.9974139928817749,0.0003472614916972816,-0.013196044601500034,True,False,False,False,296,11.84000015258789,0.24700096249580383,17.08902931213379,0.9650072455406189,18.0638427734375,1.5256624221801758,0.35069581866264343,0.5314780473709106
860,0,-8.034382820129395,0.5974282026290894,0.7801316380500793,-0.011715545319020748,-0.006657308898866177,True,False,False,False,368,14.719999313354492,0.2759236693382263,16.663755416870117,0.9748806357383728,18.390777587890625,1.2493735551834106,0.35322877764701843,0.5525445938110352
861,0,-8.213784217834473,0.08483618497848511,1.2747550010681152,-0.1873330920934677,-0.01816214621067047,True,False,False,False,255,10.199999809265137,0.2593778967857361,16.982439041137695,0.9665278196334839,15.579607963562012,1.5274125337600708,0.39236798882484436,0.5326411128044128
862,0,-8.044631958007812,0.35943418741226196,1.2265347242355347,0.1374182105064392,-0.015567908063530922,True,False,False,False,219,8.760000228881836,0.24580012261867523,16.850439071655273,0.9642797708511353,17.16130828857422,1.95905339717865,0.38658449053764343,0.5456346869468689
863,0,-8.988265037536621,1.1624231338500977,1.1877715587615967,-0.027393124997615814,0.02214507758617401,True,False,False,False,264,10.559999465942383,0.258302241563797,17.70208740234375,0.9731539487838745,22.611080169677734,2.1412007808685303,0.35240480303764343,0.5239156484603882
864,0,-8.876030921936035,0.341375470161438,0.7324426174163818,-0.09209881722927094,0.12060210108757019,True,False,False,False,479,19.15999984741211,0.2914668023586273,18.162860870361328,0.9403465390205383,54.87220764160156,2.863893985748291,0.44688722491264343,0.5339376926422119
865,0,-8.008511543273926,0.13816595077514648,1.1448620557785034,-0.10400820523500443,0.11570920795202255,True,False,False,False,272,10.880000114440918,0.286133348941803,17.014846801757812,0.952643871307373,25.871915817260742,2.3779335021972656,0.3895273506641388,0.5504449605941772
866,0,-8.833847045898438,-0.713388979434967,1.0560461282730103,-0.0769152045249939,-0.05284871906042099,True,False,False,False,320,12.799999237060547,0.29933762550354004,18.0172119140625,0.9462352395057678,26.777063369750977,2.0919582843780518,0.44853517413139343,0.5615765452384949
867,0,-8.764717102050781,0.4670621454715729,1.1920795440673828,-0.0004065649409312755,-0.00010081526852445677,True,False,False,False,255,10.199999809265137,0.2350917011499405,17.48390769958496,0.9706659913063049,14.862415313720703,1.4570995569229126,0.40108034014701843,0.5205562114715576
868,0,-8.430112838745117,-0.18519170582294464,0.9481973052024841,-0.09263995289802551,0.03755195066332817,True,False,False,False,361,14.4399995803833,0.24814094603061676,18.165956497192383,0.9155106544494629,52.069149017333984,3.6058969497680664,0.3923618495464325,0.5762733817100525
869,0,-8.471540451049805,-0.8182773590087891,1.1476072072982788,-0.03394421190023422,-0.03377614542841911,True,False,False,False,279,11.15999984741211,0.269472599029541,17.67677879333496,0.9442476034164429,29.836349487304688,2.6735081672668457,0.4431135356426239,0.564370334148407
870,0,-8.869397163391113,1.146952509880066,0.7881104946136475,0.030010851100087166,0.01383085735142231,True,False,False,False,377,15.079999923706055,0.2755149304866791,17.53746795654297,0.9754671454429626,25.670557022094727,1.7022916078567505,0.3555293381214142,0.5314009189605713
871,0,-8.610001564025879,0.6170307397842407,0.8023486733436584,0.0007374544511549175,-0.06594831496477127,True,False,False,False,376,15.039999961853027,0.2783311605453491,17.402137756347656,0.9666124582290649,34.04790115356445,2.2638232707977295,0.34816285967826843,0.5283694863319397
872,0,-8.223173141479492,0.5721673369407654,0.7252153158187866,-0.15091045200824738,-0.035085324198007584,True,False,False,False,466,18.639999389648438,0.2772883474826813,16.93105125427246,0.9705811142921448,26.531333923339844,1.4233548641204834,0.3608575761318207,0.5426250696182251
873,0,-8.2366943359375,0.5483958125114441,1.0512540340423584,0.12152720242738724,-0.043775785714387894,True,False,False,False,258,10.319999694824219,0.2330368310213089,17.019878387451172,0.9662628769874573,20.127866744995117,1.950374722480774,0.35384783148765564,0.5430694818496704
874,0,-8.65717887878418,-0.040848925709724426,0.702613890171051,0.18655537068843842,-0.04604875296354294,True,False,False,False,458,18.31999969482422,0.29683247208595276,19.102121353149414,0.8824793100357056,74.04515075683594,4.041766166687012,0.44899293780326843,0.5621699094772339
875,0,-8.00068187713623,0.33865705132484436,0.9625272750854492,-0.06702917814254761,-0.09829811751842499,True,False,False,False,318,12.719999313354492,0.26370009779930115,16.951366424560547,0.9559205174446106,34.54203414916992,2.715568780899048,0.34834596514701843,0.5471965670585632
876,0,-8.023990631103516,0.6007827520370483,0.8939632177352905,-0.07108595222234726,0.02838774397969246,True,False,False,False,338,13.519999504089355,0.25854048132896423,16.756694793701172,0.9688610434532166,21.561614990234375,1.5947940349578857,0.36285385489463806,0.5551360249519348
877,0,-8.110404968261719,0.24328351020812988,1.2109400033950806,-0.17522022128105164,-0.026914138346910477,True,False,False,False,265,10.59999942779541,0.27053308486938477,16.873659133911133,0.9667249321937561,17.70549201965332,1.6703295707702637,0.3843044936656952,0.5395597815513611
878,0,-8.243383407592773,-0.5439758896827698,1.0962457656860352,-0.15316800773143768,-0.08312418311834335,True,False,False,False,313,12.519999504089355,0.27393239736557007,17.57744789123535,0.9359844326972961,33.54560089111328,2.67936110496521,0.4486912190914154,0.5626562237739563
879,0,-8.977058410644531,-1.1134672164916992,0.7140575051307678,-0.015153267420828342,0.0043006460182368755,True,False,False,False,460,18.399999618530273,0.29400157928466797,18.042850494384766,0.9539785385131836,35.33536911010742,1.9204005002975464,0.4605995714664459,0.5685276985168457
880,0,-8.687516212463379,0.7978439331054688,1.2854299545288086,-0.086620032787323,-0.12220806628465652,True,False,False,False,248,9.920000076293945,0.28666362166404724,17.532337188720703,0.9642767310142517,23.441526412963867,2.3630571365356445,0.34795305132865906,0.5265489220619202
881,0,-8.025769233703613,-0.34150511026382446,0.9272080659866333,-0.1585109531879425,-0.011000684462487698,True,False,False,False,368,14.719999313354492,0.27395638823509216,17.429441452026367,0.9311427474021912,48.23295211791992,3.2766952514648438,0.4622857868671417,0.5648723244667053
882,0,-8.794035911560059,-0.16476333141326904,1.0495442152023315,0.1183033213019371,0.0003034294059034437,True,False,False,False,335,13.399999618530273,0.2966283857822418,19.571561813354492,0.8683427572250366,86.2314682006836,6.435184478759766,0.45000001788139343,0.5630841851234436
883,0,-8.166240692138672,-0.783510684967041,1.0487983226776123,0.0406358502805233,-0.06264791637659073,True,False,False,False,286,11.4399995803833,0.2715997099876404,17.34092140197754,0.9448546171188354,24.712003707885742,2.1601402759552,0.44990846514701843,0.5650392770767212
884,0,-8.65311050415039,-0.8106579780578613,0.9139507412910461,-0.07276086509227753,0.010070462711155415,True,False,False,False,366,14.639999389648438,0.2814268171787262,17.883956909179688,0.9434296488761902,41.39509963989258,2.8275341987609863,0.4571792781352997,0.5660942792892456
885,0,-8.674785614013672,-0.6083934307098389,1.062880516052246,-0.03714831918478012,0.06536267697811127,True,False,False,False,312,12.479999542236328,0.28448373079299927,18.276901245117188,0.9238742589950562,55.47640609741211,4.445225238800049,0.4493078887462616,0.5654654502868652
886,0,-8.64593505859375,-0.6622846126556396,1.0637667179107666,0.00021940580336377025,8.099644765025005e-05,True,False,False,False,299,11.960000038146973,0.26184552907943726,17.980764389038086,0.9375976920127869,39.43882369995117,3.297560453414917,0.4496038854122162,0.5642364025115967
887,0,-8.338083267211914,-0.3703206777572632,1.0775848627090454,-0.013292466290295124,-0.009024015627801418,True,False,False,False,289,11.559999465942383,0.29016271233558655,17.660924911499023,0.9366528987884521,38.075469970703125,3.2937259674072266,0.46134981513023376,0.5633931159973145
888,0,-8.093271255493164,0.556495189666748,0.9693914651870728,-0.07474879175424576,-0.11125911772251129,True,False,False,False,318,12.719999313354492,0.2878991365432739,17.00379753112793,0.9587623476982117,35.5798225402832,2.7971560955047607,0.34865114092826843,0.5468086004257202
889,0,-8.735424995422363,0.4064890742301941,1.1663198471069336,0.013279952108860016,0.013216700404882431,True,False,False,False,259,10.359999656677246,0.24192661046981812,17.513551712036133,0.967263400554657,19.05029296875,1.8388314247131348,0.39674338698387146,0.5212868452072144
890,0,-8.90683364868164,0.24558112025260925,0.7415992021560669,0.0007428998360410333,0.025142932310700417,True,False,False,False,416,16.639999389648438,0.28281065821647644,17.666175842285156,0.9684363007545471,21.576976776123047,1.2966933250427246,0.3588379919528961,0.5165441632270813
891,0,-8.48357105255127,-1.0630371570587158,1.0709419250488281,-0.10221298784017563,0.0485437773168087,True,False,False,False,315,12.59999942779541,0.2838228642940521,17.82255744934082,0.937957763671875,46.83681869506836,3.717207908630371,0.47750428318977356,0.5698072910308838
892,0,-8.244179725646973,0.45598700642585754,1.2248075008392334,0.13769882917404175,-0.008449827320873737,True,False,False,False,221,8.84000015258789,0.2679566442966461,16.9422664642334,0.9709673523902893,18.086963653564453,2.0460364818573,0.34935304522514343,0.5406281352043152
893,0,-8.111407279968262,0.9661643505096436,1.2262814044952393,0.03757716342806816,-0.04946101829409599,True,False,False,False,230,9.199999809265137,0.2519002854824066,16.88543701171875,0.9676670432090759,26.604127883911133,2.8917531967163086,0.36526164412498474,0.5583308935165405
894,0,-8.931180953979492,-0.023007839918136597,0.818864643573761,0.0015316122444346547,3.4585259527375456e-06,True,False,False,False,407,16.279998779296875,0.27411583065986633,18.568113327026367,0.9226137399673462,53.35285186767578,3.2772023677825928,0.38304445147514343,0.5749576687812805
895,0,-8.616422653198242,-0.04748545587062836,1.1840496063232422,0.0034411726519465446,0.0003011726657859981,True,False,False,False,275,11.0,0.23603646457195282,18.249332427978516,0.9214852452278137,35.04949188232422,3.1863174438476562,0.36381837725639343,0.5728603005409241
896,0,-8.132014274597168,1.0040769577026367,0.8559086322784424,0.1750774085521698,-0.008715563453733921,True,False,False,False,294,11.75999927520752,0.29252827167510986,16.77440071105957,0.9754325747489929,22.67532730102539,1.9281742572784424,0.37901613116264343,0.5594196915626526
897,0,-8.204154014587402,-1.0666288137435913,0.756145179271698,0.0016237037489190698,0.024145159870386124,True,False,False,False,405,16.19999885559082,0.27370086312294006,17.3721923828125,0.946234941482544,45.490028381347656,2.8080265522003174,0.46648767590522766,0.5707648992538452
898,0,-8.43765926361084,1.1725133657455444,1.1835360527038574,0.021319463849067688,-0.1718064844608307,True,False,False,False,249,9.960000038146973,0.25693565607070923,17.32418441772461,0.962711751461029,32.87759017944336,3.3009629249572754,0.34443971514701843,0.5423747897148132
899,0,-8.75288200378418,0.7826085090637207,0.9712696075439453,0.05641370266675949,0.011613530106842518,True,False,False,False,299,11.960000038146973,0.24378612637519836,17.44034767150879,0.9730668067932129,17.6916561126709,1.4792354106903076,0.39461061358451843,0.5318326950073242
900,0,-8.432535171508789,-0.04351086914539337,1.0330027341842651,0.02979530394077301,0.016134347766637802,True,False,False,False,303,12.119999885559082,0.255837082862854,17.976970672607422,0.925216555595398,37.37464904785156,3.083716869354248,0.38133546710014343,0.5733057260513306
901,0,-8.814356803894043,0.2389688789844513,0.9880900979042053,-0.10496526211500168,0.04858582466840744,True,False,False,False,336,13.4399995803833,0.29371312260627747,17.63827896118164,0.9647203683853149,22.973724365234375,1.7093545198440552,0.3622872531414032,0.5179011821746826
902,0,-8.263639450073242,-0.22607013583183289,0.7923159003257751,-0.1103675588965416,-0.10190682113170624,True,False,False,False,441,17.639999389648438,0.2990933954715729,17.75186538696289,0.9275175333023071,41.33838653564453,2.3434460163116455,0.44548341631889343,0.5642545223236084
903,0,-8.011181831359863,0.7325900793075562,1.0107965469360352,-0.01676315627992153,-0.14918947219848633,True,False,False,False,291,11.639999389648438,0.26314499974250793,16.930158615112305,0.9584921598434448,42.04924392700195,3.612478256225586,0.34384462237358093,0.5518221259117126
904,0,-8.710248947143555,-0.9577909111976624,0.7972365021705627,-0.11028541624546051,0.09084431082010269,True,False,False,False,456,18.239999771118164,0.26947087049484253,18.524404525756836,0.9143009185791016,98.77024841308594,5.415035724639893,0.4669470489025116,0.5714350938796997
905,0,-8.67948055267334,1.0656242370605469,0.8486073017120361,-0.007197882980108261,0.06838922202587128,True,False,False,False,361,14.4399995803833,0.28100457787513733,17.506996154785156,0.9660423994064331,35.2818603515625,2.4433422088623047,0.38588955998420715,0.5413097143173218
906,0,-8.98157787322998,-1.2148239612579346,1.2320561408996582,-0.12657226622104645,-0.06282427906990051,True,False,False,False,296,11.84000015258789,0.26252371072769165,18.495243072509766,0.9312524199485779,32.935943603515625,2.781751871109009,0.44922181963920593,0.5601232051849365
907,0,-8.6558837890625,-0.38192063570022583,0.9047089219093323,0.07678811252117157,-0.06517902761697769,True,False,False,False,333,13.319999694824219,0.2996990978717804,17.92306137084961,0.9406951069831848,28.671367645263672,2.1525051593780518,0.4491975009441376,0.5614211559295654
908,0,-8.974246978759766,-1.219449758529663,1.1168066263198853,-0.005839198362082243,-0.007999417372047901,True,False,False,False,293,11.719999313354492,0.2855098843574524,18.076976776123047,0.9524128437042236,22.015705108642578,1.8784732818603516,0.45484939217567444,0.5643768906593323
909,0,-8.650601387023926,-1.0675528049468994,0.8844265341758728,0.002722446108236909,0.005651699844747782,True,False,False,False,358,14.319999694824219,0.2672152817249298,17.792640686035156,0.9489201307296753,33.477718353271484,2.33782958984375,0.44644054770469666,0.5685455799102783
910,0,-8.10596752166748,1.213814616203308,0.9867452383041382,-0.1383233517408371,-0.0813087448477745,True,False,False,False,323,12.920000076293945,0.2475321739912033,16.95785903930664,0.9641706943511963,32.16720962524414,2.4897220134735107,0.34871992468833923,0.558826744556427
911,0,-8.102193832397461,-0.9970395565032959,0.7221124768257141,-0.060556523501873016,-0.02982601709663868,True,False,False,False,450,18.0,0.28449827432632446,17.266191482543945,0.9459008574485779,40.3970947265625,2.2442829608917236,0.44980165362358093,0.568548321723938
912,0,-8.890518188476562,-0.5008611679077148,1.0404133796691895,-0.056114405393600464,0.02027818188071251,True,False,False,False,321,12.84000015258789,0.2806229293346405,18.252466201782227,0.9367352724075317,41.75938034057617,3.2522881031036377,0.4527399241924286,0.5620597004890442
913,0,-8.289090156555176,-0.5899778008460999,1.155327558517456,0.02326126955449581,0.0009082261240109801,True,False,False,False,264,10.559999465942383,0.287837952375412,17.578462600708008,0.9386175274848938,36.63129806518555,3.4688730239868164,0.47361090779304504,0.5640206933021545
914,0,-8.717203140258789,-0.3655342757701874,1.2722197771072388,0.0025807267520576715,-0.11045947670936584,True,False,False,False,252,10.079999923706055,0.2784729301929474,18.028955459594727,0.9385504126548767,25.706859588623047,2.550283670425415,0.4513603746891022,0.5600706934928894
915,0,-8.320585250854492,-0.19372113049030304,1.209054708480835,0.03715763986110687,-0.0037297464441508055,True,False,False,False,296,11.84000015258789,0.2955939769744873,19.280305862426758,0.8569211363792419,80.60717010498047,6.808037757873535,0.469558984041214,0.5626377463340759
916,0,-8.51291561126709,-0.19892551004886627,0.8867377638816833,0.013537198305130005,-0.04053734242916107,True,False,False,False,361,14.4399995803833,0.2697446942329407,18.096399307250977,0.9236136078834534,46.89414596557617,3.2475171089172363,0.44772645831108093,0.5633724331855774
917,0,-8.8314790725708,0.7448173761367798,1.1146363019943237,0.008449088782072067,-0.04967754706740379,True,False,False,False,272,10.880000114440918,0.26318609714508057,17.54400062561035,0.9716982841491699,22.957475662231445,2.1100621223449707,0.36491701006889343,0.5216739177703857
918,0,-8.091023445129395,0.8690862655639648,0.9484034776687622,0.014955252408981323,0.009555172175168991,True,False,False,False,298,11.920000076293945,0.27432531118392944,16.74711799621582,0.974124014377594,21.977325439453125,1.8437353372573853,0.39042970538139343,0.5599331259727478
919,0,-8.83668327331543,-0.7743080854415894,1.2675914764404297,0.035279661417007446,0.05282490700483322,True,False,False,False,252,10.079999923706055,0.2834741771221161,18.248096466064453,0.9345613718032837,43.63682174682617,4.329049587249756,0.48733827471733093,0.5657830834388733
920,0,-8.399888038635254,-1.1263277530670166,0.7535984516143799,-0.07924695312976837,0.043821126222610474,True,False,False,False,450,18.0,0.28603073954582214,17.793195724487305,0.935041606426239,67.87422943115234,3.7707905769348145,0.45265910029411316,0.5712356567382812
921,0,-8.919878005981445,0.13309240341186523,1.1134538650512695,-0.08776363730430603,0.05955206975340843,True,False,False,False,296,11.84000015258789,0.29437804222106934,17.7911434173584,0.9622982740402222,22.02357292175293,1.8600990772247314,0.36509761214256287,0.5128300189971924
922,0,-8.687660217285156,-0.22913090884685516,1.1239371299743652,-0.08838080614805222,-0.0007259626872837543,True,False,False,False,298,11.920000076293945,0.27170294523239136,18.05431365966797,0.9354654550552368,36.61916732788086,3.072077751159668,0.45708009600639343,0.5627872943878174
923,0,-8.036785125732422,0.7811075448989868,1.0476703643798828,0.10614988952875137,-0.08883652091026306,True,False,False,False,256,10.239999771118164,0.27363014221191406,16.774639129638672,0.9690356850624084,23.795522689819336,2.3237814903259277,0.34755393862724304,0.5549136996269226
924,0,-8.321353912353516,0.6806522607803345,0.7295457720756531,-0.028811728581786156,-0.02200339175760746,True,False,False,False,409,16.35999870300293,0.28647616505622864,16.9254150390625,0.9769402742385864,18.417675018310547,1.12577486038208,0.35963502526283264,0.542686939239502
925,0,-8.128716468811035,0.8627313375473022,1.128474235534668,0.042291201651096344,0.05235225334763527,True,False,False,False,249,9.960000038146973,0.29482224583625793,16.840801239013672,0.9709206819534302,25.069477081298828,2.5170156955718994,0.36741945147514343,0.5580565333366394
926,0,-8.980408668518066,0.17585128545761108,0.9828366041183472,-0.12965375185012817,-0.14787141978740692,True,False,False,False,360,14.399999618530273,0.2639337480068207,18.08536148071289,0.9500110745429993,47.59630584716797,3.3052990436553955,0.34569093585014343,0.5021828413009644
927,0,-8.907736778259277,-0.50020432472229,1.0067466497421265,0.1597898006439209,-0.016429783776402473,True,False,False,False,289,11.559999465942383,0.2919671833515167,18.155298233032227,0.9426957964897156,28.568035125732422,2.471283435821533,0.47042176127433777,0.5607239603996277
928,0,-8.207491874694824,-0.7604649662971497,1.1533446311950684,-0.19003146886825562,0.03419405221939087,True,False,False,False,299,11.960000038146973,0.2803080976009369,17.5711612701416,0.9347584247589111,43.26092529296875,3.6171340942382812,0.46549227833747864,0.5679394602775574
929,0,-8.916731834411621,-0.27230098843574524,1.0427862405776978,-0.020940402522683144,0.005280258599668741,True,False,False,False,314,12.559999465942383,0.2729300856590271,18.331741333007812,0.9338372349739075,44.50564956665039,3.5434436798095703,0.4564468562602997,0.5627068877220154
930,0,-8.765463829040527,0.47770604491233826,0.8918793201446533,0.04985375702381134,-0.09232122451066971,True,False,False,False,332,13.279999732971191,0.27204781770706177,17.585182189941406,0.965134859085083,31.213781356811523,2.350435495376587,0.34895631670951843,0.5201592445373535
931,0,-8.699203491210938,-0.9573502540588379,1.2600637674331665,-0.09516087174415588,0.05256742238998413,True,False,False,False,266,10.639999389648438,0.29346632957458496,17.95746612548828,0.9425510764122009,39.6630973815918,3.7277350425720215,0.46739503741264343,0.5666370391845703
932,0,-8.735405921936035,0.019475817680358887,1.246957540512085,0.14758269488811493,-0.038287680596113205,True,False,False,False,229,9.15999984741211,0.22406445443630219,17.617443084716797,0.9612867832183838,19.92106819152832,2.1747891902923584,0.34935304522514343,0.5121344923973083
933,0,-8.99734115600586,-0.602029025554657,0.9796026945114136,0.11244252324104309,-0.10226937383413315,True,False,False,False,338,13.519999504089355,0.29745376110076904,18.886247634887695,0.9111230373382568,45.36330032348633,3.355273723602295,0.4514925181865692,0.5582082867622375
934,0,-8.697779655456543,0.3083750605583191,1.1716816425323486,0.1467588096857071,0.03359834477305412,True,False,False,False,239,9.559999465942383,0.2875036895275116,17.472047805786133,0.9672905802726746,17.535493850708008,1.8342567682266235,0.40923187136650085,0.5230933427810669
935,0,-8.492232322692871,-0.7402887940406799,0.7194629311561584,-0.10131710767745972,-0.13592205941677094,True,False,False,False,769,30.760000228881836,0.28732922673225403,24.344972610473633,0.6863163709640503,339.5919189453125,11.04004955291748,0.44194337725639343,0.5548170208930969
936,0,-8.550054550170898,1.151186227798462,1.220617413520813,0.08795437216758728,-0.09931443631649017,True,False,False,False,233,9.319999694824219,0.2773147523403168,17.332258224487305,0.9686489701271057,24.614824295043945,2.641075611114502,0.34831544756889343,0.5420517325401306
937,0,-8.545879364013672,-1.2434686422348022,0.7678477764129639,0.17541095614433289,0.030243489891290665,True,False,False,False,360,14.399999618530273,0.2905476689338684,17.710939407348633,0.9480679631233215,34.18006896972656,2.3736159801483154,0.4714236557483673,0.570030152797699
938,0,-8.985054016113281,-0.32744938135147095,0.9828478693962097,0.014657454565167427,-0.10151442885398865,True,False,False,False,345,13.799999237060547,0.2912932336330414,18.715084075927734,0.9184100031852722,44.94129180908203,3.25661563873291,0.44371262192726135,0.5577724575996399
939,0,-8.283300399780273,1.0763592720031738,0.7019802331924438,0.08442028611898422,0.01924920454621315,True,False,False,False,383,15.319999694824219,0.2664715647697449,16.953182220458984,0.9743173718452454,26.909690856933594,1.7565072774887085,0.3548233211040497,0.5554323792457581
940,0,-8.242464065551758,0.8816860914230347,1.1311619281768799,0.0541464239358902,-0.08968186378479004,True,False,False,False,249,9.960000038146973,0.23990851640701294,16.998689651489258,0.9686431288719177,25.486549377441406,2.5588905811309814,0.34797975420951843,0.5513299703598022
941,0,-8.40310001373291,0.4425258934497833,1.2967536449432373,-0.01660836488008499,-0.01762445643544197,True,False,False,False,230,9.199999809265137,0.2708420157432556,17.146520614624023,0.968644917011261,17.267669677734375,1.8769207000732422,0.3632919490337372,0.5324596166610718
942,0,-8.888700485229492,-1.1395583152770996,0.9934553503990173,-0.019172847270965576,0.025708341971039772,True,False,False,False,328,13.119999885559082,0.2689363360404968,17.982410430908203,0.9523751735687256,31.655134201049805,2.412738800048828,0.45163270831108093,0.5671732425689697
943,0,-8.802927017211914,0.7575463056564331,1.1450982093811035,0.10719257593154907,0.049403805285692215,True,False,False,False,251,10.039999961853027,0.2533327639102936,17.59316062927246,0.9673932194709778,23.895660400390625,2.3800458908081055,0.4112827479839325,0.5298357605934143
944,0,-8.705914497375488,-0.9539011716842651,0.9104617834091187,-0.014097757637500763,-0.0048947809264063835,True,False,False,False,354,14.15999984741211,0.2765476107597351,17.895469665527344,0.9461800456047058,38.01549530029297,2.6847102642059326,0.44971963763237,0.5671724677085876
945,0,-8.267627716064453,0.8405429124832153,1.162268877029419,-0.08294083178043365,0.12756508588790894,True,False,False,False,269,10.760000228881836,0.25120389461517334,17.2216854095459,0.95743727684021,35.85464096069336,3.3322155475616455,0.4129945933818817,0.556464672088623
946,0,-8.822525978088379,-0.5491858124732971,0.9386364817619324,-0.07969216257333755,0.12387241423130035,True,False,False,False,380,15.199999809265137,0.26923879981040955,18.844417572021484,0.9037811160087585,87.8187255859375,5.777547836303711,0.46918168663978577,0.568830132484436
947,0,-8.19020938873291,0.6482393741607666,0.9103878736495972,-0.08572164922952652,-0.10504718124866486,True,False,False,False,345,13.799999237060547,0.26652443408966064,17.09162712097168,0.9596976041793823,41.190181732177734,2.9847960472106934,0.34924623370170593,0.544376015663147
948,0,-8.244750022888184,0.745311975479126,0.7242881059646606,0.06297535449266434,0.1208951398730278,True,False,False,False,398,15.920000076293945,0.26776057481765747,17.37041664123535,0.9476646780967712,46.7137565612793,2.93428111076355,0.44955751299858093,0.5664144158363342
949,0,-8.713666915893555,-1.1475168466567993,0.7107099294662476,-0.0738309994339943,-0.03910135477781296,True,False,False,False,488,19.520000457763672,0.29079103469848633,17.846403121948242,0.9498761892318726,34.532569885253906,1.769086480140686,0.4499014914035797,0.5630176663398743
950,0,-8.454736709594727,-0.791206955909729,0.8121028542518616,0.055216558277606964,-0.14183233678340912,True,False,False,False,483,19.31999969482422,0.29915571212768555,19.87187957763672,0.8390343189239502,118.96839904785156,6.157784938812256,0.4446962773799896,0.557778000831604
951,0,-8.738129615783691,0.4454749822616577,0.8505603075027466,-0.1819160431623459,-0.004273350350558758,True,False,False,False,417,16.68000030517578,0.27927467226982117,17.414308547973633,0.9729863405227661,18.040388107299805,1.0815579891204834,0.37594911456108093,0.5202276110649109
952,0,-8.8488187789917,-0.3558178246021271,0.8646199703216553,-0.020784704014658928,0.043804168701171875,True,False,False,False,379,15.15999984741211,0.2890540361404419,18.326162338256836,0.9304986596107483,52.296451568603516,3.449634075164795,0.4587623178958893,0.5635488033294678
953,0,-8.376195907592773,0.08012071251869202,0.9798333048820496,0.07463904470205307,-0.02838589809834957,True,False,False,False,289,11.559999465942383,0.2737652063369751,17.172870635986328,0.9652659296989441,20.295866012573242,1.7556978464126587,0.3553246557712555,0.5270126461982727
954,0,-8.64301586151123,0.6660194396972656,0.8138611912727356,-0.005089076701551676,-0.12220486253499985,True,False,False,False,379,15.15999984741211,0.2781263589859009,17.58317756652832,0.9586406946182251,58.93989944458008,3.8878562450408936,0.34587404131889343,0.5255427956581116
955,0,-8.603331565856934,0.2384805679321289,1.234246850013733,-0.11910329014062881,0.060618266463279724,True,False,False,False,263,10.519999504089355,0.28166890144348145,17.46955680847168,0.9619589447975159,20.11133575439453,1.9117239713668823,0.3661990463733673,0.5248803496360779
956,0,-8.735986709594727,0.49974605441093445,0.7771164178848267,0.08253875374794006,0.07408090680837631,True,False,False,False,368,14.719999313354492,0.2962007522583008,17.58905601501465,0.963282585144043,32.26749038696289,2.192085027694702,0.3977431356906891,0.533801257610321
957,0,-8.81025218963623,-0.16499720513820648,1.2168910503387451,-0.07988124340772629,0.060014206916093826,True,False,False,False,285,11.399999618530273,0.25386735796928406,18.627878189086914,0.9132032990455627,44.62255096435547,3.9142589569091797,0.4186258614063263,0.5749019980430603
958,0,-8.718915939331055,-1.0472817420959473,1.2625764608383179,0.17708554863929749,-0.06125625967979431,True,False,False,False,236,9.4399995803833,0.2861938774585724,17.97161293029785,0.9431949853897095,27.750089645385742,2.9396283626556396,0.44984742999076843,0.5641577839851379
959,0,-8.581866264343262,-0.26988834142684937,1.2343506813049316,-0.08526261895895004,-0.04585420340299606,True,False,False,False,267,10.679999351501465,0.2662903666496277,17.904251098632812,0.9374310374259949,29.939680099487305,2.8033409118652344,0.44975587725639343,0.5617385506629944
960,0,-8.474186897277832,0.7761485576629639,0.8246710896492004,-0.1813618689775467,-0.02973037213087082,True,False,False,False,419,16.760000228881836,0.2894352078437805,17.078733444213867,0.9773513674736023,20.03526496887207,1.195421576499939,0.35199448466300964,0.5366700291633606
961,0,-8.04715633392334,-1.065905213356018,1.1594291925430298,0.08849344402551651,-0.097113236784935,True,False,False,False,262,10.479999542236328,0.2692876160144806,17.45286750793457,0.932881236076355,32.34989547729492,3.086822271347046,0.44121095538139343,0.5662196278572083
962,0,-8.641222953796387,-0.6783552169799805,1.1469347476959229,0.09682980179786682,0.05688830092549324,True,False,False,False,264,10.559999465942383,0.28048625588417053,18.029361724853516,0.9348441362380981,39.695987701416016,3.759089946746826,0.4597710072994232,0.564632773399353
963,0,-8.56584644317627,-0.7983759045600891,0.7349715232849121,-0.02907608076930046,-0.14630581438541412,True,False,False,False,594,23.760000228881836,0.2925487458705902,20.843055725097656,0.8052806854248047,174.3300323486328,7.337122440338135,0.4430406987667084,0.5549689531326294
964,0,-8.692039489746094,-0.9578145742416382,0.9441162347793579,-0.07934138178825378,-0.12866738438606262,True,False,False,False,412,16.479999542236328,0.28491246700286865,19.289220809936523,0.8771064877510071,82.26998901367188,4.9921112060546875,0.44835206866264343,0.5580934882164001
965,0,-8.284971237182617,-0.6091693043708801,1.0957540273666382,-0.04837551340460777,-0.01722664013504982,True,False,False,False,291,11.639999389648438,0.28741100430488586,17.576980590820312,0.9385015368461609,35.930397033691406,3.086803913116455,0.46284136176109314,0.5637238621711731
966,0,-8.751487731933594,0.8637514710426331,0.9092906713485718,0.11267826706171036,0.019482096657156944,True,False,False,False,305,12.199999809265137,0.2729114890098572,17.379493713378906,0.976616382598877,19.84710121154785,1.6268116235733032,0.35795488953590393,0.5346450209617615
967,0,-8.295838356018066,0.6421864032745361,0.805759608745575,0.007891091518104076,0.00856777187436819,True,False,False,False,358,14.319999694824219,0.28264403343200684,16.937149047851562,0.9746688604354858,16.598215103149414,1.1590932607650757,0.3869192898273468,0.5445900559425354
968,0,-8.449785232543945,-0.41733378171920776,1.1603187322616577,0.1816987246274948,0.017437560483813286,True,False,False,False,243,9.719999313354492,0.29699331521987915,17.748573303222656,0.9383808970451355,34.35240936279297,3.534198760986328,0.48250123858451843,0.5640943050384521
969,0,-8.433385848999023,1.0677690505981445,1.1760026216506958,-0.017839988693594933,0.006392231676727533,True,False,False,False,253,10.119999885559082,0.2700677216053009,17.121334075927734,0.9734649658203125,23.495532989501953,2.321692943572998,0.35083314776420593,0.5463412404060364
970,0,-8.954699516296387,-1.0434753894805908,0.9660372734069824,0.060763049870729446,-0.03390584513545036,True,False,False,False,324,12.960000038146973,0.28834524750709534,18.092660903930664,0.9498803615570068,27.001705169677734,2.0834648609161377,0.4501628577709198,0.5648267269134521
971,0,-8.603342056274414,-1.0663591623306274,1.2002577781677246,0.02016100473701954,-0.1297600120306015,True,False,False,False,291,11.639999389648438,0.2665058374404907,18.63518524169922,0.9034819602966309,44.52874755859375,3.8254940509796143,0.44708558917045593,0.5591766238212585
972,0,-8.769437789916992,-0.8830239772796631,0.9671329259872437,-0.009448395110666752,-0.009991711005568504,True,False,False,False,333,13.319999694824219,0.2638336420059204,17.95099639892578,0.9465768933296204,34.08258819580078,2.55875301361084,0.46022650599479675,0.5658852458000183
973,0,-8.449841499328613,0.5344441533088684,1.116092324256897,0.07817837595939636,-0.12437981367111206,True,False,False,False,256,10.239999771118164,0.28752145171165466,17.249652862548828,0.9657160043716431,26.28795051574707,2.567182779312134,0.346686452627182,0.5325985550880432
974,0,-8.277002334594727,-0.5823891758918762,0.7040331959724426,-0.13632678985595703,0.13625140488147736,True,False,False,False,496,19.84000015258789,0.2911340296268463,17.76807403564453,0.927906334400177,64.1736068725586,3.2345566749572754,0.46891406178474426,0.5643852949142456
975,0,-8.196844100952148,-1.0454192161560059,0.813941478729248,-0.04937845095992088,-0.008460692130029202,True,False,False,False,393,15.719999313354492,0.28037798404693604,17.32004165649414,0.9485855102539062,36.23938751220703,2.305304765701294,0.45368221402168274,0.5690017342567444
976,0,-8.86214828491211,1.131603479385376,1.2867352962493896,0.08411584049463272,0.15580816566944122,True,False,False,False,232,9.279999732971191,0.2965862452983856,17.74589729309082,0.9635458588600159,28.38680648803711,3.0589232444763184,0.4103701412677765,0.5354582667350769
977,0,-8.049483299255371,-0.6529707908630371,1.227907657623291,0.08170230686664581,0.09422104805707932,True,False,False,False,245,9.800000190734863,0.28220000863075256,17.634817123413086,0.9221735000610352,53.59566116333008,5.468945026397705,0.4594601094722748,0.5676820278167725
978,0,-8.368768692016602,-0.10538741946220398,0.9787915945053101,-0.015056397765874863,0.11348360776901245,True,False,False,False,325,13.0,0.2807609438896179,17.953311920166016,0.9228993058204651,46.86698913574219,3.6051530838012695,0.4091724455356598,0.5763516426086426
979,0,-8.990273475646973,-0.7014507055282593,0.8180296421051025,-0.011987609788775444,-0.1001250296831131,True,False,False,False,448,17.920000076293945,0.29347461462020874,19.206119537353516,0.8957735896110535,67.66345977783203,3.775862693786621,0.4430489242076874,0.5570173859596252
980,0,-8.794632911682129,-0.1943584531545639,0.9404730796813965,0.15632879734039307,0.026600072160363197,True,False,False,False,371,14.839999198913574,0.2757103145122528,19.633859634399414,0.8656334280967712,90.20218658447266,6.078314781188965,0.4541885554790497,0.5629469156265259
981,0,-8.20252799987793,-1.1527974605560303,1.187660813331604,0.1295512169599533,-0.016551537439227104,True,False,False,False,241,9.639999389648438,0.2742164134979248,17.261266708374023,0.9525526165962219,19.234729766845703,1.995303988456726,0.4788118302822113,0.5691377520561218
982,0,-8.932720184326172,-0.7006716728210449,1.2191436290740967,0.08247333019971848,-0.04735901951789856,True,False,False,False,255,10.199999809265137,0.2679203748703003,18.174728393554688,0.94344162940979,27.2647647857666,2.673016309738159,0.4517177641391754,0.5620015263557434
983,0,-8.92793083190918,1.194434642791748,1.129507303237915,-0.19343669712543488,0.0005454328493215144,True,False,False,False,308,12.319999694824219,0.24962154030799866,17.653980255126953,0.9725180268287659,23.599132537841797,1.9155141115188599,0.3580860197544098,0.5244829058647156
984,0,-8.724220275878906,-0.46043381094932556,1.034760594367981,0.09217420220375061,0.08209788054227829,True,False,False,False,301,12.039999961853027,0.2774147093296051,18.35869598388672,0.9221991896629333,60.72357177734375,5.04348611831665,0.4744349420070648,0.5657200217247009
985,0,-8.505871772766113,1.012898564338684,0.7689809799194336,0.039841264486312866,-0.037911657243967056,True,False,False,False,370,14.799999237060547,0.29351136088371277,17.143171310424805,0.9762493371963501,27.73345947265625,1.873882532119751,0.34967347979545593,0.5446972846984863
986,0,-8.304492950439453,-0.2460820972919464,1.242616891860962,-0.009256436489522457,-0.1571369171142578,True,False,False,False,266,10.639999389648438,0.2770098149776459,18.086904525756836,0.9126103520393372,36.79400634765625,3.458083391189575,0.4376225769519806,0.5620898604393005
987,0,-8.166869163513184,-0.3763914704322815,1.290959358215332,-0.043860748410224915,-0.04119352623820305,True,False,False,False,243,9.719999313354492,0.27444931864738464,17.509199142456055,0.9350010752677917,33.45833206176758,3.4422154426574707,0.4513383209705353,0.5631159543991089
988,0,-8.872591972351074,1.1590327024459839,0.997934103012085,9.207807124766987e-06,0.03503561019897461,True,False,False,False,307,12.279999732971191,0.28445965051651,17.60328483581543,0.9720466136932373,25.37315559387207,2.0662178993225098,0.3611997067928314,0.5307571887969971
989,0,-8.81345272064209,0.7741326093673706,1.0130438804626465,0.04635995626449585,-0.16657046973705292,True,False,False,False,298,11.920000076293945,0.2910594940185547,17.751399993896484,0.9594033360481262,50.39725112915039,4.227957248687744,0.34620973467826843,0.519505500793457
990,0,-8.963225364685059,0.5121973156929016,1.1508276462554932,-0.009671518579125404,-0.02245071902871132,True,False,False,False,271,10.84000015258789,0.24580204486846924,17.733158111572266,0.9682841897010803,20.913484573364258,1.9292882680892944,0.35173341631889343,0.5134267210960388
991,0,-8.395251274108887,0.4734213650226593,1.0623916387557983,-0.13257557153701782,-0.14183473587036133,True,False,False,False,311,12.4399995803833,0.2841438949108124,17.411325454711914,0.9535107016563416,43.26702880859375,3.4780571460723877,0.3481270372867584,0.5319684743881226
992,0,-8.168474197387695,-0.5834110975265503,0.8673407435417175,0.09518060833215714,-0.04363684728741646,True,False,False,False,330,13.199999809265137,0.29919111728668213,17.39086151123047,0.9417981505393982,28.62828254699707,2.168809413909912,0.44874879717826843,0.565212607383728
993,0,-8.205552101135254,-0.9510154724121094,0.7854230403900146,0.09727909415960312,-0.005945183802396059,True,False,False,False,360,14.399999618530273,0.28896501660346985,17.300968170166016,0.9498081207275391,32.13819885253906,2.2318193912506104,0.453284353017807,0.5689876675605774
994,0,-8.194534301757812,0.11013329029083252,0.9055944085121155,0.023902926594018936,0.07016696035861969,True,False,False,False,320,12.799999237060547,0.276241272687912,17.114564895629883,0.9579499959945679,23.257553100585938,1.816996455192566,0.38284817337989807,0.5413435697555542
995,0,-8.340446472167969,-0.7866191864013672,0.9858124256134033,-0.020079366862773895,-0.1775161325931549,True,False,False,False,402,16.079999923706055,0.28973448276519775,19.70857048034668,0.8401831984519958,102.5077133178711,6.3748579025268555,0.44658204913139343,0.5574348568916321
996,0,-8.842728614807129,0.10258018970489502,0.8502974510192871,-0.006430269684642553,-0.013629957102239132,True,False,False,False,363,14.519999504089355,0.27039051055908203,17.566537857055664,0.9701986908912659,18.110214233398438,1.2472599744796753,0.37410280108451843,0.5124678611755371
997,0,-8.779701232910156,-0.33084556460380554,0.8772874474525452,-0.14533543586730957,-0.10069219768047333,True,False,False,False,434,17.35999870300293,0.2770415246486664,18.685970306396484,0.9088567495346069,55.88201904296875,3.219010591506958,0.44789430499076843,0.5586736798286438
998,0,-8.604930877685547,1.1683077812194824,0.7062450647354126,-0.099256232380867,0.07796990871429443,True,False,False,False,479,19.15999984741211,0.2716899812221527,17.542917251586914,0.9602042436599731,44.547794342041016,2.3250415325164795,0.41688641905784607,0.546049952507019
999,0,-8.929685592651367,0.9993737936019897,1.1494715213775635,-0.14620746672153473,-0.03162841498851776,True,False,False,False,290,11.59999942779541,0.2786051034927368,17.504348754882812,0.9802314639091492,17.439380645751953,1.5033949613571167,0.37804916501045227,0.5216511487960815
1000,0,-8.709214210510254,0.1903073489665985,1.0742896795272827,0.02175440639257431,-0.024028515443205833,True,False,False,False,280,11.199999809265137,0.2409173548221588,17.50560760498047,0.9659914374351501,19.764678955078125,1.7647035121917725,0.38341066241264343,0.5170343518257141
1001,0,-8.078622817993164,-0.44595882296562195,0.7285867929458618,0.03438081964850426,-0.022391706705093384,True,False,False,False,405,16.19999885559082,0.2855893075466156,17.359703063964844,0.9380702376365662,45.05171585083008,2.780970335006714,0.44758912920951843,0.566059947013855
1002,0,-8.625962257385254,0.5369654297828674,0.9656957387924194,-0.02299930714070797,-0.04881465807557106,True,False,False,False,317,12.679999351501465,0.271096408367157,17.36037254333496,0.9697014093399048,25.25669288635254,1.991852879524231,0.36129191517829895,0.5253739953041077
1003,0,-8.163655281066895,-0.8976092338562012,0.9027225971221924,-0.13050076365470886,-0.007935764268040657,True,False,False,False,375,15.0,0.29349225759506226,17.35764503479004,0.9441264271736145,39.417274475097656,2.6278183460235596,0.4631485641002655,0.5675294399261475
1004,0,-8.952531814575195,-0.8079925179481506,1.2163430452346802,-0.036889493465423584,-0.15625199675559998,True,False,False,False,317,12.679999351501465,0.29617413878440857,19.657512664794922,0.873519778251648,63.097877502441406,4.976173400878906,0.4439499080181122,0.5554646849632263
1005,0,-8.340703964233398,-0.045829564332962036,0.7544665336608887,0.0682528018951416,0.021112661808729172,True,False,False,False,397,15.880000114440918,0.28120455145835876,17.820274353027344,0.9281994104385376,46.87968444824219,2.9521212577819824,0.3553726375102997,0.5752342343330383
1006,0,-8.53160285949707,1.2310832738876343,1.1412184238433838,-0.1253368854522705,0.12671159207820892,True,False,False,False,288,11.519999504089355,0.2832789421081543,17.481149673461914,0.959664523601532,30.082809448242188,2.6113550662994385,0.4219999611377716,0.5506005883216858
1007,0,-8.262690544128418,1.220474123954773,0.9164355993270874,-0.008586215786635876,0.1563665121793747,True,False,False,False,347,13.880000114440918,0.2806701064109802,17.742082595825195,0.930390477180481,49.58968734741211,3.572744131088257,0.4419662654399872,0.581510066986084
1008,0,-8.517166137695312,-0.7966197729110718,1.2922353744506836,0.05866250395774841,-0.03882821276783943,True,False,False,False,236,9.4399995803833,0.28599026799201965,17.696500778198242,0.9457125663757324,25.197294235229492,2.6692049503326416,0.4596969783306122,0.5645796656608582
1009,0,-8.52441692352295,-0.45491302013397217,0.8005160689353943,0.009157328866422176,-0.032327234745025635,True,False,False,False,390,15.59999942779541,0.2891937792301178,17.81895637512207,0.9389155507087708,37.189918518066406,2.383969306945801,0.4516333043575287,0.5638159513473511
1010,0,-8.515324592590332,-0.4753561317920685,0.7002334594726562,0.15889126062393188,-0.026733597740530968,True,False,False,False,393,15.719999313354492,0.2876092195510864,17.83316993713379,0.9376887083053589,39.408939361572266,2.506930112838745,0.4513886868953705,0.5637406706809998
1011,0,-8.261273384094238,-1.223564863204956,1.0985814332962036,0.17856551706790924,0.013369421474635601,True,False,False,False,254,10.15999984741211,0.28216543793678284,17.381542205810547,0.9496207237243652,25.275863647460938,2.4877820014953613,0.4753982722759247,0.569728434085846
1012,0,-8.748435020446777,-0.07835879921913147,0.8539825677871704,0.027479540556669235,0.049022823572158813,True,False,False,False,373,14.920000076293945,0.28381767868995667,18.31005096435547,0.9256454110145569,50.396934509277344,3.3778107166290283,0.3861788213253021,0.5746538639068604
1013,0,-8.527702331542969,-0.8137980103492737,0.8184389472007751,-0.05169050022959709,0.06686294078826904,True,False,False,False,412,16.479999542236328,0.27012190222740173,18.18189239501953,0.9210888743400574,76.27193450927734,4.6281514167785645,0.47628024220466614,0.5690340995788574
1014,0,-8.246881484985352,-0.1186574250459671,1.0963785648345947,-0.08460860699415207,-0.0955822616815567,True,False,False,False,338,13.519999504089355,0.2633555233478546,18.977394104003906,0.8666786551475525,80.68557739257812,5.967868328094482,0.44584962725639343,0.5618457794189453
1015,0,-8.535601615905762,0.7191790342330933,0.8803331851959229,0.09393930435180664,-0.07600408792495728,True,False,False,False,317,12.679999351501465,0.2682434916496277,17.297941207885742,0.9683682322502136,29.99775505065918,2.365753650665283,0.34801027178764343,0.5339969992637634
1016,0,-8.660588264465332,0.8474907279014587,0.7253592014312744,-0.016641827300190926,-0.08809410035610199,True,False,False,False,426,17.03999900817871,0.2676861584186554,17.53479766845703,0.9627429246902466,44.60865020751953,2.6178786754608154,0.34833070635795593,0.530867874622345
1017,0,-8.327041625976562,-0.06852522492408752,0.7232503890991211,-0.033078499138355255,-0.11981175094842911,True,False,False,False,523,20.920000076293945,0.2878786623477936,19.274911880493164,0.857445240020752,108.53582763671875,5.188137054443359,0.4474506676197052,0.5630902051925659
1018,0,-8.078160285949707,-1.2100340127944946,0.7116958498954773,0.055312514305114746,0.022848593071103096,True,False,False,False,406,16.239999771118164,0.27481481432914734,17.194368362426758,0.9492794275283813,37.70775604248047,2.321906089782715,0.4583836495876312,0.5721679329872131
1019,0,-8.386581420898438,1.0848853588104248,1.2176694869995117,0.055259209126234055,0.022212665528059006,True,False,False,False,234,9.359999656677246,0.24672947824001312,17.096166610717773,0.9722293615341187,21.074113845825195,2.2515079975128174,0.35972902178764343,0.5492393970489502
1020,0,-8.456571578979492,0.6131568551063538,0.8759844899177551,0.15134397149085999,-0.11985224485397339,True,False,False,False,308,12.319999694824219,0.2671336531639099,17.324094772338867,0.962108314037323,46.76888656616211,3.796175956726074,0.34770509600639343,0.5339143872261047
1021,0,-8.284497261047363,-1.0699323415756226,1.135490894317627,0.09641321003437042,-0.11513565480709076,True,False,False,False,283,11.319999694824219,0.2898394763469696,18.058204650878906,0.9147401452064514,45.20587921142578,3.993452310562134,0.44447627663612366,0.5624163150787354
1022,0,-8.960603713989258,0.04072830080986023,1.2555615901947021,-0.010949235409498215,-0.1523880660533905,True,False,False,False,256,10.239999771118164,0.24874649941921234,17.97943687438965,0.9544599652290344,29.286705017089844,2.860029935836792,0.34535524249076843,0.5012682676315308
1023,0,-8.572114944458008,-0.5430967211723328,0.9402009844779968,-0.008298256434500217,0.014281580224633217,True,False,False,False,336,13.4399995803833,0.27442261576652527,17.867450714111328,0.9391800165176392,41.833187103271484,3.112588405609131,0.4709502160549164,0.5644271373748779
